trial,outcome,center_in,center_out,side_in,last_side_out,actions,reward,trial_types,odors,port_side,schedule,odor_name,odor_dur
1,436.064065,432.466735,432.522068,436.064065,441.864059,1,NaN,0,5.99999999999996,2,1,65,0.5
2,443.424724,442.238725,442.436058,443.424724,448.749385,0,NaN,0,7.00000000000003,1,2,66,0.5
3,453.272047,449.846051,449.894717,453.272047,458.467375,0,NaN,0,7.00000000000003,1,2,66,0.5
4,459.826707,458.914042,459.443375,459.826707,470.539363,1,NaN,0,5.99999999999996,2,1,65,0.5
5,472.017362,471.192029,471.636029,472.017362,484.06735,0,NaN,0,7.00000000000003,1,2,66,0.5
6,485.040016,484.428016,484.650016,485.040016,487.390013,1,NaN,0,5.99999999999996,2,1,65,0.5
7,492.061342,491.514676,491.727342,492.008009,493.016008,0,1.99999999999996,0.0200000000000003,5.99999999999996,2,1,65,0.5
8,495.023339,494.414006,494.669339,494.970006,498.763335,0,1.99999999999996,0.0200000000000003,5.99999999999996,2,1,65,0.5
9,500.972666,499.759334,500.37,500.919333,501.881999,1,1.99999999999996,0.0200000000000003,7.00000000000003,1,2,66,0.5
10,503.285331,502.325998,502.897331,503.285331,508.603992,0,NaN,0,7.00000000000003,1,2,66,0.5
11,509.908657,509.087325,509.527991,509.855991,510.917323,1,1.99999999999996,0.0200000000000003,7.00000000000003,1,2,66,0.5
12,512.839988,512.215322,512.455322,512.819988,519.138648,0,1.99999999999996,0.0200000000000003,5.99999999999996,2,1,65,0.5
13,520.663313,519.980647,520.266647,520.60998,521.103313,1,1.99999999999996,0.0200000000000003,7.00000000000003,1,2,66,0.5
14,523.391311,522.111979,522.889978,523.391311,527.687306,0,NaN,0,7.00000000000003,1,2,66,0.5
15,530.502637,529.760638,530.012637,530.44997,532.995968,0,1.99999999999996,0.0200000000000003,5.99999999999996,2,1,65,0.5
16,536.568631,535.583965,536.214631,536.515297,537.115964,1,1.99999999999996,0.0200000000000003,7.00000000000003,1,2,66,0.5
17,540.102627,539.416628,539.721294,540.102627,547.10662,0,NaN,0,7.00000000000003,1,2,66,0.5
18,559.891941,559.127275,559.514608,559.838607,568.044599,0,1.99999999999996,0.0200000000000003,5.99999999999996,2,1,65,0.5
19,572.245262,571.467929,571.738596,572.242595,574.657259,0,1.99999999999996,0.0200000000000003,5.99999999999996,2,1,65,0.5
20,576.658591,575.777258,576.269258,576.605257,577.137924,1,1.99999999999996,0.0200000000000003,7.00000000000003,1,2,66,0.5
21,580.163254,579.238588,579.741921,580.109921,580.577253,1,1.99999999999996,0.0200000000000003,7.00000000000003,1,2,66,0.5
22,582.645918,581.623919,582.202585,582.592585,583.122584,1,1.99999999999996,0.0200000000000003,7.00000000000003,1,2,66,0.5
23,585.013249,584.128583,584.483916,584.959916,585.438582,0,1.99999999999996,0.0200000000000003,5.99999999999996,2,1,65,0.5
24,591.913242,591.288576,591.549242,591.891909,615.916551,0,1.99999999999996,0.0200000000000003,5.99999999999996,2,1,65,0.5
25,617.45255,616.403218,616.909217,617.399217,617.70455,1,1.99999999999996,0.0200000000000003,7.00000000000003,1,2,66,0.5
26,619.469881,618.525882,618.795882,619.416548,619.901214,0,1.99999999999996,0.0200000000000003,5.99999999999996,2,1,65,0.5
27,630.179204,627.497206,627.923873,630.179204,633.6952,0,NaN,0,7.00000000000003,1,2,66,0.5
28,645.523188,644.875189,645.123189,645.523188,658.778509,1,NaN,0,5.99999999999996,2,1,65,0.5
29,664.298503,661.507839,661.784505,664.298503,679.434488,1,NaN,0,5.99999999999996,2,1,65,0.5
30,681.533152,680.59582,681.092486,681.479819,690.40781,1,1.99999999999996,0.0200000000000003,7.00000000000003,1,2,66,0.5
31,691.763809,690.931143,691.266476,691.710476,696.909804,0,1.99999999999996,0.0200000000000003,5.99999999999996,2,1,65,0.5
32,698.204469,697.283803,697.745136,698.151136,700.980466,1,1.99999999999996,0.0200000000000003,7.00000000000003,1,2,66,0.5
33,702.358465,701.401133,701.975132,702.305132,704.276463,1,1.99999999999996,0.0200000000000003,7.00000000000003,1,2,66,0.5
34,706.597794,705.829795,706.120461,706.544461,707.005794,0,1.99999999999996,0.0200000000000003,5.99999999999996,2,1,65,0.5
35,713.337787,712.212455,712.962454,713.284454,713.71112,1,1.99999999999996,0.0200000000000003,7.00000000000003,1,2,66,0.5
36,714.889119,713.995787,714.484453,714.835786,715.582452,0,1.99999999999996,0.0200000000000003,5.99999999999996,2,1,65,0.5
37,718.321116,717.69645,717.934449,718.271116,718.672449,0,1.99999999999996,0.0200000000000003,5.99999999999996,2,1,65,0.5
38,721.945112,721.147779,721.600446,721.891779,722.408445,1,1.99999999999996,0.0200000000000003,7.00000000000003,1,2,66,0.5
39,724.339776,723.453111,724.015777,724.339776,734.145766,0,NaN,0,7.00000000000003,1,2,66,0.5
40,735.080432,734.517099,734.759766,735.027099,735.429765,0,1.99999999999996,0.0200000000000003,5.99999999999996,2,1,65,0.5
41,739.907761,739.125095,739.428428,739.854427,741.237759,0,1.99999999999996,0.0200000000000003,5.99999999999996,2,1,65,0.5
42,744.04709,743.122424,743.656424,743.993757,744.779756,1,1.99999999999996,0.0200000000000003,7.00000000000003,1,2,66,0.5
43,747.351087,746.667754,746.923087,747.297753,747.659086,0,1.99999999999996,0.0200000000000003,5.99999999999996,2,1,65,0.5
44,750.037751,749.027752,749.539084,749.984417,750.447084,1,1.99999999999996,0.0200000000000003,7.00000000000003,1,2,66,0.5
45,752.918414,752.144415,752.511081,752.918414,770.678397,0,NaN,0,7.00000000000003,1,2,66,0.5
46,772.831728,772.082396,772.381728,772.831728,818.633682,0,NaN,0,7.00000000000003,1,2,66,0.5
47,839.636994,831.658336,831.979669,839.636994,856.085645,0,NaN,0,7.00000000000003,1,2,66,0.5
48,860.43564,859.536308,859.745641,860.382307,861.273639,1,1.99999999999996,0.0200000000000003,7.00000000000003,1,2,66,0.5
49,864.075637,863.252971,863.546304,864.022303,867.774966,0,1.99999999999996,0.0200000000000003,5.99999999999996,2,1,65,0.5
50,879.289621,877.200957,878.635622,879.289621,886.426281,1,NaN,0,5.99999999999996,2,1,65,0.5
51,887.943613,886.979614,887.482946,887.890279,888.736279,1,1.99999999999996,0.0200000000000003,7.00000000000003,1,2,66,0.5
52,890.188944,889.239611,889.817611,890.188944,890.518277,0,NaN,0,7.00000000000003,1,2,66,0.5
53,912.436922,906.402928,906.684261,912.436922,916.728251,1,NaN,0,5.99999999999996,2,1,65,0.5
54,919.378915,918.346916,918.961582,919.325581,921.09758,1,1.99999999999996,0.0200000000000003,7.00000000000003,1,2,66,0.5
55,924.540909,923.60291,924.083577,924.538243,931.102903,1,1.99999999999996,0.0200000000000003,7.00000000000003,1,2,66,0.5
56,932.892901,931.850235,932.248902,932.840234,935.170899,0,1.99999999999996,0.0200000000000003,5.99999999999996,2,1,65,0.5
57,936.414231,935.548232,935.994231,936.360898,940.55356,1,1.99999999999996,0.0200000000000003,7.00000000000003,1,2,66,0.5
58,942.559558,941.788892,942.096225,942.506225,944.389556,0,1.99999999999996,0.0200000000000003,5.99999999999996,2,1,65,0.5
59,946.028221,945.403555,945.678888,945.988221,946.484221,0,1.99999999999996,0.0200000000000003,5.99999999999996,2,1,65,0.5
60,948.660219,947.76622,948.272886,948.606885,952.963548,1,1.99999999999996,0.0200000000000003,7.00000000000003,1,2,66,0.5
61,955.199545,954.471546,954.730879,955.146212,955.718878,0,1.99999999999996,0.0200000000000003,5.99999999999996,2,1,65,0.5
62,957.260877,956.643544,956.876877,957.207543,959.873541,0,1.99999999999996,0.0200000000000003,5.99999999999996,2,1,65,0.5
63,962.330872,961.706206,961.972205,962.311538,962.754205,0,1.99999999999996,0.0200000000000003,5.99999999999996,2,1,65,0.5
64,965.264869,964.31887,964.859536,965.211535,968.244866,1,1.99999999999996,0.0200000000000003,7.00000000000003,1,2,66,0.5
65,969.495531,968.681532,969.083532,969.442198,971.860862,1,1.99999999999996,0.0200000000000003,7.00000000000003,1,2,66,0.5
66,973.164194,972.355528,972.758861,973.110861,976.855524,1,1.99999999999996,0.0200000000000003,7.00000000000003,1,2,66,0.5
67,979.309521,978.222189,978.778189,979.256188,984.015517,0,1.99999999999996,0.0200000000000003,5.99999999999996,2,1,65,0.5
68,985.208849,984.478849,984.780183,985.155515,986.002181,0,1.99999999999996,0.0200000000000003,5.99999999999996,2,1,65,0.5
69,987.22218,986.308181,986.758847,987.168847,995.726172,1,1.99999999999996,0.0200000000000003,7.00000000000003,1,2,66,0.5
70,996.997504,996.184838,996.549504,996.94417,1000.3715,1,1.99999999999996,0.0200000000000003,7.00000000000003,1,2,66,0.5
71,1001.969499,1001.190166,1001.578832,1001.916832,1004.081497,1,1.99999999999996,0.0200000000000003,7.00000000000003,1,2,66,0.5
72,1005.407495,1004.474829,1004.891496,1005.354162,1006.579494,0,1.99999999999996,0.0200000000000003,5.99999999999996,2,1,65,0.5
73,1007.810159,1006.954827,1007.365493,1007.756826,1010.20149,1,1.99999999999996,0.0200000000000003,7.00000000000003,1,2,66,0.5
74,1011.727489,1011.042823,1011.360156,1011.674156,1013.80282,1,1.99999999999996,0.0200000000000003,7.00000000000003,1,2,66,0.5
75,1015.492152,1014.696819,1015.099486,1015.438819,1017.818816,1,1.99999999999996,0.0200000000000003,7.00000000000003,1,2,66,0.5
76,1019.326148,1018.438149,1018.840148,1019.272815,1019.823481,0,1.99999999999996,0.0200000000000003,5.99999999999996,2,1,65,0.5
77,1021.622146,1020.898146,1021.149479,1021.622146,1027.788806,1,NaN,0,5.99999999999996,2,1,65,0.5
78,1036.82613,1036.084131,1036.377464,1036.82613,1048.850118,1,NaN,0,5.99999999999996,2,1,65,0.5
79,1051.122116,1050.196117,1050.684783,1051.068783,1051.964782,1,1.99999999999996,0.0200000000000003,7.00000000000003,1,2,66,0.5
80,1053.767447,1052.366782,1052.770115,1053.216114,NaN,0,NaN,0,5.99999999999996,2,1,65,0.5
81,1063.088771,1062.436105,1062.738105,1063.088771,1064.998102,1,NaN,0,5.99999999999996,2,1,65,0.5
82,1075.421425,1074.726759,1075.088092,1075.421425,1077.73809,1,NaN,0,5.99999999999996,2,1,65,0.5
83,1090.440744,1089.816077,1090.075411,1090.388744,1091.771409,0,1.99999999999996,0.0200000000000003,5.99999999999996,2,1,65,0.5
84,1093.857407,1093.032741,1093.423407,1093.804073,1094.500739,1,1.99999999999996,0.0200000000000003,7.00000000000003,1,2,66,0.5
85,1096.174738,1095.424072,1095.722738,1096.121404,1100.7534,0,1.99999999999996,0.0200000000000003,5.99999999999996,2,1,65,0.5
86,1102.010732,1101.322733,1101.574066,1101.957399,1104.552729,0,1.99999999999996,0.0200000000000003,5.99999999999996,2,1,65,0.5
87,1106.245395,1104.938062,1105.160729,1106.192061,1108.429392,0,1.99999999999996,0.0200000000000003,5.99999999999996,2,1,65,0.5
88,1109.458725,1108.834058,1109.033392,1109.428725,1111.836055,0,1.99999999999996,0.0200000000000003,5.99999999999996,2,1,65,0.5
89,1112.921388,1112.298722,1112.563388,1112.868054,1115.461385,0,1.99999999999996,0.0200000000000003,5.99999999999996,2,1,65,0.5
90,1116.507384,1115.920051,1116.139384,1116.454718,1118.768049,0,1.99999999999996,0.0200000000000003,5.99999999999996,2,1,65,0.5
91,1119.762714,1119.202715,1119.342048,1119.762714,1125.187375,0,NaN,0,7.00000000000003,1,2,66,0.5
92,1127.19004,1126.282041,1126.702041,1127.136707,1128.300706,1,1.99999999999996,0.0200000000000003,7.00000000000003,1,2,66,0.5
93,1129.666704,1128.703372,1129.213371,1129.613371,1132.050035,1,1.99999999999996,0.0200000000000003,7.00000000000003,1,2,66,0.5
94,1133.221367,1132.446702,1132.800701,1133.168034,1135.798698,1,1.99999999999996,0.0200000000000003,7.00000000000003,1,2,66,0.5
95,1137.10003,1136.256031,1136.683364,1137.046697,1139.236695,1,1.99999999999996,0.0200000000000003,7.00000000000003,1,2,66,0.5
96,1141.604692,1140.762027,1141.062026,1141.551359,1144.646689,0,1.99999999999996,0.0200000000000003,5.99999999999996,2,1,65,0.5
97,1145.747355,1145.138689,1145.346689,1145.747355,1151.244016,0,NaN,0,7.00000000000003,1,2,66,0.5
98,1153.455347,1152.568015,1153.040681,1153.402681,1155.493345,1,1.99999999999996,0.0200000000000003,7.00000000000003,1,2,66,0.5
99,1156.738011,1155.944678,1156.362011,1156.684677,1158.270009,1,1.99999999999996,0.0200000000000003,7.00000000000003,1,2,66,0.5
100,1159.507341,1158.664675,1159.068008,1159.454008,1162.068005,0,1.99999999999996,0.0200000000000003,5.99999999999996,2,1,65,0.5
101,1163.378004,1162.595338,1163.010004,1163.324671,1165.621335,1,1.99999999999996,0.0200000000000003,7.00000000000003,1,2,66,0.5
102,1166.782667,1165.970001,1166.362001,1166.729334,1168.401999,1,1.99999999999996,0.0200000000000003,7.00000000000003,1,2,66,0.5
103,1169.566664,1168.801332,1169.127332,1169.513331,1171.551329,0,1.99999999999996,0.0200000000000003,5.99999999999996,2,1,65,0.5
104,1172.535995,1171.967329,1172.222662,1172.482662,1173.93866,0,1.99999999999996,0.0200000000000003,5.99999999999996,2,1,65,0.5
105,1175.197325,1174.591993,1174.809326,1175.143992,1176.801324,0,1.99999999999996,0.0200000000000003,5.99999999999996,2,1,65,0.5
106,1178.250656,1177.52999,1177.843989,1178.197322,1180.041987,1,1.99999999999996,0.0200000000000003,7.00000000000003,1,2,66,0.5
107,1181.13932,1180.357987,1180.730653,1181.085986,1183.283984,1,1.99999999999996,0.0200000000000003,7.00000000000003,1,2,66,0.5
108,1184.37065,1183.653984,1183.949317,1184.317316,1186.304648,0,1.99999999999996,0.0200000000000003,5.99999999999996,2,1,65,0.5
109,1187.28198,1186.775981,1186.929314,1187.228647,1188.745979,0,1.99999999999996,0.0200000000000003,5.99999999999996,2,1,65,0.5
110,1190.025311,1189.133311,1189.607978,1189.971977,1195.691972,1,1.99999999999996,0.0200000000000003,7.00000000000003,1,2,66,0.5
111,1196.728637,1196.033971,1196.303304,1196.675304,1201.449299,0,1.99999999999996,0.0200000000000003,5.99999999999996,2,1,65,0.5
112,1202.741965,1202.036632,1202.418632,1202.741965,1229.633271,0,NaN,0,7.00000000000003,1,2,66,0.5
113,1231.01527,1230.095937,1230.531937,1230.961936,1233.253267,1,1.99999999999996,0.0200000000000003,7.00000000000003,1,2,66,0.5
114,1235.031932,1234.263266,1234.606599,1234.978599,1237.141263,0,1.99999999999996,0.0200000000000003,5.99999999999996,2,1,65,0.5
115,1238.129929,1237.519263,1237.75993,1238.076596,1240.49326,0,1.99999999999996,0.0200000000000003,5.99999999999996,2,1,65,0.5
116,1241.685926,1240.934593,1241.261259,1241.683259,1243.837257,1,1.99999999999996,0.0200000000000003,7.00000000000003,1,2,66,0.5
117,1245.065922,1244.207256,1244.627923,1245.012589,1246.291254,1,1.99999999999996,0.0200000000000003,7.00000000000003,1,2,66,0.5
118,1247.46792,1246.573921,1247.000587,1247.414587,1249.031918,1,1.99999999999996,0.0200000000000003,7.00000000000003,1,2,66,0.5
119,1250.105251,1249.361918,1249.676584,1250.051917,1251.939915,0,1.99999999999996,0.0200000000000003,5.99999999999996,2,1,65,0.5
120,1252.916581,1252.374582,1252.569248,1252.863248,1254.763913,0,1.99999999999996,0.0200000000000003,5.99999999999996,2,1,65,0.5
121,1255.945911,1255.327912,1255.565245,1255.892578,1257.43391,0,1.99999999999996,0.0200000000000003,5.99999999999996,2,1,65,0.5
122,1258.661242,1257.905243,1258.225909,1258.607909,1260.275907,1,1.99999999999996,0.0200000000000003,7.00000000000003,1,2,66,0.5
123,1261.295239,1260.677907,1260.888573,1261.241906,1262.728571,0,1.99999999999996,0.0200000000000003,5.99999999999996,2,1,65,0.5
124,1263.779904,1263.223904,1263.441904,1263.72657,1265.103236,0,1.99999999999996,0.0200000000000003,5.99999999999996,2,1,65,0.5
125,1266.200568,1265.679902,1265.855235,1266.147234,1267.2199,0,1.99999999999996,0.0200000000000003,5.99999999999996,2,1,65,0.5
126,1268.458566,1267.6639,1268.055233,1268.405232,1270.002564,1,1.99999999999996,0.0200000000000003,7.00000000000003,1,2,66,0.5
127,1270.929896,1270.34923,1270.58523,1270.929896,1276.172558,0,NaN,0,7.00000000000003,1,2,66,0.5
128,1278.575889,1277.581223,1277.885223,1278.573222,1280.258554,0,1.99999999999996,0.0200000000000003,5.99999999999996,2,1,65,0.5
129,1281.341886,1280.801886,1280.98122,1281.289219,1283.607217,0,1.99999999999996,0.0200000000000003,5.99999999999996,2,1,65,0.5
130,1284.771216,1284.39255,1284.489883,1284.771216,1285.083882,0,NaN,0,7.00000000000003,1,2,66,0.5
131,1322.133845,1321.151846,1321.591846,1322.133845,1322.673178,1,NaN,0,5.99999999999996,2,1,65,0.5
132,1329.583838,1328.697172,1329.045838,1329.530504,1331.181836,1,1.99999999999996,0.0200000000000003,7.00000000000003,1,2,66,0.5
133,1332.485835,1331.617836,1332.065835,1332.432502,1336.005165,1,1.99999999999996,0.0200000000000003,7.00000000000003,1,2,66,0.5
134,1337.207163,1336.362498,1336.769164,1337.154497,1338.142496,1,1.99999999999996,0.0200000000000003,7.00000000000003,1,2,66,0.5
135,1339.159161,1338.475829,1338.726495,1339.105828,1342.445825,0,1.99999999999996,0.0200000000000003,5.99999999999996,2,1,65,0.5
136,1343.56849,1342.943824,1343.190491,1343.539824,1345.197822,0,1.99999999999996,0.0200000000000003,5.99999999999996,2,1,65,0.5
137,1346.458488,1345.654488,1346.055155,1346.405821,1348.383152,1,1.99999999999996,0.0200000000000003,7.00000000000003,1,2,66,0.5
138,1349.598484,1348.780485,1349.183818,1349.545151,1350.611817,1,1.99999999999996,0.0200000000000003,7.00000000000003,1,2,66,0.5
139,1351.710482,1350.955816,1351.338483,1351.657149,1353.811813,1,1.99999999999996,0.0200000000000003,7.00000000000003,1,2,66,0.5
140,1354.918479,1354.15448,1354.479813,1354.865146,1356.214478,0,1.99999999999996,0.0200000000000003,5.99999999999996,2,1,65,0.5
141,1357.420477,1356.658477,1357.010477,1357.367143,1359.493808,1,1.99999999999996,0.0200000000000003,7.00000000000003,1,2,66,0.5
142,1360.674473,1359.933141,1360.22114,1360.62114,1362.618471,0,1.99999999999996,0.0200000000000003,5.99999999999996,2,1,65,0.5
143,1363.71447,1363.033804,1363.316471,1363.705804,1365.345802,1,1.99999999999996,0.0200000000000003,7.00000000000003,1,2,66,0.5
144,1366.360468,1365.735802,1365.979135,1366.328468,1368.401132,0,1.99999999999996,0.0200000000000003,5.99999999999996,2,1,65,0.5
145,1369.144465,1368.775799,1368.864465,1369.144465,1380.819786,0,NaN,0,7.00000000000003,1,2,66,0.5
146,1383.431784,1382.601785,1382.966451,1383.378451,1384.737783,1,1.99999999999996,0.0200000000000003,7.00000000000003,1,2,66,0.5
147,1386.039115,1385.171782,1385.560448,1385.985781,1387.70578,1,1.99999999999996,0.0200000000000003,7.00000000000003,1,2,66,0.5
148,1388.891778,1388.121113,1388.452445,1388.838445,1390.66311,1,1.99999999999996,0.0200000000000003,7.00000000000003,1,2,66,0.5
149,1391.740442,1391.031776,1391.323109,1391.687109,1393.787773,0,1.99999999999996,0.0200000000000003,5.99999999999996,2,1,65,0.5
150,1394.818439,1394.23644,1394.475106,1394.765106,1396.90177,0,1.99999999999996,0.0200000000000003,5.99999999999996,2,1,65,0.5
151,1398.125103,1397.31377,1397.67777,1398.071769,1400.047101,1,1.99999999999996,0.0200000000000003,7.00000000000003,1,2,66,0.5
152,1401.129766,1400.4271,1400.729767,1401.076433,1402.713764,1,1.99999999999996,0.0200000000000003,7.00000000000003,1,2,66,0.5
153,1403.809763,1403.038431,1403.351764,1403.75643,1405.394429,1,1.99999999999996,0.0200000000000003,7.00000000000003,1,2,66,0.5
154,1406.529094,1405.748428,1406.081761,1406.475761,1408.399759,0,1.99999999999996,0.0200000000000003,5.99999999999996,2,1,65,0.5
155,1409.719758,1408.848425,1409.278425,1409.666424,1411.389756,1,1.99999999999996,0.0200000000000003,7.00000000000003,1,2,66,0.5
156,1412.483755,1411.745089,1412.080422,1412.430422,1413.757754,1,1.99999999999996,0.0200000000000003,7.00000000000003,1,2,66,0.5
157,1414.859752,1414.15042,1414.439753,1414.806419,1416.475751,0,1.99999999999996,0.0200000000000003,5.99999999999996,2,1,65,0.5
158,1417.48375,1417.00375,1417.19175,1417.48375,1417.803083,0,NaN,0,7.00000000000003,1,2,66,0.5
159,1428.028406,1427.117074,1427.527073,1427.975073,1429.579071,1,1.99999999999996,0.0200000000000003,7.00000000000003,1,2,66,0.5
160,1430.598403,1429.878404,1430.224404,1430.54507,1432.236402,1,1.99999999999996,0.0200000000000003,7.00000000000003,1,2,66,0.5
161,1433.393734,1432.591068,1432.971734,1433.340401,1434.759733,1,1.99999999999996,0.0200000000000003,7.00000000000003,1,2,66,0.5
162,1435.907731,1435.087066,1435.455065,1435.854398,1437.242397,0,1.99999999999996,0.0200000000000003,5.99999999999996,2,1,65,0.5
163,1438.500395,1437.754396,1438.075729,1438.447062,1440.022394,1,1.99999999999996,0.0200000000000003,7.00000000000003,1,2,66,0.5
164,1441.007726,1440.324394,1440.573727,1440.954393,1442.025059,1,1.99999999999996,0.0200000000000003,7.00000000000003,1,2,66,0.5
165,1442.991058,1442.311058,1442.606391,1442.937724,1444.839056,0,1.99999999999996,0.0200000000000003,5.99999999999996,2,1,65,0.5
166,1446.112388,1445.362389,1445.727055,1446.059055,1447.934386,1,1.99999999999996,0.0200000000000003,7.00000000000003,1,2,66,0.5
167,1449.240385,1448.562385,1448.883718,1449.187051,1450.86505,1,1.99999999999996,0.0200000000000003,7.00000000000003,1,2,66,0.5
168,1452.103715,1451.356383,1451.613049,1452.050382,1453.459714,0,1.99999999999996,0.0200000000000003,5.99999999999996,2,1,65,0.5
169,1454.609713,1453.86238,1454.149713,1454.556379,1456.243044,1,1.99999999999996,0.0200000000000003,7.00000000000003,1,2,66,0.5
170,1457.503043,1456.605711,1456.914377,1457.503043,1459.317708,1,NaN,0,5.99999999999996,2,1,65,0.5
171,1464.528369,1463.837037,1464.12037,1464.528369,1473.218361,1,NaN,0,5.99999999999996,2,1,65,0.5
172,1474.33236,1473.579027,1473.837694,1474.279026,1476.063025,0,1.99999999999996,0.0200000000000003,5.99999999999996,2,1,65,0.5
173,1477.512356,1476.739691,1477.087024,1477.504356,1479.215021,1,1.99999999999996,0.0200000000000003,7.00000000000003,1,2,66,0.5
174,1480.240354,1479.551021,1479.848354,1480.18702,1482.350352,0,1.99999999999996,0.0200000000000003,5.99999999999996,2,1,65,0.5
175,1483.337684,1482.789685,1483.013018,1483.284351,1484.767683,0,1.99999999999996,0.0200000000000003,5.99999999999996,2,1,65,0.5
176,1485.827681,1485.118349,1485.442349,1485.774348,1487.55768,1,1.99999999999996,0.0200000000000003,7.00000000000003,1,2,66,0.5
177,1488.663679,1487.922346,1488.214346,1488.610345,1490.041011,0,1.99999999999996,0.0200000000000003,5.99999999999996,2,1,65,0.5
178,1490.98501,1490.40901,1490.593677,1490.931676,1492.741675,0,1.99999999999996,0.0200000000000003,5.99999999999996,2,1,65,0.5
179,1493.707007,1493.139674,1493.332341,1493.653674,1495.860338,0,1.99999999999996,0.0200000000000003,5.99999999999996,2,1,65,0.5
180,1496.84367,1496.249004,1496.436338,1496.84367,1506.328328,0,NaN,0,7.00000000000003,1,2,66,0.5
181,1507.390327,1506.672327,1506.984327,1507.336993,1508.870992,1,1.99999999999996,0.0200000000000003,7.00000000000003,1,2,66,0.5
182,1509.886324,1509.152991,1509.449658,1509.832991,1511.483656,1,1.99999999999996,0.0200000000000003,7.00000000000003,1,2,66,0.5
183,1512.514321,1511.746989,1512.064989,1512.460988,1513.80632,0,1.99999999999996,0.0200000000000003,5.99999999999996,2,1,65,0.5
184,1514.741653,1514.20832,1514.426986,1514.688319,1515.865651,0,1.99999999999996,0.0200000000000003,5.99999999999996,2,1,65,0.5
185,1516.95765,1516.159651,1516.536984,1516.904317,1518.596982,1,1.99999999999996,0.0200000000000003,7.00000000000003,1,2,66,0.5
186,1519.689648,1518.932982,1519.297648,1519.674314,1521.304313,1,1.99999999999996,0.0200000000000003,7.00000000000003,1,2,66,0.5
187,1522.489645,1521.668979,1522.078979,1522.436312,1524.14231,1,1.99999999999996,0.0200000000000003,7.00000000000003,1,2,66,0.5
188,1525.328309,1524.489643,1524.896976,1525.274975,1527.24564,1,1.99999999999996,0.0200000000000003,7.00000000000003,1,2,66,0.5
189,1528.312306,1527.60764,1527.886973,1528.258972,1530.172304,0,1.99999999999996,0.0200000000000003,5.99999999999996,2,1,65,0.5
190,1531.123636,1530.535637,1530.758303,1531.070303,1533.031634,0,1.99999999999996,0.0200000000000003,5.99999999999996,2,1,65,0.5
191,1533.997633,1533.459634,1533.662967,1533.997633,1538.007629,0,NaN,0,7.00000000000003,1,2,66,0.5
192,1583.566917,1582.638251,1583.084251,1583.513584,1585.028916,1,1.99999999999996,0.0200000000000003,7.00000000000003,1,2,66,0.5
193,1586.186914,1585.382915,1585.744915,1586.133581,1587.820246,1,1.99999999999996,0.0200000000000003,7.00000000000003,1,2,66,0.5
194,1590.041577,1588.188246,1588.452912,1589.490244,NaN,0,NaN,0,5.99999999999996,2,1,65,0.5
195,1599.845567,1598.298902,1598.526235,1599.792234,1600.9009,0,1.99999999999996,0.0200000000000003,5.99999999999996,2,1,65,0.5
196,1603.190897,1602.514898,1602.808898,1603.137564,1603.734897,1,1.99999999999996,0.0200000000000003,7.00000000000003,1,2,66,0.5
197,1605.182229,1604.584229,1604.783563,1605.128896,1607.856226,0,1.99999999999996,0.0200000000000003,5.99999999999996,2,1,65,0.5
198,1610.24889,1608.537559,1608.753558,1610.24889,1624.020877,1,NaN,0,5.99999999999996,2,1,65,0.5
199,1634.563533,1633.796867,1634.139533,1634.510199,1635.154865,1,1.99999999999996,0.0200000000000003,7.00000000000003,1,2,66,0.5
200,1636.456198,1635.704198,1636.064198,1636.402864,1638.090196,1,1.99999999999996,0.0200000000000003,7.00000000000003,1,2,66,0.5
201,1639.109528,1638.431529,1638.716195,1639.056195,1640.89086,0,1.99999999999996,0.0200000000000003,5.99999999999996,2,1,65,0.5
202,1641.880192,1641.299526,1641.515526,1641.826859,1643.280191,0,1.99999999999996,0.0200000000000003,5.99999999999996,2,1,65,0.5
203,1644.997522,1644.439523,1644.655523,1644.944189,1649.906184,0,1.99999999999996,0.0200000000000003,5.99999999999996,2,1,65,0.5
204,1654.072847,1653.294181,1653.641514,1654.019513,1655.208845,1,1.99999999999996,0.0200000000000003,7.00000000000003,1,2,66,0.5
205,1656.238844,1655.555512,1655.849511,1656.185511,1658.304176,0,1.99999999999996,0.0200000000000003,5.99999999999996,2,1,65,0.5
206,1659.448175,1658.685509,1659.062175,1659.448175,1661.838172,1,NaN,0,5.99999999999996,2,1,65,0.5
207,1670.462164,1667.3255,1667.652166,1670.462164,1673.543494,1,NaN,0,5.99999999999996,2,1,65,0.5
208,1682.356152,1681.638152,1681.928819,1682.302818,1684.454816,0,1.99999999999996,0.0200000000000003,5.99999999999996,2,1,65,0.5
209,1685.680815,1684.922816,1685.288149,1685.627482,1687.256813,1,1.99999999999996,0.0200000000000003,7.00000000000003,1,2,66,0.5
210,1688.294812,1687.57948,1687.900813,1688.241479,1690.006144,1,1.99999999999996,0.0200000000000003,7.00000000000003,1,2,66,0.5
211,1691.090143,1690.341477,1690.612143,1691.03681,1692.743475,0,1.99999999999996,0.0200000000000003,5.99999999999996,2,1,65,0.5
212,1693.71414,1693.097474,1693.318141,1693.660807,1695.300805,0,1.99999999999996,0.0200000000000003,5.99999999999996,2,1,65,0.5
213,1696.360804,1695.746805,1696.030138,1696.307471,1698.332136,0,1.99999999999996,0.0200000000000003,5.99999999999996,2,1,65,0.5
214,1699.298135,1698.794802,1698.981468,1699.298135,1704.946796,0,NaN,0,7.00000000000003,1,2,66,0.5
215,1706.245461,1705.324795,1705.770795,1706.192128,1708.070126,1,1.99999999999996,0.0200000000000003,7.00000000000003,1,2,66,0.5
216,1709.088125,1708.414126,1708.720792,1709.088125,1721.877445,1,NaN,0,5.99999999999996,2,1,65,0.5
217,1724.926776,1724.01611,1724.474776,1724.873442,1726.418774,1,1.99999999999996,0.0200000000000003,7.00000000000003,1,2,66,0.5
218,1727.456773,1726.725441,1727.08944,1727.40344,1729.580104,1,1.99999999999996,0.0200000000000003,7.00000000000003,1,2,66,0.5
219,1730.628103,1729.923437,1730.25677,1730.628103,1735.066099,1,NaN,0,5.99999999999996,2,1,65,0.5
220,1739.140761,1738.371429,1738.697429,1739.087428,1740.752093,0,1.99999999999996,0.0200000000000003,5.99999999999996,2,1,65,0.5
221,1741.794759,1741.218093,1741.418093,1741.741426,1743.287424,0,1.99999999999996,0.0200000000000003,5.99999999999996,2,1,65,0.5
222,1744.198756,1743.63209,1743.83809,1744.145423,1745.998755,0,1.99999999999996,0.0200000000000003,5.99999999999996,2,1,65,0.5
223,1747.06142,1746.466754,1746.720087,1747.008087,1749.076752,0,1.99999999999996,0.0200000000000003,5.99999999999996,2,1,65,0.5
224,1750.21275,1749.487418,1749.835417,1750.159417,1752.126748,1,1.99999999999996,0.0200000000000003,7.00000000000003,1,2,66,0.5
225,1753.158747,1752.457415,1752.741415,1753.105414,1754.970079,0,1.99999999999996,0.0200000000000003,5.99999999999996,2,1,65,0.5
226,1756.216078,1755.446745,1755.837411,1756.162744,1757.802076,1,1.99999999999996,0.0200000000000003,7.00000000000003,1,2,66,0.5
227,1758.981408,1758.188076,1758.539409,1758.928075,1760.947406,1,1.99999999999996,0.0200000000000003,7.00000000000003,1,2,66,0.5
228,1762.090072,1761.304739,1761.570072,1762.036739,1764.400736,0,1.99999999999996,0.0200000000000003,5.99999999999996,2,1,65,0.5
229,1765.350735,1764.834069,1765.047402,1765.350735,1765.746735,0,NaN,0,7.00000000000003,1,2,66,0.5
230,1784.37405,1783.686717,1783.963383,1784.320716,1785.988048,0,1.99999999999996,0.0200000000000003,5.99999999999996,2,1,65,0.5
231,1786.962047,1786.496047,1786.69938,1786.962047,1791.654042,0,NaN,0,7.00000000000003,1,2,66,0.5
232,1796.162704,1794.916039,1795.205372,1796.162704,1798.608702,1,NaN,0,5.99999999999996,2,1,65,0.5
233,1953.527214,1952.221215,1952.449215,1953.474547,1956.462544,1,1.99999999999996,0.0200000000000003,7.00000000000003,1,2,66,0.5
234,1964.482536,1963.144537,1963.373871,1964.479869,1965.092536,0,1.99999999999996,0.0200000000000003,5.99999999999996,2,1,65,0.5
235,1969.356531,1968.713199,1968.928532,1969.303198,1970.087864,1,1.99999999999996,0.0200000000000003,7.00000000000003,1,2,66,0.5
236,1971.887862,1971.138529,1971.498529,1971.834529,1973.516527,1,1.99999999999996,0.0200000000000003,7.00000000000003,1,2,66,0.5
237,1974.653193,1973.968527,1974.271193,1974.599859,1977.252523,1,1.99999999999996,0.0200000000000003,7.00000000000003,1,2,66,0.5
238,1978.479189,1977.75719,1978.076523,1978.425856,1979.941187,1,1.99999999999996,0.0200000000000003,7.00000000000003,1,2,66,0.5
239,1980.955186,1980.335854,1980.607187,1980.955186,1989.083845,1,NaN,0,5.99999999999996,2,1,65,0.5
240,1990.175177,1989.434511,1989.737178,1990.121844,1991.707842,1,1.99999999999996,0.0200000000000003,7.00000000000003,1,2,66,0.5
241,1992.685175,1991.993175,1992.257842,1992.631841,1994.010507,0,1.99999999999996,0.0200000000000003,5.99999999999996,2,1,65,0.5
242,1994.969172,1994.388506,1994.614506,1994.969172,2000.711167,0,NaN,0,7.00000000000003,1,2,66,0.5
243,2004.31983,2003.51183,2003.941163,2004.266496,2005.319829,1,1.99999999999996,0.0200000000000003,7.00000000000003,1,2,66,0.5
244,2006.587161,2005.732495,2006.205828,2006.584494,2008.967825,1,1.99999999999996,0.0200000000000003,7.00000000000003,1,2,66,0.5
245,2010.079824,2009.375825,2009.711824,2010.026491,2011.935155,1,1.99999999999996,0.0200000000000003,7.00000000000003,1,2,66,0.5
246,2013.046488,2012.297822,2012.677155,2012.993154,2014.03382,1,1.99999999999996,0.0200000000000003,7.00000000000003,1,2,66,0.5
247,2015.157819,2014.33182,2014.707153,2015.104486,2017.184484,0,1.99999999999996,0.0200000000000003,5.99999999999996,2,1,65,0.5
248,2018.032483,2017.46915,2017.670483,2018.032483,2032.460468,0,NaN,0,7.00000000000003,1,2,66,0.5
249,2033.536467,2032.737135,2033.084468,2033.483134,2035.706465,1,1.99999999999996,0.0200000000000003,7.00000000000003,1,2,66,0.5
250,2036.799797,2036.088465,2036.417798,2036.746464,2038.795129,1,1.99999999999996,0.0200000000000003,7.00000000000003,1,2,66,0.5
251,2039.952461,2039.174461,2039.546461,2039.899127,2042.061125,0,1.99999999999996,0.0200000000000003,5.99999999999996,2,1,65,0.5
252,2043.203124,2042.481125,2042.804458,2043.149791,2044.731123,1,1.99999999999996,0.0200000000000003,7.00000000000003,1,2,66,0.5
253,2045.679788,2045.055122,2045.342455,2045.669788,2047.817119,0,1.99999999999996,0.0200000000000003,5.99999999999996,2,1,65,0.5
254,2048.850452,2048.316452,2048.531785,2048.797118,2051.200449,0,1.99999999999996,0.0200000000000003,5.99999999999996,2,1,65,0.5
255,2052.359115,2051.578449,2051.973115,2052.306448,2054.241113,1,1.99999999999996,0.0200000000000003,7.00000000000003,1,2,66,0.5
256,2055.406445,2054.655113,2054.989779,2055.353112,2057.403777,1,1.99999999999996,0.0200000000000003,7.00000000000003,1,2,66,0.5
257,2058.485109,2057.757776,2058.068443,2058.431775,2060.86444,1,1.99999999999996,0.0200000000000003,7.00000000000003,1,2,66,0.5
258,2062.539771,2061.809772,2062.079772,2062.486438,2064.501769,0,1.99999999999996,0.0200000000000003,5.99999999999996,2,1,65,0.5
259,2065.508435,2064.939769,2065.142435,2065.455102,2067.054434,0,1.99999999999996,0.0200000000000003,5.99999999999996,2,1,65,0.5
260,2073.965093,2067.4951,2067.6951,2073.91176,2078.565755,0,1.99999999999996,0.0200000000000003,5.99999999999996,2,1,65,0.5
261,2080.053087,2079.246421,2079.557754,2079.999754,2081.627752,1,1.99999999999996,0.0200000000000003,7.00000000000003,1,2,66,0.5
262,2082.612418,2081.987752,2082.233085,2082.561085,2084.378416,1,1.99999999999996,0.0200000000000003,7.00000000000003,1,2,66,0.5
263,2085.903748,2085.226415,2085.463082,2085.850415,2087.825746,1,1.99999999999996,0.0200000000000003,7.00000000000003,1,2,66,0.5
264,2088.971745,2088.225079,2088.567745,2088.918412,2090.917743,0,1.99999999999996,0.0200000000000003,5.99999999999996,2,1,65,0.5
265,2092.181742,2091.443743,2091.77641,2092.128408,2093.637074,1,1.99999999999996,0.0200000000000003,7.00000000000003,1,2,66,0.5
266,2094.637073,2094.012407,2094.276406,2094.632406,2096.790404,0,1.99999999999996,0.0200000000000003,5.99999999999996,2,1,65,0.5
267,2097.954403,2097.20907,2097.52307,2097.901069,2099.461068,1,1.99999999999996,0.0200000000000003,7.00000000000003,1,2,66,0.5
268,2100.527067,2099.815734,2100.099734,2100.473733,2101.929732,0,1.99999999999996,0.0200000000000003,5.99999999999996,2,1,65,0.5
269,2102.945731,2102.403065,2102.628398,2102.892398,2104.695729,0,1.99999999999996,0.0200000000000003,5.99999999999996,2,1,65,0.5
270,2105.645728,2105.157062,2105.355062,2105.645728,2109.716391,0,NaN,0,7.00000000000003,1,2,66,0.5
271,2113.433054,2112.633055,2113.012388,2113.379721,2115.105052,1,1.99999999999996,0.0200000000000003,7.00000000000003,1,2,66,0.5
272,2116.239051,2115.489052,2115.810385,2116.239051,2144.659689,1,NaN,0,5.99999999999996,2,1,65,0.5
273,2145.632355,2145.008356,2145.254355,2145.596355,2150.501017,0,1.99999999999996,0.0200000000000003,5.99999999999996,2,1,65,0.5
274,2151.400349,2150.80235,2151.041683,2151.347016,2152.971681,0,1.99999999999996,0.0200000000000003,5.99999999999996,2,1,65,0.5
275,2154.034347,2153.558347,2153.71168,2154.034347,2159.487008,0,NaN,0,7.00000000000003,1,2,66,0.5
276,2160.319007,2159.768341,2159.995007,2160.265674,2162.037672,0,1.99999999999996,0.0200000000000003,5.99999999999996,2,1,65,0.5
277,2163.113671,2162.429005,2162.721671,2163.060338,2164.777669,1,1.99999999999996,0.0200000000000003,7.00000000000003,1,2,66,0.5
278,2165.808335,2165.095002,2165.422335,2165.755002,2167.323667,1,1.99999999999996,0.0200000000000003,7.00000000000003,1,2,66,0.5
279,2168.257666,2167.669,2167.896999,2168.257666,2174.846992,0,NaN,0,7.00000000000003,1,2,66,0.5
280,2177.11499,2176.242991,2176.656324,2177.061657,2178.679655,1,1.99999999999996,0.0200000000000003,7.00000000000003,1,2,66,0.5
281,2179.629654,2179.004988,2179.309655,2179.604321,2181.843652,1,1.99999999999996,0.0200000000000003,7.00000000000003,1,2,66,0.5
282,2182.858318,2182.144985,2182.415652,2182.838318,2184.188983,1,1.99999999999996,0.0200000000000003,7.00000000000003,1,2,66,0.5
283,2185.213649,2184.498316,2184.795649,2185.160982,2186.170981,1,1.99999999999996,0.0200000000000003,7.00000000000003,1,2,66,0.5
284,2187.280313,2186.495647,2186.829647,2187.22698,2188.884312,0,1.99999999999996,0.0200000000000003,5.99999999999996,2,1,65,0.5
285,2189.882977,2189.359645,2189.586311,2189.829644,2192.269642,0,1.99999999999996,0.0200000000000003,5.99999999999996,2,1,65,0.5
286,2193.134307,2192.570308,2192.747641,2193.134307,2195.037639,0,NaN,0,7.00000000000003,1,2,66,0.5
287,2204.885629,2204.16363,2204.476296,2204.832296,2205.852295,1,1.99999999999996,0.0200000000000003,7.00000000000003,1,2,66,0.5
288,2206.95896,2206.242961,2206.490961,2206.905627,2208.752959,0,1.99999999999996,0.0200000000000003,5.99999999999996,2,1,65,0.5
289,2209.676291,2209.152958,2209.352291,2209.622958,2210.283624,0,1.99999999999996,0.0200000000000003,5.99999999999996,2,1,65,0.5
290,2211.440289,2210.746957,2211.02629,2211.386956,2213.121621,1,1.99999999999996,0.0200000000000003,7.00000000000003,1,2,66,0.5
291,2214.156953,2213.47962,2213.738954,2214.10362,2216.216951,1,1.99999999999996,0.0200000000000003,7.00000000000003,1,2,66,0.5
292,2217.325617,2216.604284,2216.868284,2217.272283,2218.364949,0,1.99999999999996,0.0200000000000003,5.99999999999996,2,1,65,0.5
293,2219.378948,2218.754282,2218.995615,2219.331615,2221.136946,0,1.99999999999996,0.0200000000000003,5.99999999999996,2,1,65,0.5
294,2222.212278,2221.508946,2221.771612,2222.159612,2222.822944,1,1.99999999999996,0.0200000000000003,7.00000000000003,1,2,66,0.5
295,2223.760944,2223.136278,2223.392944,2223.72361,2225.462942,0,1.99999999999996,0.0200000000000003,5.99999999999996,2,1,65,0.5
296,2226.552941,2225.951608,2226.166941,2226.499607,2228.122272,0,1.99999999999996,0.0200000000000003,5.99999999999996,2,1,65,0.5
297,2229.762938,2229.084272,2229.336271,2229.709604,2231.752269,1,1.99999999999996,0.0200000000000003,7.00000000000003,1,2,66,0.5
298,2232.722935,2232.084935,2232.343602,2232.722935,2241.229593,1,NaN,0,5.99999999999996,2,1,65,0.5
299,2242.225592,2241.600926,2241.888925,2242.218925,2244.646923,1,1.99999999999996,0.0200000000000003,7.00000000000003,1,2,66,0.5
300,2245.659588,2244.974922,2245.258922,2245.606255,2246.312254,1,1.99999999999996,0.0200000000000003,7.00000000000003,1,2,66,0.5
301,2247.232253,2246.607587,2246.84292,2247.227587,2250.41225,0,1.99999999999996,0.0200000000000003,5.99999999999996,2,1,65,0.5
302,2251.390916,2250.818916,2251.021583,2251.337583,2252.878248,0,1.99999999999996,0.0200000000000003,5.99999999999996,2,1,65,0.5
303,2254.05158,2253.254914,2253.560914,2253.998247,2255.121579,0,1.99999999999996,0.0200000000000003,5.99999999999996,2,1,65,0.5
304,2256.088911,2255.558245,2255.759578,2256.035578,2257.097577,0,1.99999999999996,0.0200000000000003,5.99999999999996,2,1,65,0.5
305,2258.160909,2257.484243,2257.76491,2258.107576,2259.664241,1,1.99999999999996,0.0200000000000003,7.00000000000003,1,2,66,0.5
306,2260.778907,2260.007574,2260.28624,2260.725573,2267.460233,0,1.99999999999996,0.0200000000000003,5.99999999999996,2,1,65,0.5
307,2268.398232,2267.817566,2268.044899,2268.398232,2279.987554,0,NaN,0,7.00000000000003,1,2,66,0.5
308,2281.03022,2280.405554,2280.702887,2281.024886,2282.428885,0,1.99999999999996,0.0200000000000003,5.99999999999996,2,1,65,0.5
309,2283.83555,2283.210884,2283.484217,2283.814883,2285.736215,1,1.99999999999996,0.0200000000000003,7.00000000000003,1,2,66,0.5
310,2286.756214,2286.131548,2286.417548,2286.750881,2288.035546,1,1.99999999999996,0.0200000000000003,7.00000000000003,1,2,66,0.5
311,2288.953545,2288.328879,2288.580879,2288.924212,2291.586209,0,1.99999999999996,0.0200000000000003,5.99999999999996,2,1,65,0.5
312,2292.798208,2292.007542,2292.361542,2292.744875,2294.268873,1,1.99999999999996,0.0200000000000003,7.00000000000003,1,2,66,0.5
313,2295.329539,2294.600206,2294.894872,2295.329539,2296.632871,1,NaN,0,5.99999999999996,2,1,65,0.5
314,2399.966767,2399.038102,2399.373435,2399.913434,2400.6561,1,1.99999999999996,0.0200000000000003,7.00000000000003,1,2,66,0.5
315,2401.925432,2401.0481,2401.317433,2401.872099,2420.022081,0,1.99999999999996,0.0200000000000003,5.99999999999996,2,1,65,0.5
316,2425.814741,2424.700076,2424.890076,2425.761408,2429.056738,1,1.99999999999996,0.0200000000000003,7.00000000000003,1,2,66,0.5
317,2430.101404,2429.393405,2429.662738,2430.048071,2430.891403,0,1.99999999999996,0.0200000000000003,5.99999999999996,2,1,65,0.5
318,2431.996069,2431.450736,2431.668069,2431.942735,2434.286733,0,1.99999999999996,0.0200000000000003,5.99999999999996,2,1,65,0.5
319,2435.283399,2434.740066,2434.912066,2435.230065,2438.164062,0,1.99999999999996,0.0200000000000003,5.99999999999996,2,1,65,0.5
320,2439.056062,2438.592729,2438.708062,2439.002728,2440.44606,0,1.99999999999996,0.0200000000000003,5.99999999999996,2,1,65,0.5
321,2441.600726,2440.85806,2441.200059,2441.547392,2443.614057,1,1.99999999999996,0.0200000000000003,7.00000000000003,1,2,66,0.5
322,2444.569389,2443.944723,2444.186723,2444.526723,2446.040055,1,1.99999999999996,0.0200000000000003,7.00000000000003,1,2,66,0.5
323,2447.482053,2446.400721,2446.695387,2447.42872,2448.631385,1,1.99999999999996,0.0200000000000003,7.00000000000003,1,2,66,0.5
324,2449.626051,2448.936718,2449.225385,2449.572718,2451.230049,0,1.99999999999996,0.0200000000000003,5.99999999999996,2,1,65,0.5
325,2452.190715,2451.639382,2451.804049,2452.137382,2453.800047,0,1.99999999999996,0.0200000000000003,5.99999999999996,2,1,65,0.5
326,2455.082712,2454.505379,2454.683379,2455.029379,2455.894045,1,1.99999999999996,0.0200000000000003,7.00000000000003,1,2,66,0.5
327,2456.955377,2456.263378,2456.574711,2456.902044,2459.460708,1,1.99999999999996,0.0200000000000003,7.00000000000003,1,2,66,0.5
328,2460.473373,2459.848707,2460.132041,2460.467374,2462.210038,1,1.99999999999996,0.0200000000000003,7.00000000000003,1,2,66,0.5
329,2463.326037,2462.598705,2462.864038,2463.272704,2464.898036,0,1.99999999999996,0.0200000000000003,5.99999999999996,2,1,65,0.5
330,2465.782035,2465.293369,2465.464702,2465.782035,2470.034697,0,NaN,0,7.00000000000003,1,2,66,0.5
331,2480.010021,2479.090688,2479.354688,2479.956687,2480.852686,0,1.99999999999996,0.0200000000000003,5.99999999999996,2,1,65,0.5
332,2482.458685,2481.608019,2481.979352,2482.405352,2485.340015,1,1.99999999999996,0.0200000000000003,7.00000000000003,1,2,66,0.5
333,2486.464014,2485.741348,2485.982681,2486.410681,2488.054013,1,1.99999999999996,0.0200000000000003,7.00000000000003,1,2,66,0.5
334,2489.177345,2488.419346,2488.705345,2489.124012,2491.351343,0,1.99999999999996,0.0200000000000003,5.99999999999996,2,1,65,0.5
335,2492.499341,2491.774009,2492.087342,2492.446008,2493.350007,1,1.99999999999996,0.0200000000000003,7.00000000000003,1,2,66,0.5
336,2494.456673,2493.710007,2493.96334,2494.40334,2495.248672,1,1.99999999999996,0.0200000000000003,7.00000000000003,1,2,66,0.5
337,2496.265338,2495.542672,2495.831338,2496.212004,2497.836669,1,1.99999999999996,0.0200000000000003,7.00000000000003,1,2,66,0.5
338,2498.901335,2498.192669,2498.452002,2498.848002,2500.688667,0,1.99999999999996,0.0200000000000003,5.99999999999996,2,1,65,0.5
339,2501.782666,2501.147999,2501.318666,2501.782666,2506.622661,0,NaN,0,7.00000000000003,1,2,66,0.5
340,2508.204659,2507.369993,2507.875993,2508.204659,2518.057316,1,NaN,0,5.99999999999996,2,1,65,0.5
341,2519.077315,2518.375982,2518.621315,2519.023982,2520.840646,0,1.99999999999996,0.0200000000000003,5.99999999999996,2,1,65,0.5
342,2522.069979,2521.311313,2521.617979,2522.016645,2523.291311,1,1.99999999999996,0.0200000000000003,7.00000000000003,1,2,66,0.5
343,2524.33931,2523.60531,2523.910643,2524.285976,2525.528642,0,1.99999999999996,0.0200000000000003,5.99999999999996,2,1,65,0.5
344,2526.698641,2525.944641,2526.303977,2526.645307,2528.315972,1,1.99999999999996,0.0200000000000003,7.00000000000003,1,2,66,0.5
345,2529.373305,2528.646639,2529.001305,2529.319971,2530.826636,1,1.99999999999996,0.0200000000000003,7.00000000000003,1,2,66,0.5
346,2531.817302,2531.126636,2531.394636,2531.817302,2542.596625,1,NaN,0,5.99999999999996,2,1,65,0.5
347,2544.750623,2544.037957,2544.371956,2544.697289,2545.291289,1,1.99999999999996,0.0200000000000003,7.00000000000003,1,2,66,0.5
348,2546.388621,2545.586622,2545.932621,2546.335288,2548.267953,1,1.99999999999996,0.0200000000000003,7.00000000000003,1,2,66,0.5
349,2549.364618,2548.617952,2548.961285,2549.311285,2552.407282,0,1.99999999999996,0.0200000000000003,5.99999999999996,2,1,65,0.5
350,2553.385947,2552.866614,2553.055948,2553.332614,2554.979946,0,1.99999999999996,0.0200000000000003,5.99999999999996,2,1,65,0.5
351,2556.095278,2555.341945,2555.700612,2556.041945,2557.805943,1,1.99999999999996,0.0200000000000003,7.00000000000003,1,2,66,0.5
352,2558.874608,2558.187276,2558.452609,2558.821275,2561.116606,1,1.99999999999996,0.0200000000000003,7.00000000000003,1,2,66,0.5
353,2562.547271,2561.833939,2562.147938,2562.547271,2567.567266,1,NaN,0,5.99999999999996,2,1,65,0.5
354,2570.434597,2569.704598,2569.999931,2570.43193,2572.145928,0,1.99999999999996,0.0200000000000003,5.99999999999996,2,1,65,0.5
355,2573.179927,2572.612595,2572.824594,2573.126594,2574.701926,0,1.99999999999996,0.0200000000000003,5.99999999999996,2,1,65,0.5
356,2575.743925,2575.121925,2575.402592,2575.690592,2577.23859,0,1.99999999999996,0.0200000000000003,5.99999999999996,2,1,65,0.5
357,2578.181922,2577.599923,2577.821256,2578.181922,2584.495249,0,NaN,0,7.00000000000003,1,2,66,0.5
358,2585.753915,2584.895249,2585.338582,2585.700582,2587.61058,1,1.99999999999996,0.0200000000000003,7.00000000000003,1,2,66,0.5
359,2588.745912,2587.949246,2588.283912,2588.745912,2592.235909,1,NaN,0,5.99999999999996,2,1,65,0.5
360,2603.514564,2602.700565,2603.113231,2603.46123,2605.131896,1,1.99999999999996,0.0200000000000003,7.00000000000003,1,2,66,0.5
361,2606.287228,2605.499228,2605.875895,2606.233894,2608.596559,0,1.99999999999996,0.0200000000000003,5.99999999999996,2,1,65,0.5
362,2609.580558,2609.069892,2609.257891,2609.580558,2618.802548,0,NaN,0,7.00000000000003,1,2,66,0.5
363,2620.376547,2619.678548,2619.979214,2620.323214,2622.163878,0,1.99999999999996,0.0200000000000003,5.99999999999996,2,1,65,0.5
364,2623.284544,2622.535211,2622.870544,2623.231211,2625.623875,1,1.99999999999996,0.0200000000000003,7.00000000000003,1,2,66,0.5
365,2626.658541,2625.947875,2626.269208,2626.605207,2628.431206,0,1.99999999999996,0.0200000000000003,5.99999999999996,2,1,65,0.5
366,2629.813871,2629.180544,2629.393871,2629.760538,2631.758536,1,1.99999999999996,0.0200000000000003,7.00000000000003,1,2,66,0.5
367,2632.851201,2632.094535,2632.463868,2632.797868,2634.545199,1,1.99999999999996,0.0200000000000003,7.00000000000003,1,2,66,0.5
368,2635.582532,2634.871866,2635.213199,2635.529198,2637.173197,1,1.99999999999996,0.0200000000000003,7.00000000000003,1,2,66,0.5
369,2638.393196,2637.673863,2637.986529,2638.339862,2640.90786,1,1.99999999999996,0.0200000000000003,7.00000000000003,1,2,66,0.5
370,2641.930525,2641.305859,2641.558526,2641.905859,2643.74319,1,1.99999999999996,0.0200000000000003,7.00000000000003,1,2,66,0.5
371,2644.969856,2644.108523,2644.465856,2644.916522,2647.873186,0,1.99999999999996,0.0200000000000003,5.99999999999996,2,1,65,0.5
372,2648.899852,2648.323186,2648.524519,2648.846518,2650.640517,0,1.99999999999996,0.0200000000000003,5.99999999999996,2,1,65,0.5
373,2651.591182,2651.072516,2651.249849,2651.591182,2657.343177,0,NaN,0,7.00000000000003,1,2,66,0.5
374,2690.719143,2689.387145,2689.786478,2690.66581,2692.373808,1,1.99999999999996,0.0200000000000003,7.00000000000003,1,2,66,0.5
375,2694.369806,2693.544474,2693.84714,2694.316473,2697.001137,0,1.99999999999996,0.0200000000000003,5.99999999999996,2,1,65,0.5
376,2698.125802,2697.373137,2697.711136,2698.072469,2699.529801,1,1.99999999999996,0.0200000000000003,7.00000000000003,1,2,66,0.5
377,2700.493133,2699.837801,2700.049801,2700.493133,2706.305794,1,NaN,0,5.99999999999996,2,1,65,0.5
378,2713.175121,2712.453122,2712.796455,2713.121788,2714.149786,1,1.99999999999996,0.0200000000000003,7.00000000000003,1,2,66,0.5
379,2715.089786,2714.467119,2714.700453,2715.036452,2717.13045,0,1.99999999999996,0.0200000000000003,5.99999999999996,2,1,65,0.5
380,2718.077783,2717.53245,2717.721116,2718.077783,2720.816446,0,NaN,0,7.00000000000003,1,2,66,0.5
381,2725.665108,2724.920442,2725.275775,2725.611775,2727.041107,1,1.99999999999996,0.0200000000000003,7.00000000000003,1,2,66,0.5
382,2728.013106,2727.345107,2727.59044,2728.013106,2741.195759,1,NaN,0,5.99999999999996,2,1,65,0.5
383,2742.170425,2741.495759,2741.719092,2742.117092,2744.045757,0,1.99999999999996,0.0200000000000003,5.99999999999996,2,1,65,0.5
384,2745.161755,2744.677756,2744.851756,2745.108422,2747.595753,0,1.99999999999996,0.0200000000000003,5.99999999999996,2,1,65,0.5
385,2748.475752,2747.941753,2748.155086,2748.422419,2750.42575,0,1.99999999999996,0.0200000000000003,5.99999999999996,2,1,65,0.5
386,2751.540416,2750.839083,2751.13575,2751.487083,2753.102414,0,1.99999999999996,0.0200000000000003,5.99999999999996,2,1,65,0.5
387,2754.826412,2754.111747,2754.410413,2754.773079,2756.097745,1,1.99999999999996,0.0200000000000003,7.00000000000003,1,2,66,0.5
388,2757.133743,2756.550411,2756.79441,2757.133743,2762.921071,1,NaN,0,5.99999999999996,2,1,65,0.5
389,2763.86907,2763.244404,2763.49907,2763.83707,2765.315735,1,1.99999999999996,0.0200000000000003,7.00000000000003,1,2,66,0.5
390,2766.665734,2765.931068,2766.245068,2766.612401,2767.891733,1,1.99999999999996,0.0200000000000003,7.00000000000003,1,2,66,0.5
391,2768.855065,2768.207732,2768.536399,2768.855065,2771.087063,1,NaN,0,5.99999999999996,2,1,65,0.5
392,2777.69439,2776.947724,2777.261057,2777.641056,2778.491055,0,1.99999999999996,0.0200000000000003,5.99999999999996,2,1,65,0.5
393,2779.639054,2779.015055,2779.274388,2779.591054,2781.111053,0,1.99999999999996,0.0200000000000003,5.99999999999996,2,1,65,0.5
394,2782.090385,2781.477719,2781.755719,2782.037052,2783.508384,0,1.99999999999996,0.0200000000000003,5.99999999999996,2,1,65,0.5
395,2784.714383,2783.893717,2784.316383,2784.661049,2786.451714,1,1.99999999999996,0.0200000000000003,7.00000000000003,1,2,66,0.5
396,2787.461713,2786.780382,2787.08038,2787.40838,2788.871045,1,1.99999999999996,0.0200000000000003,7.00000000000003,1,2,66,0.5
397,2789.903044,2789.206378,2789.464378,2789.849711,2791.645715,0,1.99999999999996,0.0200000000000003,5.99999999999996,2,1,65,0.5
398,2792.688375,2792.170375,2792.422375,2792.688375,2799.865701,0,NaN,0,7.00000000000003,1,2,66,0.5
399,2800.931033,2800.218367,2800.511033,2800.8777,2804.40503,1,1.99999999999996,0.0200000000000003,7.00000000000003,1,2,66,0.5
400,2805.573028,2804.852362,2805.183695,2805.519695,2807.721693,1,1.99999999999996,0.0200000000000003,7.00000000000003,1,2,66,0.5
401,2808.825025,2808.073026,2808.391026,2808.771692,2810.863023,0,1.99999999999996,0.0200000000000003,5.99999999999996,2,1,65,0.5
402,2811.793689,2811.266356,2811.486356,2811.740356,2813.460354,0,1.99999999999996,0.0200000000000003,5.99999999999996,2,1,65,0.5
403,2814.40102,2813.882353,2814.046353,2814.347686,2815.679018,0,1.99999999999996,0.0200000000000003,5.99999999999996,2,1,65,0.5
404,2816.921684,2816.133018,2816.481684,2816.86835,2818.449015,1,1.99999999999996,0.0200000000000003,7.00000000000003,1,2,66,0.5
405,2819.466348,2818.771015,2819.049682,2819.413015,2820.85968,0,1.99999999999996,0.0200000000000003,5.99999999999996,2,1,65,0.5
406,2821.845679,2821.318346,2821.537679,2821.792346,2823.129677,0,1.99999999999996,0.0200000000000003,5.99999999999996,2,1,65,0.5
407,2824.20301,2823.631677,2823.862343,2824.149676,2825.559008,0,1.99999999999996,0.0200000000000003,5.99999999999996,2,1,65,0.5
408,2827.157007,2826.080341,2826.277674,2827.103674,2828.798338,1,1.99999999999996,0.0200000000000003,7.00000000000003,1,2,66,0.5
409,2829.997671,2829.233005,2829.535671,2829.944337,2831.402336,0,1.99999999999996,0.0200000000000003,5.99999999999996,2,1,65,0.5
410,2832.481668,2831.857002,2832.106335,2832.443668,2834.019,0,1.99999999999996,0.0200000000000003,5.99999999999996,2,1,65,0.5
411,2835.290332,2834.785666,2834.969666,2835.236999,2837.204997,0,1.99999999999996,0.0200000000000003,5.99999999999996,2,1,65,0.5
412,2838.524995,2837.927663,2838.120329,2838.471662,2839.954327,1,1.99999999999996,0.0200000000000003,7.00000000000003,1,2,66,0.5
413,2840.960326,2840.342327,2840.562327,2840.906993,2842.706325,0,1.99999999999996,0.0200000000000003,5.99999999999996,2,1,65,0.5
414,2843.893657,2843.290324,2843.55899,2843.840323,2845.652988,0,1.99999999999996,0.0200000000000003,5.99999999999996,2,1,65,0.5
415,2846.500321,2846.104988,2846.245654,2846.500321,2850.550317,0,NaN,0,7.00000000000003,1,2,66,0.5
416,2853.354314,2852.471648,2852.722315,2853.354314,2972.774861,1,NaN,0,5.99999999999996,2,1,65,0.5
417,2981.646186,2980.872186,2981.176186,2981.592852,2983.518184,1,1.99999999999996,0.0200000000000003,7.00000000000003,1,2,66,0.5
418,2984.664183,2983.93685,2984.204183,2984.610849,2985.802848,1,1.99999999999996,0.0200000000000003,7.00000000000003,1,2,66,0.5
419,2987.037514,2986.151514,2986.500847,2986.98418,2988.672179,1,1.99999999999996,0.0200000000000003,7.00000000000003,1,2,66,0.5
420,2990.248177,2989.068845,2989.313511,2990.24551,2993.761507,0,1.99999999999996,0.0200000000000003,5.99999999999996,2,1,65,0.5
421,2994.798839,2994.15684,2994.44684,2994.798839,3008.742159,0,NaN,0,7.00000000000003,1,2,66,0.5
422,3031.520136,3018.897482,3019.108815,NaN,3032.933468,NaN,NaN,0,7.00000000000003,1,2,66,0.5
423,3044.23479,3043.479457,3043.74879,3044.23479,3047.430787,0,NaN,0,7.00000000000003,1,2,66,0.5
424,3052.549448,3051.730782,3052.010782,3052.496781,3054.754779,0,1.99999999999996,0.0200000000000003,5.99999999999996,2,1,65,0.5
425,3055.844778,3055.220112,3055.480112,3055.796112,3057.662776,0,1.99999999999996,0.0200000000000003,5.99999999999996,2,1,65,0.5
426,3058.764775,3058.058776,3058.358776,3058.711442,3060.224774,1,1.99999999999996,0.0200000000000003,7.00000000000003,1,2,66,0.5
427,3061.146106,3060.52144,3060.752773,3061.098773,3062.640105,0,1.99999999999996,0.0200000000000003,5.99999999999996,2,1,65,0.5
428,3063.68877,3063.064104,3063.301437,3063.637437,3064.996769,1,1.99999999999996,0.0200000000000003,7.00000000000003,1,2,66,0.5
429,3065.904101,3065.279435,3065.513435,3065.892101,3067.645433,0,1.99999999999996,0.0200000000000003,5.99999999999996,2,1,65,0.5
430,3068.582765,3068.026766,3068.194099,3068.582765,3071.388763,0,NaN,0,7.00000000000003,1,2,66,0.5
431,3092.758075,3092.010742,3092.380075,3092.704741,3093.398074,1,1.99999999999996,0.0200000000000003,7.00000000000003,1,2,66,0.5
432,3094.808072,3094.238073,3094.498073,3094.808072,3103.210064,0,NaN,0,7.00000000000003,1,2,66,0.5
433,3105.618062,3104.908729,3105.190062,3105.618062,3105.880061,1,NaN,0,5.99999999999996,2,1,65,0.5
434,3115.389385,3114.668053,3115.006052,3115.336052,3116.907384,1,1.99999999999996,0.0200000000000003,7.00000000000003,1,2,66,0.5
435,3118.005383,3117.282717,3117.590716,3117.952049,3121.572046,0,1.99999999999996,0.0200000000000003,5.99999999999996,2,1,65,0.5
436,3122.859378,3122.044045,3122.388045,3122.806044,3124.587376,1,1.99999999999996,0.0200000000000003,7.00000000000003,1,2,66,0.5
437,3125.545375,3124.929376,3125.142709,3125.492042,3127.276707,0,1.99999999999996,0.0200000000000003,5.99999999999996,2,1,65,0.5
438,3128.270039,3127.72604,3127.903373,3128.216706,3129.789371,0,1.99999999999996,0.0200000000000003,5.99999999999996,2,1,65,0.5
439,3130.786703,3130.336704,3130.466703,3130.73337,3132.157368,0,1.99999999999996,0.0200000000000003,5.99999999999996,2,1,65,0.5
440,3133.322034,3132.737368,3132.928701,3133.322034,3141.784026,0,NaN,0,7.00000000000003,1,2,66,0.5
441,3143.695357,3142.871358,3143.286691,3143.642024,3145.716688,1,1.99999999999996,0.0200000000000003,7.00000000000003,1,2,66,0.5
442,3146.744021,3146.064688,3146.362688,3146.690687,3148.744019,1,1.99999999999996,0.0200000000000003,7.00000000000003,1,2,66,0.5
443,3150.66935,3149.927351,3150.19535,3150.616017,3153.436681,0,1.99999999999996,0.0200000000000003,5.99999999999996,2,1,65,0.5
444,3154.44268,3153.95268,3154.103347,3154.389346,3156.210011,0,1.99999999999996,0.0200000000000003,5.99999999999996,2,1,65,0.5
445,3157.46401,3156.923344,3157.044677,3157.410677,3159.158675,1,1.99999999999996,0.0200000000000003,7.00000000000003,1,2,66,0.5
446,3160.28934,3159.544008,3159.892007,3160.236007,3162.841338,1,1.99999999999996,0.0200000000000003,7.00000000000003,1,2,66,0.5
447,3163.94267,3163.250671,3163.50067,3163.890003,3165.534002,0,1.99999999999996,0.0200000000000003,5.99999999999996,2,1,65,0.5
448,3166.534001,3166.010668,3166.180001,3166.480667,3167.805999,0,1.99999999999996,0.0200000000000003,5.99999999999996,2,1,65,0.5
449,3168.741999,3168.241332,3168.437999,3168.688665,3170.501997,0,1.99999999999996,0.0200000000000003,5.99999999999996,2,1,65,0.5
450,3171.804662,3171.092663,3171.325996,3171.751329,3173.211997,1,1.99999999999996,0.0200000000000003,7.00000000000003,1,2,66,0.5
451,3174.357993,3173.58066,3173.835327,3174.357993,3180.087987,1,NaN,0,5.99999999999996,2,1,65,0.5
452,3181.443986,3180.549987,3180.984653,3181.390653,3183.153984,1,1.99999999999996,0.0200000000000003,7.00000000000003,1,2,66,0.5
453,3184.27265,3183.557317,3183.82665,3184.219316,3185.994648,1,1.99999999999996,0.0200000000000003,7.00000000000003,1,2,66,0.5
454,3187.139313,3186.353314,3186.649981,3187.08598,3188.939312,0,1.99999999999996,0.0200000000000003,5.99999999999996,2,1,65,0.5
455,3189.957311,3189.332645,3189.612644,3189.926644,3191.399309,0,1.99999999999996,0.0200000000000003,5.99999999999996,2,1,65,0.5
456,3192.463975,3191.787975,3192.009309,3192.410642,3193.57864,0,1.99999999999996,0.0200000000000003,5.99999999999996,2,1,65,0.5
457,3194.683306,3193.997973,3194.323306,3194.683306,3201.545966,1,NaN,0,5.99999999999996,2,1,65,0.5
458,3202.773965,3201.954632,3202.371965,3202.720631,3204.385963,1,1.99999999999996,0.0200000000000003,7.00000000000003,1,2,66,0.5
459,3205.341962,3204.677963,3204.954629,3205.341962,3205.615295,1,NaN,0,5.99999999999996,2,1,65,0.5
460,3212.535955,3211.799289,3212.148622,3212.482621,3213.817287,1,1.99999999999996,0.0200000000000003,7.00000000000003,1,2,66,0.5
461,3215.509285,3214.833952,3215.040619,3215.455952,3217.995949,0,1.99999999999996,0.0200000000000003,5.99999999999996,2,1,65,0.5
462,3219.007282,3218.457949,3218.644615,3218.953948,3220.70728,0,1.99999999999996,0.0200000000000003,5.99999999999996,2,1,65,0.5
463,3221.825945,3221.10128,3221.375946,3221.772612,3223.559944,1,1.99999999999996,0.0200000000000003,7.00000000000003,1,2,66,0.5
464,3224.617943,3223.893943,3224.181943,3224.564609,3226.171274,1,1.99999999999996,0.0200000000000003,7.00000000000003,1,2,66,0.5
465,3227.13594,3226.511274,3226.722607,3227.122607,3228.680605,0,1.99999999999996,0.0200000000000003,5.99999999999996,2,1,65,0.5
466,3229.715938,3229.180605,3229.391938,3229.662604,3230.889936,0,1.99999999999996,0.0200000000000003,5.99999999999996,2,1,65,0.5
467,3231.846602,3231.286603,3231.494602,3231.793269,3234.0786,0,1.99999999999996,0.0200000000000003,5.99999999999996,2,1,65,0.5
468,3235.471932,3234.809932,3235.011266,3235.418599,3236.871264,1,1.99999999999996,0.0200000000000003,7.00000000000003,1,2,66,0.5
469,3237.841263,3237.216597,3237.452597,3237.827929,3240.57726,0,1.99999999999996,0.0200000000000003,5.99999999999996,2,1,65,0.5
470,3242.775258,3241.018593,3241.156593,3242.775258,3247.960586,0,NaN,0,7.00000000000003,1,2,66,0.5
471,3249.447918,3248.823252,3249.111918,3249.441251,3251.435916,0,1.99999999999996,0.0200000000000003,5.99999999999996,2,1,65,0.5
472,3252.636581,3251.842582,3252.269248,3252.583248,3254.709913,0,1.99999999999996,0.0200000000000003,5.99999999999996,2,1,65,0.5
473,3255.700578,3255.193245,3255.361912,3255.647245,3257.284577,0,1.99999999999996,0.0200000000000003,5.99999999999996,2,1,65,0.5
474,3258.798575,3258.135242,3258.346576,3258.745242,3260.459907,1,1.99999999999996,0.0200000000000003,7.00000000000003,1,2,66,0.5
475,3261.440573,3260.736573,3261.014573,3261.387239,3262.929904,1,1.99999999999996,0.0200000000000003,7.00000000000003,1,2,66,0.5
476,3264.031903,3263.277237,3263.63657,3263.97857,3265.390569,1,1.99999999999996,0.0200000000000003,7.00000000000003,1,2,66,0.5
477,3266.447234,3265.751235,3266.003235,3266.393901,3268.361232,0,1.99999999999996,0.0200000000000003,5.99999999999996,2,1,65,0.5
478,3269.450564,3268.948565,3269.147231,3269.397231,3271.440563,0,1.99999999999996,0.0200000000000003,5.99999999999996,2,1,65,0.5
479,3272.623895,3271.850562,3272.195895,3272.570561,3274.755226,1,1.99999999999996,0.0200000000000003,7.00000000000003,1,2,66,0.5
480,3276.137891,3275.151226,3275.380559,3276.084558,3277.457224,1,1.99999999999996,0.0200000000000003,7.00000000000003,1,2,66,0.5
481,3278.503222,3277.79189,3278.051223,3278.449889,3280.550553,0,1.99999999999996,0.0200000000000003,5.99999999999996,2,1,65,0.5
482,3282.117219,3281.481219,3281.783219,3282.117219,3288.615212,0,NaN,0,7.00000000000003,1,2,66,0.5
483,3289.877877,3288.859878,3289.391878,3289.824544,3291.647876,1,1.99999999999996,0.0200000000000003,7.00000000000003,1,2,66,0.5
484,3292.577875,3291.953209,3292.209208,3292.560541,3294.37054,1,1.99999999999996,0.0200000000000003,7.00000000000003,1,2,66,0.5
485,3295.389205,3294.705873,3294.999206,3295.335872,3297.055204,1,1.99999999999996,0.0200000000000003,7.00000000000003,1,2,66,0.5
486,3298.087869,3297.463203,3297.717203,3298.063869,3299.748534,1,1.99999999999996,0.0200000000000003,7.00000000000003,1,2,66,0.5
487,3300.791867,3300.101201,3300.387867,3300.791867,3343.929157,1,NaN,0,5.99999999999996,2,1,65,0.5
488,3348.117819,3347.403153,3347.674486,3348.064486,3349.617818,1,1.99999999999996,0.0200000000000003,7.00000000000003,1,2,66,0.5
489,3350.58915,3349.964484,3350.164484,3350.58915,3356.078478,1,NaN,0,5.99999999999996,2,1,65,0.5
490,3357.875143,3357.119144,3357.46981,3357.821809,3359.009808,1,1.99999999999996,0.0200000000000003,7.00000000000003,1,2,66,0.5
491,3360.137807,3359.363141,3359.607808,3360.137807,3368.211132,1,NaN,0,5.99999999999996,2,1,65,0.5
492,3369.110465,3368.512465,3368.748465,3369.057132,3370.532463,0,1.99999999999996,0.0200000000000003,5.99999999999996,2,1,65,0.5
493,3371.580462,3371.049796,3371.261796,3371.527129,3372.852461,0,1.99999999999996,0.0200000000000003,5.99999999999996,2,1,65,0.5
494,3373.831127,3373.206461,3373.49246,3373.803127,3375.041792,1,1.99999999999996,0.0200000000000003,7.00000000000003,1,2,66,0.5
495,3376.045125,3375.353792,3375.624458,3375.991791,3377.219123,0,1.99999999999996,0.0200000000000003,5.99999999999996,2,1,65,0.5
496,3378.116456,3377.628456,3377.774456,3378.063123,3379.709121,0,1.99999999999996,0.0200000000000003,5.99999999999996,2,1,65,0.5
497,3381.369119,3380.71512,3381.02512,3381.369119,3387.327113,0,NaN,0,7.00000000000003,1,2,66,0.5
498,3389.715778,3388.922445,3389.273778,3389.662444,3391.287776,1,1.99999999999996,0.0200000000000003,7.00000000000003,1,2,66,0.5
499,3392.253775,3391.586442,3391.888442,3392.253775,3395.539772,1,NaN,0,5.99999999999996,2,1,65,0.5
500,3404.585763,3403.817097,3404.05843,3404.532429,3406.547094,1,1.99999999999996,0.0200000000000003,7.00000000000003,1,2,66,0.5
501,3407.630426,3406.92776,3407.20376,3407.577093,3409.047092,0,1.99999999999996,0.0200000000000003,5.99999999999996,2,1,65,0.5
502,3409.992424,3409.449091,3409.639758,3409.939091,3411.593756,0,1.99999999999996,0.0200000000000003,5.99999999999996,2,1,65,0.5
503,3412.565755,3412.013089,3412.229088,3412.512421,3414.189086,0,1.99999999999996,0.0200000000000003,5.99999999999996,2,1,65,0.5
504,3415.454419,3414.918419,3415.064419,3415.401085,3416.557084,1,1.99999999999996,0.0200000000000003,7.00000000000003,1,2,66,0.5
505,3417.466416,3416.84175,3417.061084,3417.431083,3418.821082,0,1.99999999999996,0.0200000000000003,5.99999999999996,2,1,65,0.5
506,3419.920414,3419.295748,3419.625081,3419.889747,3421.454412,0,1.99999999999996,0.0200000000000003,5.99999999999996,2,1,65,0.5
507,3422.333745,3421.877079,3422.061745,3422.333745,3523.380311,0,NaN,0,7.00000000000003,1,2,66,0.5
508,3524.571643,3523.74831,3524.062977,3524.568976,3525.186975,1,1.99999999999996,0.0200000000000003,7.00000000000003,1,2,66,0.5
509,3526.202974,3525.488308,3525.718975,3526.202974,3526.633641,0,NaN,0,7.00000000000003,1,2,66,0.5
510,3537.036297,3536.320964,3536.580964,3536.982964,3538.624295,0,1.99999999999996,0.0200000000000003,5.99999999999996,2,1,65,0.5
511,3543.523624,3542.050292,3542.244958,3543.520957,3545.584288,1,1.99999999999996,0.0200000000000003,7.00000000000003,1,2,66,0.5
512,3548.714286,3547.983619,3548.270952,3548.660952,3551.886282,1,1.99999999999996,0.0200000000000003,7.00000000000003,1,2,66,0.5
513,3553.032281,3552.288282,3552.560948,3552.978948,3555.026279,0,1.99999999999996,0.0200000000000003,5.99999999999996,2,1,65,0.5
514,3556.085611,3555.500278,3555.687612,3556.085611,3556.625611,0,NaN,0,7.00000000000003,1,2,66,0.5
515,3676.860824,3676.311491,3676.321491,3676.80749,3678.506155,1,1.99999999999996,0.0200000000000003,7.00000000000003,1,2,66,0.5
516,3680.058154,3678.909488,3679.376821,3680.004821,3683.500817,0,1.99999999999996,0.0200000000000003,5.99999999999996,2,1,65,0.5
517,3684.680816,3684.056817,3684.311483,3684.674816,3685.275482,0,1.99999999999996,0.0200000000000003,5.99999999999996,2,1,65,0.5
518,3686.872147,3686.082148,3686.352814,3686.818814,3689.887477,0,1.99999999999996,0.0200000000000003,5.99999999999996,2,1,65,0.5
519,3691.420143,3690.78081,3690.990143,3691.366809,3692.999474,1,1.99999999999996,0.0200000000000003,7.00000000000003,1,2,66,0.5
520,3694.13014,3693.358141,3693.68814,3694.076807,3695.396805,1,1.99999999999996,0.0200000000000003,7.00000000000003,1,2,66,0.5
521,3696.460137,3695.719472,3696.045471,3696.406804,3698.014803,1,1.99999999999996,0.0200000000000003,7.00000000000003,1,2,66,0.5
522,3699.026802,3698.363469,3698.635469,3699.026802,3710.75679,1,NaN,0,5.99999999999996,2,1,65,0.5
523,3711.874122,3711.132123,3711.395456,3711.820789,3713.755454,0,1.99999999999996,0.0200000000000003,5.99999999999996,2,1,65,0.5
524,3714.705453,3714.201453,3714.40212,3714.652119,3715.969451,0,1.99999999999996,0.0200000000000003,5.99999999999996,2,1,65,0.5
525,3716.91945,3716.366118,3716.586117,3716.866117,3718.246782,0,1.99999999999996,0.0200000000000003,5.99999999999996,2,1,65,0.5
526,3719.392115,3718.612782,3718.980115,3719.338781,3720.886113,1,1.99999999999996,0.0200000000000003,7.00000000000003,1,2,66,0.5
527,3721.924112,3721.270113,3721.485446,3721.924112,3739.868761,0,NaN,0,7.00000000000003,1,2,66,0.5
528,3769.324065,3768.849398,3768.883398,3769.270731,3772.534728,1,1.99999999999996,0.0200000000000003,7.00000000000003,1,2,66,0.5
529,3774.209393,3773.449394,3773.743394,3774.15606,3775.425392,1,1.99999999999996,0.0200000000000003,7.00000000000003,1,2,66,0.5
530,3776.584724,3775.835391,3776.170724,3776.531391,3777.646056,1,1.99999999999996,0.0200000000000003,7.00000000000003,1,2,66,0.5
531,3779.169388,3778.554055,3778.793388,3779.169388,3780.065387,0,NaN,0,7.00000000000003,1,2,66,0.5
532,3795.050039,3794.560706,3794.722039,3794.996706,3797.110037,0,1.99999999999996,0.0200000000000003,5.99999999999996,2,1,65,0.5
533,3801.256699,3800.5587,3800.7767,3801.203366,3802.835365,1,1.99999999999996,0.0200000000000003,7.00000000000003,1,2,66,0.5
534,3803.908697,3803.221364,3803.513365,3803.855363,3805.423362,1,1.99999999999996,0.0200000000000003,7.00000000000003,1,2,66,0.5
535,3807.16536,3806.520027,3806.702027,3807.112027,3808.719359,0,1.99999999999996,0.0200000000000003,5.99999999999996,2,1,65,0.5
536,3810.137357,3809.575358,3809.762024,3810.084024,3811.588022,1,1.99999999999996,0.0200000000000003,7.00000000000003,1,2,66,0.5
537,3812.685355,3811.958022,3812.292022,3812.632021,3814.141353,0,1.99999999999996,0.0200000000000003,5.99999999999996,2,1,65,0.5
538,3815.720685,3815.140685,3815.318019,3815.667352,3817.352017,1,1.99999999999996,0.0200000000000003,7.00000000000003,1,2,66,0.5
539,3818.430682,3817.740016,3818.017349,3818.377349,3819.776014,1,1.99999999999996,0.0200000000000003,7.00000000000003,1,2,66,0.5
540,3820.86268,3820.117347,3820.446014,3820.809346,3822.285345,1,1.99999999999996,0.0200000000000003,7.00000000000003,1,2,66,0.5
541,3824.075343,3823.433344,3823.64001,3824.02201,3826.358008,0,1.99999999999996,0.0200000000000003,5.99999999999996,2,1,65,0.5
542,3827.366673,3826.844674,3827.016007,3827.366673,3833.485334,0,NaN,0,7.00000000000003,1,2,66,0.5
543,3835.263332,3834.469333,3834.821999,3835.209999,3837.677996,1,1.99999999999996,0.0200000000000003,7.00000000000003,1,2,66,0.5
544,3838.739995,3838.043329,3838.353329,3838.686662,3840.15466,0,1.99999999999996,0.0200000000000003,5.99999999999996,2,1,65,0.5
545,3841.043993,3840.557327,3840.745993,3840.99066,3842.362658,0,1.99999999999996,0.0200000000000003,5.99999999999996,2,1,65,0.5
546,3843.68999,3843.141324,3843.303991,3843.636657,3845.067322,1,1.99999999999996,0.0200000000000003,7.00000000000003,1,2,66,0.5
547,3846.465988,3845.751988,3846.084655,3846.412654,3847.02732,0,1.99999999999996,0.0200000000000003,5.99999999999996,2,1,65,0.5
548,3848.362652,3847.586653,3847.910653,3848.309319,3849.741984,1,1.99999999999996,0.0200000000000003,7.00000000000003,1,2,66,0.5
549,3850.717983,3850.080651,3850.333984,3850.717983,3856.307978,1,NaN,0,5.99999999999996,2,1,65,0.5
550,4095.080405,4094.277073,4094.615073,4095.080405,4104.03773,1,NaN,0,5.99999999999996,2,1,65,0.5
551,4105.086396,4104.45773,4104.669729,4105.086396,4110.55239,1,NaN,0,5.99999999999996,2,1,65,0.5
552,4113.399721,4112.686388,4112.877721,4113.346387,4114.277053,0,1.99999999999996,0.0200000000000003,5.99999999999996,2,1,65,0.5
553,4115.353052,4114.735719,4114.971719,4115.299719,4117.424383,0,1.99999999999996,0.0200000000000003,5.99999999999996,2,1,65,0.5
554,4118.560382,4117.862383,4118.097049,4118.507049,4119.091715,0,1.99999999999996,0.0200000000000003,5.99999999999996,2,1,65,0.5
555,4120.097714,4119.473048,4119.685714,4120.075047,4122.196378,0,1.99999999999996,0.0200000000000003,5.99999999999996,2,1,65,0.5
556,4123.203044,4122.609711,4122.813044,4123.149711,4124.367043,0,1.99999999999996,0.0200000000000003,5.99999999999996,2,1,65,0.5
557,4125.355042,4124.755709,4124.978376,4125.301709,4126.962374,0,1.99999999999996,0.0200000000000003,5.99999999999996,2,1,65,0.5
558,4128.271039,4127.703706,4127.845039,4128.217706,4129.977037,1,1.99999999999996,0.0200000000000003,7.00000000000003,1,2,66,0.5
559,4130.907036,4130.31237,4130.531703,4130.853703,4132.249035,0,1.99999999999996,0.0200000000000003,5.99999999999996,2,1,65,0.5
560,4133.254367,4132.688368,4132.881034,4133.201034,4133.8177,0,1.99999999999996,0.0200000000000003,5.99999999999996,2,1,65,0.5
561,4134.829699,4134.205033,4134.467033,4134.777699,4138.353029,0,1.99999999999996,0.0200000000000003,5.99999999999996,2,1,65,0.5
562,4139.256361,4138.775029,4138.918362,4139.256361,4144.141023,0,NaN,0,7.00000000000003,1,2,66,0.5
563,4145.658355,4145.051689,4145.253689,4145.605022,4147.119687,1,1.99999999999996,0.0200000000000003,7.00000000000003,1,2,66,0.5
564,4148.280352,4147.465687,4147.790353,4148.227019,4149.777684,0,1.99999999999996,0.0200000000000003,5.99999999999996,2,1,65,0.5
565,4150.87635,4150.195017,4150.485017,4150.823016,4152.028349,1,1.99999999999996,0.0200000000000003,7.00000000000003,1,2,66,0.5
566,4153.104348,4152.413015,4152.697015,4153.051014,4155.855678,1,1.99999999999996,0.0200000000000003,7.00000000000003,1,2,66,0.5
567,4156.95901,4156.243678,4156.593011,4156.95901,4158.561675,1,NaN,0,5.99999999999996,2,1,65,0.5
568,4194.574306,4193.984973,4194.146306,4194.574306,4201.962299,1,NaN,0,5.99999999999996,2,1,65,0.5
569,4204.606296,4204.04363,4204.200296,4204.552963,4205.722962,0,1.99999999999996,0.0200000000000003,5.99999999999996,2,1,65,0.5
570,4207.085627,4206.333628,4206.674294,4207.032294,4207.858959,1,1.99999999999996,0.0200000000000003,7.00000000000003,1,2,66,0.5
571,4208.796958,4208.172292,4208.446292,4208.774959,4211.652956,0,1.99999999999996,0.0200000000000003,5.99999999999996,2,1,65,0.5
572,4212.676955,4212.106289,4212.342288,4212.676955,4212.972288,0,NaN,0,7.00000000000003,1,2,66,0.5
573,4225.552275,4224.708943,4225.083609,4225.498942,4227.30494,1,1.99999999999996,0.0200000000000003,7.00000000000003,1,2,66,0.5
574,4228.275606,4227.65094,4227.907606,4228.239606,4230.441604,1,1.99999999999996,0.0200000000000003,7.00000000000003,1,2,66,0.5
575,4231.844935,4231.220269,4231.443603,4231.828269,4234.342266,0,1.99999999999996,0.0200000000000003,5.99999999999996,2,1,65,0.5
576,4235.278265,4234.788933,4234.967599,4235.224932,4236.698931,0,1.99999999999996,0.0200000000000003,5.99999999999996,2,1,65,0.5
577,4237.717596,4237.09293,4237.32093,4237.702263,4239.138261,0,1.99999999999996,0.0200000000000003,5.99999999999996,2,1,65,0.5
578,4240.178927,4239.580261,4239.792261,4240.178927,4245.475588,0,NaN,0,7.00000000000003,1,2,66,0.5
579,4247.931586,4247.100254,4247.57092,4247.878253,4248.744919,1,1.99999999999996,0.0200000000000003,7.00000000000003,1,2,66,0.5
580,4249.834251,4249.056918,4249.456918,4249.780918,4251.688249,0,1.99999999999996,0.0200000000000003,5.99999999999996,2,1,65,0.5
581,4252.782915,4252.078915,4252.434915,4252.782915,4255.300912,1,NaN,0,5.99999999999996,2,1,65,0.5
582,4259.798241,4258.905575,4259.376908,4259.795574,4260.382907,1,1.99999999999996,0.0200000000000003,7.00000000000003,1,2,66,0.5
583,4261.550239,4260.678907,4261.093573,4261.496906,4262.912238,1,1.99999999999996,0.0200000000000003,7.00000000000003,1,2,66,0.5
584,4264.078903,4263.259571,4263.656904,4264.02557,4265.453568,0,1.99999999999996,0.0200000000000003,5.99999999999996,2,1,65,0.5
585,4266.498901,4265.885568,4266.107568,4266.445568,4267.840233,0,1.99999999999996,0.0200000000000003,5.99999999999996,2,1,65,0.5
586,4268.805565,4268.197566,4268.426899,4268.752232,4269.973564,0,1.99999999999996,0.0200000000000003,5.99999999999996,2,1,65,0.5
587,4271.158229,4270.409564,4270.720897,4271.104896,4272.552895,1,1.99999999999996,0.0200000000000003,7.00000000000003,1,2,66,0.5
588,4273.63356,4272.898228,4273.206894,4273.580227,4275.646225,0,1.99999999999996,0.0200000000000003,5.99999999999996,2,1,65,0.5
589,4277.003557,4276.273558,4276.574224,4276.950224,4278.371556,1,1.99999999999996,0.0200000000000003,7.00000000000003,1,2,66,0.5
590,4279.342888,4278.649555,4278.918222,4279.289555,4280.78022,0,1.99999999999996,0.0200000000000003,5.99999999999996,2,1,65,0.5
591,4281.746886,4281.250219,4281.429553,4281.693552,4283.198217,0,1.99999999999996,0.0200000000000003,5.99999999999996,2,1,65,0.5
592,4284.15555,4283.530884,4283.742217,4284.13155,4286.207548,0,1.99999999999996,0.0200000000000003,5.99999999999996,2,1,65,0.5
593,4287.36488,4286.769547,4286.963547,4287.311547,4288.871545,1,1.99999999999996,0.0200000000000003,7.00000000000003,1,2,66,0.5
594,4289.932877,4289.308211,4289.587544,4289.902878,4292.280208,1,1.99999999999996,0.0200000000000003,7.00000000000003,1,2,66,0.5
595,4293.528207,4292.750875,4293.036208,4293.474874,4295.272872,0,1.99999999999996,0.0200000000000003,5.99999999999996,2,1,65,0.5
596,4296.554204,4295.748872,4296.093538,4296.500871,4298.047536,1,1.99999999999996,0.0200000000000003,7.00000000000003,1,2,66,0.5
597,4298.974868,4298.350202,4298.588202,4298.926202,4300.3262,1,1.99999999999996,0.0200000000000003,7.00000000000003,1,2,66,0.5
598,4301.461533,4300.737533,4301.036866,4301.408199,4303.724197,0,1.99999999999996,0.0200000000000003,5.99999999999996,2,1,65,0.5
599,4304.698863,4304.150863,4304.332863,4304.645529,4306.451528,0,1.99999999999996,0.0200000000000003,5.99999999999996,2,1,65,0.5
600,4307.314193,4306.885527,4307.027527,4307.314193,4312.522188,0,NaN,0,7.00000000000003,1,2,66,0.5
601,4314.715519,4313.770854,4314.260186,4314.662186,4316.161518,0,1.99999999999996,0.0200000000000003,5.99999999999996,2,1,65,0.5
602,4317.388183,4316.562851,4316.934184,4317.33485,4318.792849,1,1.99999999999996,0.0200000000000003,7.00000000000003,1,2,66,0.5
603,4319.833514,4319.114848,4319.426181,4319.780181,4321.087513,1,1.99999999999996,0.0200000000000003,7.00000000000003,1,2,66,0.5
604,4322.211512,4321.460179,4321.772179,4322.158178,4324.320843,1,1.99999999999996,0.0200000000000003,7.00000000000003,1,2,66,0.5
605,4325.467509,4324.681509,4324.992176,4325.414175,4326.726841,1,1.99999999999996,0.0200000000000003,7.00000000000003,1,2,66,0.5
606,4327.78484,4327.100174,4327.38084,4327.731506,4329.158838,1,1.99999999999996,0.0200000000000003,7.00000000000003,1,2,66,0.5
607,4330.26417,4329.484838,4329.798837,4330.210837,4332.123502,0,1.99999999999996,0.0200000000000003,5.99999999999996,2,1,65,0.5
608,4333.275501,4332.482168,4332.884834,4333.222167,4335.109499,1,1.99999999999996,0.0200000000000003,7.00000000000003,1,2,66,0.5
609,4336.324164,4335.636165,4335.876831,4336.270831,4337.576163,1,1.99999999999996,0.0200000000000003,7.00000000000003,1,2,66,0.5
610,4338.680829,4337.942163,4338.227496,4338.680829,4344.565489,1,NaN,0,5.99999999999996,2,1,65,0.5
611,4345.686155,4344.920823,4345.261489,4345.632822,4346.887487,1,1.99999999999996,0.0200000000000003,7.00000000000003,1,2,66,0.5
612,4348.015486,4347.169487,4347.572153,4347.962153,4349.554151,1,1.99999999999996,0.0200000000000003,7.00000000000003,1,2,66,0.5
613,4350.599483,4349.852817,4350.174817,4350.54615,4352.146148,1,1.99999999999996,0.0200000000000003,7.00000000000003,1,2,66,0.5
614,4353.162147,4352.474815,4352.745481,4353.108814,4354.735479,0,1.99999999999996,0.0200000000000003,5.99999999999996,2,1,65,0.5
615,4355.746812,4355.122145,4355.397479,4355.726812,4357.259477,0,1.99999999999996,0.0200000000000003,5.99999999999996,2,1,65,0.5
616,4358.703475,4358.044809,4358.268142,4358.650142,4360.445474,1,1.99999999999996,0.0200000000000003,7.00000000000003,1,2,66,0.5
617,4361.464806,4360.84014,4361.11414,4361.416806,4362.990804,1,1.99999999999996,0.0200000000000003,7.00000000000003,1,2,66,0.5
618,4364.002803,4363.307471,4363.570804,4363.94947,4365.363469,0,1.99999999999996,0.0200000000000003,5.99999999999996,2,1,65,0.5
619,4366.704134,4366.056135,4366.212134,4366.650801,4368.148799,1,1.99999999999996,0.0200000000000003,7.00000000000003,1,2,66,0.5
620,4369.114798,4368.464799,4368.755465,4369.114798,4374.501459,0,NaN,0,7.00000000000003,1,2,66,0.5
621,4382.682118,4381.888785,4382.172785,4382.628785,4383.976783,1,1.99999999999996,0.0200000000000003,7.00000000000003,1,2,66,0.5
622,4385.058116,4384.270783,4384.582783,4385.004782,4386.336114,0,1.99999999999996,0.0200000000000003,5.99999999999996,2,1,65,0.5
623,4387.27678,4386.742781,4386.92278,4387.223447,4389.006778,0,1.99999999999996,0.0200000000000003,5.99999999999996,2,1,65,0.5
624,4389.950111,4389.389445,4389.664778,4389.950111,4393.622774,0,NaN,0,7.00000000000003,1,2,66,0.5
625,4396.519437,4395.801438,4396.141438,4396.466104,4397.535436,1,1.99999999999996,0.0200000000000003,7.00000000000003,1,2,66,0.5
626,4398.893435,4398.139436,4398.456102,4398.840102,4399.978767,1,1.99999999999996,0.0200000000000003,7.00000000000003,1,2,66,0.5
627,4401.626099,4400.9641,4401.163433,4401.572766,4402.876764,0,1.99999999999996,0.0200000000000003,5.99999999999996,2,1,65,0.5
628,4403.936763,4403.250764,4403.51743,4403.88343,4405.160095,0,1.99999999999996,0.0200000000000003,5.99999999999996,2,1,65,0.5
629,4406.181428,4405.482762,4405.800761,4406.128094,4407.700093,1,1.99999999999996,0.0200000000000003,7.00000000000003,1,2,66,0.5
630,4408.722759,4408.012093,4408.272759,4408.669425,4410.041424,1,1.99999999999996,0.0200000000000003,7.00000000000003,1,2,66,0.5
631,4411.449423,4410.82409,4411.006756,4411.396089,4412.292088,1,1.99999999999996,0.0200000000000003,7.00000000000003,1,2,66,0.5
632,4413.337421,4412.644088,4412.900754,4413.284087,4414.100087,0,1.99999999999996,0.0200000000000003,5.99999999999996,2,1,65,0.5
633,4415.118752,4414.494086,4414.788753,4415.098086,4416.507417,0,1.99999999999996,0.0200000000000003,5.99999999999996,2,1,65,0.5
634,4417.609416,4417.114083,4417.30275,4417.556083,4418.948748,0,1.99999999999996,0.0200000000000003,5.99999999999996,2,1,65,0.5
635,4419.884081,4419.376081,4419.569414,4419.884081,4424.262076,0,NaN,0,7.00000000000003,1,2,66,0.5
636,4427.113407,4426.637407,4426.78874,4427.113407,4432.373402,1,NaN,0,5.99999999999996,2,1,65,0.5
637,4434.2094,4433.584734,4433.806067,4434.196733,4435.847398,0,1.99999999999996,0.0200000000000003,5.99999999999996,2,1,65,0.5
638,4437.27473,4436.767397,4436.92873,4437.221397,4438.397396,0,1.99999999999996,0.0200000000000003,5.99999999999996,2,1,65,0.5
639,4439.655394,4438.952728,4439.242061,4439.602061,4440.60806,1,1.99999999999996,0.0200000000000003,7.00000000000003,1,2,66,0.5
640,4441.678059,4440.895393,4441.205393,4441.624726,4442.860058,1,1.99999999999996,0.0200000000000003,7.00000000000003,1,2,66,0.5
641,4443.894057,4443.187391,4443.466057,4443.840723,4445.028722,1,1.99999999999996,0.0200000000000003,7.00000000000003,1,2,66,0.5
642,4446.083388,4445.612722,4445.636055,4446.030055,4447.944719,0,1.99999999999996,0.0200000000000003,5.99999999999996,2,1,65,0.5
643,4448.864718,4448.329386,4448.490052,4448.864718,4451.522049,0,NaN,0,7.00000000000003,1,2,66,0.5
644,4455.890045,4455.158718,4455.490712,4455.836711,4457.08871,1,1.99999999999996,0.0200000000000003,7.00000000000003,1,2,66,0.5
645,4458.755375,4458.027376,4458.296042,4458.702042,4460.24604,0,1.99999999999996,0.0200000000000003,5.99999999999996,2,1,65,0.5
646,4461.456706,4460.686707,4461.00804,4461.403373,4462.666705,1,1.99999999999996,0.0200000000000003,7.00000000000003,1,2,66,0.5
647,4463.648037,4462.958704,4463.275371,4463.648037,4465.300702,1,NaN,0,5.99999999999996,2,1,65,0.5
648,4472.381362,4471.649362,4471.965362,4472.328028,4475.501359,0,1.99999999999996,0.0200000000000003,5.99999999999996,2,1,65,0.5
649,4476.651357,4475.912691,4476.228024,4476.598024,4478.252689,1,1.99999999999996,0.0200000000000003,7.00000000000003,1,2,66,0.5
650,4479.212021,4478.534022,4478.843355,4479.158689,4480.776687,1,1.99999999999996,0.0200000000000003,7.00000000000003,1,2,66,0.5
651,4481.763352,4481.12202,4481.379353,4481.763352,4485.954015,1,NaN,0,5.99999999999996,2,1,65,0.5
652,4490.015344,4489.390678,4489.652678,4489.982011,4491.208676,1,1.99999999999996,0.0200000000000003,7.00000000000003,1,2,66,0.5
653,4492.762675,4492.138008,4492.382675,4492.716008,4494.496006,0,1.99999999999996,0.0200000000000003,5.99999999999996,2,1,65,0.5
654,4495.788672,4495.225339,4495.398672,4495.735338,4497.202003,1,1.99999999999996,0.0200000000000003,7.00000000000003,1,2,66,0.5
655,4498.229336,4497.50667,4497.805336,4498.229336,4503.81733,1,NaN,0,5.99999999999996,2,1,65,0.5
656,4507.61666,4506.775994,4507.007994,4507.613993,4508.864658,0,1.99999999999996,0.0200000000000003,5.99999999999996,2,1,65,0.5
657,4511.777322,4511.206656,4511.413989,4511.723989,4513.204654,0,1.99999999999996,0.0200000000000003,5.99999999999996,2,1,65,0.5
658,4514.391986,4513.64732,4513.961987,4514.338653,4515.649318,1,1.99999999999996,0.0200000000000003,7.00000000000003,1,2,66,0.5
659,4516.825317,4516.033985,4516.428651,4516.771984,4518.324649,1,1.99999999999996,0.0200000000000003,7.00000000000003,1,2,66,0.5
660,4519.251315,4518.662649,4518.859315,4519.197981,4520.786647,0,1.99999999999996,0.0200000000000003,5.99999999999996,2,1,65,0.5
661,4521.671312,4521.198646,4521.364646,4521.617979,4522.777978,0,1.99999999999996,0.0200000000000003,5.99999999999996,2,1,65,0.5
662,4523.94731,4523.507977,4523.67731,4523.94731,4531.649969,0,NaN,0,7.00000000000003,1,2,66,0.5
663,4533.812634,4532.945968,4533.289301,4533.7593,4535.049301,1,1.99999999999996,0.0200000000000003,7.00000000000003,1,2,66,0.5
664,4536.026631,4535.388632,4535.598632,4536.026631,4542.463958,0,NaN,0,7.00000000000003,1,2,66,0.5
665,4543.443291,4542.818624,4543.134624,4543.429291,4545.483955,0,1.99999999999996,0.0200000000000003,5.99999999999996,2,1,65,0.5
666,4546.537954,4545.953955,4546.179954,4546.484621,4547.647953,0,1.99999999999996,0.0200000000000003,5.99999999999996,2,1,65,0.5
667,4548.659952,4548.035286,4548.321952,4548.653952,4550.270617,1,1.99999999999996,0.0200000000000003,7.00000000000003,1,2,66,0.5
668,4551.217283,4550.59795,4550.818616,4551.163949,4552.356615,1,1.99999999999996,0.0200000000000003,7.00000000000003,1,2,66,0.5
669,4553.407947,4552.711281,4552.981948,4553.354614,4554.488613,0,1.99999999999996,0.0200000000000003,5.99999999999996,2,1,65,0.5
670,4555.397279,4554.88328,4555.082612,4555.397279,4557.671276,0,NaN,0,7.00000000000003,1,2,66,0.5
671,4599.149235,4598.228569,4598.497235,4599.133235,4600.366567,0,1.99999999999996,0.0200000000000003,5.99999999999996,2,1,65,0.5
672,4602.123899,4601.476566,4601.709899,4602.070565,4603.375897,1,1.99999999999996,0.0200000000000003,7.00000000000003,1,2,66,0.5
673,4605.363229,4604.738563,4604.929229,4605.333229,4606.713894,0,1.99999999999996,0.0200000000000003,5.99999999999996,2,1,65,0.5
674,4614.958552,4614.496553,4614.644553,4614.958552,4622.403212,0,NaN,0,7.00000000000003,1,2,66,0.5
675,4623.47121,4622.855878,4623.089211,4623.417877,4624.452543,0,1.99999999999996,0.0200000000000003,5.99999999999996,2,1,65,0.5
676,4625.547208,4624.946542,4625.145209,4625.493875,4626.299208,0,1.99999999999996,0.0200000000000003,5.99999999999996,2,1,65,0.5
677,4627.259873,4626.703207,4626.913874,4627.20654,4628.431872,0,1.99999999999996,0.0200000000000003,5.99999999999996,2,1,65,0.5
678,4629.573204,4628.866538,4629.147205,4629.519871,4630.81787,1,1.99999999999996,0.0200000000000003,7.00000000000003,1,2,66,0.5
679,4631.919869,4631.238536,4631.510536,4631.866535,4633.373201,0,1.99999999999996,0.0200000000000003,5.99999999999996,2,1,65,0.5
680,4634.847866,4634.2352,4634.453866,4634.794532,4636.092531,1,1.99999999999996,0.0200000000000003,7.00000000000003,1,2,66,0.5
681,4637.079864,4636.455198,4636.708531,4637.067197,4638.349862,0,1.99999999999996,0.0200000000000003,5.99999999999996,2,1,65,0.5
682,4639.697194,4638.881195,4639.286528,4639.643861,4641.067193,1,1.99999999999996,0.0200000000000003,7.00000000000003,1,2,66,0.5
683,4642.152525,4641.467192,4641.763192,4642.099192,4643.641857,0,1.99999999999996,0.0200000000000003,5.99999999999996,2,1,65,0.5
684,4644.766523,4644.178523,4644.386523,4644.713189,4645.929188,0,1.99999999999996,0.0200000000000003,5.99999999999996,2,1,65,0.5
685,4646.97252,4646.399854,4646.604521,4646.919187,4648.347186,0,1.99999999999996,0.0200000000000003,5.99999999999996,2,1,65,0.5
686,4649.595851,4649.100518,4649.193851,4649.542518,4650.735183,1,1.99999999999996,0.0200000000000003,7.00000000000003,1,2,66,0.5
687,4651.825182,4651.08585,4651.441849,4651.771849,4653.237847,0,1.99999999999996,0.0200000000000003,5.99999999999996,2,1,65,0.5
688,4654.103847,4653.648514,4653.787847,4654.050513,4655.369179,0,1.99999999999996,0.0200000000000003,5.99999999999996,2,1,65,0.5
689,4656.333844,4655.765845,4655.947178,4656.280511,4657.731176,0,1.99999999999996,0.0200000000000003,5.99999999999996,2,1,65,0.5
690,4658.943842,4658.345176,4658.535842,4658.890508,4660.13784,1,1.99999999999996,0.0200000000000003,7.00000000000003,1,2,66,0.5
691,4661.03184,4660.411174,4660.60984,4660.978506,4662.349838,0,1.99999999999996,0.0200000000000003,5.99999999999996,2,1,65,0.5
692,4663.185171,4662.731838,4662.862504,4663.185171,4667.347833,0,NaN,0,7.00000000000003,1,2,66,0.5
693,4674.31316,4673.605827,4673.886493,4674.259826,4675.332492,1,1.99999999999996,0.0200000000000003,7.00000000000003,1,2,66,0.5
694,4676.288491,4675.593825,4675.867825,4676.235158,4677.419157,1,1.99999999999996,0.0200000000000003,7.00000000000003,1,2,66,0.5
695,4678.519822,4677.69849,4678.043823,4678.466489,4679.708488,0,1.99999999999996,0.0200000000000003,5.99999999999996,2,1,65,0.5
696,4680.772487,4680.155154,4680.407154,4680.719153,4681.711152,0,1.99999999999996,0.0200000000000003,5.99999999999996,2,1,65,0.5
697,4682.677818,4682.096485,4682.298485,4682.677818,4685.114482,0,NaN,0,7.00000000000003,1,2,66,0.5
698,4691.393143,4690.779146,4691.024476,4691.339809,4692.595808,1,1.99999999999996,0.0200000000000003,7.00000000000003,1,2,66,0.5
699,4693.607807,4692.917808,4693.225141,4693.554474,4694.697806,1,1.99999999999996,0.0200000000000003,7.00000000000003,1,2,66,0.5
700,4695.735138,4694.973139,4695.290472,4695.681805,4696.867137,0,1.99999999999996,0.0200000000000003,5.99999999999996,2,1,65,0.5
701,4697.841803,4697.267803,4697.50047,4697.788469,4699.366468,0,1.99999999999996,0.0200000000000003,5.99999999999996,2,1,65,0.5
702,4700.5978,4700.126467,4700.218467,4700.544467,4701.774466,1,1.99999999999996,0.0200000000000003,7.00000000000003,1,2,66,0.5
703,4702.841131,4702.117132,4702.411132,4702.788465,4704.354463,0,1.99999999999996,0.0200000000000003,5.99999999999996,2,1,65,0.5
704,4705.521795,4704.911129,4705.116462,4705.468462,4706.809127,0,1.99999999999996,0.0200000000000003,5.99999999999996,2,1,65,0.5
705,4707.928459,4707.20646,4707.533126,4707.875126,4709.403791,1,1.99999999999996,0.0200000000000003,7.00000000000003,1,2,66,0.5
706,4710.49179,4709.769124,4710.076457,4710.438457,4711.581122,1,1.99999999999996,0.0200000000000003,7.00000000000003,1,2,66,0.5
707,4712.624455,4711.945122,4712.245788,4712.571121,4713.970453,1,1.99999999999996,0.0200000000000003,7.00000000000003,1,2,66,0.5
708,4715.089119,4714.312453,4714.635119,4715.035786,4716.532451,0,1.99999999999996,0.0200000000000003,5.99999999999996,2,1,65,0.5
709,4717.819116,4717.19445,4717.40245,4717.813783,4718.835115,0,1.99999999999996,0.0200000000000003,5.99999999999996,2,1,65,0.5
710,4720.118447,4719.593114,4719.706448,4720.065114,4721.497779,1,1.99999999999996,0.0200000000000003,7.00000000000003,1,2,66,0.5
711,4722.547111,4721.911112,4722.110445,4722.547111,4723.93711,1,NaN,0,5.99999999999996,2,1,65,0.5
712,4731.877102,4731.111103,4731.423103,4731.874435,4738.430429,0,1.99999999999996,0.0200000000000003,5.99999999999996,2,1,65,0.5
713,4740.023761,4739.189761,4739.589761,4740.021094,4741.355759,0,1.99999999999996,0.0200000000000003,5.99999999999996,2,1,65,0.5
714,4742.613091,4741.743092,4741.957092,4742.559758,4743.80709,1,1.99999999999996,0.0200000000000003,7.00000000000003,1,2,66,0.5
715,4744.851756,4744.227756,4744.487756,4744.851756,4785.347049,1,NaN,0,5.99999999999996,2,1,65,0.5
716,4786.593714,4785.764382,4786.083048,4786.540381,4787.641046,1,1.99999999999996,0.0200000000000003,7.00000000000003,1,2,66,0.5
717,4788.813712,4788.038379,4788.341046,4788.760379,4791.314376,0,1.99999999999996,0.0200000000000003,5.99999999999996,2,1,65,0.5
718,4792.373042,4791.750376,4791.967709,4792.319708,4793.571707,0,1.99999999999996,0.0200000000000003,5.99999999999996,2,1,65,0.5
719,4794.738373,4793.996373,4794.26304,4794.68504,4796.379038,1,1.99999999999996,0.0200000000000003,7.00000000000003,1,2,66,0.5
720,4797.351703,4796.727037,4796.943037,4797.347703,4797.839036,0,1.99999999999996,0.0200000000000003,5.99999999999996,2,1,65,0.5
721,4798.942368,4798.376369,4798.588369,4798.889035,4800.439034,0,1.99999999999996,0.0200000000000003,5.99999999999996,2,1,65,0.5
722,4801.325699,4800.8997,4801.0197,4801.325699,4801.658366,0,NaN,0,7.00000000000003,1,2,66,0.5
723,4815.924351,4815.112352,4815.381685,4815.921685,4817.56635,0,1.99999999999996,0.0200000000000003,5.99999999999996,2,1,65,0.5
724,4818.668349,4817.998349,4818.211682,4818.668349,4821.397679,0,NaN,0,7.00000000000003,1,2,66,0.5
725,4828.323672,4827.699006,4827.937006,4828.288339,4830.278337,0,1.99999999999996,0.0200000000000003,5.99999999999996,2,1,65,0.5
726,4831.242336,4830.664337,4830.86767,4831.189003,4832.387668,0,1.99999999999996,0.0200000000000003,5.99999999999996,2,1,65,0.5
727,4833.425001,4832.733001,4833.034334,4833.371667,4834.616999,1,1.99999999999996,0.0200000000000003,7.00000000000003,1,2,66,0.5
728,4835.733665,4835.228999,4835.320999,4835.680332,4837.280997,1,1.99999999999996,0.0200000000000003,7.00000000000003,1,2,66,0.5
729,4838.684995,4838.028329,4838.247662,4838.631662,4839.789661,1,1.99999999999996,0.0200000000000003,7.00000000000003,1,2,66,0.5
730,4840.79766,4840.113661,4840.33366,4840.744327,4842.104992,0,1.99999999999996,0.0200000000000003,5.99999999999996,2,1,65,0.5
731,4843.236324,4842.529658,4842.812991,4843.182991,4844.477656,1,1.99999999999996,0.0200000000000003,7.00000000000003,1,2,66,0.5
732,4845.458322,4844.740323,4844.999656,4845.404989,4846.87632,0,1.99999999999996,0.0200000000000003,5.99999999999996,2,1,65,0.5
733,4847.861653,4847.305653,4847.43632,4847.861653,4848.248986,0,NaN,0,7.00000000000003,1,2,66,0.5
734,4855.476312,4854.791646,4855.001646,4855.456978,4856.97031,0,1.99999999999996,0.0200000000000003,5.99999999999996,2,1,65,0.5
735,4858.024976,4857.317643,4857.633643,4857.971643,4859.002975,1,1.99999999999996,0.0200000000000003,7.00000000000003,1,2,66,0.5
736,4859.890974,4859.288308,4859.495641,4859.837641,4861.078306,0,1.99999999999996,0.0200000000000003,5.99999999999996,2,1,65,0.5
737,4861.945639,4861.442306,4861.602972,4861.892305,4863.303637,0,1.99999999999996,0.0200000000000003,5.99999999999996,2,1,65,0.5
738,4864.43697,4863.687637,4864.03497,4864.383636,4865.768969,1,1.99999999999996,0.0200000000000003,7.00000000000003,1,2,66,0.5
739,4866.658301,4866.052968,4866.263634,4866.658301,4866.8623,0,NaN,0,7.00000000000003,1,2,66,0.5
740,4880.118287,4879.268955,4879.559621,4880.064954,4881.142953,1,1.99999999999996,0.0200000000000003,7.00000000000003,1,2,66,0.5
741,4881.986285,4881.402953,4881.598952,4881.986285,4887.75028,0,NaN,0,7.00000000000003,1,2,66,0.5
742,4889.882277,4889.145611,4889.407611,4889.828944,4890.770943,1,1.99999999999996,0.0200000000000003,7.00000000000003,1,2,66,0.5
743,4892.992941,4892.392942,4892.574941,4892.988274,4894.08694,0,1.99999999999996,0.0200000000000003,5.99999999999996,2,1,65,0.5
744,4895.622938,4895.050939,4895.221605,4895.569605,4896.827604,1,1.99999999999996,0.0200000000000003,7.00000000000003,1,2,66,0.5
745,4898.357603,4897.816269,4897.954269,4898.304269,4899.568268,0,1.99999999999996,0.0200000000000003,5.99999999999996,2,1,65,0.5
746,4902.841598,4902.264265,4902.467598,4902.788264,4904.549597,0,1.99999999999996,0.0200000000000003,5.99999999999996,2,1,65,0.5
747,4905.638262,4905.013596,4905.295595,4905.619595,4906.752261,1,1.99999999999996,0.0200000000000003,7.00000000000003,1,2,66,0.5
748,4907.826926,4907.075594,4907.412927,4907.826926,4910.78159,1,NaN,0,5.99999999999996,2,1,65,0.5
749,4914.28692,4913.607587,4913.926253,4914.233586,4915.343585,1,1.99999999999996,0.0200000000000003,7.00000000000003,1,2,66,0.5
750,4917.523583,4916.770917,4917.080917,4917.523583,4923.978243,1,NaN,0,5.99999999999996,2,1,65,0.5
751,4926.296908,4925.672242,4925.918908,4926.256241,4928.034239,0,1.99999999999996,0.0200000000000003,5.99999999999996,2,1,65,0.5
752,4929.109572,4928.484905,4928.672239,4929.062238,4930.83357,0,1.99999999999996,0.0200000000000003,5.99999999999996,2,1,65,0.5
753,4931.790235,4931.192903,4931.391569,4931.736902,4933.125567,0,1.99999999999996,0.0200000000000003,5.99999999999996,2,1,65,0.5
754,4934.271566,4933.506234,4933.8569,4934.218233,4935.873565,1,1.99999999999996,0.0200000000000003,7.00000000000003,1,2,66,0.5
755,4937.010897,4936.229564,4936.600897,4937.010897,4942.547558,1,NaN,0,5.99999999999996,2,1,65,0.5
756,4946.562221,4945.785555,4946.166888,4946.508887,4947.535553,1,1.99999999999996,0.0200000000000003,7.00000000000003,1,2,66,0.5
757,4948.507552,4947.805553,4948.086886,4948.454219,4949.756884,0,1.99999999999996,0.0200000000000003,5.99999999999996,2,1,65,0.5
758,4950.66955,4950.11555,4950.33555,4950.616217,4952.454881,0,1.99999999999996,0.0200000000000003,5.99999999999996,2,1,65,0.5
759,4953.436214,4952.910214,4953.101548,4953.382881,4955.407545,0,1.99999999999996,0.0200000000000003,5.99999999999996,2,1,65,0.5
760,4956.403544,4955.896878,4956.066211,4956.350211,4956.89021,0,1.99999999999996,0.0200000000000003,5.99999999999996,2,1,65,0.5
761,4958.588875,4957.897543,4958.186876,4958.535542,4960.256207,1,1.99999999999996,0.0200000000000003,7.00000000000003,1,2,66,0.5
762,4961.324206,4960.63154,4960.920873,4961.270873,4963.063538,1,1.99999999999996,0.0200000000000003,7.00000000000003,1,2,66,0.5
763,4964.03487,4963.410204,4963.63087,4963.990203,4965.196202,1,1.99999999999996,0.0200000000000003,7.00000000000003,1,2,66,0.5
764,4966.273534,4965.573535,4965.816201,4966.220201,4967.862199,0,1.99999999999996,0.0200000000000003,5.99999999999996,2,1,65,0.5
765,4968.781532,4968.212866,4968.353532,4968.728199,4970.728863,0,1.99999999999996,0.0200000000000003,5.99999999999996,2,1,65,0.5
766,4971.652196,4971.120196,4971.338196,4971.598862,4973.420194,0,1.99999999999996,0.0200000000000003,5.99999999999996,2,1,65,0.5
767,4974.519526,4973.805527,4974.064193,4974.466193,4976.020858,1,1.99999999999996,0.0200000000000003,7.00000000000003,1,2,66,0.5
768,4977.19419,4976.388858,4976.596857,4977.140857,4978.546855,1,1.99999999999996,0.0200000000000003,7.00000000000003,1,2,66,0.5
769,4979.772188,4978.896188,4979.258188,4979.718854,4981.042853,1,1.99999999999996,0.0200000000000003,7.00000000000003,1,2,66,0.5
770,4982.142852,4981.392186,4981.692852,4982.089519,4983.973517,0,1.99999999999996,0.0200000000000003,5.99999999999996,2,1,65,0.5
771,4984.942849,4984.425516,4984.622849,4984.889516,4987.320847,0,1.99999999999996,0.0200000000000003,5.99999999999996,2,1,65,0.5
772,4988.383512,4987.687513,4987.968179,4988.330179,4989.814177,1,1.99999999999996,0.0200000000000003,7.00000000000003,1,2,66,0.5
773,4990.85351,4990.14751,4990.428177,4990.800177,4992.224175,0,1.99999999999996,0.0200000000000003,5.99999999999996,2,1,65,0.5
774,4993.128174,4992.654175,4992.856174,4993.128174,4995.532172,0,NaN,0,7.00000000000003,1,2,66,0.5
775,5001.581499,5000.872833,5001.184833,5001.528166,5002.955498,1,1.99999999999996,0.0200000000000003,7.00000000000003,1,2,66,0.5
776,5004.328163,5003.193497,5003.487497,5004.27483,5005.762162,0,1.99999999999996,0.0200000000000003,5.99999999999996,2,1,65,0.5
777,5006.667494,5006.123494,5006.340828,5006.614827,5007.797493,0,1.99999999999996,0.0200000000000003,5.99999999999996,2,1,65,0.5
778,5008.852825,5008.208159,5008.395492,5008.852825,5009.146825,0,NaN,0,7.00000000000003,1,2,66,0.5
779,5125.130709,5124.368043,5124.658043,5125.07738,5130.506037,1,1.99999999999996,0.0200000000000003,7.00000000000003,1,2,66,0.5
780,5132.260702,5131.434036,5131.673369,5132.207368,5136.862697,0,1.99999999999996,0.0200000000000003,5.99999999999996,2,1,65,0.5
781,5140.516693,5139.738028,5140.098027,5140.46336,5142.290025,1,1.99999999999996,0.0200000000000003,7.00000000000003,1,2,66,0.5
782,5143.72869,5143.012691,5143.245357,5143.675357,5145.150689,0,1.99999999999996,0.0200000000000003,5.99999999999996,2,1,65,0.5
783,5146.182688,5145.663355,5145.822022,5146.182688,5146.522021,0,NaN,0,7.00000000000003,1,2,66,0.5
784,5157.63801,5156.938677,5157.23001,5157.584676,5159.080008,0,1.99999999999996,0.0200000000000003,5.99999999999996,2,1,65,0.5
785,5160.032007,5159.486008,5159.676008,5159.978674,5161.748672,0,1.99999999999996,0.0200000000000003,5.99999999999996,2,1,65,0.5
786,5163.000004,5162.563338,5162.574005,5162.946671,5164.691336,1,1.99999999999996,0.0200000000000003,7.00000000000003,1,2,66,0.5
787,5166.029335,5165.024002,5165.346002,5165.976001,5167.364667,0,1.99999999999996,0.0200000000000003,5.99999999999996,2,1,65,0.5
788,5168.547332,5167.796666,5168.132666,5168.493999,5169.704664,1,1.99999999999996,0.0200000000000003,7.00000000000003,1,2,66,0.5
789,5170.642664,5170.003997,5170.210664,5170.642664,5176.866657,0,NaN,0,7.00000000000003,1,2,66,0.5
790,5179.741988,5178.951322,5179.177321,5179.688654,5181.368653,1,1.99999999999996,0.0200000000000003,7.00000000000003,1,2,66,0.5
791,5183.439317,5182.875318,5183.072651,5183.385984,5184.417316,1,1.99999999999996,0.0200000000000003,7.00000000000003,1,2,66,0.5
792,5185.407315,5184.731316,5185.033316,5185.407315,5204.289963,1,NaN,0,5.99999999999996,2,1,65,0.5
793,5211.824622,5211.141289,5211.365956,5211.771289,5213.643287,0,1.99999999999996,0.0200000000000003,5.99999999999996,2,1,65,0.5
794,5220.057281,5219.427281,5219.647948,5220.003947,5221.752612,1,1.99999999999996,0.0200000000000003,7.00000000000003,1,2,66,0.5
795,5223.293944,5222.651278,5222.918611,5223.293944,5225.572608,1,NaN,0,5.99999999999996,2,1,65,0.5
796,5229.671271,5229.048605,5229.274605,5229.617938,5231.585269,0,1.99999999999996,0.0200000000000003,5.99999999999996,2,1,65,0.5
797,5232.545935,5231.982602,5232.208602,5232.545935,5238.515929,0,NaN,0,7.00000000000003,1,2,66,0.5
798,5240.842593,5240.347927,5240.522593,5240.842593,5241.065926,1,NaN,0,5.99999999999996,2,1,65,0.5
799,5248.606585,5247.875253,5248.149919,5248.553252,5249.778584,0,1.99999999999996,0.0200000000000003,5.99999999999996,2,1,65,0.5
800,5250.821916,5250.205917,5250.40725,5250.768583,5251.756582,0,1.99999999999996,0.0200000000000003,5.99999999999996,2,1,65,0.5
801,5252.767915,5252.143248,5252.397915,5252.757915,5253.442581,0,1.99999999999996,0.0200000000000003,5.99999999999996,2,1,65,0.5
802,5254.731246,5254.145246,5254.345913,5254.677913,5256.342578,1,1.99999999999996,0.0200000000000003,7.00000000000003,1,2,66,0.5
803,5258.018576,5257.420577,5257.617243,5257.965243,5260.003241,0,1.99999999999996,0.0200000000000003,5.99999999999996,2,1,65,0.5
804,5262.621905,5261.128573,5262.127239,5262.568571,5263.805237,1,1.99999999999996,0.0200000000000003,7.00000000000003,1,2,66,0.5
805,5264.852569,5264.147903,5264.463903,5264.799236,5266.027901,1,1.99999999999996,0.0200000000000003,7.00000000000003,1,2,66,0.5
806,5267.054567,5266.367901,5266.665901,5267.001234,5268.251232,1,1.99999999999996,0.0200000000000003,7.00000000000003,1,2,66,0.5
807,5269.997897,5269.345898,5269.565898,5269.944564,5271.461896,0,1.99999999999996,0.0200000000000003,5.99999999999996,2,1,65,0.5
808,5272.698561,5271.919229,5272.253228,5272.645228,5274.267226,1,1.99999999999996,0.0200000000000003,7.00000000000003,1,2,66,0.5
809,5275.266559,5274.641893,5274.915892,5275.255225,5276.489891,1,1.99999999999996,0.0200000000000003,7.00000000000003,1,2,66,0.5
810,5277.532556,5276.821224,5277.164557,5277.479223,5280.245887,1,1.99999999999996,0.0200000000000003,7.00000000000003,1,2,66,0.5
811,5282.311218,5281.577886,5281.765219,5282.257885,5283.563217,0,1.99999999999996,0.0200000000000003,5.99999999999996,2,1,65,0.5
812,5284.649216,5284.041883,5284.27055,5284.595883,5285.683882,0,1.99999999999996,0.0200000000000003,5.99999999999996,2,1,65,0.5
813,5287.983213,5286.655881,5287.510546,5287.929879,5289.656544,1,1.99999999999996,0.0200000000000003,7.00000000000003,1,2,66,0.5
814,5291.341209,5290.744543,5290.95121,5291.287876,5292.996541,0,1.99999999999996,0.0200000000000003,5.99999999999996,2,1,65,0.5
815,5294.113873,5293.427207,5293.701874,5294.06054,5295.247205,1,1.99999999999996,0.0200000000000003,7.00000000000003,1,2,66,0.5
816,5296.231204,5295.533872,5295.817871,5296.177871,5297.350537,1,1.99999999999996,0.0200000000000003,7.00000000000003,1,2,66,0.5
817,5298.370536,5297.74587,5298.049869,5298.361202,5300.043867,1,1.99999999999996,0.0200000000000003,7.00000000000003,1,2,66,0.5
818,5301.120533,5300.3932,5300.694533,5301.0672,5302.809198,0,1.99999999999996,0.0200000000000003,5.99999999999996,2,1,65,0.5
819,5303.839863,5303.263197,5303.460531,5303.78653,5305.367862,0,1.99999999999996,0.0200000000000003,5.99999999999996,2,1,65,0.5
820,5306.409861,5305.785195,5306.047195,5306.375194,5307.731193,0,1.99999999999996,0.0200000000000003,5.99999999999996,2,1,65,0.5
821,5308.833192,5308.317859,5308.412526,5308.779859,5310.212524,1,1.99999999999996,0.0200000000000003,7.00000000000003,1,2,66,0.5
822,5311.266523,5310.535857,5310.83919,5311.213189,5312.937854,0,1.99999999999996,0.0200000000000003,5.99999999999996,2,1,65,0.5
823,5313.93652,5313.349187,5313.59452,5313.883187,5315.204519,0,1.99999999999996,0.0200000000000003,5.99999999999996,2,1,65,0.5
824,5316.176518,5315.643852,5315.844518,5316.123185,5317.478516,0,1.99999999999996,0.0200000000000003,5.99999999999996,2,1,65,0.5
825,5318.556515,5317.86385,5318.136516,5318.503182,5319.629848,1,1.99999999999996,0.0200000000000003,7.00000000000003,1,2,66,0.5
826,5320.683847,5319.993847,5320.25118,5320.630513,5321.895179,0,1.99999999999996,0.0200000000000003,5.99999999999996,2,1,65,0.5
827,5322.866511,5322.343178,5322.573178,5322.813844,5324.415843,0,1.99999999999996,0.0200000000000003,5.99999999999996,2,1,65,0.5
828,5325.611175,5324.807842,5325.175842,5325.557842,5327.07384,1,1.99999999999996,0.0200000000000003,7.00000000000003,1,2,66,0.5
829,5328.103839,5327.351173,5327.70584,5328.050506,5329.343838,1,1.99999999999996,0.0200000000000003,7.00000000000003,1,2,66,0.5
830,5330.495837,5329.704504,5330.113837,5330.442504,5331.901835,1,1.99999999999996,0.0200000000000003,7.00000000000003,1,2,66,0.5
831,5333.040501,5332.238502,5332.573168,5332.987168,5334.2985,0,1.99999999999996,0.0200000000000003,5.99999999999996,2,1,65,0.5
832,5335.478498,5334.795833,5335.071166,5335.425165,5336.772497,0,1.99999999999996,0.0200000000000003,5.99999999999996,2,1,65,0.5
833,5337.690496,5337.17583,5337.34383,5337.637163,5338.921162,0,1.99999999999996,0.0200000000000003,5.99999999999996,2,1,65,0.5
834,5340.059827,5339.369161,5339.653828,5340.006494,5341.498492,1,1.99999999999996,0.0200000000000003,7.00000000000003,1,2,66,0.5
835,5342.541158,5341.813159,5342.051159,5342.487825,5343.62049,0,1.99999999999996,0.0200000000000003,5.99999999999996,2,1,65,0.5
836,5344.543156,5344.08649,5344.235156,5344.543156,5351.874482,0,NaN,0,7.00000000000003,1,2,66,0.5
837,5353.176481,5352.274482,5352.632481,5353.123148,5354.495813,1,1.99999999999996,0.0200000000000003,7.00000000000003,1,2,66,0.5
838,5355.693145,5354.786479,5355.130479,5355.693145,5355.903145,1,NaN,0,5.99999999999996,2,1,65,0.5
839,5431.106403,5430.380404,5430.66307,5431.103736,5432.753735,0,1.99999999999996,0.0200000000000003,5.99999999999996,2,1,65,0.5
840,5457.57571,5456.886377,5457.202377,5457.522376,5458.978375,1,1.99999999999996,0.0200000000000003,7.00000000000003,1,2,66,0.5
841,5463.247037,5462.683705,5462.811038,5463.193704,5464.787036,0,1.99999999999996,0.0200000000000003,5.99999999999996,2,1,65,0.5
842,5480.111687,5478.937688,5479.233021,NaN,5483.435017,NaN,NaN,0,7.00000000000003,1,2,66,0.5
843,5487.010347,5486.267014,5486.597681,5486.957014,5488.217012,1,1.99999999999996,0.0200000000000003,7.00000000000003,1,2,66,0.5
844,5489.243678,5488.517679,5488.787012,5489.191011,5490.033677,0,1.99999999999996,0.0200000000000003,5.99999999999996,2,1,65,0.5
845,5494.702339,5494.115673,5494.335673,5494.702339,5494.903672,1,NaN,0,5.99999999999996,2,1,65,0.5
846,5502.158998,5501.468999,5501.755666,5502.105665,5503.861663,1,1.99999999999996,0.0200000000000003,7.00000000000003,1,2,66,0.5
847,5504.978996,5504.25233,5504.530996,5504.925662,5506.208328,0,1.99999999999996,0.0200000000000003,5.99999999999996,2,1,65,0.5
848,5507.248327,5506.623661,5506.894994,5507.22966,5508.606992,1,1.99999999999996,0.0200000000000003,7.00000000000003,1,2,66,0.5
849,5509.686991,5508.969658,5509.228325,5509.633658,5510.943656,0,1.99999999999996,0.0200000000000003,5.99999999999996,2,1,65,0.5
850,5511.932322,5511.354989,5511.543656,5511.878989,5513.366987,0,1.99999999999996,0.0200000000000003,5.99999999999996,2,1,65,0.5
851,5514.323653,5513.736987,5513.960987,5514.27032,5515.411652,0,1.99999999999996,0.0200000000000003,5.99999999999996,2,1,65,0.5
852,5516.686984,5515.844318,5516.080985,5516.668317,5517.664983,1,1.99999999999996,0.0200000000000003,7.00000000000003,1,2,66,0.5
853,5518.657649,5517.957649,5518.204982,5518.604315,5520.303647,1,1.99999999999996,0.0200000000000003,7.00000000000003,1,2,66,0.5
854,5521.364979,5520.643647,5520.928313,5521.311646,5522.568978,1,1.99999999999996,0.0200000000000003,7.00000000000003,1,2,66,0.5
855,5523.576977,5522.888978,5523.152311,5523.523644,5525.198975,0,1.99999999999996,0.0200000000000003,5.99999999999996,2,1,65,0.5
856,5526.471641,5525.846975,5526.086975,5526.418308,5527.596973,0,1.99999999999996,0.0200000000000003,5.99999999999996,2,1,65,0.5
857,5528.503639,5528.038306,5528.146972,5528.450306,5530.34297,0,1.99999999999996,0.0200000000000003,5.99999999999996,2,1,65,0.5
858,5531.566302,5530.833636,5531.148969,5531.512969,5534.289633,1,1.99999999999996,0.0200000000000003,7.00000000000003,1,2,66,0.5
859,5535.472965,5534.760299,5535.031632,5535.419632,5536.80963,1,1.99999999999996,0.0200000000000003,7.00000000000003,1,2,66,0.5
860,5537.880963,5537.162963,5537.446297,5537.827629,5539.330961,1,1.99999999999996,0.0200000000000003,7.00000000000003,1,2,66,0.5
861,5540.322294,5539.697628,5539.916294,5540.31496,5541.694959,0,1.99999999999996,0.0200000000000003,5.99999999999996,2,1,65,0.5
862,5542.663625,5542.103625,5542.310292,5542.610291,5543.97229,0,1.99999999999996,0.0200000000000003,5.99999999999996,2,1,65,0.5
863,5544.816289,5544.403623,5544.496289,5544.816289,5550.63695,0,NaN,0,7.00000000000003,1,2,66,0.5
864,5551.767616,5551.05095,5551.348949,5551.714282,5552.606281,1,1.99999999999996,0.0200000000000003,7.00000000000003,1,2,66,0.5
865,5554.170946,5553.514947,5553.718947,5554.117613,5557.474276,0,1.99999999999996,0.0200000000000003,5.99999999999996,2,1,65,0.5
866,5558.574942,5558.031609,5558.223609,5558.574942,5894.919272,0,NaN,0,7.00000000000003,1,2,66,0.5
867,5896.902604,5896.181938,5896.393938,5896.84927,5898.407936,1,1.99999999999996,0.0200000000000003,7.00000000000003,1,2,66,0.5
868,5901.971265,5901.273933,5901.529266,5901.917932,5904.31393,1,1.99999999999996,0.0200000000000003,7.00000000000003,1,2,66,0.5
869,5907.175927,5906.041928,5906.277261,5907.122594,5908.146592,0,1.99999999999996,0.0200000000000003,5.99999999999996,2,1,65,0.5
870,5909.363258,5908.631259,5908.873925,5909.309925,5911.03859,1,1.99999999999996,0.0200000000000003,7.00000000000003,1,2,66,0.5
871,5912.002589,5911.377923,5911.642589,5911.969922,5912.718588,1,1.99999999999996,0.0200000000000003,7.00000000000003,1,2,66,0.5
872,5913.71992,5913.043921,5913.325921,5913.666587,5915.564585,1,1.99999999999996,0.0200000000000003,7.00000000000003,1,2,66,0.5
873,5917.036584,5916.309918,5916.611917,5916.98325,5917.962583,0,1.99999999999996,0.0200000000000003,5.99999999999996,2,1,65,0.5
874,5918.963248,5918.338582,5918.602582,5918.955248,5919.811247,1,1.99999999999996,0.0200000000000003,7.00000000000003,1,2,66,0.5
875,5920.783913,5920.094581,5920.383247,5920.73058,5922.038579,0,1.99999999999996,0.0200000000000003,5.99999999999996,2,1,65,0.5
876,5923.029911,5922.476578,5922.683911,5922.976578,5923.453911,0,1.99999999999996,0.0200000000000003,5.99999999999996,2,1,65,0.5
877,5982.449185,5974.965192,5975.208525,5982.449185,5982.613851,1,NaN,0,5.99999999999996,2,1,65,0.5
878,5994.499839,5993.772507,5994.093173,5994.446506,5995.803171,1,1.99999999999996,0.0200000000000003,7.00000000000003,1,2,66,0.5
879,5996.895837,5996.171838,5996.389171,5996.842504,5998.354502,0,1.99999999999996,0.0200000000000003,5.99999999999996,2,1,65,0.5
880,5999.339168,5998.857168,5999.015835,5999.285835,5999.678501,0,1.99999999999996,0.0200000000000003,5.99999999999996,2,1,65,0.5
881,6003.237831,6002.613165,6002.821164,6003.196497,6003.805163,1,1.99999999999996,0.0200000000000003,7.00000000000003,1,2,66,0.5
882,6004.755163,6004.131163,6004.35583,6004.743163,6005.555828,0,1.99999999999996,0.0200000000000003,5.99999999999996,2,1,65,0.5
883,6006.615827,6005.991161,6006.224494,6006.582494,6008.669825,0,1.99999999999996,0.0200000000000003,5.99999999999996,2,1,65,0.5
884,6009.763158,6009.131825,6009.316491,6009.763158,6013.364487,0,NaN,0,7.00000000000003,1,2,66,0.5
885,6017.75915,6017.067817,6017.31715,6017.705816,6019.239815,1,1.99999999999996,0.0200000000000003,7.00000000000003,1,2,66,0.5
886,6020.197814,6019.573148,6019.837147,6020.181814,6021.707812,1,1.99999999999996,0.0200000000000003,7.00000000000003,1,2,66,0.5
887,6022.714478,6022.089812,6022.337812,6022.689145,6023.249811,1,1.99999999999996,0.0200000000000003,7.00000000000003,1,2,66,0.5
888,6024.193143,6023.569144,6023.851143,6024.17381,6029.385805,1,1.99999999999996,0.0200000000000003,7.00000000000003,1,2,66,0.5
889,6030.563137,6029.841804,6030.125137,6030.563137,6032.743135,1,NaN,0,5.99999999999996,2,1,65,0.5
890,6039.018462,6038.287796,6038.595795,6038.965128,6040.525793,1,1.99999999999996,0.0200000000000003,7.00000000000003,1,2,66,0.5
891,6041.623126,6040.85646,6041.158459,6041.569792,6045.141789,0,1.99999999999996,0.0200000000000003,5.99999999999996,2,1,65,0.5
892,6046.269788,6045.551122,6045.823788,6046.216454,6047.266453,1,1.99999999999996,0.0200000000000003,7.00000000000003,1,2,66,0.5
893,6048.256452,6047.55712,6047.801119,6048.203786,6049.329118,0,1.99999999999996,0.0200000000000003,5.99999999999996,2,1,65,0.5
894,6050.275784,6049.734451,6049.921117,6050.22245,6051.550449,0,1.99999999999996,0.0200000000000003,5.99999999999996,2,1,65,0.5
895,6052.468448,6051.930449,6052.119115,6052.415115,6053.017781,0,1.99999999999996,0.0200000000000003,5.99999999999996,2,1,65,0.5
896,6054.179113,6053.658447,6053.755114,6054.12578,6055.543778,1,1.99999999999996,0.0200000000000003,7.00000000000003,1,2,66,0.5
897,6056.457778,6055.873111,6056.109111,6056.404444,6057.037777,1,1.99999999999996,0.0200000000000003,7.00000000000003,1,2,66,0.5
898,6058.073109,6057.33911,6057.65111,6058.019776,6059.547774,0,1.99999999999996,0.0200000000000003,5.99999999999996,2,1,65,0.5
899,6060.443107,6059.957774,6060.121774,6060.389774,6061.653772,0,1.99999999999996,0.0200000000000003,5.99999999999996,2,1,65,0.5
900,6062.537771,6062.017772,6062.212438,6062.484438,6064.040437,0,1.99999999999996,0.0200000000000003,5.99999999999996,2,1,65,0.5
901,6065.090436,6064.417103,6064.642436,6065.090436,6065.377769,0,NaN,0,7.00000000000003,1,2,66,0.5
902,6078.227089,6077.498423,6077.74909,6078.173756,6080.106421,1,1.99999999999996,0.0200000000000003,7.00000000000003,1,2,66,0.5
903,6081.159753,6080.457087,6080.703753,6081.10642,6082.884418,0,1.99999999999996,0.0200000000000003,5.99999999999996,2,1,65,0.5
904,6084.536416,6083.774417,6084.09775,6084.483083,6085.932415,1,1.99999999999996,0.0200000000000003,7.00000000000003,1,2,66,0.5
905,6087.021747,6086.332414,6086.571747,6086.968414,6088.478412,1,1.99999999999996,0.0200000000000003,7.00000000000003,1,2,66,0.5
906,6089.552411,6088.857078,6089.141078,6089.499078,6090.92041,0,1.99999999999996,0.0200000000000003,5.99999999999996,2,1,65,0.5
907,6091.829075,6091.291076,6091.463076,6091.776409,6092.877075,0,1.99999999999996,0.0200000000000003,5.99999999999996,2,1,65,0.5
908,6094.515739,6093.99174,6094.22774,6094.515739,6095.035072,0,NaN,0,7.00000000000003,1,2,66,0.5
909,6108.796392,6108.089059,6108.267726,6108.796392,6108.959725,1,NaN,0,5.99999999999996,2,1,65,0.5
910,6132.659035,6131.804369,6132.253035,6132.605701,6133.971033,1,1.99999999999996,0.0200000000000003,7.00000000000003,1,2,66,0.5
911,6135.159032,6134.612366,6134.679699,6135.105699,6136.285698,1,1.99999999999996,0.0200000000000003,7.00000000000003,1,2,66,0.5
912,6137.24303,6136.618364,6136.866364,6137.23103,6138.845028,0,1.99999999999996,0.0200000000000003,5.99999999999996,2,1,65,0.5
913,6139.933694,6139.336361,6139.531694,6139.880361,6141.03636,0,1.99999999999996,0.0200000000000003,5.99999999999996,2,1,65,0.5
914,6141.985025,6141.407026,6141.631026,6141.931693,6143.349691,0,1.99999999999996,0.0200000000000003,5.99999999999996,2,1,65,0.5
915,6144.305023,6143.802357,6143.988357,6144.305023,6149.739018,0,NaN,0,7.00000000000003,1,2,66,0.5
916,6152.217682,6151.593016,6151.824349,6152.189682,6154.569679,0,1.99999999999996,0.0200000000000003,5.99999999999996,2,1,65,0.5
917,6156.076345,6155.414345,6155.641678,6156.023011,6157.239677,1,1.99999999999996,0.0200000000000003,7.00000000000003,1,2,66,0.5
918,6158.283676,6157.585676,6157.888343,6158.230342,6160.305007,1,1.99999999999996,0.0200000000000003,7.00000000000003,1,2,66,0.5
919,6161.313006,6160.625673,6160.913006,6161.259673,6162.606338,1,1.99999999999996,0.0200000000000003,7.00000000000003,1,2,66,0.5
920,6163.680337,6162.978338,6163.219671,6163.627004,6164.957669,0,1.99999999999996,0.0200000000000003,5.99999999999996,2,1,65,0.5
921,6166.793,6166.037668,6166.315001,6166.739667,6168.069666,1,1.99999999999996,0.0200000000000003,7.00000000000003,1,2,66,0.5
922,6169.176331,6168.456332,6168.782332,6169.122998,6170.88033,0,1.99999999999996,0.0200000000000003,5.99999999999996,2,1,65,0.5
923,6171.803662,6171.314329,6171.497662,6171.750329,6172.936328,0,1.99999999999996,0.0200000000000003,5.99999999999996,2,1,65,0.5
924,6174.633659,6173.796993,6174.17766,6174.580326,6175.864991,1,1.99999999999996,0.0200000000000003,7.00000000000003,1,2,66,0.5
925,6176.845657,6176.191658,6176.436324,6176.845657,6178.547655,1,NaN,0,5.99999999999996,2,1,65,0.5
926,6183.550984,6182.596985,6183.132984,6183.49765,6185.122982,1,1.99999999999996,0.0200000000000003,7.00000000000003,1,2,66,0.5
927,6186.108981,6185.425649,6185.693648,6186.055648,6187.431647,1,1.99999999999996,0.0200000000000003,7.00000000000003,1,2,66,0.5
928,6188.554312,6187.837646,6188.178312,6188.500979,6189.952977,1,1.99999999999996,0.0200000000000003,7.00000000000003,1,2,66,0.5
929,6190.987643,6190.28031,6190.581643,6190.987643,6196.658304,1,NaN,0,5.99999999999996,2,1,65,0.5
930,6198.316302,6197.741636,6197.966303,6198.262969,6200.590967,0,1.99999999999996,0.0200000000000003,5.99999999999996,2,1,65,0.5
931,6201.786965,6201.0563,6201.379633,6201.733632,6203.176297,1,1.99999999999996,0.0200000000000003,7.00000000000003,1,2,66,0.5
932,6204.158296,6203.53363,6203.750297,6204.10563,6205.320962,1,1.99999999999996,0.0200000000000003,7.00000000000003,1,2,66,0.5
933,6206.252961,6205.628295,6205.858961,6206.233628,6208.478959,0,1.99999999999996,0.0200000000000003,5.99999999999996,2,1,65,0.5
934,6209.534291,6208.909625,6209.114958,6209.501624,6211.000956,0,1.99999999999996,0.0200000000000003,5.99999999999996,2,1,65,0.5
935,6212.011622,6211.493622,6211.696956,6212.011622,6212.628955,0,NaN,0,7.00000000000003,1,2,66,0.5
936,6220.52828,6219.748281,6219.993614,6220.474947,6221.730279,1,1.99999999999996,0.0200000000000003,7.00000000000003,1,2,66,0.5
937,6222.723611,6221.998279,6222.227612,6222.670278,6225.202942,0,1.99999999999996,0.0200000000000003,5.99999999999996,2,1,65,0.5
938,6226.468274,6225.716275,6225.916275,6226.468274,6244.086923,0,NaN,0,7.00000000000003,1,2,66,0.5
939,6245.148922,6244.450923,6244.72959,6245.148922,6251.262916,1,NaN,0,5.99999999999996,2,1,65,0.5
940,6253.960913,6253.057581,6253.466914,6253.90758,6255.325579,1,1.99999999999996,0.0200000000000003,7.00000000000003,1,2,66,0.5
941,6256.367578,6255.666912,6255.974911,6256.314244,6257.40891,1,1.99999999999996,0.0200000000000003,7.00000000000003,1,2,66,0.5
942,6258.364242,6257.739576,6257.995576,6258.350242,6258.925575,1,1.99999999999996,0.0200000000000003,7.00000000000003,1,2,66,0.5
943,6259.988241,6259.244908,6259.544241,6259.934907,6261.127573,0,1.99999999999996,0.0200000000000003,5.99999999999996,2,1,65,0.5
944,6262.298238,6261.576239,6261.921572,6262.244905,6263.71357,1,1.99999999999996,0.0200000000000003,7.00000000000003,1,2,66,0.5
945,6264.785569,6264.054903,6264.356236,6264.732236,6266.288234,0,1.99999999999996,0.0200000000000003,5.99999999999996,2,1,65,0.5
946,6267.265567,6266.640901,6266.8829,6267.237567,6269.193565,0,1.99999999999996,0.0200000000000003,5.99999999999996,2,1,65,0.5
947,6270.25423,6269.629564,6269.889564,6270.25023,6271.768229,1,1.99999999999996,0.0200000000000003,7.00000000000003,1,2,66,0.5
948,6272.809561,6272.131562,6272.394895,6272.756895,6274.200893,0,1.99999999999996,0.0200000000000003,5.99999999999996,2,1,65,0.5
949,6275.934225,6275.356225,6275.612225,6275.934225,6280.876886,0,NaN,0,7.00000000000003,1,2,66,0.5
950,6282.917551,6282.138218,6282.489551,6282.917551,6283.209551,1,NaN,0,5.99999999999996,2,1,65,0.5
951,6289.540878,6288.707545,6289.078878,6289.487544,6290.850876,1,1.99999999999996,0.0200000000000003,7.00000000000003,1,2,66,0.5
952,6291.971542,6291.242876,6291.559542,6291.918209,6293.478874,0,1.99999999999996,0.0200000000000003,5.99999999999996,2,1,65,0.5
953,6294.690206,6293.982207,6294.256873,6294.636873,6295.726205,1,1.99999999999996,0.0200000000000003,7.00000000000003,1,2,66,0.5
954,6296.754871,6295.989538,6296.330871,6296.701537,6298.018869,1,1.99999999999996,0.0200000000000003,7.00000000000003,1,2,66,0.5
955,6298.994202,6298.369536,6298.580202,6298.966868,6300.3522,0,1.99999999999996,0.0200000000000003,5.99999999999996,2,1,65,0.5
956,6301.379533,6300.754867,6301.068866,6301.366199,6302.487531,0,1.99999999999996,0.0200000000000003,5.99999999999996,2,1,65,0.5
957,6304.264863,6303.48553,6303.922197,6304.264863,6315.056852,0,NaN,0,7.00000000000003,1,2,66,0.5
958,6316.097518,6315.416852,6315.705518,6316.044185,6317.499516,1,1.99999999999996,0.0200000000000003,7.00000000000003,1,2,66,0.5
959,6318.576182,6317.811516,6318.089516,6318.522849,6319.688848,0,1.99999999999996,0.0200000000000003,5.99999999999996,2,1,65,0.5
960,6321.475512,6320.868846,6321.141513,6321.475512,6333.822833,0,NaN,0,7.00000000000003,1,2,66,0.5
961,6336.646831,6336.050831,6336.246164,6336.593497,6338.082163,1,1.99999999999996,0.0200000000000003,7.00000000000003,1,2,66,0.5
962,6339.106162,6338.380162,6338.679495,6339.052828,6340.48016,1,1.99999999999996,0.0200000000000003,7.00000000000003,1,2,66,0.5
963,6341.794825,6340.910826,6341.238159,6341.741492,6342.582158,0,1.99999999999996,0.0200000000000003,5.99999999999996,2,1,65,0.5
964,6343.59949,6342.974824,6343.219491,6343.56549,6344.857489,0,1.99999999999996,0.0200000000000003,5.99999999999996,2,1,65,0.5
965,6346.068821,6345.236155,6345.451489,6346.068821,6349.209485,0,NaN,0,7.00000000000003,1,2,66,0.5
966,6352.733481,6352.042149,6352.330148,6352.680148,6354.00548,1,1.99999999999996,0.0200000000000003,7.00000000000003,1,2,66,0.5
967,6354.993479,6354.29148,6354.610813,6354.940146,6356.282811,1,1.99999999999996,0.0200000000000003,7.00000000000003,1,2,66,0.5
968,6357.33481,6356.598144,6356.873477,6357.281477,6358.814142,0,1.99999999999996,0.0200000000000003,5.99999999999996,2,1,65,0.5
969,6360.181474,6359.449475,6359.755474,6360.12814,6361.394806,1,1.99999999999996,0.0200000000000003,7.00000000000003,1,2,66,0.5
970,6362.474138,6361.689472,6362.025472,6362.420805,6363.880137,1,1.99999999999996,0.0200000000000003,7.00000000000003,1,2,66,0.5
971,6364.916136,6364.23147,6364.469469,6364.862802,6366.612801,0,1.99999999999996,0.0200000000000003,5.99999999999996,2,1,65,0.5
972,6367.705466,6366.9968,6367.259467,6367.652133,6369.212131,1,1.99999999999996,0.0200000000000003,7.00000000000003,1,2,66,0.5
973,6370.516797,6369.630798,6369.990131,6370.516797,6372.242795,1,NaN,0,5.99999999999996,2,1,65,0.5
974,6503.398664,6490.77601,6491.032676,NaN,NaN,NaN,NaN,0,5.99999999999996,2,1,65,0.5
975,6522.777311,6522.017312,6522.229312,6522.777311,6522.967978,1,NaN,0,5.99999999999996,2,1,65,0.5
976,6536.775297,6536.086631,6536.289964,6536.721964,6537.613296,0,1.99999999999996,0.0200000000000003,5.99999999999996,2,1,65,0.5
977,6539.400628,6538.539295,6538.773962,6539.347295,6541.649292,0,1.99999999999996,0.0200000000000003,5.99999999999996,2,1,65,0.5
978,6542.737958,6542.161958,6542.392625,6542.737958,6542.998624,1,NaN,0,5.99999999999996,2,1,65,0.5
979,6560.708607,6559.991941,6560.293274,6560.655273,6561.863939,1,1.99999999999996,0.0200000000000003,7.00000000000003,1,2,66,0.5
980,6562.920604,6562.207938,6562.479271,6562.867271,6565.087936,0,1.99999999999996,0.0200000000000003,5.99999999999996,2,1,65,0.5
981,6566.147268,6565.614602,6565.785268,6566.093935,6567.585266,0,1.99999999999996,0.0200000000000003,5.99999999999996,2,1,65,0.5
982,6568.896598,6568.171932,6568.451266,6568.843265,6571.148596,1,1.99999999999996,0.0200000000000003,7.00000000000003,1,2,66,0.5
983,6572.339928,6571.623929,6571.869262,6572.286595,6573.706594,0,1.99999999999996,0.0200000000000003,5.99999999999996,2,1,65,0.5
984,6574.811926,6574.122593,6574.33126,6574.758593,6576.460591,1,1.99999999999996,0.0200000000000003,7.00000000000003,1,2,66,0.5
985,6577.613256,6576.901257,6577.159257,6577.559923,6579.173921,0,1.99999999999996,0.0200000000000003,5.99999999999996,2,1,65,0.5
986,6580.318587,6579.601921,6579.891921,6580.265254,6581.515919,1,1.99999999999996,0.0200000000000003,7.00000000000003,1,2,66,0.5
987,6582.648585,6581.929919,6582.225252,6582.595251,6583.993917,0,1.99999999999996,0.0200000000000003,5.99999999999996,2,1,65,0.5
988,6585.264582,6584.467249,6584.887249,6585.211249,6586.514581,1,1.99999999999996,0.0200000000000003,7.00000000000003,1,2,66,0.5
989,6587.597246,6586.912585,6587.21858,6587.543913,6588.797912,1,1.99999999999996,0.0200000000000003,7.00000000000003,1,2,66,0.5
990,6589.833244,6589.135245,6589.461244,6589.779911,6591.106576,1,1.99999999999996,0.0200000000000003,7.00000000000003,1,2,66,0.5
991,6592.305908,6591.562576,6591.844575,6592.252575,6595.287905,0,1.99999999999996,0.0200000000000003,5.99999999999996,2,1,65,0.5
992,6596.284571,6595.694572,6595.920571,6596.231238,6597.547236,0,1.99999999999996,0.0200000000000003,5.99999999999996,2,1,65,0.5
993,6598.528569,6597.959903,6598.142569,6598.475235,6600.593233,0,1.99999999999996,0.0200000000000003,5.99999999999996,2,1,65,0.5
994,6601.969232,6601.361899,6601.535899,6601.915899,6604.18923,1,1.99999999999996,0.0200000000000003,7.00000000000003,1,2,66,0.5
995,6605.177229,6604.552563,6604.828562,6605.173229,6605.874561,1,1.99999999999996,0.0200000000000003,7.00000000000003,1,2,66,0.5
996,6606.89256,6606.180561,6606.443894,6606.839227,6608.221892,0,1.99999999999996,0.0200000000000003,5.99999999999996,2,1,65,0.5
997,6609.315225,6608.690559,6608.948558,6609.267891,6610.624557,0,1.99999999999996,0.0200000000000003,5.99999999999996,2,1,65,0.5
998,6611.789222,6611.046556,6611.369223,6611.758556,6613.047888,1,1.99999999999996,0.0200000000000003,7.00000000000003,1,2,66,0.5
999,6614.132553,6613.408554,6613.66322,6614.07922,6615.279219,0,1.99999999999996,0.0200000000000003,5.99999999999996,2,1,65,0.5
1000,6616.341884,6615.698552,6615.903218,6616.341884,6665.185835,0,NaN,0,7.00000000000003,1,2,66,0.5
1001,6739.743094,6738.443762,6738.825095,6739.689761,6741.033093,1,1.99999999999996,0.0200000000000003,7.00000000000003,1,2,66,0.5
1002,6745.085089,6744.19909,6744.40309,6745.082422,6745.971088,0,1.99999999999996,0.0200000000000003,5.99999999999996,2,1,65,0.5
1003,6806.458361,6805.209029,6805.569028,6806.405028,6809.447025,1,1.99999999999996,0.0200000000000003,7.00000000000003,1,2,66,0.5
1004,6812.082355,6811.086356,6811.227023,6812.029022,6813.67302,0,1.99999999999996,0.0200000000000003,5.99999999999996,2,1,65,0.5
1005,6816.965684,6816.286351,6816.458351,6816.91235,6817.61635,1,1.99999999999996,0.0200000000000003,7.00000000000003,1,2,66,0.5
1006,6819.151015,6818.699682,6818.767682,6819.151015,6867.0143,0,NaN,0,7.00000000000003,1,2,66,0.5
1007,6868.627632,6867.836966,6868.120299,6868.574299,6870.590963,0,1.99999999999996,0.0200000000000003,5.99999999999996,2,1,65,0.5
1008,6873.020294,6872.256295,6872.640295,6872.966961,6874.122293,1,1.99999999999996,0.0200000000000003,7.00000000000003,1,2,66,0.5
1009,6876.298291,6875.650958,6875.965625,6876.298291,6876.562291,0,NaN,0,7.00000000000003,1,2,66,0.5
1010,6921.340913,6919.778914,6919.999581,6921.287579,7007.842159,1,1.99999999999996,0.0200000000000003,7.00000000000003,1,2,66,0.5
1011,7186.066648,7185.033316,7185.333315,7186.066648,7197.368637,0,NaN,0,7.00000000000003,1,2,66,0.5
1012,7199.367968,7198.614635,7198.930635,7199.314635,7200.014634,1,1.99999999999996,0.0200000000000003,7.00000000000003,1,2,66,0.5
1013,7201.657966,7200.7433,7201.088633,7201.604632,7203.013298,1,1.99999999999996,0.0200000000000003,7.00000000000003,1,2,66,0.5
1014,7204.875296,7204.11263,7204.462629,7204.821962,7206.534627,1,1.99999999999996,0.0200000000000003,7.00000000000003,1,2,66,0.5
1015,7208.033293,7207.04196,7207.460627,7207.980626,7209.021292,0,1.99999999999996,0.0200000000000003,5.99999999999996,2,1,65,0.5
1016,7213.58662,7212.849954,7213.176621,7213.533287,7215.865951,1,1.99999999999996,0.0200000000000003,7.00000000000003,1,2,66,0.5
1017,7217.285283,7216.435284,7216.765284,7217.23195,7218.584615,1,1.99999999999996,0.0200000000000003,7.00000000000003,1,2,66,0.5
1018,7219.729948,7218.944615,7219.229948,7219.677281,7220.742613,0,1.99999999999996,0.0200000000000003,5.99999999999996,2,1,65,0.5
1019,7221.737946,7221.150613,7221.367279,7221.684612,7222.718611,0,1.99999999999996,0.0200000000000003,5.99999999999996,2,1,65,0.5
1020,7223.639944,7223.109278,7223.285277,7223.58661,7224.999276,0,1.99999999999996,0.0200000000000003,5.99999999999996,2,1,65,0.5
1021,7226.186608,7225.500608,7225.763942,7226.133274,7227.441273,1,1.99999999999996,0.0200000000000003,7.00000000000003,1,2,66,0.5
1022,7228.521272,7227.77794,7228.056606,7228.467939,7230.326604,0,1.99999999999996,0.0200000000000003,5.99999999999996,2,1,65,0.5
1023,7231.246603,7230.73727,7230.926603,7231.246603,7275.369225,0,NaN,0,7.00000000000003,1,2,66,0.5
1024,7276.883224,7276.023225,7276.360558,7276.82989,7277.57989,1,1.99999999999996,0.0200000000000003,7.00000000000003,1,2,66,0.5
1025,7278.931888,7278.023223,7278.276556,7278.878555,7280.969886,0,1.99999999999996,0.0200000000000003,5.99999999999996,2,1,65,0.5
1026,7283.783884,7283.159217,7283.347884,7283.749217,7287.341214,1,1.99999999999996,0.0200000000000003,7.00000000000003,1,2,66,0.5
1027,7289.166545,7288.430546,7288.671879,7289.113212,7289.702544,1,1.99999999999996,0.0200000000000003,7.00000000000003,1,2,66,0.5
1028,7290.763877,7290.065211,7290.35321,7290.710543,7291.617209,1,1.99999999999996,0.0200000000000003,7.00000000000003,1,2,66,0.5
1029,7292.697208,7291.959875,7292.224542,7292.643875,7293.987207,0,1.99999999999996,0.0200000000000003,5.99999999999996,2,1,65,0.5
1030,7296.406538,7295.649205,7295.963871,7296.353204,7297.576536,1,1.99999999999996,0.0200000000000003,7.00000000000003,1,2,66,0.5
1031,7298.696535,7298.072536,7298.312536,7298.657869,7300.1972,1,1.99999999999996,0.0200000000000003,7.00000000000003,1,2,66,0.5
1032,7301.831199,7300.5292,7300.7772,7301.777866,7303.517864,0,1.99999999999996,0.0200000000000003,5.99999999999996,2,1,65,0.5
1033,7304.482529,7303.895863,7304.077863,7304.429196,7305.819195,0,1.99999999999996,0.0200000000000003,5.99999999999996,2,1,65,0.5
1034,7306.93586,7306.191194,7306.531194,7306.882527,7308.238526,1,1.99999999999996,0.0200000000000003,7.00000000000003,1,2,66,0.5
1035,7309.364525,7308.625859,7308.877192,7309.311191,7310.76919,0,1.99999999999996,0.0200000000000003,5.99999999999996,2,1,65,0.5
1036,7311.827855,7311.121856,7311.452523,7311.774522,7312.865854,1,1.99999999999996,0.0200000000000003,7.00000000000003,1,2,66,0.5
1037,7313.87052,7313.175854,7313.419854,7313.817187,7315.358519,0,1.99999999999996,0.0200000000000003,5.99999999999996,2,1,65,0.5
1038,7316.655851,7316.066518,7316.264518,7316.602517,7317.563183,1,1.99999999999996,0.0200000000000003,7.00000000000003,1,2,66,0.5
1039,7318.670515,7317.911849,7318.294516,7318.617182,7319.964514,1,1.99999999999996,0.0200000000000003,7.00000000000003,1,2,66,0.5
1040,7321.057846,7320.308514,7320.632513,7321.004513,7322.341845,0,1.99999999999996,0.0200000000000003,5.99999999999996,2,1,65,0.5
1041,7323.477177,7322.852511,7323.134511,7323.451177,7324.794509,0,1.99999999999996,0.0200000000000003,5.99999999999996,2,1,65,0.5
1042,7326.047841,7325.506508,7325.651842,7325.994508,7327.20584,1,1.99999999999996,0.0200000000000003,7.00000000000003,1,2,66,0.5
1043,7328.254507,7327.53384,7327.783173,7328.201172,7329.219838,0,1.99999999999996,0.0200000000000003,5.99999999999996,2,1,65,0.5
1044,7330.35917,7329.657838,7329.943837,7330.305837,7331.542502,1,1.99999999999996,0.0200000000000003,7.00000000000003,1,2,66,0.5
1045,7332.641168,7331.951169,7332.298502,7332.587835,7334.209833,1,1.99999999999996,0.0200000000000003,7.00000000000003,1,2,66,0.5
1046,7335.295165,7334.604499,7334.919166,7335.241832,7337.10983,1,1.99999999999996,0.0200000000000003,7.00000000000003,1,2,66,0.5
1047,7338.915162,7338.162496,7338.402496,7338.861828,7340.648493,0,1.99999999999996,0.0200000000000003,5.99999999999996,2,1,65,0.5
1048,7341.600492,7341.05116,7341.206493,7341.547159,7342.923824,0,1.99999999999996,0.0200000000000003,5.99999999999996,2,1,65,0.5
1049,7343.917823,7343.301157,7343.517824,7343.917823,7548.368286,0,NaN,0,7.00000000000003,1,2,66,0.5
1050,7549.674951,7548.894285,7549.095618,7549.621618,7550.759617,1,1.99999999999996,0.0200000000000003,7.00000000000003,1,2,66,0.5
1051,7569.124932,7556.502277,7556.652278,NaN,7571.528262,NaN,NaN,0,7.00000000000003,1,2,66,0.5
1052,7580.38092,7579.584254,7579.804921,7580.327587,7596.099571,0,1.99999999999996,0.0200000000000003,5.99999999999996,2,1,65,0.5
1053,7609.970891,7597.348237,7597.394237,NaN,NaN,NaN,NaN,0,5.99999999999996,2,1,65,0.5
1054,7634.939532,7634.4242,7634.550199,7634.939532,7635.076199,1,NaN,0,5.99999999999996,2,1,65,0.5
1055,7647.915519,7646.996854,7647.266187,7647.862186,7653.726847,0,1.99999999999996,0.0200000000000003,5.99999999999996,2,1,65,0.5
1056,7662.250838,7661.411506,7661.790172,7662.197505,7663.653504,1,1.99999999999996,0.0200000000000003,7.00000000000003,1,2,66,0.5
1057,7664.962836,7664.122836,7664.424836,7664.962836,7665.139502,0,NaN,0,7.00000000000003,1,2,66,0.5
1058,7671.736162,7671.111496,7671.359496,7671.714162,7673.83416,0,1.99999999999996,0.0200000000000003,5.99999999999996,2,1,65,0.5
1059,7675.302159,7674.677493,7674.886826,7675.272159,7676.918824,0,1.99999999999996,0.0200000000000003,5.99999999999996,2,1,65,0.5
1060,7678.161489,7677.326157,7677.736156,7678.108156,7679.451488,1,1.99999999999996,0.0200000000000003,7.00000000000003,1,2,66,0.5
1061,7680.60682,7679.830821,7680.127487,7680.553487,7682.255485,1,1.99999999999996,0.0200000000000003,7.00000000000003,1,2,66,0.5
1062,7683.381484,7682.650818,7682.916151,7683.328151,7685.114149,0,1.99999999999996,0.0200000000000003,5.99999999999996,2,1,65,0.5
1063,7686.092148,7685.565482,7685.721482,7686.038815,7687.73748,0,1.99999999999996,0.0200000000000003,5.99999999999996,2,1,65,0.5
1064,7688.882812,7688.225479,7688.470145,7688.829478,7689.964811,0,1.99999999999996,0.0200000000000003,5.99999999999996,2,1,65,0.5
1065,7691.711476,7691.036143,7691.05481,7691.658142,7692.930808,1,1.99999999999996,0.0200000000000003,7.00000000000003,1,2,66,0.5
1066,7694.098807,7693.328807,7693.635474,7694.045473,7694.552139,1,1.99999999999996,0.0200000000000003,7.00000000000003,1,2,66,0.5
1067,7695.586805,7694.982806,7695.173472,7695.533472,7696.994804,0,1.99999999999996,0.0200000000000003,5.99999999999996,2,1,65,0.5
1068,7698.051469,7697.522136,7697.678803,7697.998136,7699.343468,0,1.99999999999996,0.0200000000000003,5.99999999999996,2,1,65,0.5
1069,7700.3108,7699.766801,7699.964134,7700.257467,7701.376133,0,1.99999999999996,0.0200000000000003,5.99999999999996,2,1,65,0.5
1070,7703.072798,7702.381465,7702.660798,7703.019464,7704.538796,1,1.99999999999996,0.0200000000000003,7.00000000000003,1,2,66,0.5
1071,7706.150794,7705.147462,7705.464129,7706.097461,7706.690794,0,1.99999999999996,0.0200000000000003,5.99999999999996,2,1,65,0.5
1072,7899.277935,7898.197936,7898.455936,7899.277935,7899.463934,1,NaN,0,5.99999999999996,2,1,65,0.5
1073,7910.62859,7909.881257,7910.121924,7910.575257,7911.397923,0,1.99999999999996,0.0200000000000003,5.99999999999996,2,1,65,0.5
1074,7913.560587,7912.673921,7913.116587,7913.507254,7915.094586,1,1.99999999999996,0.0200000000000003,7.00000000000003,1,2,66,0.5
1075,7916.453918,7915.671252,7915.977251,7916.400584,7917.823249,1,1.99999999999996,0.0200000000000003,7.00000000000003,1,2,66,0.5
1076,7918.999915,7918.291249,7918.524582,7918.946582,7947.363887,0,1.99999999999996,0.0200000000000003,5.99999999999996,2,1,65,0.5
1077,7951.479216,7950.787216,7951.013216,7951.479216,7951.650549,1,NaN,0,5.99999999999996,2,1,65,0.5
1078,7964.917202,7964.18587,7964.409203,7964.863869,7969.761864,0,1.99999999999996,0.0200000000000003,5.99999999999996,2,1,65,0.5
1079,7971.215863,7970.443197,7970.751863,7971.162529,7972.818528,1,1.99999999999996,0.0200000000000003,7.00000000000003,1,2,66,0.5
1080,7974.32386,7973.307861,7973.54986,7974.319193,7975.657858,0,1.99999999999996,0.0200000000000003,5.99999999999996,2,1,65,0.5
1081,7976.687857,7976.134524,7976.326524,7976.634524,7977.662523,0,1.99999999999996,0.0200000000000003,5.99999999999996,2,1,65,0.5
1082,7978.667855,7978.132523,7978.292522,7978.614522,7979.299855,0,1.99999999999996,0.0200000000000003,5.99999999999996,2,1,65,0.5
1083,7980.40652,7979.719854,7979.981854,7980.353187,7981.949852,1,1.99999999999996,0.0200000000000003,7.00000000000003,1,2,66,0.5
1084,7983.202517,7982.465185,7982.730518,7983.149184,7983.86185,1,1.99999999999996,0.0200000000000003,7.00000000000003,1,2,66,0.5
1085,7984.879849,7984.255184,7984.511849,7984.869849,7986.615181,0,1.99999999999996,0.0200000000000003,5.99999999999996,2,1,65,0.5
1086,7987.736513,7987.09918,7987.349847,7987.736513,7987.985846,1,NaN,0,5.99999999999996,2,1,65,0.5
1087,7995.852505,7995.227839,7995.411172,7995.813171,7996.508504,0,1.99999999999996,0.0200000000000003,5.99999999999996,2,1,65,0.5
1088,7997.962503,7997.297837,7997.579836,7997.909169,7999.428501,1,1.99999999999996,0.0200000000000003,7.00000000000003,1,2,66,0.5
1089,8000.533833,7999.853167,8000.125834,8000.4805,8001.1325,0,1.99999999999996,0.0200000000000003,5.99999999999996,2,1,65,0.5
1090,8002.769831,8002.068499,8002.327832,8002.716498,8004.062497,1,1.99999999999996,0.0200000000000003,7.00000000000003,1,2,66,0.5
1091,8005.123162,8004.42783,8004.680496,8005.069829,8005.896495,0,1.99999999999996,0.0200000000000003,5.99999999999996,2,1,65,0.5
1092,8007.088494,8006.320494,8006.627827,8007.03516,8008.373826,1,1.99999999999996,0.0200000000000003,7.00000000000003,1,2,66,0.5
1093,8009.350491,8008.725825,8008.961825,8009.341158,8010.921823,0,1.99999999999996,0.0200000000000003,5.99999999999996,2,1,65,0.5
1094,8011.893822,8011.378489,8011.559822,8011.840489,8013.313154,0,1.99999999999996,0.0200000000000003,5.99999999999996,2,1,65,0.5
1095,8014.342486,8013.76982,8014.002487,8014.289153,8015.818485,0,1.99999999999996,0.0200000000000003,5.99999999999996,2,1,65,0.5
1096,8016.99915,8016.249151,8016.421151,8016.945817,8018.515149,1,1.99999999999996,0.0200000000000003,7.00000000000003,1,2,66,0.5
1097,8019.595814,8018.899148,8019.125815,8019.542481,8021.315146,1,1.99999999999996,0.0200000000000003,7.00000000000003,1,2,66,0.5
1098,8022.500478,8021.731812,8022.030479,8022.447145,8023.968477,0,1.99999999999996,0.0200000000000003,5.99999999999996,2,1,65,0.5
1099,8025.082476,8024.509809,8024.727809,8025.029142,8026.896474,0,1.99999999999996,0.0200000000000003,5.99999999999996,2,1,65,0.5
1100,8027.876473,8027.39714,8027.550473,8027.823139,8029.196471,0,1.99999999999996,0.0200000000000003,5.99999999999996,2,1,65,0.5
1101,8030.221804,8029.659138,8029.786471,8030.221804,8030.545803,0,NaN,0,7.00000000000003,1,2,66,0.5
1102,8038.561129,8037.72113,8038.053796,8038.507795,8039.769128,1,1.99999999999996,0.0200000000000003,7.00000000000003,1,2,66,0.5
1103,8040.791793,8040.106461,8040.41246,8040.739127,8042.129792,1,1.99999999999996,0.0200000000000003,7.00000000000003,1,2,66,0.5
1104,8043.229791,8042.445792,8042.740458,8043.176457,8044.816456,0,1.99999999999996,0.0200000000000003,5.99999999999996,2,1,65,0.5
1105,8046.631787,8046.005121,8046.312454,8046.631787,8054.835112,0,NaN,0,7.00000000000003,1,2,66,0.5
1106,8058.467109,8057.734443,8058.071109,8058.413776,8060.629107,1,1.99999999999996,0.0200000000000003,7.00000000000003,1,2,66,0.5
1107,8061.830439,8060.98844,8061.399773,8061.777106,8062.953104,1,1.99999999999996,0.0200000000000003,7.00000000000003,1,2,66,0.5
1108,8063.97377,8063.251771,8063.577104,8063.920437,8064.676436,1,1.99999999999996,0.0200000000000003,7.00000000000003,1,2,66,0.5
1109,8065.711768,8064.959769,8065.229769,8065.658435,8066.991767,0,1.99999999999996,0.0200000000000003,5.99999999999996,2,1,65,0.5
1110,8068.304432,8067.707766,8067.892433,8068.251766,8069.367765,1,1.99999999999996,0.0200000000000003,7.00000000000003,1,2,66,0.5
1111,8070.457764,8069.693098,8070.064431,8070.40443,8071.708429,1,1.99999999999996,0.0200000000000003,7.00000000000003,1,2,66,0.5
1112,8072.759095,8072.019762,8072.376428,8072.705761,8073.999093,1,1.99999999999996,0.0200000000000003,7.00000000000003,1,2,66,0.5
1113,8075.063092,8074.29776,8074.627093,8075.009759,8076.331091,0,1.99999999999996,0.0200000000000003,5.99999999999996,2,1,65,0.5
1114,8077.464423,8076.787757,8077.124423,8077.41109,8078.821088,0,1.99999999999996,0.0200000000000003,5.99999999999996,2,1,65,0.5
1115,8080.021087,8079.292421,8079.597754,8079.967754,8081.297086,1,1.99999999999996,0.0200000000000003,7.00000000000003,1,2,66,0.5
1116,8082.407085,8081.662419,8081.984419,8082.353752,8083.814417,1,1.99999999999996,0.0200000000000003,7.00000000000003,1,2,66,0.5
1117,8084.868416,8084.133083,8084.426416,8084.815082,8085.968415,0,1.99999999999996,0.0200000000000003,5.99999999999996,2,1,65,0.5
1118,8088.911745,8088.161079,8088.430412,8088.859078,8090.327744,1,1.99999999999996,0.0200000000000003,7.00000000000003,1,2,66,0.5
1119,8091.849742,8091.225076,8091.475742,8091.837742,8093.005074,1,1.99999999999996,0.0200000000000003,7.00000000000003,1,2,66,0.5
1120,8094.109073,8093.370407,8093.67974,8094.05574,8095.378405,0,1.99999999999996,0.0200000000000003,5.99999999999996,2,1,65,0.5
1121,8096.427738,8095.857071,8096.064405,8096.374404,8097.44307,0,1.99999999999996,0.0200000000000003,5.99999999999996,2,1,65,0.5
1122,8098.359736,8097.817069,8098.022403,8098.306402,8099.509068,0,1.99999999999996,0.0200000000000003,5.99999999999996,2,1,65,0.5
1123,8100.833066,8100.254401,8100.4024,8100.779733,8102.122398,1,1.99999999999996,0.0200000000000003,7.00000000000003,1,2,66,0.5
1124,8103.222397,8102.493731,8102.762398,8103.169731,8105.187062,0,1.99999999999996,0.0200000000000003,5.99999999999996,2,1,65,0.5
1125,8108.077059,8107.294393,8107.641726,8108.023726,8108.627725,1,1.99999999999996,0.0200000000000003,7.00000000000003,1,2,66,0.5
1126,8109.741058,8108.951725,8109.272391,8109.687724,8111.439056,1,1.99999999999996,0.0200000000000003,7.00000000000003,1,2,66,0.5
1127,8112.471055,8111.761056,8112.035722,8112.418388,8113.46372,0,1.99999999999996,0.0200000000000003,5.99999999999996,2,1,65,0.5
1128,8114.422386,8113.79772,8114.049053,8114.40772,8116.175051,0,1.99999999999996,0.0200000000000003,5.99999999999996,2,1,65,0.5
1129,8117.276383,8116.581051,8116.849717,8117.22305,8118.459049,1,1.99999999999996,0.0200000000000003,7.00000000000003,1,2,66,0.5
1130,8119.625714,8118.871048,8119.147048,8119.572381,8120.451713,1,1.99999999999996,0.0200000000000003,7.00000000000003,1,2,66,0.5
1131,8121.691712,8120.79438,8121.091713,8121.638379,8122.507045,0,1.99999999999996,0.0200000000000003,5.99999999999996,2,1,65,0.5
1132,8123.681044,8122.962378,8123.238377,8123.62771,8124.783709,1,1.99999999999996,0.0200000000000003,7.00000000000003,1,2,66,0.5
1133,8125.881708,8125.200375,8125.476375,8125.828375,8127.424373,0,1.99999999999996,0.0200000000000003,5.99999999999996,2,1,65,0.5
1134,8128.543039,8127.930373,8128.184372,8128.489705,8129.681038,0,1.99999999999996,0.0200000000000003,5.99999999999996,2,1,65,0.5
1135,8130.84837,8130.151037,8130.42037,8130.795037,8132.088369,1,1.99999999999996,0.0200000000000003,7.00000000000003,1,2,66,0.5
1136,8133.6677,8132.987701,8133.212367,8133.614367,8134.805032,0,1.99999999999996,0.0200000000000003,5.99999999999996,2,1,65,0.5
1137,8135.882365,8135.279032,8135.484365,8135.829031,8136.793031,0,1.99999999999996,0.0200000000000003,5.99999999999996,2,1,65,0.5
1138,8137.788363,8137.249697,8137.451696,8137.73503,8138.923695,0,1.99999999999996,0.0200000000000003,5.99999999999996,2,1,65,0.5
1139,8140.14836,8139.400361,8139.691694,8140.095027,8141.311026,1,1.99999999999996,0.0200000000000003,7.00000000000003,1,2,66,0.5
1140,8142.617025,8141.776359,8142.129692,8142.617025,8144.767023,1,NaN,0,5.99999999999996,2,1,65,0.5
1141,8152.453015,8151.733016,8151.923682,8152.399682,8153.945013,0,1.99999999999996,0.0200000000000003,5.99999999999996,2,1,65,0.5
1142,8154.993012,8154.431013,8154.653679,8154.939679,8156.437011,0,1.99999999999996,0.0200000000000003,5.99999999999996,2,1,65,0.5
1143,8157.266343,8156.777011,8156.939677,8157.213677,8158.517009,0,1.99999999999996,0.0200000000000003,5.99999999999996,2,1,65,0.5
1144,8159.437008,8158.947675,8159.128341,8159.383675,8161.137006,0,1.99999999999996,0.0200000000000003,5.99999999999996,2,1,65,0.5
1145,8162.323672,8161.529672,8161.749672,8162.270338,8163.811003,1,1.99999999999996,0.0200000000000003,7.00000000000003,1,2,66,0.5
1146,8164.839669,8164.144336,8164.393003,8164.786336,8165.888335,1,1.99999999999996,0.0200000000000003,7.00000000000003,1,2,66,0.5
1147,8166.894334,8166.183001,8166.484334,8166.841,8167.880999,1,1.99999999999996,0.0200000000000003,7.00000000000003,1,2,66,0.5
1148,8168.918998,8168.189666,8168.442332,8168.865665,8170.462997,0,1.99999999999996,0.0200000000000003,5.99999999999996,2,1,65,0.5
1149,8172.036995,8171.372329,8171.604996,8171.983662,8173.292994,1,1.99999999999996,0.0200000000000003,7.00000000000003,1,2,66,0.5
1150,8174.372993,8173.63966,8173.90766,8174.31966,8175.594992,0,1.99999999999996,0.0200000000000003,5.99999999999996,2,1,65,0.5
1151,8176.540991,8175.999658,8176.176324,8176.487657,8177.14499,0,1.99999999999996,0.0200000000000003,5.99999999999996,2,1,65,0.5
1152,8178.086989,8177.523656,8177.744323,8178.033656,8179.082322,0,1.99999999999996,0.0200000000000003,5.99999999999996,2,1,65,0.5
1153,8180.14432,8179.524321,8179.770988,8180.090987,8181.210319,1,1.99999999999996,0.0200000000000003,7.00000000000003,1,2,66,0.5
1154,8182.134318,8181.555653,8181.761652,8182.134318,8196.620971,0,NaN,0,7.00000000000003,1,2,66,0.5
1155,8198.285636,8197.298303,8197.49097,8198.232302,8199.879634,0,1.99999999999996,0.0200000000000003,5.99999999999996,2,1,65,0.5
1156,8235.545598,8234.920932,8235.112932,8235.540932,8450.55805,0,1.99999999999996,0.0200000000000003,5.99999999999996,2,1,65,0.5
1157,8466.184034,8458.958042,8459.032042,NaN,8501.052,NaN,NaN,0,5.99999999999996,2,1,65,0.5
1158,8510.060657,8509.163991,8509.531991,8510.007324,8512.220655,1,1.99999999999996,0.0200000000000003,7.00000000000003,1,2,66,0.5
1159,8514.330653,8513.50332,8513.751987,8514.27732,8515.125319,0,1.99999999999996,0.0200000000000003,5.99999999999996,2,1,65,0.5
1160,8523.133977,8522.348645,8522.569311,8523.080644,8524.343976,1,1.99999999999996,0.0200000000000003,7.00000000000003,1,2,66,0.5
1161,8525.634642,8524.931309,8525.167975,8525.581308,8529.190638,0,1.99999999999996,0.0200000000000003,5.99999999999996,2,1,65,0.5
1162,8548.519952,8547.693286,8548.015286,8548.517285,8549.109952,0,1.99999999999996,0.0200000000000003,5.99999999999996,2,1,65,0.5
1163,8552.707281,8551.925949,8552.296615,8552.653948,8553.87728,1,1.99999999999996,0.0200000000000003,7.00000000000003,1,2,66,0.5
1164,8554.940612,8554.256613,8554.517279,8554.887279,8555.912611,0,1.99999999999996,0.0200000000000003,5.99999999999996,2,1,65,0.5
1165,8557.001944,8556.413278,8556.618611,8556.999277,8558.284609,0,1.99999999999996,0.0200000000000003,5.99999999999996,2,1,65,0.5
1166,8559.317275,8558.779275,8558.969275,8559.263941,8560.24994,0,1.99999999999996,0.0200000000000003,5.99999999999996,2,1,65,0.5
1167,8561.448606,8560.74594,8560.96594,8561.395273,8562.597938,1,1.99999999999996,0.0200000000000003,7.00000000000003,1,2,66,0.5
1168,8563.786603,8563.047271,8563.369271,8563.73327,8564.210603,0,1.99999999999996,0.0200000000000003,5.99999999999996,2,1,65,0.5
1169,8594.825239,8582.202585,8582.254585,NaN,NaN,NaN,NaN,0,5.99999999999996,2,1,65,0.5
1170,8887.924279,8884.927616,8885.477615,8887.870946,8900.125601,1,1.99999999999996,0.0200000000000003,7.00000000000003,1,2,66,0.5
1171,8924.369576,8917.09425,8917.131583,NaN,8977.272857,NaN,NaN,0,5.99999999999996,2,1,65,0.5
1172,8981.600852,8980.340854,8980.72352,8981.600852,9283.332551,1,NaN,0,5.99999999999996,2,1,65,0.5
1173,9287.036547,9286.079881,9286.323214,9287.036547,9294.205206,1,NaN,0,5.99999999999996,2,1,65,0.5
1174,9295.547872,9294.683206,9295.081206,9295.494538,9296.98187,1,1.99999999999996,0.0200000000000003,7.00000000000003,1,2,66,0.5
1175,9298.374536,9297.515203,9297.739204,9298.321202,9299.292535,0,1.99999999999996,0.0200000000000003,5.99999999999996,2,1,65,0.5
1176,9300.448534,9299.823867,9300.082534,9300.414534,9303.442531,0,1.99999999999996,0.0200000000000003,5.99999999999996,2,1,65,0.5
1177,9305.065862,9304.462529,9304.653196,9305.012529,9306.776527,0,1.99999999999996,0.0200000000000003,5.99999999999996,2,1,65,0.5
1178,9307.93986,9307.324527,9307.53386,9307.886526,9308.441192,0,1.99999999999996,0.0200000000000003,5.99999999999996,2,1,65,0.5
1179,9309.571858,9308.947192,9309.167191,9309.553191,9310.802523,0,1.99999999999996,0.0200000000000003,5.99999999999996,2,1,65,0.5
1180,9311.831189,9311.291856,9311.464522,9311.777856,9312.921188,0,1.99999999999996,0.0200000000000003,5.99999999999996,2,1,65,0.5
1181,9313.971187,9313.389854,9313.593187,9313.971187,9314.28052,1,NaN,0,5.99999999999996,2,1,65,0.5
1182,9321.339846,9320.51518,9320.880513,9321.286513,9322.605845,1,1.99999999999996,0.0200000000000003,7.00000000000003,1,2,66,0.5
1183,9323.711177,9322.984511,9323.305844,9323.657844,9324.317843,1,1.99999999999996,0.0200000000000003,7.00000000000003,1,2,66,0.5
1184,9325.487175,9324.751176,9325.081842,9325.433842,9326.89984,1,1.99999999999996,0.0200000000000003,7.00000000000003,1,2,66,0.5
1185,9328.094506,9327.275173,9327.599173,9328.041173,9328.948505,0,1.99999999999996,0.0200000000000003,5.99999999999996,2,1,65,0.5
1186,9330.320504,9329.829171,9330.009837,9330.26717,9332.801834,0,1.99999999999996,0.0200000000000003,5.99999999999996,2,1,65,0.5
1187,9334.019167,9333.401834,9333.581834,9333.965833,9334.419166,0,1.99999999999996,0.0200000000000003,5.99999999999996,2,1,65,0.5
1188,9335.691165,9335.147165,9335.373165,9335.637832,9338.239829,0,1.99999999999996,0.0200000000000003,5.99999999999996,2,1,65,0.5
1189,9339.724494,9338.996495,9339.265161,9339.671161,9342.027159,1,1.99999999999996,0.0200000000000003,7.00000000000003,1,2,66,0.5
1190,9343.230491,9342.605825,9342.882491,9343.219157,9345.069156,1,1.99999999999996,0.0200000000000003,7.00000000000003,1,2,66,0.5
1191,9346.274488,9345.468488,9345.786488,9346.221154,9346.733154,0,1.99999999999996,0.0200000000000003,5.99999999999996,2,1,65,0.5
1192,9348.421152,9347.847153,9347.996486,9348.36782,9349.622484,1,1.99999999999996,0.0200000000000003,7.00000000000003,1,2,66,0.5
1193,9350.80915,9350.031817,9350.319817,9350.755817,9351.919815,1,1.99999999999996,0.0200000000000003,7.00000000000003,1,2,66,0.5
1194,9353.133814,9352.303148,9352.649815,9353.080481,9355.004479,0,1.99999999999996,0.0200000000000003,5.99999999999996,2,1,65,0.5
1195,9356.396478,9355.641145,9355.975145,9356.343144,9357.078477,1,1.99999999999996,0.0200000000000003,7.00000000000003,1,2,66,0.5
1196,9358.211142,9357.415143,9357.71581,9358.157809,9360.195807,1,1.99999999999996,0.0200000000000003,7.00000000000003,1,2,66,0.5
1197,9361.316473,9360.560473,9360.828473,9361.263139,9361.667139,0,1.99999999999996,0.0200000000000003,5.99999999999996,2,1,65,0.5
1198,9363.273804,9362.524471,9362.843138,9363.220471,9364.21047,1,1.99999999999996,0.0200000000000003,7.00000000000003,1,2,66,0.5
1199,9365.387135,9364.647136,9365.016469,9365.333802,9366.599801,1,1.99999999999996,0.0200000000000003,7.00000000000003,1,2,66,0.5
1200,9367.786466,9366.977134,9367.294467,9367.733133,9368.692465,0,1.99999999999996,0.0200000000000003,5.99999999999996,2,1,65,0.5
1201,9369.797797,9369.195798,9369.438465,9369.744464,9371.671796,0,1.99999999999996,0.0200000000000003,5.99999999999996,2,1,65,0.5
1202,9373.185794,9372.323795,9372.693128,9373.132461,9374.365793,1,1.99999999999996,0.0200000000000003,7.00000000000003,1,2,66,0.5
1203,9375.497125,9374.774459,9375.109792,9375.473125,9376.935124,1,1.99999999999996,0.0200000000000003,7.00000000000003,1,2,66,0.5
1204,9378.079123,9377.270457,9377.610456,9378.025789,9378.514455,0,1.99999999999996,0.0200000000000003,5.99999999999996,2,1,65,0.5
1205,9379.542454,9378.917788,9379.164455,9379.529788,9381.190453,0,1.99999999999996,0.0200000000000003,5.99999999999996,2,1,65,0.5
1206,9391.289776,9389.102445,9389.325111,9391.289776,9393.679107,0,NaN,0,7.00000000000003,1,2,66,0.5
1207,9397.957769,9397.111103,9397.498436,9397.904436,9399.770434,1,1.99999999999996,0.0200000000000003,7.00000000000003,1,2,66,0.5
1208,9400.719767,9400.095101,9400.3311,9400.706433,9401.399099,1,1.99999999999996,0.0200000000000003,7.00000000000003,1,2,66,0.5
1209,9402.424432,9401.709099,9401.966432,9402.371098,9403.84043,0,1.99999999999996,0.0200000000000003,5.99999999999996,2,1,65,0.5
1210,9404.806429,9404.287096,9404.45243,9404.753096,9405.715762,0,1.99999999999996,0.0200000000000003,5.99999999999996,2,1,65,0.5
1211,9406.859094,9406.085761,9406.483761,9406.82576,9407.872426,1,1.99999999999996,0.0200000000000003,7.00000000000003,1,2,66,0.5
1212,9409.665758,9409.040425,9409.296425,9409.665758,9409.895091,0,NaN,0,7.00000000000003,1,2,66,0.5
1213,9417.292417,9416.543084,9416.879084,9417.239083,9418.387749,1,1.99999999999996,0.0200000000000003,7.00000000000003,1,2,66,0.5
1214,9425.723742,9424.811742,9425.176409,9425.670408,9427.891073,1,1.99999999999996,0.0200000000000003,7.00000000000003,1,2,66,0.5
1215,9429.121738,9428.368406,9428.623072,9429.068405,9429.665738,0,1.99999999999996,0.0200000000000003,5.99999999999996,2,1,65,0.5
1216,9430.955736,9430.27307,9430.544403,9430.902403,9432.265735,1,1.99999999999996,0.0200000000000003,7.00000000000003,1,2,66,0.5
1217,9433.363734,9432.651068,9432.981068,9433.341067,9434.731733,1,1.99999999999996,0.0200000000000003,7.00000000000003,1,2,66,0.5
1218,9435.779065,9435.054399,9435.368399,9435.725732,9436.956397,0,1.99999999999996,0.0200000000000003,5.99999999999996,2,1,65,0.5
1219,9438.338396,9437.783063,9437.946396,9438.285062,9439.454395,1,1.99999999999996,0.0200000000000003,7.00000000000003,1,2,66,0.5
1220,9440.50306,9439.801727,9440.12506,9440.449727,9442.250392,1,1.99999999999996,0.0200000000000003,7.00000000000003,1,2,66,0.5
1221,9443.353724,9442.615725,9442.888391,9443.300391,9444.718389,0,1.99999999999996,0.0200000000000003,5.99999999999996,2,1,65,0.5
1222,9446.085055,9445.177055,9445.523055,9446.031721,9447.304387,1,1.99999999999996,0.0200000000000003,7.00000000000003,1,2,66,0.5
1223,9448.505719,9447.742386,9448.082386,9448.503052,9449.876384,0,1.99999999999996,0.0200000000000003,5.99999999999996,2,1,65,0.5
1224,9451.485716,9450.301717,9450.52705,9451.432383,9452.947048,1,1.99999999999996,0.0200000000000003,7.00000000000003,1,2,66,0.5
1225,9454.171046,9453.427714,9453.693047,9454.117713,9455.537045,1,1.99999999999996,0.0200000000000003,7.00000000000003,1,2,66,0.5
1226,9456.579711,9455.862378,9456.155044,9456.526377,9457.817709,1,1.99999999999996,0.0200000000000003,7.00000000000003,1,2,66,0.5
1227,9458.894375,9458.163043,9458.436376,9458.841042,9460.330374,0,1.99999999999996,0.0200000000000003,5.99999999999996,2,1,65,0.5
1228,9461.360373,9460.774373,9461.02304,9461.307039,9462.704371,0,1.99999999999996,0.0200000000000003,5.99999999999996,2,1,65,0.5
1229,9464.00037,9463.515704,9463.565704,9463.947037,9464.632369,1,1.99999999999996,0.0200000000000003,7.00000000000003,1,2,66,0.5
1230,9466.747701,9465.893035,9466.286368,9466.694367,9467.668366,1,1.99999999999996,0.0200000000000003,7.00000000000003,1,2,66,0.5
1231,9468.616365,9467.991699,9468.237032,9468.577032,9469.749698,0,1.99999999999996,0.0200000000000003,5.99999999999996,2,1,65,0.5
1232,9529.744972,9517.122317,9517.19965,NaN,9605.286229,NaN,NaN,0,7.00000000000003,1,2,66,0.5
1233,9629.382871,9616.760217,9616.990884,NaN,NaN,NaN,NaN,0,5.99999999999996,2,1,65,0.5
1234,9645.430189,9642.877524,9643.012858,9645.430189,9651.566849,0,NaN,0,7.00000000000003,1,2,66,0.5
1235,9655.605512,9654.769513,9654.984179,9655.602845,9656.984177,0,1.99999999999996,0.0200000000000003,5.99999999999996,2,1,65,0.5
1236,9705.895461,9693.272807,9693.565474,NaN,NaN,NaN,NaN,0,7.00000000000003,1,2,66,0.5
1237,9715.377452,9714.601453,9714.908119,9715.324119,9718.751449,1,1.99999999999996,0.0200000000000003,7.00000000000003,1,2,66,0.5
1238,9720.355447,9719.485448,9719.739448,9720.35278,9722.917444,0,1.99999999999996,0.0200000000000003,5.99999999999996,2,1,65,0.5
1239,9724.122776,9723.462777,9723.651444,9724.122776,9730.063437,0,NaN,0,7.00000000000003,1,2,66,0.5
1240,9764.136736,9763.142737,9763.459404,9764.083403,9765.617402,1,1.99999999999996,0.0200000000000003,7.00000000000003,1,2,66,0.5
1241,9767.0634,9766.299401,9766.522734,9767.010067,9769.112732,0,1.99999999999996,0.0200000000000003,5.99999999999996,2,1,65,0.5
1242,9784.834716,9784.047383,9784.319383,9784.781382,9785.386049,1,1.99999999999996,0.0200000000000003,7.00000000000003,1,2,66,0.5
1243,9802.166032,9789.543378,9789.629378,NaN,NaN,NaN,NaN,0,7.00000000000003,1,2,66,0.5
1244,9808.948025,9808.220026,9808.496692,9808.894692,9809.948691,1,1.99999999999996,0.0200000000000003,7.00000000000003,1,2,66,0.5
1245,9814.141353,9813.396021,9813.701354,9814.08802,9815.184019,0,1.99999999999996,0.0200000000000003,5.99999999999996,2,1,65,0.5
1246,9816.98135,9816.284018,9816.522017,9816.928017,9817.542683,1,1.99999999999996,0.0200000000000003,7.00000000000003,1,2,66,0.5
1247,9819.732014,9819.107348,9819.352015,9819.719348,9820.91868,1,1.99999999999996,0.0200000000000003,7.00000000000003,1,2,66,0.5
1248,9822.008012,9821.278679,9821.600679,9821.954679,9823.537344,1,1.99999999999996,0.0200000000000003,7.00000000000003,1,2,66,0.5
1249,9824.594676,9823.898677,9824.125343,9824.592009,9826.132008,0,1.99999999999996,0.0200000000000003,5.99999999999996,2,1,65,0.5
1250,9827.592673,9826.82134,9827.054007,9827.53934,9828.939338,1,1.99999999999996,0.0200000000000003,7.00000000000003,1,2,66,0.5
1251,9829.980004,9829.355338,9829.646671,9829.968004,NaN,1,1.99999999999996,0.0200000000000003,7.00000000000003,1,2,66,0.5
