trial,outcome,center_in,center_out,side_in,last_side_out,actions,reward,trial_types,odors,port_side,schedule,odor_name,odor_dur
1,837.684973,837.21364,837.27964,837.63164,846.602298,0,1.99999999999996,0.0200000000000003,5.99999999999996,2,1,65,0.5
2,847.92763,847.448297,847.51563,847.874296,853.240958,0,2.99999999999994,0.0299999999999997,5.99999999999996,2,1,65,0.5
3,854.994956,854.287623,854.383623,854.994956,865.449612,1,NaN,0,5.99999999999996,2,1,65,0.5
4,868.344276,867.168944,867.806276,868.290942,869.514275,1,2.99999999999994,0.0299999999999997,7.00000000000003,1,2,66,0.5
5,872.146939,871.252273,871.634272,872.093605,903.350907,0,2.99999999999994,0.0299999999999997,5.99999999999996,2,1,65,0.5
6,904.53024,903.943574,904.107573,904.53024,909.338235,1,NaN,0,5.99999999999996,2,1,65,0.5
7,912.102899,910.601567,910.8569,912.049565,938.958205,0,2.99999999999994,0.0299999999999997,5.99999999999996,2,1,65,0.5
8,940.412204,939.656872,939.807538,940.35887,948.413529,0,2.99999999999994,0.0299999999999997,5.99999999999996,2,1,65,0.5
9,955.830855,954.939523,955.252856,955.777522,960.957516,0,2.99999999999994,0.0299999999999997,5.99999999999996,2,1,65,0.5
10,966.476178,965.863512,965.978845,966.423511,969.673508,0,2.99999999999994,0.0299999999999997,5.99999999999996,2,1,65,0.5
11,971.952839,970.814175,970.856173,971.899506,974.907503,0,2.99999999999994,0.0299999999999997,5.99999999999996,2,1,65,0.5
12,976.066168,975.452169,975.501502,976.012835,983.66416,1,2.99999999999994,0.0299999999999997,7.00000000000003,1,2,66,0.5
13,985.224159,984.463493,984.624826,985.224159,992.990818,1,NaN,0,5.99999999999996,2,1,65,0.5
14,1000.037477,999.412811,999.635478,999.984811,1001.03081,0,2.99999999999994,0.0299999999999997,5.99999999999996,2,1,65,0.5
15,1002.926141,1001.980809,1002.235475,1002.872808,1007.768803,1,2.99999999999994,0.0299999999999997,7.00000000000003,1,2,66,0.5
16,1009.049468,1008.457469,1008.634135,1009.049468,1014.45213,0,NaN,0,7.00000000000003,1,2,66,0.5
17,1016.807461,1015.288129,1015.519462,1016.754127,1018.723459,1,2.99999999999994,0.0299999999999997,7.00000000000003,1,2,66,0.5
18,1019.988791,1019.364125,1019.620124,1019.962124,1026.165451,0,2.99999999999994,0.0299999999999997,5.99999999999996,2,1,65,0.5
19,1027.790783,1027.000784,1027.10745,1027.790783,1036.004108,1,NaN,0,5.99999999999996,2,1,65,0.5
20,1037.10744,1036.530108,1036.724107,1037.10744,1044.849433,0,NaN,0,7.00000000000003,1,2,66,0.5
21,1046.453431,1045.500099,1045.740098,1046.453431,1053.047424,0,NaN,0,7.00000000000003,1,2,66,0.5
22,1055.554089,1054.59209,1054.837423,1055.554089,1067.102077,0,NaN,0,7.00000000000003,1,2,66,0.5
23,1068.296076,1067.69141,1067.768743,1068.242743,1071.52474,0,2.99999999999994,0.0299999999999997,5.99999999999996,2,1,65,0.5
24,1073.358071,1072.645405,1072.814738,1073.304737,1139.960671,0,2.99999999999994,0.0299999999999997,5.99999999999996,2,1,65,0.5
25,1141.424671,1140.62267,1140.83867,1141.424671,1154.446656,0,NaN,0,7.00000000000003,1,2,66,0.5
26,1156.011988,1154.902656,1155.259324,1155.958655,1158.539319,1,2.99999999999994,0.0299999999999997,7.00000000000003,1,2,66,0.5
27,1160.061317,1159.428651,1159.486651,1160.007984,1161.641316,1,2.99999999999994,0.0299999999999997,7.00000000000003,1,2,66,0.5
28,1163.451981,1162.634648,1162.901982,1163.451981,1169.806641,1,NaN,0,5.99999999999996,2,1,65,0.5
29,1172.751305,1171.905972,1172.155972,1172.697973,1174.891969,1,2.99999999999994,0.0299999999999997,7.00000000000003,1,2,66,0.5
30,1176.319968,1175.651302,1175.761302,1176.319968,1181.22463,1,NaN,0,5.99999999999996,2,1,65,0.5
31,1182.930628,1182.245962,1182.497295,1182.930628,1183.661962,1,NaN,0,5.99999999999996,2,1,65,0.5
32,1189.204622,1188.663289,1188.775955,1189.151288,1192.224619,0,2.99999999999994,0.0299999999999997,5.99999999999996,2,1,65,0.5
33,1194.856616,1193.641952,1193.761284,1194.856616,1202.795275,0,NaN,0,7.00000000000003,1,2,66,0.5
34,1205.436605,1204.22994,1204.42194,1205.436605,1211.554599,0,NaN,0,7.00000000000003,1,2,66,0.5
35,1212.4706,1212.050599,1212.119265,1212.4706,1218.525927,0,NaN,0,7.00000000000003,1,2,66,0.5
36,1224.479254,1224.040587,1224.110587,1224.479254,1229.156582,0,NaN,0,7.00000000000003,1,2,66,0.5
37,1238.929239,1232.545912,1232.594578,1238.929239,1252.010559,0,NaN,0,7.00000000000003,1,2,66,0.5
38,1253.365224,1252.764558,1252.965891,1253.365224,1351.771792,0,NaN,0,7.00000000000003,1,2,66,0.5
39,1423.920387,1422.787055,1422.800388,1423.867054,1432.389046,1,2.99999999999994,0.0299999999999997,7.00000000000003,1,2,66,0.5
40,1433.922377,1433.417711,1433.457045,1433.922377,1440.117037,0,NaN,0,7.00000000000003,1,2,66,0.5
41,1441.799036,1441.22837,1441.291704,1441.799036,1442.584368,0,NaN,0,7.00000000000003,1,2,66,0.5
42,1448.539029,1447.745696,1447.967696,1448.539029,1455.504355,0,NaN,0,7.00000000000003,1,2,66,0.5
43,1459.958351,1458.403019,1458.633019,1459.958351,1474.285003,1,NaN,0,5.99999999999996,2,1,65,0.5
44,1481.640329,1480.889663,1481.118996,1481.640329,1503.362307,0,NaN,0,7.00000000000003,1,2,66,0.5
45,1505.660305,1504.236973,1504.989639,1505.606972,1516.560961,1,2.99999999999994,0.0299999999999997,7.00000000000003,1,2,66,0.5
46,1517.986964,1517.11296,1517.289627,1517.986964,1523.189621,1,NaN,0,5.99999999999996,2,1,65,0.5
47,1533.216944,1531.894279,1532.534278,1533.216944,1551.097593,0,NaN,0,7.00000000000003,1,2,66,0.5
48,1552.602258,1551.977592,1552.062259,1552.594926,1557.24892,1,2.99999999999994,0.0299999999999997,7.00000000000003,1,2,66,0.5
49,1559.329585,1558.677585,1558.702252,1559.329585,1564.60758,1,NaN,0,5.99999999999996,2,1,65,0.5
50,1566.898911,1566.126245,1566.405578,1566.898911,1570.98824,1,NaN,0,5.99999999999996,2,1,65,0.5
51,1573.032238,1572.238905,1572.594905,1572.978904,1575.55957,0,2.99999999999994,0.0299999999999997,5.99999999999996,2,1,65,0.5
52,1577.4829,1576.534901,1576.809567,1577.4829,1589.432888,1,NaN,0,5.99999999999996,2,1,65,0.5
53,1593.507551,1592.749551,1592.952884,1593.454217,1596.836214,0,2.99999999999994,0.0299999999999997,5.99999999999996,2,1,65,0.5
54,1598.745545,1597.51088,1597.67088,1598.692213,1599.838878,1,2.99999999999994,0.0299999999999997,7.00000000000003,1,2,66,0.5
55,1601.741542,1600.805543,1601.20621,1601.688209,1608.610869,1,2.99999999999994,0.0299999999999997,7.00000000000003,1,2,66,0.5
56,1610.660867,1609.886201,1610.054201,1610.660867,1615.438195,1,NaN,0,5.99999999999996,2,1,65,0.5
57,1618.324192,1617.486193,1617.866193,1618.324192,1624.664853,1,NaN,0,5.99999999999996,2,1,65,0.5
58,1626.340851,1625.410852,1625.680185,1626.287518,1633.544177,1,2.99999999999994,0.0299999999999997,7.00000000000003,1,2,66,0.5
59,1634.819509,1634.082177,1634.33351,1634.819509,1640.51417,1,NaN,0,5.99999999999996,2,1,65,0.5
60,1642.386168,1641.795502,1641.936169,1642.386168,1649.199495,1,NaN,0,5.99999999999996,2,1,65,0.5
61,1650.532827,1649.770161,1649.989494,1650.532827,1677.1628,1,NaN,0,5.99999999999996,2,1,65,0.5
62,1683.317461,1682.435462,1682.662128,1683.317461,1686.619457,1,NaN,0,5.99999999999996,2,1,65,0.5
63,1849.031295,1847.50463,1848.055963,1849.031295,1870.275274,1,NaN,0,5.99999999999996,2,1,65,0.5
64,1874.907936,1873.96127,1874.091937,1874.854603,1882.567928,0,2.99999999999994,0.0299999999999997,5.99999999999996,2,1,65,0.5
65,1884.28926,1883.467261,1883.574594,1884.28926,1892.457918,1,NaN,0,5.99999999999996,2,1,65,0.5
66,1897.121914,1896.033248,1896.243915,1897.06858,1906.482571,1,2.99999999999994,0.0299999999999997,7.00000000000003,1,2,66,0.5
67,1908.410569,1907.71657,1907.911903,1908.410569,1918.545892,1,NaN,0,5.99999999999996,2,1,65,0.5
68,1920.72389,1919.199225,1919.233892,1920.72389,1931.957879,1,NaN,0,5.99999999999996,2,1,65,0.5
69,1934.941876,1934.257877,1934.387876,1934.888543,1938.809205,1,2.99999999999994,0.0299999999999997,7.00000000000003,1,2,66,0.5
70,1940.383204,1939.723871,1939.866538,1940.383204,1946.661864,1,NaN,0,5.99999999999996,2,1,65,0.5
71,1949.030528,1947.955863,1948.429196,1948.977195,1951.497193,1,2.99999999999994,0.0299999999999997,7.00000000000003,1,2,66,0.5
72,1953.393857,1952.777191,1952.883858,1953.393857,1958.190519,1,NaN,0,5.99999999999996,2,1,65,0.5
73,1959.449185,1958.828519,1959.033852,1959.449185,1966.237178,1,NaN,0,5.99999999999996,2,1,65,0.5
74,1974.56717,1973.587837,1973.700504,1974.513836,2036.98644,1,2.99999999999994,0.0299999999999997,7.00000000000003,1,2,66,0.5
75,2039.589771,2038.661105,2038.761772,2039.589771,2052.435092,1,NaN,0,5.99999999999996,2,1,65,0.5
76,2054.150423,2053.152424,2053.401091,2054.09709,2055.637088,0,2.99999999999994,0.0299999999999997,5.99999999999996,2,1,65,0.5
77,2061.442416,2060.344417,2060.47975,2061.389083,2066.475078,1,2.99999999999994,0.0299999999999997,7.00000000000003,1,2,66,0.5
78,2067.887076,2067.26241,2067.29241,2067.853743,2070.69574,1,2.99999999999994,0.0299999999999997,7.00000000000003,1,2,66,0.5
79,2072.564405,2071.841072,2071.999739,2072.564405,2079.977064,1,NaN,0,5.99999999999996,2,1,65,0.5
80,2082.587062,2081.779729,2082.001062,2082.587062,2089.669054,1,NaN,0,5.99999999999996,2,1,65,0.5
81,2091.931719,2091.27972,2091.442386,2091.931719,2096.389048,1,NaN,0,5.99999999999996,2,1,65,0.5
82,2099.269712,2098.561046,2098.711045,2099.216378,2101.728376,1,2.99999999999994,0.0299999999999997,7.00000000000003,1,2,66,0.5
83,2103.259708,2102.507042,2102.735708,2103.259708,2110.503034,1,NaN,0,5.99999999999996,2,1,65,0.5
84,2112.265699,2111.465699,2111.833032,2112.265699,2118.786359,1,NaN,0,5.99999999999996,2,1,65,0.5
85,2120.29369,2119.669024,2119.831024,2120.28569,2145.136999,0,2.99999999999994,0.0299999999999997,5.99999999999996,2,1,65,0.5
86,2148.257663,2147.65833,2147.721663,2148.257663,2152.374992,1,NaN,0,5.99999999999996,2,1,65,0.5
87,2156.98632,2155.984988,2156.246321,2156.98632,2167.763643,1,NaN,0,5.99999999999996,2,1,65,0.5
88,2169.190308,2168.571642,2168.700975,2169.190308,2173.97297,1,NaN,0,5.99999999999996,2,1,65,0.5
89,2176.158968,2175.428969,2175.706302,2176.158968,2182.043629,1,NaN,0,5.99999999999996,2,1,65,0.5
90,2183.626294,2182.868295,2183.098961,2183.626294,2187.88429,1,NaN,0,5.99999999999996,2,1,65,0.5
91,2190.44362,2189.262288,2189.744954,2190.44362,2203.846274,1,NaN,0,5.99999999999996,2,1,65,0.5
92,2217.420927,2216.539594,2216.830261,2217.367593,2258.084886,0,2.99999999999994,0.0299999999999997,5.99999999999996,2,1,65,0.5
93,2259.775551,2258.816219,2259.057552,2259.775551,2276.856867,1,NaN,0,5.99999999999996,2,1,65,0.5
94,2279.770864,2278.552866,2278.848865,2279.770864,2303.426841,1,NaN,0,5.99999999999996,2,1,65,0.5
95,2314.17483,2313.163498,2313.679497,2314.17483,2316.98016,1,NaN,0,5.99999999999996,2,1,65,0.5
96,2323.73882,2322.911488,2323.113488,2323.685487,2337.959473,0,2.99999999999994,0.0299999999999997,5.99999999999996,2,1,65,0.5
97,2343.008801,2342.112135,2342.350135,2343.008801,2395.858082,1,NaN,0,5.99999999999996,2,1,65,0.5
98,2416.912727,2415.937395,2416.152728,2416.912727,2450.788693,1,NaN,0,5.99999999999996,2,1,65,0.5
99,2457.55402,2456.753354,2456.808687,2457.55402,2918.374892,0,NaN,0,7.00000000000003,1,2,66,0.5
100,2921.926222,2920.85689,2920.982223,2921.926222,2922.807555,1,NaN,0,5.99999999999996,2,1,65,0.5
101,2929.162882,2928.059549,2928.463549,2929.162882,2939.349538,1,NaN,0,5.99999999999996,2,1,65,0.5
102,2940.805537,2940.006204,2940.076871,2940.752203,2949.549528,1,2.99999999999994,0.0299999999999997,7.00000000000003,1,2,66,0.5
103,2951.438193,2950.61086,2950.826193,2951.384859,2963.014848,0,2.99999999999994,0.0299999999999997,5.99999999999996,2,1,65,0.5
104,2964.820179,2964.05618,2964.190847,2964.766846,2970.75484,1,2.99999999999994,0.0299999999999997,7.00000000000003,1,2,66,0.5
105,2973.136838,2972.244839,2972.494172,2973.136838,2977.600833,1,NaN,0,5.99999999999996,2,1,65,0.5
106,2980.082164,2979.106832,2979.388831,2980.028831,2984.341493,1,2.99999999999994,0.0299999999999997,7.00000000000003,1,2,66,0.5
107,2986.172825,2985.544159,2985.556159,2986.172825,2991.806152,1,NaN,0,5.99999999999996,2,1,65,0.5
108,2993.66015,2992.804818,2993.092151,2993.66015,2999.822811,1,NaN,0,5.99999999999996,2,1,65,0.5
109,3001.806142,3000.76881,3001.13681,3001.806142,3008.102803,1,NaN,0,5.99999999999996,2,1,65,0.5
110,3009.553468,3008.934802,3008.993468,3009.553468,3015.520129,1,NaN,0,5.99999999999996,2,1,65,0.5
111,3016.583461,3016.037461,3016.082128,3016.583461,3022.276122,1,NaN,0,5.99999999999996,2,1,65,0.5
112,3023.426787,3022.764788,3022.952121,3023.426787,3030.537447,1,NaN,0,5.99999999999996,2,1,65,0.5
113,3032.639445,3031.780112,3032.006779,3032.639445,3038.691439,1,NaN,0,5.99999999999996,2,1,65,0.5
114,3071.862072,3070.992073,3071.217406,3071.862072,3072.710738,1,NaN,0,5.99999999999996,2,1,65,0.5
115,3086.326724,3085.565392,3085.778058,3086.326724,3093.851384,1,NaN,0,5.99999999999996,2,1,65,0.5
116,3095.971381,3094.51405,3094.56005,3095.971381,3120.009357,1,NaN,0,5.99999999999996,2,1,65,0.5
117,3124.51402,3123.474687,3123.621354,3124.460686,3132.326012,1,2.99999999999994,0.0299999999999997,7.00000000000003,1,2,66,0.5
118,3134.759343,3133.649344,3134.139343,3134.759343,3141.120003,1,NaN,0,5.99999999999996,2,1,65,0.5
119,3143.641334,3142.844668,3143.096001,3143.588001,3171.880639,1,2.99999999999994,0.0299999999999997,7.00000000000003,1,2,66,0.5
120,3181.653296,3180.43063,3180.823297,3181.653296,3182.639295,1,NaN,0,5.99999999999996,2,1,65,0.5
121,3195.672615,3194.862616,3195.121949,3195.672615,3200.921277,1,NaN,0,5.99999999999996,2,1,65,0.5
122,3203.166608,3202.467275,3202.598608,3203.113275,3206.464604,1,2.99999999999994,0.0299999999999997,7.00000000000003,1,2,66,0.5
123,3215.640595,3214.878596,3214.948596,3215.640595,3221.07659,1,NaN,0,5.99999999999996,2,1,65,0.5
124,3223.337254,3222.659255,3222.897255,3223.337254,3228.112583,1,NaN,0,5.99999999999996,2,1,65,0.5
125,3235.098576,3234.35191,3234.546576,3235.098576,3240.297237,1,NaN,0,5.99999999999996,2,1,65,0.5
126,3241.766569,3240.997236,3241.15057,3241.763902,3245.895232,1,2.99999999999994,0.0299999999999997,7.00000000000003,1,2,66,0.5
127,3249.513895,3248.791895,NaN,3249.513895,3256.796554,1,NaN,0,5.99999999999996,2,1,65,0.5
128,3257.817886,3257.247887,3257.397887,3257.817886,3258.619219,1,NaN,0,5.99999999999996,2,1,65,0.5
129,3264.340546,3263.780547,3263.81788,3264.287213,3278.647865,1,2.99999999999994,0.0299999999999997,7.00000000000003,1,2,66,0.5
130,3279.984531,3279.292531,3279.367865,3279.984531,3285.422525,1,NaN,0,5.99999999999996,2,1,65,0.5
131,3286.820524,3286.063858,3286.331858,3286.820524,3291.637852,1,NaN,0,5.99999999999996,2,1,65,0.5
132,3293.120518,3292.327185,3292.635185,3293.120518,3299.366511,1,NaN,0,5.99999999999996,2,1,65,0.5
133,3300.677177,3300.123177,3300.240511,3300.677177,3312.459832,1,NaN,0,5.99999999999996,2,1,65,0.5
134,3313.69583,3313.105831,3313.245831,3313.642497,3322.951821,0,2.99999999999994,0.0299999999999997,5.99999999999996,2,1,65,0.5
135,3324.662486,3323.896487,3324.116487,3324.662486,3329.688481,1,NaN,0,5.99999999999996,2,1,65,0.5
136,3331.455813,3330.551814,3330.973813,3331.455813,3336.357141,1,NaN,0,5.99999999999996,2,1,65,0.5
137,3338.347139,3337.339807,3337.80114,3338.347139,3343.690467,1,NaN,0,5.99999999999996,2,1,65,0.5
138,3345.375799,3344.299133,3344.803133,3345.375799,3381.05043,1,NaN,0,5.99999999999996,2,1,65,0.5
139,3386.549091,3385.736425,3385.880425,3386.495758,3391.340419,1,2.99999999999994,0.0299999999999997,7.00000000000003,1,2,66,0.5
140,3394.605749,3393.933083,3394.070417,3394.605749,3405.844405,1,NaN,0,5.99999999999996,2,1,65,0.5
141,3409.947068,3409.263735,3409.465068,3409.947068,3424.636386,1,NaN,0,5.99999999999996,2,1,65,0.5
142,3430.179047,3428.559716,3429.375048,3430.125714,3438.840372,1,2.99999999999994,0.0299999999999997,7.00000000000003,1,2,66,0.5
143,3440.423037,3439.749038,3439.935037,3440.423037,3479.478998,1,NaN,0,5.99999999999996,2,1,65,0.5
144,3484.33566,3483.678327,3483.832994,3484.33566,3484.720326,1,NaN,0,5.99999999999996,2,1,65,0.5
145,3492.446985,3491.595653,3491.863652,3492.446985,3507.44697,1,NaN,0,5.99999999999996,2,1,65,0.5
146,3516.018961,3515.231629,3515.428295,3516.018961,3516.520961,1,NaN,0,5.99999999999996,2,1,65,0.5
147,3523.688954,3522.780955,3522.881621,3523.63562,3555.777588,0,2.99999999999994,0.0299999999999997,5.99999999999996,2,1,65,0.5
148,3557.333587,3556.645587,3556.670254,3557.333587,3579.906231,1,NaN,0,5.99999999999996,2,1,65,0.5
149,3585.197559,3584.428226,3584.57756,3585.197559,3588.198889,1,NaN,0,5.99999999999996,2,1,65,0.5
150,3593.359551,3592.889551,3592.924218,3593.359551,3602.544208,1,NaN,0,5.99999999999996,2,1,65,0.5
151,3604.886873,3604.33554,3604.374206,3604.886873,3616.573528,1,NaN,0,5.99999999999996,2,1,65,0.5
152,3619.880191,3619.132192,3619.231525,3619.880191,3627.645516,1,NaN,0,5.99999999999996,2,1,65,0.5
153,3630.290847,3629.381515,3629.758848,3630.290847,3636.419508,1,NaN,0,5.99999999999996,2,1,65,0.5
154,3637.918173,3636.921507,3637.44284,3637.918173,3645.302832,1,NaN,0,5.99999999999996,2,1,65,0.5
155,3648.034829,3647.17683,3647.435497,3648.034829,3653.216158,1,NaN,0,5.99999999999996,2,1,65,0.5
156,3672.832805,3672.176139,3672.189472,3672.832805,3727.045417,1,NaN,0,5.99999999999996,2,1,65,0.5
157,3734.126743,3732.712745,3733.557411,3734.126743,3742.094735,1,NaN,0,5.99999999999996,2,1,65,0.5
158,3746.700731,3745.811398,3746.135398,3746.700731,3754.688723,1,NaN,0,5.99999999999996,2,1,65,0.5
159,3756.099388,3755.238722,3755.380722,3756.099388,3762.379382,1,NaN,0,5.99999999999996,2,1,65,0.5
160,3765.608712,3764.807379,3765.152046,3765.608712,3772.451372,1,NaN,0,5.99999999999996,2,1,65,0.5
161,3775.106702,3773.698704,3774.448036,3775.053369,3779.342031,1,2.99999999999994,0.0299999999999997,7.00000000000003,1,2,66,0.5
162,3781.916696,3781.047363,3781.412696,3781.916696,3787.24869,1,NaN,0,5.99999999999996,2,1,65,0.5
163,3788.955355,3788.092689,3788.472022,3788.955355,3794.814016,1,NaN,0,5.99999999999996,2,1,65,0.5
164,3796.626014,3795.578682,3796.118681,3796.626014,3819.282658,1,NaN,0,5.99999999999996,2,1,65,0.5
165,3832.431978,3831.03198,3831.885312,3832.378645,3835.346642,1,2.99999999999994,0.0299999999999997,7.00000000000003,1,2,66,0.5
166,3836.953307,3836.268641,3836.479308,3836.899974,3842.086635,1,2.99999999999994,0.0299999999999997,7.00000000000003,1,2,66,0.5
167,3843.725967,3843.073301,3843.247301,3843.725967,3849.707294,1,NaN,0,5.99999999999996,2,1,65,0.5
168,3851.797959,3850.964626,3851.19996,3851.797959,3854.101957,1,NaN,0,5.99999999999996,2,1,65,0.5
169,3860.49995,3859.421951,3859.883951,3860.446617,3864.819946,1,2.99999999999994,0.0299999999999997,7.00000000000003,1,2,66,0.5
170,3866.255278,3865.516612,3865.768612,3866.255278,3874.32727,1,NaN,0,5.99999999999996,2,1,65,0.5
171,3875.861268,3875.136602,3875.479935,3875.861268,3881.715262,1,NaN,0,5.99999999999996,2,1,65,0.5
172,3883.966593,3882.447928,3883.355261,3883.91326,3887.671923,1,2.99999999999994,0.0299999999999997,7.00000000000003,1,2,66,0.5
173,3889.945254,3889.131258,3889.483255,3889.945254,3894.205917,1,NaN,0,5.99999999999996,2,1,65,0.5
174,3896.117248,3895.231916,3895.623248,3896.117248,3900.888577,1,NaN,0,5.99999999999996,2,1,65,0.5
175,3907.37057,3906.425904,3906.876571,3907.37057,3916.084561,1,NaN,0,5.99999999999996,2,1,65,0.5
176,3917.463227,3916.531894,3916.995894,3917.463227,3927.41855,1,NaN,0,5.99999999999996,2,1,65,0.5
177,3929.617214,3928.183216,3929.045215,3929.563881,3932.374545,1,2.99999999999994,0.0299999999999997,7.00000000000003,1,2,66,0.5
178,3934.50721,3933.61121,3933.971877,3934.453876,3938.713205,1,2.99999999999994,0.0299999999999997,7.00000000000003,1,2,66,0.5
179,3940.017871,3939.313205,3939.554538,3940.017871,3944.971866,1,NaN,0,5.99999999999996,2,1,65,0.5
180,3947.079197,3945.943865,3946.557864,3947.079197,3960.85185,1,NaN,0,5.99999999999996,2,1,65,0.5
181,3964.136513,3963.337181,3963.622514,3964.136513,3968.973175,1,NaN,0,5.99999999999996,2,1,65,0.5
182,3970.640507,3969.758508,3970.162507,3970.640507,4021.910456,1,NaN,0,5.99999999999996,2,1,65,0.5
183,4070.58974,4069.294412,4069.991741,4070.58974,4074.875069,1,NaN,0,5.99999999999996,2,1,65,0.5
184,4078.344399,4076.559068,4077.661066,4078.291066,4082.612395,1,2.99999999999994,0.0299999999999997,7.00000000000003,1,2,66,0.5
185,4090.783053,4089.256388,4090.149721,4090.72972,4093.544384,1,2.99999999999994,0.0299999999999997,7.00000000000003,1,2,66,0.5
186,4095.037049,4094.055717,4094.57105,4095.037049,4098.123046,1,NaN,0,5.99999999999996,2,1,65,0.5
187,4106.344371,4105.720372,4105.823038,4106.344371,4108.589036,1,NaN,0,5.99999999999996,2,1,65,0.5
188,4118.103026,4116.965694,4117.50636,4118.103026,4120.313024,1,NaN,0,5.99999999999996,2,1,65,0.5
189,4136.479008,4135.429675,4135.963008,4136.479008,4136.724341,1,NaN,0,5.99999999999996,2,1,65,0.5
190,4169.352308,4168.370976,4168.643642,4169.298975,4172.286305,1,2.99999999999994,0.0299999999999997,7.00000000000003,1,2,66,0.5
191,4174.700969,4173.641637,4174.171637,4174.700969,4177.7623,1,NaN,0,5.99999999999996,2,1,65,0.5
192,4182.331628,4180.620297,4181.714962,4182.278295,4184.938959,1,2.99999999999994,0.0299999999999997,7.00000000000003,1,2,66,0.5
193,4186.525624,4185.786292,4186.076291,4186.525624,4193.021618,1,NaN,0,5.99999999999996,2,1,65,0.5
194,4195.618282,4194.07495,4194.927616,4195.564949,4199.070278,1,2.99999999999994,0.0299999999999997,7.00000000000003,1,2,66,0.5
195,4200.64961,4199.706944,4200.184277,4200.64961,4206.711604,1,NaN,0,5.99999999999996,2,1,65,0.5
196,4210.538267,4209.426935,4209.904935,4210.538267,4216.566261,1,NaN,0,5.99999999999996,2,1,65,0.5
197,4223.068254,4222.430922,4222.491588,4223.068254,4230.724247,1,NaN,0,5.99999999999996,2,1,65,0.5
198,4233.72091,4233.142244,4233.296911,4233.72091,4238.921572,1,NaN,0,5.99999999999996,2,1,65,0.5
199,4241.719569,4240.835571,4241.310903,4241.719569,4269.343541,1,NaN,0,5.99999999999996,2,1,65,0.5
200,4286.288191,4284.41086,4285.590859,4286.234858,4288.889522,1,2.99999999999994,0.0299999999999997,7.00000000000003,1,2,66,0.5
201,4290.45152,4289.495521,4289.954187,4290.45152,4302.517508,1,NaN,0,5.99999999999996,2,1,65,0.5
202,4305.087506,4304.159507,4304.482173,4305.087506,4318.791492,1,NaN,0,5.99999999999996,2,1,65,0.5
203,4321.379489,4320.480824,4320.88949,4321.379489,4329.374815,1,NaN,0,5.99999999999996,2,1,65,0.5
204,4346.96813,4345.761465,4346.170131,4346.96813,4356.328121,1,NaN,0,5.99999999999996,2,1,65,0.5
205,4360.762117,4359.740784,4360.114117,4360.708783,4364.218113,1,2.99999999999994,0.0299999999999997,7.00000000000003,1,2,66,0.5
206,4366.671444,4364.910779,4366.047445,4366.618111,4369.169442,1,2.99999999999994,0.0299999999999997,7.00000000000003,1,2,66,0.5
207,4371.248773,4370.322774,4370.786773,4371.248773,4371.570773,1,NaN,0,5.99999999999996,2,1,65,0.5
208,4379.078765,4378.176099,4378.550099,4379.078765,4381.360763,1,NaN,0,5.99999999999996,2,1,65,0.5
209,4398.578746,4397.48208,4397.90208,4398.578746,4399.026078,1,NaN,0,5.99999999999996,2,1,65,0.5
210,4419.931391,4417.02606,4417.37806,4419.931391,4420.140057,1,NaN,0,5.99999999999996,2,1,65,0.5
211,4428.818715,4427.87605,4428.278049,4428.818715,4439.315371,1,NaN,0,5.99999999999996,2,1,65,0.5
212,4445.257366,4444.191367,4444.674699,4445.257366,4510.890633,1,NaN,0,5.99999999999996,2,1,65,0.5
213,4524.067287,4523.238621,4523.583287,4524.067287,4534.50461,1,NaN,0,5.99999999999996,2,1,65,0.5
214,4541.791936,4540.874603,4541.365269,4541.791936,4548.629929,1,NaN,0,5.99999999999996,2,1,65,0.5
215,4550.907927,4550.001261,4550.476594,4550.907927,4563.556581,1,NaN,0,5.99999999999996,2,1,65,0.5
216,4576.451234,4575.525235,4575.947235,4576.451234,4576.664567,1,NaN,0,5.99999999999996,2,1,65,0.5
217,4583.001895,4582.079229,4582.483895,4582.948561,4589.610555,0,2.99999999999994,0.0299999999999997,5.99999999999996,2,1,65,0.5
218,4592.294552,4591.415219,4591.701219,4592.294552,4600.719877,1,NaN,0,5.99999999999996,2,1,65,0.5
219,4603.021208,4602.249875,4602.561208,4603.021208,4621.502523,1,NaN,0,5.99999999999996,2,1,65,0.5
220,4625.745852,4624.481853,4625.215186,4625.692518,4629.441848,1,2.99999999999994,0.0299999999999997,7.00000000000003,1,2,66,0.5
221,4631.730512,4630.45918,4631.235846,4631.677179,4634.906509,1,2.99999999999994,0.0299999999999997,7.00000000000003,1,2,66,0.5
222,4637.283173,4635.887175,4636.739174,4637.280507,4640.48517,1,2.99999999999994,0.0299999999999997,7.00000000000003,1,2,66,0.5
223,4642.580502,4641.656502,4642.096502,4642.580502,4646.247831,1,NaN,0,5.99999999999996,2,1,65,0.5
224,4651.882492,4650.786493,4651.390493,4651.882492,4654.359156,1,NaN,0,5.99999999999996,2,1,65,0.5
225,4670.36914,4669.020475,4669.721808,4670.315807,4673.364471,1,2.99999999999994,0.0299999999999997,7.00000000000003,1,2,66,0.5
226,4675.063802,4674.225803,4674.589136,4675.063802,4678.017799,1,NaN,0,5.99999999999996,2,1,65,0.5
227,4682.265129,4681.371129,4681.704462,4682.265129,4684.609793,1,NaN,0,5.99999999999996,2,1,65,0.5
228,4698.611112,4697.649113,4698.039779,4698.611112,4704.717106,1,NaN,0,5.99999999999996,2,1,65,0.5
229,4709.383101,4708.626435,4708.988435,4709.383101,4714.935763,1,NaN,0,5.99999999999996,2,1,65,0.5
230,4718.765759,4717.784426,4718.275092,4718.765759,4721.515089,1,NaN,0,5.99999999999996,2,1,65,0.5
231,4725.969085,4724.531753,4725.357753,4725.915752,4729.047748,1,2.99999999999994,0.0299999999999997,7.00000000000003,1,2,66,0.5
232,4732.843745,4731.836412,4732.233079,4732.790411,4737.939073,0,2.99999999999994,0.0299999999999997,5.99999999999996,2,1,65,0.5
233,4740.045071,4738.844405,4739.377738,4740.045071,4742.982401,1,NaN,0,5.99999999999996,2,1,65,0.5
234,4746.918397,4745.961065,4746.405732,4746.918397,4751.574393,1,NaN,0,5.99999999999996,2,1,65,0.5
235,4755.936388,4754.934389,4755.452389,4755.936388,4758.334386,1,NaN,0,5.99999999999996,2,1,65,0.5
236,4763.859047,4762.572382,4762.656382,4763.805714,4767.091044,0,2.99999999999994,0.0299999999999997,5.99999999999996,2,1,65,0.5
237,4781.798362,4781.038363,4781.381696,4781.798362,4788.535689,1,NaN,0,5.99999999999996,2,1,65,0.5
238,4793.373017,4792.119019,4792.713018,4793.319684,4795.931015,1,2.99999999999994,0.0299999999999997,7.00000000000003,1,2,66,0.5
239,4797.53768,4796.490348,4796.956347,4797.53768,4805.415005,1,NaN,0,5.99999999999996,2,1,65,0.5
240,4810.919,4810.139667,4810.389,4810.919,4811.120333,1,NaN,0,5.99999999999996,2,1,65,0.5
241,4818.199659,4817.19966,4817.712326,4818.199659,4823.004988,1,NaN,0,5.99999999999996,2,1,65,0.5
242,4833.987643,4832.852978,4833.186978,4833.934313,4835.717642,1,2.99999999999994,0.0299999999999997,7.00000000000003,1,2,66,0.5
243,4837.860306,4836.890974,4837.272973,4837.806973,4838.889639,0,2.99999999999994,0.0299999999999997,5.99999999999996,2,1,65,0.5
244,4843.262968,4842.093635,4842.600301,4843.260301,4845.859632,1,2.99999999999994,0.0299999999999997,7.00000000000003,1,2,66,0.5
245,4847.540297,4846.602298,4847.07563,4847.540297,4852.832958,1,NaN,0,5.99999999999996,2,1,65,0.5
246,4854.576956,4853.824957,4854.123623,4854.523623,4871.929606,0,2.99999999999994,0.0299999999999997,5.99999999999996,2,1,65,0.5
247,4875.922268,4874.894936,4875.227602,4875.922268,4880.744263,1,NaN,0,5.99999999999996,2,1,65,0.5
248,5019.220125,5017.628126,5018.490126,5019.220125,5019.516124,1,NaN,0,5.99999999999996,2,1,65,0.5
249,5025.710785,5024.615453,5025.111452,5025.710785,5031.742779,1,NaN,0,5.99999999999996,2,1,65,0.5
250,5033.990777,5032.929445,5033.528111,5033.990777,5036.804107,1,NaN,0,5.99999999999996,2,1,65,0.5
251,5046.440098,5045.516099,5045.822098,5046.440098,5055.652755,1,NaN,0,5.99999999999996,2,1,65,0.5
252,5057.19542,5056.278754,5056.723421,5057.19542,5059.558751,1,NaN,0,5.99999999999996,2,1,65,0.5
253,5066.96541,5066.076078,5066.294744,5066.912077,5067.87541,0,2.99999999999994,0.0299999999999997,5.99999999999996,2,1,65,0.5
254,5070.659407,5068.878075,5070.089407,5070.606074,5076.860067,1,2.99999999999994,0.0299999999999997,7.00000000000003,1,2,66,0.5
255,5082.558728,5081.108063,5081.942062,5082.556062,5085.322725,1,2.99999999999994,0.0299999999999997,7.00000000000003,1,2,66,0.5
256,5087.500723,5086.754057,5087.03139,5087.500723,5093.84605,1,NaN,0,5.99999999999996,2,1,65,0.5
257,5099.794044,5098.908712,5099.146712,5099.740711,5101.982709,1,2.99999999999994,0.0299999999999997,7.00000000000003,1,2,66,0.5
258,5104.892039,5103.974707,5104.273373,5104.839373,5105.993371,0,2.99999999999994,0.0299999999999997,5.99999999999996,2,1,65,0.5
259,5111.362033,5110.580034,5110.8867,5111.362033,5115.504029,1,NaN,0,5.99999999999996,2,1,65,0.5
260,5121.516689,5120.422024,5120.96669,5121.516689,5127.166017,1,NaN,0,5.99999999999996,2,1,65,0.5
261,5128.516682,5127.688016,5128.102683,5128.516682,5131.945345,1,NaN,0,5.99999999999996,2,1,65,0.5
262,5135.944675,5134.928676,5135.338675,5135.944675,5136.122675,1,NaN,0,5.99999999999996,2,1,65,0.5
263,5162.738648,5153.824657,5154.120657,5162.738648,5201.345943,1,NaN,0,5.99999999999996,2,1,65,0.5
264,5220.443257,5219.062592,5219.844591,5220.443257,5228.277916,1,NaN,0,5.99999999999996,2,1,65,0.5
265,5235.229909,5234.24791,5234.711909,5235.229909,5267.86521,1,NaN,0,5.99999999999996,2,1,65,0.5
266,5269.836541,5268.737209,5269.267208,5269.836541,5272.126539,1,NaN,0,5.99999999999996,2,1,65,0.5
267,5281.343196,5279.874531,5280.293197,5281.289863,5316.705161,0,2.99999999999994,0.0299999999999997,5.99999999999996,2,1,65,0.5
268,5319.175825,5317.617826,5318.531826,5319.122492,5320.91049,1,2.99999999999994,0.0299999999999997,7.00000000000003,1,2,66,0.5
269,5323.027821,5321.607823,5322.041155,5323.027821,5332.247145,1,NaN,0,5.99999999999996,2,1,65,0.5
270,5333.69181,5332.763811,5333.133144,5333.69181,5339.287138,1,NaN,0,5.99999999999996,2,1,65,0.5
271,5343.804467,5339.951804,5340.36247,5343.804467,5343.9958,1,NaN,0,5.99999999999996,2,1,65,0.5
272,5351.765126,5350.62846,5350.965793,5351.712459,5352.525792,0,2.99999999999994,0.0299999999999997,5.99999999999996,2,1,65,0.5
273,5374.983102,5373.98577,5374.295103,5374.980436,5378.527099,1,2.99999999999994,0.0299999999999997,7.00000000000003,1,2,66,0.5
274,5380.054431,5379.282432,5379.618431,5380.054431,5382.753095,1,NaN,0,5.99999999999996,2,1,65,0.5
275,5387.618423,5386.871091,5387.014424,5387.56509,5390.867087,1,2.99999999999994,0.0299999999999997,7.00000000000003,1,2,66,0.5
276,5393.803084,5393.070418,5393.315084,5393.803084,5396.579748,1,NaN,0,5.99999999999996,2,1,65,0.5
277,5401.447076,5399.861744,5400.81241,5401.393743,5403.982407,1,2.99999999999994,0.0299999999999997,7.00000000000003,1,2,66,0.5
278,5407.62507,5406.713071,5407.021737,5407.571737,5408.499736,0,2.99999999999994,0.0299999999999997,5.99999999999996,2,1,65,0.5
279,5411.474399,5409.760401,5410.849733,5411.421066,5414.566396,1,2.99999999999994,0.0299999999999997,7.00000000000003,1,2,66,0.5
280,5417.578393,5416.478394,5417.03106,5417.52506,5419.661058,0,2.99999999999994,0.0299999999999997,5.99999999999996,2,1,65,0.5
281,5421.14039,5420.151724,5420.531057,5421.14039,5423.467054,1,NaN,0,5.99999999999996,2,1,65,0.5
282,5428.324382,5426.936384,5427.768383,5428.271049,5432.333045,1,2.99999999999994,0.0299999999999997,7.00000000000003,1,2,66,0.5
283,5434.537043,5432.922378,5434.01771,5434.534376,5437.89504,1,2.99999999999994,0.0299999999999997,7.00000000000003,1,2,66,0.5
284,5439.915038,5438.981705,5439.418371,5439.915038,5444.897033,1,NaN,0,5.99999999999996,2,1,65,0.5
285,5447.365697,5446.013032,5446.533698,5447.365697,5452.874358,1,NaN,0,5.99999999999996,2,1,65,0.5
286,5455.082356,5453.684357,5454.450356,5455.079689,5460.55235,1,2.99999999999994,0.0299999999999997,7.00000000000003,1,2,66,0.5
287,5462.579015,5461.079683,5461.979682,5462.525682,5465.295012,1,2.99999999999994,0.0299999999999997,7.00000000000003,1,2,66,0.5
288,5467.346343,5466.664344,5466.717677,5467.346343,5500.565644,1,NaN,0,5.99999999999996,2,1,65,0.5
289,5505.257639,5502.904976,5503.280974,5505.257639,5509.186302,1,NaN,0,5.99999999999996,2,1,65,0.5
290,5511.712966,5510.950966,5511.199633,5511.712966,5512.298298,1,NaN,0,5.99999999999996,2,1,65,0.5
291,5521.191623,5519.940957,5520.701623,5521.13829,5523.674287,1,2.99999999999994,0.0299999999999997,7.00000000000003,1,2,66,0.5
292,5526.360284,5525.518285,5525.848952,5526.306951,5529.678281,0,2.99999999999994,0.0299999999999997,5.99999999999996,2,1,65,0.5
293,5531.645612,5530.62028,5531.176946,5531.645612,5534.27961,1,NaN,0,5.99999999999996,2,1,65,0.5
294,5538.234939,5537.288273,5537.727606,5538.234939,5544.5716,1,NaN,0,5.99999999999996,2,1,65,0.5
295,5545.988931,5545.014266,5545.404932,5545.988931,5557.40092,1,NaN,0,5.99999999999996,2,1,65,0.5
296,5559.842918,5558.968918,5559.332251,5559.842918,5563.922914,1,NaN,0,5.99999999999996,2,1,65,0.5
297,5567.066244,5566.212911,5566.574244,5567.066244,5569.005575,1,NaN,0,5.99999999999996,2,1,65,0.5
298,5577.432233,5576.483568,5576.908234,5577.432233,5577.612233,1,NaN,0,5.99999999999996,2,1,65,0.5
299,5584.170893,5583.166228,5583.562894,5584.170893,5602.928208,1,NaN,0,5.99999999999996,2,1,65,0.5
300,5609.318201,5608.304869,5608.830202,5609.318201,5614.468196,1,NaN,0,5.99999999999996,2,1,65,0.5
301,5616.856194,5615.960195,5616.402861,5616.856194,5624.468853,1,NaN,0,5.99999999999996,2,1,65,0.5
302,5628.832849,5627.87485,5628.312182,5628.832849,5634.834176,1,NaN,0,5.99999999999996,2,1,65,0.5
303,5747.69673,5745.373399,5745.572732,5747.69673,5747.851396,1,NaN,0,5.99999999999996,2,1,65,0.5
304,5765.428712,5764.52938,5764.840713,5765.428712,5769.520708,1,NaN,0,5.99999999999996,2,1,65,0.5
305,5782.640028,5781.349363,5781.976695,5782.637361,5784.316693,1,2.99999999999994,0.0299999999999997,7.00000000000003,1,2,66,0.5
306,5786.822691,5786.070025,5786.323358,5786.769357,5791.46002,0,2.99999999999994,0.0299999999999997,5.99999999999996,2,1,65,0.5
307,5793.142018,5792.261352,5792.703351,5793.142018,5797.35068,1,NaN,0,5.99999999999996,2,1,65,0.5
308,5799.872678,5798.928679,5799.387345,5799.872678,5800.018677,1,NaN,0,5.99999999999996,2,1,65,0.5
309,5812.737998,5810.731333,5811.490666,5812.684665,5815.300662,1,2.99999999999994,0.0299999999999997,7.00000000000003,1,2,66,0.5
310,5817.487993,5816.608661,5816.880661,5817.43466,5819.515991,0,2.99999999999994,0.0299999999999997,5.99999999999996,2,1,65,0.5
311,5827.103984,5824.839319,5826.004652,5827.05065,5831.375979,1,2.99999999999994,0.0299999999999997,7.00000000000003,1,2,66,0.5
312,5833.278644,5832.161979,5832.797311,5833.278644,5838.429306,1,NaN,0,5.99999999999996,2,1,65,0.5
313,5841.40997,5839.535305,5840.799303,5841.356636,5844.761966,1,2.99999999999994,0.0299999999999997,7.00000000000003,1,2,66,0.5
314,5846.775964,5845.456632,5845.945298,5846.775964,5851.621292,1,NaN,0,5.99999999999996,2,1,65,0.5
315,5853.633957,5852.215292,5853.049291,5853.580624,5855.407956,1,2.99999999999994,0.0299999999999997,7.00000000000003,1,2,66,0.5
316,5859.357285,5858.154619,5858.669285,5859.303951,5861.335283,0,2.99999999999994,0.0299999999999997,5.99999999999996,2,1,65,0.5
317,5863.675947,5862.712615,5863.057948,5863.622614,5866.347278,1,2.99999999999994,0.0299999999999997,7.00000000000003,1,2,66,0.5
318,5868.957275,5867.691276,5868.357942,5868.903942,5873.300604,0,2.99999999999994,0.0299999999999997,5.99999999999996,2,1,65,0.5
319,5875.569935,5873.798604,5874.915269,5875.516602,5879.060598,1,2.99999999999994,0.0299999999999997,7.00000000000003,1,2,66,0.5
320,5881.201263,5879.757931,5880.626597,5881.14793,5883.569927,1,2.99999999999994,0.0299999999999997,7.00000000000003,1,2,66,0.5
321,5885.521259,5884.23526,5884.804593,5885.521259,5894.246583,1,NaN,0,5.99999999999996,2,1,65,0.5
322,5897.02258,5896.157248,5896.638581,5897.02258,5902.570575,1,NaN,0,5.99999999999996,2,1,65,0.5
323,5904.572573,5903.360574,5904.132573,5904.572573,5913.81523,1,NaN,0,5.99999999999996,2,1,65,0.5
324,5918.334559,5916.934561,5917.705226,5918.281226,5921.14189,1,2.99999999999994,0.0299999999999997,7.00000000000003,1,2,66,0.5
325,5922.716555,5921.739222,5922.241889,5922.716555,5929.417881,1,NaN,0,5.99999999999996,2,1,65,0.5
326,5933.457877,5932.471878,5932.964544,5933.457877,5940.071204,1,NaN,0,5.99999999999996,2,1,65,0.5
327,5942.210535,5940.689203,5941.639869,5942.157869,5945.459865,1,2.99999999999994,0.0299999999999997,7.00000000000003,1,2,66,0.5
328,5947.067197,5946.063865,5946.480531,5947.013864,5951.702526,0,2.99999999999994,0.0299999999999997,5.99999999999996,2,1,65,0.5
329,5953.611857,5952.175859,5953.036524,5953.558524,5956.943854,1,2.99999999999994,0.0299999999999997,7.00000000000003,1,2,66,0.5
330,5958.932518,5957.917853,5958.431186,5958.932518,5961.26985,1,NaN,0,5.99999999999996,2,1,65,0.5
331,5965.665178,5964.801846,5965.257179,5965.665178,5967.883843,1,NaN,0,5.99999999999996,2,1,65,0.5
332,5972.901171,5972.126505,5972.423172,5972.847838,5976.413834,0,2.99999999999994,0.0299999999999997,5.99999999999996,2,1,65,0.5
333,5978.295166,5976.900501,5977.7065,5978.241833,5983.517161,1,2.99999999999994,0.0299999999999997,7.00000000000003,1,2,66,0.5
334,5985.565159,5984.017827,5984.940492,5985.562492,5988.049823,1,2.99999999999994,0.0299999999999997,7.00000000000003,1,2,66,0.5
335,5989.493155,5988.681156,5989.024488,5989.493155,5994.26715,1,NaN,0,5.99999999999996,2,1,65,0.5
336,5996.376481,5995.375815,5995.903815,5996.323148,5999.454478,0,2.99999999999994,0.0299999999999997,5.99999999999996,2,1,65,0.5
337,6002.529808,6001.559143,6001.929142,6002.476475,6004.993139,0,2.99999999999994,0.0299999999999997,5.99999999999996,2,1,65,0.5
338,6008.274469,6007.209138,6007.62647,6008.221136,6012.714465,0,2.99999999999994,0.0299999999999997,5.99999999999996,2,1,65,0.5
339,6014.37913,6013.380464,6013.850464,6014.37913,6018.585126,1,NaN,0,5.99999999999996,2,1,65,0.5
340,6021.503123,6020.064457,6020.926457,6021.449789,6024.30512,1,2.99999999999994,0.0299999999999997,7.00000000000003,1,2,66,0.5
341,6025.729118,6024.799119,6025.274452,6025.729118,6032.894445,1,NaN,0,5.99999999999996,2,1,65,0.5
342,6034.632443,6033.305111,6033.959777,6034.57911,6037.321107,1,2.99999999999994,0.0299999999999997,7.00000000000003,1,2,66,0.5
343,6038.889105,6037.86644,6038.324439,6038.889105,6045.473099,1,NaN,0,5.99999999999996,2,1,65,0.5
344,6046.847097,6045.933765,6046.404431,6046.847097,6051.924426,1,NaN,0,5.99999999999996,2,1,65,0.5
345,6054.11709,6053.416424,6053.702424,6054.11709,6060.161751,1,NaN,0,5.99999999999996,2,1,65,0.5
346,6061.479749,6060.549084,6060.976416,6061.426416,6063.74908,0,2.99999999999994,0.0299999999999997,5.99999999999996,2,1,65,0.5
347,6066.135745,6064.670413,6065.464412,6066.082411,6068.747742,1,2.99999999999994,0.0299999999999997,7.00000000000003,1,2,66,0.5
348,6070.76574,6069.303075,6070.179741,6070.712407,6073.518404,1,2.99999999999994,0.0299999999999997,7.00000000000003,1,2,66,0.5
349,6075.195069,6074.304403,6074.721069,6075.195069,6081.181063,1,NaN,0,5.99999999999996,2,1,65,0.5
350,6083.017061,6081.746396,6082.344395,6083.017061,6085.447725,1,NaN,0,5.99999999999996,2,1,65,0.5
351,6089.743721,6088.767055,6089.260388,6089.743721,6094.918383,1,NaN,0,5.99999999999996,2,1,65,0.5
352,6097.36638,6096.077715,6096.843047,6097.313047,6100.481044,1,2.99999999999994,0.0299999999999997,7.00000000000003,1,2,66,0.5
353,6102.206375,6101.05371,6101.505043,6102.206375,6107.49437,1,NaN,0,5.99999999999996,2,1,65,0.5
354,6109.807034,6108.675702,6109.279035,6109.753701,6112.703698,0,2.99999999999994,0.0299999999999997,5.99999999999996,2,1,65,0.5
355,6114.859696,6113.146364,6114.22103,6114.857029,6118.060359,1,2.99999999999994,0.0299999999999997,7.00000000000003,1,2,66,0.5
356,6120.080357,6118.931692,6119.387691,6120.027024,6123.155688,0,2.99999999999994,0.0299999999999997,5.99999999999996,2,1,65,0.5
357,6125.134352,6123.799687,6124.423686,6125.081019,6127.641016,1,2.99999999999994,0.0299999999999997,7.00000000000003,1,2,66,0.5
358,6129.453681,6128.299016,6128.932348,6129.451015,6133.491677,1,2.99999999999994,0.0299999999999997,7.00000000000003,1,2,66,0.5
359,6135.023676,6134.269677,6134.600343,6135.023676,6142.281668,1,NaN,0,5.99999999999996,2,1,65,0.5
360,6144.541,6143.284334,6144.047,6144.541,6150.462327,1,NaN,0,5.99999999999996,2,1,65,0.5
361,6153.209658,6151.657659,6152.540325,6153.156324,6155.729655,1,2.99999999999994,0.0299999999999997,7.00000000000003,1,2,66,0.5
362,6157.242987,6156.300988,6156.824321,6157.242987,6165.096312,1,NaN,0,5.99999999999996,2,1,65,0.5
363,6167.510977,6165.607645,6166.486311,6167.457643,6170.130307,1,2.99999999999994,0.0299999999999997,7.00000000000003,1,2,66,0.5
364,6171.692972,6170.662307,6171.158306,6171.692972,6176.430968,1,NaN,0,5.99999999999996,2,1,65,0.5
365,6179.712298,6178.661632,6179.260298,6179.712298,6184.794959,1,NaN,0,5.99999999999996,2,1,65,0.5
366,6187.550957,6186.827624,6187.030957,6187.550957,6193.004284,1,NaN,0,5.99999999999996,2,1,65,0.5
367,6196.026948,6194.306283,6195.374949,6195.973615,6198.485612,1,2.99999999999994,0.0299999999999997,7.00000000000003,1,2,66,0.5
368,6200.230944,6198.952278,6199.751611,6200.177611,6202.79828,1,2.99999999999994,0.0299999999999997,7.00000000000003,1,2,66,0.5
369,6204.652273,6203.620274,6204.26094,6204.652273,6210.808933,1,NaN,0,5.99999999999996,2,1,65,0.5
370,6213.360264,6212.042265,6212.786265,6213.360264,6219.799591,1,NaN,0,5.99999999999996,2,1,65,0.5
371,6222.116922,6220.34959,6221.370256,6222.114255,6224.648919,1,2.99999999999994,0.0299999999999997,7.00000000000003,1,2,66,0.5
372,6226.508918,6225.319585,6225.979585,6226.455584,6228.588249,1,2.99999999999994,0.0299999999999997,7.00000000000003,1,2,66,0.5
373,6230.496247,6229.339581,6229.955581,6230.496247,6239.362238,1,NaN,0,5.99999999999996,2,1,65,0.5
374,6242.566235,6241.504903,6242.104235,6242.512902,6246.195565,0,2.99999999999994,0.0299999999999997,5.99999999999996,2,1,65,0.5
375,6248.573562,6246.813564,6247.350897,6248.520229,6251.532226,0,2.99999999999994,0.0299999999999997,5.99999999999996,2,1,65,0.5
376,6253.92889,6251.950892,6252.886891,6253.876224,6255.544222,1,2.99999999999994,0.0299999999999997,7.00000000000003,1,2,66,0.5
377,6257.463553,6256.026888,6256.821554,6257.41022,6260.686217,1,2.99999999999994,0.0299999999999997,7.00000000000003,1,2,66,0.5
378,6262.800881,6261.296883,6262.154882,6262.747548,6265.120879,1,2.99999999999994,0.0299999999999997,7.00000000000003,1,2,66,0.5
379,6266.939544,6265.767545,6266.408878,6266.939544,6272.384205,1,NaN,0,5.99999999999996,2,1,65,0.5
380,6274.41287,6272.882871,6273.750204,6274.359537,6276.993534,1,2.99999999999994,0.0299999999999997,7.00000000000003,1,2,66,0.5
381,6278.405532,6277.517533,6277.998866,6278.405532,6284.229527,1,NaN,0,5.99999999999996,2,1,65,0.5
382,6287.128857,6286.033525,6286.624857,6287.075524,6289.641521,0,2.99999999999994,0.0299999999999997,5.99999999999996,2,1,65,0.5
383,6291.604186,6290.103521,6291.002853,6291.551519,6294.127517,1,2.99999999999994,0.0299999999999997,7.00000000000003,1,2,66,0.5
384,6295.786848,6294.616183,6295.326849,6295.784182,6298.132846,1,2.99999999999994,0.0299999999999997,7.00000000000003,1,2,66,0.5
385,6299.556845,6298.723512,6299.114845,6299.556845,6305.216172,1,NaN,0,5.99999999999996,2,1,65,0.5
386,6307.826836,6305.663505,6306.302838,6307.773503,6311.686832,0,2.99999999999994,0.0299999999999997,5.99999999999996,2,1,65,0.5
387,6315.818162,6312.014832,6312.422165,6315.266829,6320.806157,0,NaN,0,5.99999999999996,2,1,65,0.5
388,6322.903488,6321.968822,6322.433488,6322.903488,6329.839481,1,NaN,0,5.99999999999996,2,1,65,0.5
389,6331.070814,6330.218814,6330.621481,6331.070814,6340.018804,1,NaN,0,5.99999999999996,2,1,65,0.5
390,6357.42612,6356.116788,6356.811454,6357.373453,6359.834784,1,2.99999999999994,0.0299999999999997,7.00000000000003,1,2,66,0.5
391,6361.22945,6360.290784,6360.63145,6361.22945,6363.856114,1,NaN,0,5.99999999999996,2,1,65,0.5
392,6368.491442,6367.063444,6367.872776,6368.438109,6370.690107,1,2.99999999999994,0.0299999999999997,7.00000000000003,1,2,66,0.5
393,6372.176105,6371.142106,6371.586773,6372.176105,6373.607437,1,NaN,0,5.99999999999996,2,1,65,0.5
394,6381.724096,6380.838763,6381.282763,6381.724096,6386.266758,1,NaN,0,5.99999999999996,2,1,65,0.5
395,6389.024755,6388.230756,6388.626089,6389.024755,6395.804748,1,NaN,0,5.99999999999996,2,1,65,0.5
396,6398.281412,6396.781414,6397.664746,6398.228079,6400.530744,1,2.99999999999994,0.0299999999999997,7.00000000000003,1,2,66,0.5
397,6401.909409,6401.002744,6401.412743,6401.856742,6404.400073,0,2.99999999999994,0.0299999999999997,5.99999999999996,2,1,65,0.5
398,6406.454071,6405.021406,6405.426739,6406.400738,6409.276068,0,2.99999999999994,0.0299999999999997,5.99999999999996,2,1,65,0.5
399,6411.357399,6410.205401,6410.5694,6411.304066,6413.66473,0,2.99999999999994,0.0299999999999997,5.99999999999996,2,1,65,0.5
400,6416.166061,6415.424062,6415.595395,6416.112728,6418.655392,1,2.99999999999994,0.0299999999999997,7.00000000000003,1,2,66,0.5
401,6420.140724,6419.312058,6419.639391,6420.087391,6423.572054,0,2.99999999999994,0.0299999999999997,5.99999999999996,2,1,65,0.5
402,6425.422052,6424.107387,6424.872053,6425.368719,6427.48805,1,2.99999999999994,0.0299999999999997,7.00000000000003,1,2,66,0.5
403,6429.012715,6428.005383,6428.317382,6428.959382,6431.971379,0,2.99999999999994,0.0299999999999997,5.99999999999996,2,1,65,0.5
404,6433.730044,6432.498712,6433.237378,6433.67671,6435.820042,1,2.99999999999994,0.0299999999999997,7.00000000000003,1,2,66,0.5
405,6437.159374,6436.325374,6436.645374,6437.159374,6444.710033,1,NaN,0,5.99999999999996,2,1,65,0.5
406,6457.80402,6445.181366,6445.500699,NaN,6658.407152,NaN,NaN,0,5.99999999999996,2,1,65,0.5
407,6671.921139,6670.64514,6671.299806,6671.921139,6674.622469,1,NaN,0,5.99999999999996,2,1,65,0.5
408,6681.067796,6680.259134,6680.460464,6681.014463,6685.055126,1,2.99999999999994,0.0299999999999997,7.00000000000003,1,2,66,0.5
409,6687.013124,6685.843792,6686.385124,6687.013124,6693.018451,1,NaN,0,5.99999999999996,2,1,65,0.5
410,6694.828449,6693.631117,6694.27845,6694.775116,6697.26778,1,2.99999999999994,0.0299999999999997,7.00000000000003,1,2,66,0.5
411,6698.841779,6697.854446,6698.310446,6698.841779,6704.559106,1,NaN,0,5.99999999999996,2,1,65,0.5
412,6706.805771,6705.434439,6706.260438,6706.752437,6708.682435,1,2.99999999999994,0.0299999999999997,7.00000000000003,1,2,66,0.5
413,6710.431767,6709.139102,6710.011767,6710.378434,6714.51643,1,2.99999999999994,0.0299999999999997,7.00000000000003,1,2,66,0.5
414,6716.187095,6715.033096,6715.539095,6716.133761,6718.578426,0,2.99999999999994,0.0299999999999997,5.99999999999996,2,1,65,0.5
415,6720.49109,6719.178425,6719.909758,6720.437757,6722.309089,1,2.99999999999994,0.0299999999999997,7.00000000000003,1,2,66,0.5
416,6724.06242,6722.825088,6723.521087,6724.009753,6725.107086,0,2.99999999999994,0.0299999999999997,5.99999999999996,2,1,65,0.5
417,6726.839751,6725.528419,6726.308418,6726.786417,6730.185747,1,2.99999999999994,0.0299999999999997,7.00000000000003,1,2,66,0.5
418,6731.839079,6730.63708,6731.347746,6731.785746,6735.103742,1,2.99999999999994,0.0299999999999997,7.00000000000003,1,2,66,0.5
419,6737.36774,6736.549074,6736.819745,6737.314407,6738.323739,0,2.99999999999994,0.0299999999999997,5.99999999999996,2,1,65,0.5
420,6740.153737,6738.745739,6739.582405,6740.100404,6742.191069,1,2.99999999999994,0.0299999999999997,7.00000000000003,1,2,66,0.5
421,6743.396401,6742.651735,6742.967068,6743.396401,6749.945061,1,NaN,0,5.99999999999996,2,1,65,0.5
422,6752.239059,6750.33106,6750.829727,6752.185725,6755.267055,0,2.99999999999994,0.0299999999999997,5.99999999999996,2,1,65,0.5
423,6757.247054,6755.754388,6756.703054,6757.19372,6759.848384,1,2.99999999999994,0.0299999999999997,7.00000000000003,1,2,66,0.5
424,6761.376383,6760.45105,6760.853717,6761.323716,6763.288381,0,2.99999999999994,0.0299999999999997,5.99999999999996,2,1,65,0.5
425,6765.111712,6763.70238,6764.615046,6765.058379,6766.152378,1,2.99999999999994,0.0299999999999997,7.00000000000003,1,2,66,0.5
426,6767.509043,6766.661711,6767.01971,6767.45571,6771.270373,0,2.99999999999994,0.0299999999999997,5.99999999999996,2,1,65,0.5
427,6772.773038,6771.755706,6772.102374,6772.719705,6775.768368,0,2.99999999999994,0.0299999999999997,5.99999999999996,2,1,65,0.5
428,6777.4957,6776.513701,6776.889034,6777.442367,6778.380366,0,2.99999999999994,0.0299999999999997,5.99999999999996,2,1,65,0.5
429,6780.652364,6779.157032,6780.041031,6780.59903,6783.87036,1,2.99999999999994,0.0299999999999997,7.00000000000003,1,2,66,0.5
430,6785.395025,6784.527693,6784.856359,6785.341692,6789.709688,0,2.99999999999994,0.0299999999999997,5.99999999999996,2,1,65,0.5
431,6791.680352,6790.173023,6791.170353,6791.627019,6795.931015,1,2.99999999999994,0.0299999999999997,7.00000000000003,1,2,66,0.5
432,6797.00768,6796.377014,6796.645014,6797.00768,6803.663007,1,NaN,0,5.99999999999996,2,1,65,0.5
433,6806.919004,6805.448339,6805.813005,6806.367671,6811.369666,0,NaN,0,5.99999999999996,2,1,65,0.5
434,6814.460996,6813.721664,6813.940997,6814.407663,6817.32166,0,2.99999999999994,0.0299999999999997,5.99999999999996,2,1,65,0.5
435,6818.996325,6817.684326,6818.470326,6818.942992,6820.75499,1,2.99999999999994,0.0299999999999997,7.00000000000003,1,2,66,0.5
436,6822.384322,6821.15099,6821.936989,6822.330988,6824.898986,1,2.99999999999994,0.0299999999999997,7.00000000000003,1,2,66,0.5
437,6826.854317,6825.458985,6825.904985,6826.800984,6830.158981,0,2.99999999999994,0.0299999999999997,5.99999999999996,2,1,65,0.5
438,6831.730979,6830.532314,6830.907647,6831.677646,6833.610977,0,2.99999999999994,0.0299999999999997,5.99999999999996,2,1,65,0.5
439,6834.862976,6834.013643,6834.360976,6834.809643,6837.63564,0,2.99999999999994,0.0299999999999997,5.99999999999996,2,1,65,0.5
440,6839.508971,6838.069639,6838.908972,6839.455638,6843.454967,1,2.99999999999994,0.0299999999999997,7.00000000000003,1,2,66,0.5
441,6844.5643,6843.917634,6844.1423,6844.5643,6850.44696,1,NaN,0,5.99999999999996,2,1,65,0.5
442,6852.238959,6851.475626,6851.821626,6852.185625,6854.59229,0,2.99999999999994,0.0299999999999997,5.99999999999996,2,1,65,0.5
443,6856.385621,6855.519622,6855.811622,6856.332288,6859.049618,0,2.99999999999994,0.0299999999999997,5.99999999999996,2,1,65,0.5
444,6860.653617,6859.461618,6860.119618,6860.600284,6862.753615,1,2.99999999999994,0.0299999999999997,7.00000000000003,1,2,66,0.5
445,6864.184947,6863.241614,6863.77828,6864.131613,6866.817611,1,2.99999999999994,0.0299999999999997,7.00000000000003,1,2,66,0.5
446,6868.094276,6867.292277,6867.578277,6868.094276,6875.014936,1,NaN,0,5.99999999999996,2,1,65,0.5
447,6876.906934,6875.557602,6875.952268,6876.853601,6878.999598,0,2.99999999999994,0.0299999999999997,5.99999999999996,2,1,65,0.5
448,6880.223597,6879.475598,6879.716931,6880.170264,6883.496927,0,2.99999999999994,0.0299999999999997,5.99999999999996,2,1,65,0.5
449,6885.102926,6883.944927,6884.592926,6885.049592,6887.11159,1,2.99999999999994,0.0299999999999997,7.00000000000003,1,2,66,0.5
450,6888.583589,6887.478257,6888.166923,6888.580922,6890.884253,1,2.99999999999994,0.0299999999999997,7.00000000000003,1,2,66,0.5
451,6892.484252,6891.342919,6891.899586,6892.430918,6897.086247,0,2.99999999999994,0.0299999999999997,5.99999999999996,2,1,65,0.5
452,6898.545579,6897.51758,6897.868246,6898.492246,6901.523576,0,2.99999999999994,0.0299999999999997,5.99999999999996,2,1,65,0.5
453,6903.281574,6902.031575,6902.725575,6903.228241,6905.276905,1,2.99999999999994,0.0299999999999997,7.00000000000003,1,2,66,0.5
454,6906.634904,6905.702905,6906.224905,6906.620904,6908.638235,1,2.99999999999994,0.0299999999999997,7.00000000000003,1,2,66,0.5
455,6910.020234,6909.171568,6909.500901,6910.020234,6916.584228,1,NaN,0,5.99999999999996,2,1,65,0.5
456,6918.168893,6916.976894,6917.29756,6918.115559,6921.074223,0,2.99999999999994,0.0299999999999997,5.99999999999996,2,1,65,0.5
457,6922.628888,6921.484223,6922.076222,6922.575555,6925.398885,1,2.99999999999994,0.0299999999999997,7.00000000000003,1,2,66,0.5
458,6926.820217,6925.884885,6926.230218,6926.766884,6930.107547,0,2.99999999999994,0.0299999999999997,5.99999999999996,2,1,65,0.5
459,6931.896212,6930.81888,6931.236213,6931.842879,6935.310875,0,2.99999999999994,0.0299999999999997,5.99999999999996,2,1,65,0.5
460,6936.672874,6935.708875,6936.030208,6936.619541,6939.218205,0,2.99999999999994,0.0299999999999997,5.99999999999996,2,1,65,0.5
461,6941.12287,6939.960204,6940.564204,6941.070203,6943.336201,1,2.99999999999994,0.0299999999999997,7.00000000000003,1,2,66,0.5
462,6944.583533,6943.822867,6944.116867,6944.583533,6950.404197,1,NaN,0,5.99999999999996,2,1,65,0.5
463,6953.754857,6952.507525,6953.208858,6953.701524,6957.726186,1,2.99999999999994,0.0299999999999997,7.00000000000003,1,2,66,0.5
464,6959.166185,6958.248853,6958.574852,6959.112852,6966.852178,0,2.99999999999994,0.0299999999999997,5.99999999999996,2,1,65,0.5
465,6968.360176,6967.30551,6967.79151,6968.351509,6970.81884,1,2.99999999999994,0.0299999999999997,7.00000000000003,1,2,66,0.5
466,6972.088839,6971.26084,6971.570173,6972.035505,6976.780167,0,2.99999999999994,0.0299999999999997,5.99999999999996,2,1,65,0.5
467,6978.620832,6977.412833,6977.981499,6978.595499,6980.190831,1,2.99999999999994,0.0299999999999997,7.00000000000003,1,2,66,0.5
468,6981.466163,6980.599497,6980.91083,6981.412829,6984.445493,0,2.99999999999994,0.0299999999999997,5.99999999999996,2,1,65,0.5
469,6985.912158,6984.830826,6985.378159,6985.858825,6988.036156,1,2.99999999999994,0.0299999999999997,7.00000000000003,1,2,66,0.5
470,6989.327488,6988.484822,6988.742155,6989.274155,6994.009483,0,2.99999999999994,0.0299999999999997,5.99999999999996,2,1,65,0.5
471,6995.688148,6994.512816,6995.092816,6995.634815,6997.63948,1,2.99999999999994,0.0299999999999997,7.00000000000003,1,2,66,0.5
472,6998.818145,6998.007479,6998.275479,6998.764812,7001.711476,0,2.99999999999994,0.0299999999999997,5.99999999999996,2,1,65,0.5
473,7003.542807,7002.180142,7002.482142,7003.489474,7006.758804,0,2.99999999999994,0.0299999999999997,5.99999999999996,2,1,65,0.5
474,7008.200136,7007.240137,7007.55747,7008.146803,7011.326799,0,2.99999999999994,0.0299999999999997,5.99999999999996,2,1,65,0.5
475,7012.789465,7011.719466,7012.244799,7012.736131,7015.088796,1,2.99999999999994,0.0299999999999997,7.00000000000003,1,2,66,0.5
476,7016.754127,7015.610128,7016.311461,7016.700794,7018.356126,1,2.99999999999994,0.0299999999999997,7.00000000000003,1,2,66,0.5
477,7019.843458,7018.914792,7019.316791,7019.790124,7022.944788,0,2.99999999999994,0.0299999999999997,5.99999999999996,2,1,65,0.5
478,7024.474786,7023.502787,7023.80212,7024.421453,7027.57545,0,2.99999999999994,0.0299999999999997,5.99999999999996,2,1,65,0.5
479,7029.108115,7028.043449,7028.590115,7029.054782,7031.214113,1,2.99999999999994,0.0299999999999997,7.00000000000003,1,2,66,0.5
480,7032.658111,7031.610779,7032.202779,7032.604778,7036.254108,1,2.99999999999994,0.0299999999999997,7.00000000000003,1,2,66,0.5
481,7037.328107,7036.659441,7036.914774,7037.328107,7045.380765,1,NaN,0,5.99999999999996,2,1,65,0.5
482,7046.665431,7045.836098,7046.103431,7046.612097,7048.482096,0,2.99999999999994,0.0299999999999997,5.99999999999996,2,1,65,0.5
483,7050.053427,7049.278761,7049.560095,7050.000094,7053.297424,0,2.99999999999994,0.0299999999999997,5.99999999999996,2,1,65,0.5
484,7054.684756,7053.672757,7054.162757,7054.631423,7056.711421,1,2.99999999999994,0.0299999999999997,7.00000000000003,1,2,66,0.5
485,7057.984086,7057.170087,7057.462087,7057.930753,7061.612082,0,2.99999999999994,0.0299999999999997,5.99999999999996,2,1,65,0.5
486,7062.906081,7062.035415,7062.322082,7062.852748,7065.722745,0,2.99999999999994,0.0299999999999997,5.99999999999996,2,1,65,0.5
487,7067.26941,7066.492078,7066.759411,7067.216077,7070.628073,0,2.99999999999994,0.0299999999999997,5.99999999999996,2,1,65,0.5
488,7072.432738,7071.319406,7071.846739,7072.379405,7074.399403,1,2.99999999999994,0.0299999999999997,7.00000000000003,1,2,66,0.5
489,7075.478735,7074.751403,7074.954736,7075.425402,7078.507399,0,2.99999999999994,0.0299999999999997,5.99999999999996,2,1,65,0.5
490,7081.093396,7080.348064,7080.602063,7081.093396,7086.98339,0,NaN,0,7.00000000000003,1,2,66,0.5
491,7089.696721,7088.478722,7089.128722,7089.643388,7091.822719,1,2.99999999999994,0.0299999999999997,7.00000000000003,1,2,66,0.5
492,7092.960052,7092.192719,7092.456052,7092.906718,7096.017381,0,2.99999999999994,0.0299999999999997,5.99999999999996,2,1,65,0.5
493,7097.50138,7096.678714,7096.990047,7097.448047,7100.394044,0,2.99999999999994,0.0299999999999997,5.99999999999996,2,1,65,0.5
494,7101.880042,7100.733377,7101.328043,7101.826709,7103.673374,1,2.99999999999994,0.0299999999999997,7.00000000000003,1,2,66,0.5
495,7105.996705,7105.040706,7105.512705,7105.943371,7108.150703,1,2.99999999999994,0.0299999999999997,7.00000000000003,1,2,66,0.5
496,7109.292035,7108.514702,7108.790036,7109.238707,7112.770031,0,2.99999999999994,0.0299999999999997,5.99999999999996,2,1,65,0.5
497,7114.157363,7113.274697,7113.588031,7114.10403,7116.689361,0,2.99999999999994,0.0299999999999997,5.99999999999996,2,1,65,0.5
498,7117.89336,7117.19736,7117.418027,7117.840026,7121.459356,0,2.99999999999994,0.0299999999999997,5.99999999999996,2,1,65,0.5
499,7123.906687,7122.844688,7123.206688,7123.906687,7127.03935,0,NaN,0,7.00000000000003,1,2,66,0.5
500,7130.87468,7129.815348,7130.296014,7130.821347,7133.087344,1,2.99999999999994,0.0299999999999997,7.00000000000003,1,2,66,0.5
501,7134.533343,7133.572011,7134.09201,7134.48001,7136.569341,1,2.99999999999994,0.0299999999999997,7.00000000000003,1,2,66,0.5
502,7138.320673,7137.45134,7137.794006,7138.320673,7144.306666,1,NaN,0,5.99999999999996,2,1,65,0.5
503,7148.661995,7147.399997,7148.116663,7148.608662,7151.015326,1,2.99999999999994,0.0299999999999997,7.00000000000003,1,2,66,0.5
504,7152.543325,7151.460659,7152.091325,7152.489992,7154.828656,1,2.99999999999994,0.0299999999999997,7.00000000000003,1,2,66,0.5
505,7156.071321,7155.254656,7155.593989,7156.071321,7162.433982,1,NaN,0,5.99999999999996,2,1,65,0.5
506,7166.734644,7165.836645,7166.302644,7166.681311,7169.952641,0,2.99999999999994,0.0299999999999997,5.99999999999996,2,1,65,0.5
507,7171.207306,7170.33064,7170.70264,7171.153973,7173.142638,0,2.99999999999994,0.0299999999999997,5.99999999999996,2,1,65,0.5
508,7175.085302,7173.827304,7174.536636,7175.031969,7177.0653,1,2.99999999999994,0.0299999999999997,7.00000000000003,1,2,66,0.5
509,7178.268632,7177.4773,7177.8653,7178.268632,7183.80996,1,NaN,0,5.99999999999996,2,1,65,0.5
510,7186.546624,7185.679958,7186.185958,7186.546624,7187.035957,1,NaN,0,5.99999999999996,2,1,65,0.5
511,7222.759255,7217.984593,7218.235259,7222.705921,7224.13792,0,2.99999999999994,0.0299999999999997,5.99999999999996,2,1,65,0.5
512,7227.356583,7226.338584,7226.928584,7227.356583,7244.437233,0,NaN,0,7.00000000000003,1,2,66,0.5
513,7249.226562,7248.505229,7248.828562,7249.173228,7251.231893,0,2.99999999999994,0.0299999999999997,5.99999999999996,2,1,65,0.5
514,7253.799224,7253.021224,7253.295891,7253.74589,7255.463889,0,2.99999999999994,0.0299999999999997,5.99999999999996,2,1,65,0.5
515,7257.753886,7256.564554,7257.28722,7257.75122,7259.562551,1,2.99999999999994,0.0299999999999997,7.00000000000003,1,2,66,0.5
516,7261.195216,7260.032551,7260.721217,7261.14255,7262.627215,1,2.99999999999994,0.0299999999999997,7.00000000000003,1,2,66,0.5
517,7264.384546,7263.737214,7263.93388,7264.331213,7266.450544,0,2.99999999999994,0.0299999999999997,5.99999999999996,2,1,65,0.5
518,7268.237876,7267.171877,7267.73321,7268.237876,7273.379204,0,NaN,0,7.00000000000003,1,2,66,0.5
519,7282.103862,7280.91653,7281.635862,7282.050529,7284.169193,1,2.99999999999994,0.0299999999999997,7.00000000000003,1,2,66,0.5
520,7285.626525,7284.50786,7285.140526,7285.573192,7287.62919,1,2.99999999999994,0.0299999999999997,7.00000000000003,1,2,66,0.5
521,7288.702522,7287.963189,7288.247189,7288.649189,7290.619853,0,2.99999999999994,0.0299999999999997,5.99999999999996,2,1,65,0.5
522,7292.058519,7291.19452,7291.525186,7292.005185,7293.73385,0,2.99999999999994,0.0299999999999997,5.99999999999996,2,1,65,0.5
523,7295.650515,7294.617183,7295.134516,7295.597182,7297.71718,1,2.99999999999994,0.0299999999999997,7.00000000000003,1,2,66,0.5
524,7298.835845,7298.078513,7298.322512,7298.782512,7300.863177,0,2.99999999999994,0.0299999999999997,5.99999999999996,2,1,65,0.5
525,7302.099175,7301.336509,7301.607842,7302.045842,7303.890507,0,2.99999999999994,0.0299999999999997,5.99999999999996,2,1,65,0.5
526,7305.641172,7304.502506,7305.143172,7305.587839,7307.389837,1,2.99999999999994,0.0299999999999997,7.00000000000003,1,2,66,0.5
527,7308.741835,7307.743836,7308.272503,7308.688502,7310.579834,1,2.99999999999994,0.0299999999999997,7.00000000000003,1,2,66,0.5
528,7311.661166,7310.9005,7311.183166,7311.607832,7313.835164,0,2.99999999999994,0.0299999999999997,5.99999999999996,2,1,65,0.5
529,7314.868496,7314.177163,7314.40783,7314.815163,7317.196494,0,2.99999999999994,0.0299999999999997,5.99999999999996,2,1,65,0.5
530,7318.321826,7317.625826,7317.863826,7318.268493,7320.99649,0,2.99999999999994,0.0299999999999997,5.99999999999996,2,1,65,0.5
531,7322.487822,7321.447156,7321.961822,7322.434488,7324.105153,1,2.99999999999994,0.0299999999999997,7.00000000000003,1,2,66,0.5
532,7325.073819,7324.411153,7324.599819,7325.073819,7330.77848,0,NaN,0,7.00000000000003,1,2,66,0.5
533,7334.58581,7333.539144,7334.103143,7334.56181,7336.515808,1,2.99999999999994,0.0299999999999997,7.00000000000003,1,2,66,0.5
534,7337.611806,7336.840474,7337.130474,7337.558473,7340.577804,0,2.99999999999994,0.0299999999999997,5.99999999999996,2,1,65,0.5
535,7341.808469,7340.891803,7341.338469,7341.755136,7343.7638,1,2.99999999999994,0.0299999999999997,7.00000000000003,1,2,66,0.5
536,7345.136466,7344.138467,7344.5878,7345.083132,7346.825131,1,2.99999999999994,0.0299999999999997,7.00000000000003,1,2,66,0.5
537,7347.94113,7347.161797,7347.43313,7347.887796,7349.937794,0,2.99999999999994,0.0299999999999997,5.99999999999996,2,1,65,0.5
538,7351.433126,7350.69046,7350.949126,7351.430459,7353.175124,1,2.99999999999994,0.0299999999999997,7.00000000000003,1,2,66,0.5
539,7354.47179,7353.495791,7354.013123,7354.418456,7356.056455,1,2.99999999999994,0.0299999999999997,7.00000000000003,1,2,66,0.5
540,7357.402453,7356.417121,7356.934454,7357.34912,7359.135118,1,2.99999999999994,0.0299999999999997,7.00000000000003,1,2,66,0.5
541,7360.315117,7359.497785,7359.833784,7360.261784,7362.189115,0,2.99999999999994,0.0299999999999997,5.99999999999996,2,1,65,0.5
542,7363.595114,7362.625115,7363.164448,7363.541781,7365.303779,1,2.99999999999994,0.0299999999999997,7.00000000000003,1,2,66,0.5
543,7366.469111,7365.730445,7365.954445,7366.469111,7372.191105,1,NaN,0,5.99999999999996,2,1,65,0.5
544,7378.073099,7377.1971,7377.467767,7378.019766,7380.019764,0,2.99999999999994,0.0299999999999997,5.99999999999996,2,1,65,0.5
545,7381.349096,7380.45243,7380.739763,7381.295763,7382.987094,0,2.99999999999994,0.0299999999999997,5.99999999999996,2,1,65,0.5
546,7384.551093,7383.515761,7384.05576,7384.49776,7387.920429,1,2.99999999999994,0.0299999999999997,7.00000000000003,1,2,66,0.5
547,7389.078423,7388.328422,7388.567756,7389.025088,7392.279085,0,2.99999999999994,0.0299999999999997,5.99999999999996,2,1,65,0.5
548,7393.528417,7392.754418,7393.037751,7393.475084,7395.701082,0,2.99999999999994,0.0299999999999997,5.99999999999996,2,1,65,0.5
549,7396.98308,7396.187748,7396.494414,7396.930414,7399.061078,0,2.99999999999994,0.0299999999999997,5.99999999999996,2,1,65,0.5
550,7400.491744,7399.519745,7400.015077,7400.43841,7402.455075,1,2.99999999999994,0.0299999999999997,7.00000000000003,1,2,66,0.5
551,7403.622407,7402.871075,7403.130408,7403.569074,7405.629072,0,2.99999999999994,0.0299999999999997,5.99999999999996,2,1,65,0.5
552,7407.140404,7406.059738,7406.612404,7407.08707,7408.901069,1,2.99999999999994,0.0299999999999997,7.00000000000003,1,2,66,0.5
553,7410.069734,7409.235735,7409.550401,7410.016401,7412.169065,1,2.99999999999994,0.0299999999999997,7.00000000000003,1,2,66,0.5
554,7413.461064,7412.631065,7413.015064,7413.407731,7415.126396,1,2.99999999999994,0.0299999999999997,7.00000000000003,1,2,66,0.5
555,7416.419061,7415.512395,7415.877728,7416.419061,7485.158992,1,NaN,0,5.99999999999996,2,1,65,0.5
556,7486.749657,7485.748992,7486.156325,7486.696324,7488.596989,0,2.99999999999994,0.0299999999999997,5.99999999999996,2,1,65,0.5
557,7490.168321,7489.340988,7489.663654,7490.114987,7490.692987,0,2.99999999999994,0.0299999999999997,5.99999999999996,2,1,65,0.5
558,7492.313652,7491.303653,7491.783652,7492.260319,7493.848317,1,2.99999999999994,0.0299999999999997,7.00000000000003,1,2,66,0.5
559,7495.290315,7494.342983,7494.790316,7495.236982,7497.62898,1,2.99999999999994,0.0299999999999997,7.00000000000003,1,2,66,0.5
560,7498.892312,7498.008313,7498.294312,7498.892312,7500.727643,1,NaN,0,5.99999999999996,2,1,65,0.5
561,7507.47897,7506.483638,7506.98697,7507.425637,7509.931634,1,2.99999999999994,0.0299999999999997,7.00000000000003,1,2,66,0.5
562,7511.038966,7510.326967,7510.596967,7511.038966,7516.749627,1,NaN,0,5.99999999999996,2,1,65,0.5
563,7518.094293,7517.22696,7517.624293,7518.040959,7520.362957,0,2.99999999999994,0.0299999999999997,5.99999999999996,2,1,65,0.5
564,7521.473623,7520.746957,7521.02229,7521.420289,7523.402287,0,2.99999999999994,0.0299999999999997,5.99999999999996,2,1,65,0.5
565,7524.754286,7523.808287,7524.288287,7524.700953,7526.346951,1,2.99999999999994,0.0299999999999997,7.00000000000003,1,2,66,0.5
566,7527.561617,7526.697617,7526.950284,7527.508283,7529.522948,0,2.99999999999994,0.0299999999999997,5.99999999999996,2,1,65,0.5
567,7530.62228,7529.942947,7530.164281,7530.568947,7532.268278,0,2.99999999999994,0.0299999999999997,5.99999999999996,2,1,65,0.5
568,7533.432277,7532.807611,7533.050278,7533.427611,7535.536942,0,2.99999999999994,0.0299999999999997,5.99999999999996,2,1,65,0.5
569,7537.050274,7536.076941,7536.558274,7536.99694,7539.038272,1,2.99999999999994,0.0299999999999997,7.00000000000003,1,2,66,0.5
570,7540.42227,7539.420271,7540.014271,7540.368937,7542.602268,1,2.99999999999994,0.0299999999999997,7.00000000000003,1,2,66,0.5
571,7543.686267,7542.926935,7543.176268,7543.632934,7545.678932,0,2.99999999999994,0.0299999999999997,5.99999999999996,2,1,65,0.5
572,7546.912931,7546.312264,7546.501598,7546.859597,7550.773593,0,2.99999999999994,0.0299999999999997,5.99999999999996,2,1,65,0.5
573,7551.717592,7551.092926,7551.306926,7551.667592,7554.39559,0,2.99999999999994,0.0299999999999997,5.99999999999996,2,1,65,0.5
574,7555.926255,7555.144256,7555.418255,7555.872922,7559.473585,1,2.99999999999994,0.0299999999999997,7.00000000000003,1,2,66,0.5
575,7560.77625,7559.885584,7560.274251,7560.722917,7562.680915,1,2.99999999999994,0.0299999999999997,7.00000000000003,1,2,66,0.5
576,7563.796247,7563.024914,7563.283581,7563.742914,7565.737578,0,2.99999999999994,0.0299999999999997,5.99999999999996,2,1,65,0.5
577,7567.45091,7566.624244,7567.000244,7567.397577,7569.215575,1,2.99999999999994,0.0299999999999997,7.00000000000003,1,2,66,0.5
578,7570.295574,7569.565575,7569.844908,7570.295574,7575.194902,1,NaN,0,5.99999999999996,2,1,65,0.5
579,7578.288232,7577.5589,7577.768233,7578.234899,7580.173564,1,2.99999999999994,0.0299999999999997,7.00000000000003,1,2,66,0.5
580,7581.570229,7580.551564,7581.015563,7581.516896,7583.030894,1,2.99999999999994,0.0299999999999997,7.00000000000003,1,2,66,0.5
581,7584.13956,7583.358894,7583.68756,7584.086227,7586.812224,0,2.99999999999994,0.0299999999999997,5.99999999999996,2,1,65,0.5
582,7587.76489,7587.140224,7587.350223,7587.73289,7589.599555,0,2.99999999999994,0.0299999999999997,5.99999999999996,2,1,65,0.5
583,7591.188886,7590.387554,7590.672887,7591.135553,7592.825551,1,2.99999999999994,0.0299999999999997,7.00000000000003,1,2,66,0.5
584,7593.94955,7593.125551,7593.495551,7593.896217,7595.845548,1,2.99999999999994,0.0299999999999997,7.00000000000003,1,2,66,0.5
585,7596.891547,7596.174881,7596.417548,7596.838214,7599.268878,0,2.99999999999994,0.0299999999999997,5.99999999999996,2,1,65,0.5
586,7600.47421,7599.712211,7599.881544,7600.47421,7606.862871,0,NaN,0,7.00000000000003,1,2,66,0.5
587,7608.578202,7607.364204,7608.086203,7608.524869,7610.589534,1,2.99999999999994,0.0299999999999997,7.00000000000003,1,2,66,0.5
588,7612.564198,7611.758866,7612.057532,7612.510865,7614.356863,0,2.99999999999994,0.0299999999999997,5.99999999999996,2,1,65,0.5
589,7615.450195,7614.814863,7615.018196,7615.450195,7619.086192,0,NaN,0,7.00000000000003,1,2,66,0.5
590,7623.302854,7622.551522,7622.874188,7623.302854,7626.739517,1,NaN,0,5.99999999999996,2,1,65,0.5
591,7631.678179,7630.56618,7631.113513,7631.624846,7633.375511,1,2.99999999999994,0.0299999999999997,7.00000000000003,1,2,66,0.5
592,7634.596843,7633.68551,7634.172843,7634.54351,7636.457508,1,2.99999999999994,0.0299999999999997,7.00000000000003,1,2,66,0.5
593,7637.934173,7636.817507,7637.463507,7637.88084,7639.688171,1,2.99999999999994,0.0299999999999997,7.00000000000003,1,2,66,0.5
594,7640.94217,7640.036171,7640.468837,7640.888837,7643.311501,0,2.99999999999994,0.0299999999999997,5.99999999999996,2,1,65,0.5
595,7644.741499,7643.792167,7644.260166,7644.688166,7646.349498,1,2.99999999999994,0.0299999999999997,7.00000000000003,1,2,66,0.5
596,7647.429497,7646.679497,7646.995497,7647.376163,7648.946829,0,2.99999999999994,0.0299999999999997,5.99999999999996,2,1,65,0.5
597,7650.226827,7649.506161,7649.833494,7650.173494,7651.542826,0,2.99999999999994,0.0299999999999997,5.99999999999996,2,1,65,0.5
598,7652.637491,7652.032159,7652.304158,7652.584158,7654.720823,0,2.99999999999994,0.0299999999999997,5.99999999999996,2,1,65,0.5
599,7656.445488,7655.556822,7655.937488,7656.392154,7658.162819,1,2.99999999999994,0.0299999999999997,7.00000000000003,1,2,66,0.5
600,7659.404818,7658.498152,7658.951485,7659.351485,7661.077483,1,2.99999999999994,0.0299999999999997,7.00000000000003,1,2,66,0.5
601,7662.285482,7661.435483,7661.668816,7662.232149,7663.940813,1,2.99999999999994,0.0299999999999997,7.00000000000003,1,2,66,0.5
602,7665.100146,7664.266813,7664.542146,7665.046812,7667.39481,0,2.99999999999994,0.0299999999999997,5.99999999999996,2,1,65,0.5
603,7668.840142,7667.833476,7668.350809,7668.786809,7670.381474,1,2.99999999999994,0.0299999999999997,7.00000000000003,1,2,66,0.5
604,7672.304805,7671.660139,7671.916139,7672.304805,7677.650133,0,NaN,0,7.00000000000003,1,2,66,0.5
605,7680.032797,7678.748799,7679.518131,7679.979464,7681.750129,1,2.99999999999994,0.0299999999999997,7.00000000000003,1,2,66,0.5
606,7683.047461,7682.112129,7682.566795,7682.994128,7684.704126,1,2.99999999999994,0.0299999999999997,7.00000000000003,1,2,66,0.5
607,7685.805458,7685.042126,7685.404125,7685.805458,7729.724081,1,NaN,0,5.99999999999996,2,1,65,0.5
608,7739.661404,7738.656739,7739.007406,7739.608071,7763.898714,0,2.99999999999994,0.0299999999999997,5.99999999999996,2,1,65,0.5
609,7766.434711,7765.410712,7765.852712,7766.432044,7767.65671,1,2.99999999999994,0.0299999999999997,7.00000000000003,1,2,66,0.5
610,7768.956708,7768.252043,7768.476709,7768.903375,7770.900707,0,2.99999999999994,0.0299999999999997,5.99999999999996,2,1,65,0.5
611,7772.298705,7771.568039,7771.844039,7772.245372,7773.632037,0,2.99999999999994,0.0299999999999997,5.99999999999996,2,1,65,0.5
612,7775.621369,7774.929369,7775.183369,7775.568035,7776.993367,0,2.99999999999994,0.0299999999999997,5.99999999999996,2,1,65,0.5
613,7785.408025,7784.49936,7784.879359,7785.408025,7791.824019,0,NaN,0,7.00000000000003,1,2,66,0.5
614,7795.261349,7794.564016,7794.782016,7795.208016,8166.968977,0,2.99999999999994,0.0299999999999997,5.99999999999996,2,1,65,0.5
615,8173.092304,8171.444973,8171.570306,8173.092304,8179.069632,1,NaN,0,5.99999999999996,2,1,65,0.5
616,8183.047628,8181.574296,8181.914963,8182.994294,8184.809626,0,2.99999999999994,0.0299999999999997,5.99999999999996,2,1,65,0.5
617,8187.79629,8186.436958,8187.265623,8187.742956,8189.968287,1,2.99999999999994,0.0299999999999997,7.00000000000003,1,2,66,0.5
618,8192.709618,8191.940285,8192.209619,8192.656951,8194.460283,0,2.99999999999994,0.0299999999999997,5.99999999999996,2,1,65,0.5
619,8197.980946,8196.656281,8197.469613,8197.927613,8199.620278,1,2.99999999999994,0.0299999999999997,7.00000000000003,1,2,66,0.5
620,8200.912943,8200.32961,8200.52161,8200.85961,8202.480942,0,2.99999999999994,0.0299999999999997,5.99999999999996,2,1,65,0.5
621,8203.649607,8203.024941,8203.266941,8203.643607,8206.674271,0,2.99999999999994,0.0299999999999997,5.99999999999996,2,1,65,0.5
622,8208.842269,8207.65827,8208.222269,8208.788935,8210.322267,1,2.99999999999994,0.0299999999999997,7.00000000000003,1,2,66,0.5
623,8211.510933,8210.7796,8211.0276,8211.457599,8213.403597,0,2.99999999999994,0.0299999999999997,5.99999999999996,2,1,65,0.5
624,8214.859596,8214.23493,8214.479596,8214.806929,8216.594261,0,2.99999999999994,0.0299999999999997,5.99999999999996,2,1,65,0.5
625,8218.610259,8217.453593,8218.096926,8218.557592,8220.446924,1,2.99999999999994,0.0299999999999997,7.00000000000003,1,2,66,0.5
626,8221.850922,8220.918257,8221.412256,8221.797589,8223.82892,1,2.99999999999994,0.0299999999999997,7.00000000000003,1,2,66,0.5
627,8225.148919,8224.247587,8224.697586,8225.140252,8226.763584,1,2.99999999999994,0.0299999999999997,7.00000000000003,1,2,66,0.5
628,8233.857577,8232.648245,8232.936244,8233.804244,8234.727576,0,2.99999999999994,0.0299999999999997,5.99999999999996,2,1,65,0.5
629,8310.037501,8308.340169,8308.811502,8309.984167,8311.531499,1,2.99999999999994,0.0299999999999997,7.00000000000003,1,2,66,0.5
630,8316.334161,8315.396829,8315.806828,8316.280828,8317.698826,1,2.99999999999994,0.0299999999999997,7.00000000000003,1,2,66,0.5
631,8320.436824,8320.030824,8320.049491,8320.436824,8326.064151,0,NaN,0,7.00000000000003,1,2,66,0.5
632,8327.603483,8326.507484,8327.049484,8327.55015,8334.724809,1,2.99999999999994,0.0299999999999997,7.00000000000003,1,2,66,0.5
633,8337.611473,8336.977474,8337.257474,8337.611473,8343.593467,0,NaN,0,7.00000000000003,1,2,66,0.5
634,8348.273462,8347.328797,8347.810796,8348.273462,8348.620129,0,NaN,0,7.00000000000003,1,2,66,0.5
635,8358.884785,8357.291453,8357.572787,8358.884785,8359.001452,0,NaN,0,7.00000000000003,1,2,66,0.5
636,8368.608109,8367.787443,8368.091443,8368.554776,8370.852107,0,2.99999999999994,0.0299999999999997,5.99999999999996,2,1,65,0.5
637,8373.295437,8372.232105,8372.744105,8373.242104,8374.616103,1,2.99999999999994,0.0299999999999997,7.00000000000003,1,2,66,0.5
638,8377.754766,8376.486768,8376.660101,8377.701433,8380.090097,1,2.99999999999994,0.0299999999999997,7.00000000000003,1,2,66,0.5
639,8382.287428,8381.686096,8381.917429,8382.287428,8386.540758,0,NaN,0,7.00000000000003,1,2,66,0.5
640,8389.422755,8388.679422,8388.948089,8389.369421,8392.816751,1,2.99999999999994,0.0299999999999997,7.00000000000003,1,2,66,0.5
641,8403.69274,8402.592742,8403.138741,8403.639407,8405.302072,1,2.99999999999994,0.0299999999999997,7.00000000000003,1,2,66,0.5
642,8406.546738,8405.847405,8406.080738,8406.493404,8409.278735,0,2.99999999999994,0.0299999999999997,5.99999999999996,2,1,65,0.5
643,8410.4514,8409.664734,8409.986734,8410.398067,8412.322065,0,2.99999999999994,0.0299999999999997,5.99999999999996,2,1,65,0.5
644,8413.94473,8412.949398,8413.404064,8413.891397,8416.365394,1,2.99999999999994,0.0299999999999997,7.00000000000003,1,2,66,0.5
645,8417.880726,8416.825394,8417.28806,8417.82806,8419.322058,1,2.99999999999994,0.0299999999999997,7.00000000000003,1,2,66,0.5
646,8420.682057,8419.708724,8420.186724,8420.628723,8422.324722,1,2.99999999999994,0.0299999999999997,7.00000000000003,1,2,66,0.5
647,8423.381387,8422.686721,8422.912721,8423.381387,8429.586048,1,NaN,0,5.99999999999996,2,1,65,0.5
648,8432.543378,8431.754712,8432.062045,8432.490045,8433.665377,0,2.99999999999994,0.0299999999999997,5.99999999999996,2,1,65,0.5
649,8435.743375,8435.016709,8435.312709,8435.690042,8439.383371,0,2.99999999999994,0.0299999999999997,5.99999999999996,2,1,65,0.5
650,8441.628702,8440.854037,8441.134036,8441.576036,8442.788035,0,2.99999999999994,0.0299999999999997,5.99999999999996,2,1,65,0.5
651,8444.3347,8443.209368,8443.764034,8444.281367,8445.971365,1,2.99999999999994,0.0299999999999997,7.00000000000003,1,2,66,0.5
652,8447.35403,8446.323364,8446.896697,8447.300697,8449.066695,1,2.99999999999994,0.0299999999999997,7.00000000000003,1,2,66,0.5
653,8450.438027,8449.436028,8449.733361,8450.438027,8452.995358,1,NaN,0,5.99999999999996,2,1,65,0.5
654,8640.042504,8639.114505,8639.422505,8639.989171,8644.311166,0,2.99999999999994,0.0299999999999997,5.99999999999996,2,1,65,0.5
655,8647.460497,8646.555164,8646.847164,8647.407163,8649.921828,0,2.99999999999994,0.0299999999999997,5.99999999999996,2,1,65,0.5
656,8652.401825,8651.031826,8651.731826,8652.348492,8654.813156,1,2.99999999999994,0.0299999999999997,7.00000000000003,1,2,66,0.5
657,8656.626487,8655.783155,8656.200488,8656.573154,8659.351151,1,2.99999999999994,0.0299999999999997,7.00000000000003,1,2,66,0.5
658,8661.22715,8660.30315,8660.79715,8661.173816,8663.596481,1,2.99999999999994,0.0299999999999997,7.00000000000003,1,2,66,0.5
659,8665.067146,8664.313147,8664.60248,8665.067146,8669.129142,1,NaN,0,5.99999999999996,2,1,65,0.5
660,8671.673806,8670.792473,8671.18314,8671.620472,8673.510471,0,2.99999999999994,0.0299999999999997,5.99999999999996,2,1,65,0.5
661,8674.967136,8674.34247,8674.573137,8674.923803,8676.789134,0,2.99999999999994,0.0299999999999997,5.99999999999996,2,1,65,0.5
662,8679.635131,8678.659799,8679.151132,8679.581798,8681.417796,1,2.99999999999994,0.0299999999999997,7.00000000000003,1,2,66,0.5
663,8682.621795,8681.838462,8682.164462,8682.568462,8687.65379,0,2.99999999999994,0.0299999999999997,5.99999999999996,2,1,65,0.5
664,8688.656455,8688.043789,8688.265123,8688.603122,8692.011785,0,2.99999999999994,0.0299999999999997,5.99999999999996,2,1,65,0.5
665,8693.341784,8692.576452,8692.879118,8693.288451,8694.796449,0,2.99999999999994,0.0299999999999997,5.99999999999996,2,1,65,0.5
666,8695.760448,8695.180449,8695.386449,8695.707115,8700.534444,0,2.99999999999994,0.0299999999999997,5.99999999999996,2,1,65,0.5
667,8701.995775,8700.87511,8701.499109,8701.942442,8703.84444,1,2.99999999999994,0.0299999999999997,7.00000000000003,1,2,66,0.5
668,8705.088439,8704.211773,8704.629773,8705.035106,8708.943768,1,2.99999999999994,0.0299999999999997,7.00000000000003,1,2,66,0.5
669,8710.251101,8709.561768,8709.819101,8710.251101,8715.961761,1,NaN,0,5.99999999999996,2,1,65,0.5
670,8718.157759,8717.242427,8717.63776,8718.157759,8719.784424,1,NaN,0,5.99999999999996,2,1,65,0.5
671,8724.955086,8724.33042,8724.583753,8724.946419,8726.849084,0,2.99999999999994,0.0299999999999997,5.99999999999996,2,1,65,0.5
672,8728.405082,8727.35175,8727.917083,8728.351749,8730.924413,1,2.99999999999994,0.0299999999999997,7.00000000000003,1,2,66,0.5
673,8731.969745,8731.289746,8731.533079,8731.969745,8735.337742,1,NaN,0,5.99999999999996,2,1,65,0.5
674,8741.559736,8740.856403,8741.162403,8741.506403,8744.065067,0,2.99999999999994,0.0299999999999997,5.99999999999996,2,1,65,0.5
675,8745.202399,8744.449733,8744.743733,8745.149066,8747.178397,0,2.99999999999994,0.0299999999999997,5.99999999999996,2,1,65,0.5
676,8748.305062,8747.701063,8747.966396,8748.251729,8749.819728,0,2.99999999999994,0.0299999999999997,5.99999999999996,2,1,65,0.5
677,8751.534393,8750.475727,8751.021726,8751.481059,8752.909725,1,2.99999999999994,0.0299999999999997,7.00000000000003,1,2,66,0.5
678,8754.07439,8753.236391,8753.589724,8754.021057,8755.941055,0,2.99999999999994,0.0299999999999997,5.99999999999996,2,1,65,0.5
679,8757.279053,8756.479054,8756.853721,8757.22572,8760.264384,0,2.99999999999994,0.0299999999999997,5.99999999999996,2,1,65,0.5
680,8761.711716,8760.91305,8761.184383,8761.658382,8763.527714,1,2.99999999999994,0.0299999999999997,7.00000000000003,1,2,66,0.5
681,8764.837713,8763.879047,8764.353713,8764.784379,8767.02171,1,2.99999999999994,0.0299999999999997,7.00000000000003,1,2,66,0.5
682,8768.360376,8767.36171,8767.891043,8768.307709,8770.339707,1,2.99999999999994,0.0299999999999997,7.00000000000003,1,2,66,0.5
683,8771.806372,8770.744373,8771.246373,8771.753039,8774.143037,0,2.99999999999994,0.0299999999999997,5.99999999999996,2,1,65,0.5
684,8775.633035,8774.831703,8775.143036,8775.579702,8777.278367,1,2.99999999999994,0.0299999999999997,7.00000000000003,1,2,66,0.5
685,8778.349699,8777.639033,8777.923033,8778.349699,8784.718359,1,NaN,0,5.99999999999996,2,1,65,0.5
686,8785.818358,8785.139692,8785.441025,8785.818358,8789.476355,1,NaN,0,5.99999999999996,2,1,65,0.5
687,8794.569016,8793.707017,8794.111683,8794.515683,8795.671682,0,2.99999999999994,0.0299999999999997,5.99999999999996,2,1,65,0.5
688,8797.437013,8796.259681,8796.937681,8797.38368,8799.296345,1,2.99999999999994,0.0299999999999997,7.00000000000003,1,2,66,0.5
689,8801.413677,8800.729677,8800.962343,8801.360343,8803.677674,0,2.99999999999994,0.0299999999999997,5.99999999999996,2,1,65,0.5
690,8805.179672,8804.049007,8804.575673,8805.179672,8809.645001,0,NaN,0,7.00000000000003,1,2,66,0.5
691,8811.900332,8811.119,8811.448999,8811.846999,8813.941664,0,2.99999999999994,0.0299999999999997,5.99999999999996,2,1,65,0.5
692,8815.576329,8814.448996,8815.062996,8815.522995,8817.22366,1,2.99999999999994,0.0299999999999997,7.00000000000003,1,2,66,0.5
693,8818.729659,8817.926326,8818.198326,8818.676325,8820.93299,0,2.99999999999994,0.0299999999999997,5.99999999999996,2,1,65,0.5
694,8822.455655,8821.775656,8822.021655,8822.455655,8827.92365,0,NaN,0,7.00000000000003,1,2,66,0.5
695,8829.418315,8828.356982,8828.872315,8829.364981,8831.018313,1,2.99999999999994,0.0299999999999997,7.00000000000003,1,2,66,0.5
696,8832.422978,8831.368313,8831.959645,8832.369645,8834.033643,1,2.99999999999994,0.0299999999999997,7.00000000000003,1,2,66,0.5
697,8836.090975,8835.414975,8835.594975,8836.037641,8837.986973,0,2.99999999999994,0.0299999999999997,5.99999999999996,2,1,65,0.5
698,8839.154305,8838.416306,8838.769639,8839.100972,8841.228303,0,2.99999999999994,0.0299999999999997,5.99999999999996,2,1,65,0.5
699,8842.760301,8841.736969,8842.268969,8842.706968,8844.552966,1,2.99999999999994,0.0299999999999997,7.00000000000003,1,2,66,0.5
700,8845.852965,8844.885633,8845.412299,8845.799632,8847.83963,1,2.99999999999994,0.0299999999999997,7.00000000000003,1,2,66,0.5
701,8849.150962,8848.198296,8848.718295,8849.097628,8850.807627,1,2.99999999999994,0.0299999999999997,7.00000000000003,1,2,66,0.5
702,8852.536292,8851.191626,8851.593626,8852.482958,8854.742289,0,2.99999999999994,0.0299999999999997,5.99999999999996,2,1,65,0.5
703,8855.910955,8855.168956,8855.425622,8855.857622,8858.132286,0,2.99999999999994,0.0299999999999997,5.99999999999996,2,1,65,0.5
704,8859.244952,8858.567619,8858.824285,8859.191618,8860.885617,0,2.99999999999994,0.0299999999999997,5.99999999999996,2,1,65,0.5
705,8862.821615,8861.786282,8862.304948,8862.768281,8864.782946,1,2.99999999999994,0.0299999999999997,7.00000000000003,1,2,66,0.5
706,8865.841612,8865.178279,8865.445612,8865.841612,8872.237605,1,NaN,0,5.99999999999996,2,1,65,0.5
707,8873.444937,8872.639605,8872.953604,8873.444937,8890.118921,1,NaN,0,5.99999999999996,2,1,65,0.5
708,8892.722918,8891.797586,8892.321585,8892.669585,8895.054249,1,2.99999999999994,0.0299999999999997,7.00000000000003,1,2,66,0.5
709,8896.346914,8895.406915,8895.863582,8896.293581,8897.61158,1,2.99999999999994,0.0299999999999997,7.00000000000003,1,2,66,0.5
710,8898.785579,8897.908246,8898.220246,8898.785579,8900.454244,1,NaN,0,5.99999999999996,2,1,65,0.5
711,8907.30557,8906.423571,8906.719571,8907.30557,8913.212231,1,NaN,0,5.99999999999996,2,1,65,0.5
712,8919.437558,8918.812892,8919.032892,8919.397558,8921.767556,0,2.99999999999994,0.0299999999999997,5.99999999999996,2,1,65,0.5
713,8923.217554,8922.117555,8922.621555,8923.217554,8926.900217,0,NaN,0,7.00000000000003,1,2,66,0.5
714,8929.815548,8929.102882,8929.403548,8929.762214,8931.508879,0,2.99999999999994,0.0299999999999997,5.99999999999996,2,1,65,0.5
715,8933.396877,8932.436212,8932.916878,8933.343544,8935.734208,1,2.99999999999994,0.0299999999999997,7.00000000000003,1,2,66,0.5
716,8936.822207,8936.086208,8936.372208,8936.822207,8943.511534,1,NaN,0,5.99999999999996,2,1,65,0.5
717,8944.677533,8943.957533,8944.273533,8944.624199,8946.488864,0,2.99999999999994,0.0299999999999997,5.99999999999996,2,1,65,0.5
718,8948.324862,8947.404863,8947.848196,8948.271529,8950.331527,1,2.99999999999994,0.0299999999999997,7.00000000000003,1,2,66,0.5
719,8951.498193,8950.706193,8950.979526,8951.498193,8962.164849,1,NaN,0,5.99999999999996,2,1,65,0.5
720,8965.897512,8965.064846,8965.283512,8965.844845,8968.174176,0,2.99999999999994,0.0299999999999997,5.99999999999996,2,1,65,0.5
721,8970.060174,8969.077508,8969.535508,8970.006841,8971.690839,1,2.99999999999994,0.0299999999999997,7.00000000000003,1,2,66,0.5
722,8972.834838,8972.052839,8972.362838,8972.781505,8975.797502,0,2.99999999999994,0.0299999999999997,5.99999999999996,2,1,65,0.5
723,8976.777501,8976.152835,8976.396834,8976.748834,8978.638832,0,2.99999999999994,0.0299999999999997,5.99999999999996,2,1,65,0.5
724,8980.305497,8979.332831,8979.794831,8980.252164,8982.146829,1,2.99999999999994,0.0299999999999997,7.00000000000003,1,2,66,0.5
725,8983.420161,8982.558162,8982.970161,8983.366827,8985.089492,1,2.99999999999994,0.0299999999999997,7.00000000000003,1,2,66,0.5
726,8986.248158,8985.420159,8985.810158,8986.194825,8987.961489,1,2.99999999999994,0.0299999999999997,7.00000000000003,1,2,66,0.5
727,8989.376155,8988.414156,8988.804822,8989.376155,8995.730148,1,NaN,0,5.99999999999996,2,1,65,0.5
728,8998.03348,8997.220814,8997.644146,8998.03348,9000.010811,1,NaN,0,5.99999999999996,2,1,65,0.5
729,9005.098139,9004.473473,9004.724139,9005.084139,9006.922804,0,2.99999999999994,0.0299999999999997,5.99999999999996,2,1,65,0.5
730,9008.435469,9007.382803,9007.925469,9008.382136,9010.434134,1,2.99999999999994,0.0299999999999997,7.00000000000003,1,2,66,0.5
731,9011.604799,9010.7848,9011.0588,9011.551466,9013.931464,0,2.99999999999994,0.0299999999999997,5.99999999999996,2,1,65,0.5
732,9015.478795,9014.453463,9014.930129,9015.478795,9023.316787,0,NaN,0,7.00000000000003,1,2,66,0.5
733,9024.447453,9023.75012,9024.037453,9024.39412,9026.346784,0,2.99999999999994,0.0299999999999997,5.99999999999996,2,1,65,0.5
734,9027.812783,9026.802784,9027.31545,9027.75945,9029.172115,1,2.99999999999994,0.0299999999999997,7.00000000000003,1,2,66,0.5
735,9030.310114,9029.469448,9029.806781,9030.256781,9032.054112,0,2.99999999999994,0.0299999999999997,5.99999999999996,2,1,65,0.5
736,9033.546111,9032.558112,9033.082111,9033.492777,9035.251442,1,2.99999999999994,0.0299999999999997,7.00000000000003,1,2,66,0.5
737,9036.420774,9035.570775,9035.994775,9036.367441,9038.068106,1,2.99999999999994,0.0299999999999997,7.00000000000003,1,2,66,0.5
738,9039.475438,9038.406772,9038.633439,9039.422105,9040.41477,0,2.99999999999994,0.0299999999999997,5.99999999999996,2,1,65,0.5
739,9041.486769,9040.866103,9041.093436,9041.433436,9043.862767,0,2.99999999999994,0.0299999999999997,5.99999999999996,2,1,65,0.5
740,9045.282099,9044.266766,9044.756766,9045.228766,9046.996097,1,2.99999999999994,0.0299999999999997,7.00000000000003,1,2,66,0.5
741,9048.350762,9047.37143,9047.923429,9048.297429,9049.897428,1,2.99999999999994,0.0299999999999997,7.00000000000003,1,2,66,0.5
742,9051.204093,9050.263431,9050.659427,9051.15076,9053.245424,0,2.99999999999994,0.0299999999999997,5.99999999999996,2,1,65,0.5
743,9054.605423,9053.64209,9054.133423,9054.55209,9056.238088,1,2.99999999999994,0.0299999999999997,7.00000000000003,1,2,66,0.5
744,9057.51942,9056.590087,9057.014754,9057.466087,9059.549418,0,2.99999999999994,0.0299999999999997,5.99999999999996,2,1,65,0.5
745,9060.55275,9059.915418,9060.144084,9060.55275,9065.366079,0,NaN,0,7.00000000000003,1,2,66,0.5
746,9070.652073,9069.699408,9070.136074,9070.59874,9072.225405,1,2.99999999999994,0.0299999999999997,7.00000000000003,1,2,66,0.5
747,9073.506071,9072.604738,9073.058738,9073.452737,9075.197402,1,2.99999999999994,0.0299999999999997,7.00000000000003,1,2,66,0.5
748,9076.315401,9075.550735,9075.846068,9076.315401,9082.481395,1,NaN,0,5.99999999999996,2,1,65,0.5
749,9084.409393,9083.560061,9083.994727,9084.409393,9093.760717,1,NaN,0,5.99999999999996,2,1,65,0.5
750,9097.304713,9096.512714,9096.855381,9097.304713,9106.241371,1,NaN,0,5.99999999999996,2,1,65,0.5
751,9107.983369,9107.37137,9107.606703,9107.983369,9110.070034,1,NaN,0,5.99999999999996,2,1,65,0.5
752,9114.918696,9114.16403,9114.44603,9114.865363,9116.408028,0,2.99999999999994,0.0299999999999997,5.99999999999996,2,1,65,0.5
753,9117.616693,9116.992027,9117.222694,9117.60136,9119.970691,0,2.99999999999994,0.0299999999999997,5.99999999999996,2,1,65,0.5
754,9120.97469,9120.350024,9120.605357,9120.943356,9122.305359,0,2.99999999999994,0.0299999999999997,5.99999999999996,2,1,65,0.5
755,9124.36202,9123.588021,9123.88802,9124.308686,9125.264019,0,2.99999999999994,0.0299999999999997,5.99999999999996,2,1,65,0.5
756,9126.531351,9125.906685,9126.188018,9126.485351,9128.403349,0,2.99999999999994,0.0299999999999997,5.99999999999996,2,1,65,0.5
757,9130.076014,9129.028682,9129.564015,9130.022681,9131.532013,1,2.99999999999994,0.0299999999999997,7.00000000000003,1,2,66,0.5
758,9132.712011,9131.942012,9132.220679,9132.658678,9134.622676,0,2.99999999999994,0.0299999999999997,5.99999999999996,2,1,65,0.5
759,9136.058675,9135.184009,9135.586009,9136.005341,9137.860006,1,2.99999999999994,0.0299999999999997,7.00000000000003,1,2,66,0.5
760,9139.392005,9138.582672,9138.951338,9139.338671,9141.043336,1,2.99999999999994,0.0299999999999997,7.00000000000003,1,2,66,0.5
761,9142.320002,9141.386669,9141.792669,9142.266669,9144.615333,0,2.99999999999994,0.0299999999999997,5.99999999999996,2,1,65,0.5
762,9145.638665,9145.013999,9145.251332,9145.596665,9147.261997,0,2.99999999999994,0.0299999999999997,5.99999999999996,2,1,65,0.5
763,9148.711329,9147.77533,9148.223329,9148.657995,9150.37666,1,2.99999999999994,0.0299999999999997,7.00000000000003,1,2,66,0.5
764,9151.378659,9150.711993,9150.96066,9151.378659,9157.941986,1,NaN,0,5.99999999999996,2,1,65,0.5
765,9159.428651,9158.319986,9158.900652,9159.375985,9161.06065,1,2.99999999999994,0.0299999999999997,7.00000000000003,1,2,66,0.5
766,9162.844648,9162.151982,9162.371982,9162.791315,9164.941979,0,2.99999999999994,0.0299999999999997,5.99999999999996,2,1,65,0.5
767,9166.355978,9165.633312,9165.947311,9166.302644,9168.028643,0,2.99999999999994,0.0299999999999997,5.99999999999996,2,1,65,0.5
768,9169.415308,9168.654642,9169.002642,9169.415308,9172.801971,1,NaN,0,5.99999999999996,2,1,65,0.5
769,9293.026518,9292.250518,9292.534518,9292.973184,9294.721849,0,2.99999999999994,0.0299999999999997,5.99999999999996,2,1,65,0.5
770,9296.831847,9295.927848,9296.257848,9296.778514,9298.149846,0,2.99999999999994,0.0299999999999997,5.99999999999996,2,1,65,0.5
771,9299.745178,9299.120512,9299.385845,9299.739178,9302.033842,0,2.99999999999994,0.0299999999999997,5.99999999999996,2,1,65,0.5
772,9305.638505,9304.747839,9305.006506,9305.638505,9308.846502,1,NaN,0,5.99999999999996,2,1,65,0.5
773,9314.317163,9313.692497,9313.88783,9314.26783,9315.673828,0,2.99999999999994,0.0299999999999997,5.99999999999996,2,1,65,0.5
774,9317.359827,9316.312494,9316.887827,9317.306493,9319.269158,1,2.99999999999994,0.0299999999999997,7.00000000000003,1,2,66,0.5
775,9320.435824,9319.627824,9320.029824,9320.38249,9322.967821,1,2.99999999999994,0.0299999999999997,7.00000000000003,1,2,66,0.5
776,9324.27382,9323.395154,9323.878487,9324.220487,9325.670485,1,2.99999999999994,0.0299999999999997,7.00000000000003,1,2,66,0.5
777,9326.860484,9326.027818,9326.351818,9326.807151,9328.395149,0,2.99999999999994,0.0299999999999997,5.99999999999996,2,1,65,0.5
778,9329.774481,9328.850482,9329.302481,9329.721148,9331.347146,1,2.99999999999994,0.0299999999999997,7.00000000000003,1,2,66,0.5
779,9332.603811,9331.739812,9332.109145,9332.550478,9335.189809,0,2.99999999999994,0.0299999999999997,5.99999999999996,2,1,65,0.5
780,9336.089141,9335.530475,9335.747142,9336.035808,9337.60314,0,2.99999999999994,0.0299999999999997,5.99999999999996,2,1,65,0.5
781,9338.707139,9338.165806,9338.384472,9338.653805,9340.377137,0,2.99999999999994,0.0299999999999997,5.99999999999996,2,1,65,0.5
782,9342.213135,9341.253136,9341.753136,9342.159802,9343.710467,1,2.99999999999994,0.0299999999999997,7.00000000000003,1,2,66,0.5
783,9344.724466,9344.039133,9344.249133,9344.724466,9346.758464,0,NaN,0,7.00000000000003,1,2,66,0.5
784,9399.984411,9393.71575,9393.926417,NaN,NaN,NaN,NaN,0,7.00000000000003,1,2,66,0.5
785,9410.853071,9410.225067,9410.449734,9410.799733,9433.521044,0,2.99999999999994,0.0299999999999997,5.99999999999996,2,1,65,0.5
786,9452.019692,9451.309693,9451.669692,9452.019692,9481.404996,0,NaN,0,7.00000000000003,1,2,66,0.5
787,9487.58899,9486.937657,9487.223657,9487.58899,9586.596891,0,NaN,0,7.00000000000003,1,2,66,0.5
788,9601.07021,9599.820211,9600.42021,9601.07021,9613.188864,0,NaN,0,7.00000000000003,1,2,66,0.5
789,9631.745512,9619.122858,9619.327525,NaN,9634.166843,NaN,NaN,0,5.99999999999996,2,1,65,0.5
790,9672.002805,9669.488141,9669.746808,NaN,9699.316111,NaN,NaN,0,5.99999999999996,2,1,65,0.5
791,9709.350768,9708.748102,9708.966768,9709.297435,9710.4261,0,2.99999999999994,0.0299999999999997,5.99999999999996,2,1,65,0.5
792,9711.898766,9711.2741,9711.522099,9711.872099,9714.808096,0,2.99999999999994,0.0299999999999997,5.99999999999996,2,1,65,0.5
793,9722.012089,9720.98009,9721.448089,9721.958755,9724.136087,1,2.99999999999994,0.0299999999999997,7.00000000000003,1,2,66,0.5
794,9725.381419,9724.524753,9724.844753,9725.328085,9729.711414,0,2.99999999999994,0.0299999999999997,5.99999999999996,2,1,65,0.5
795,9731.398746,9730.67608,9730.916747,9731.345413,9732.467412,0,2.99999999999994,0.0299999999999997,5.99999999999996,2,1,65,0.5
796,9735.063409,9734.366743,9734.616076,9735.010076,9735.609408,0,2.99999999999994,0.0299999999999997,5.99999999999996,2,1,65,0.5
797,9737.55874,9736.449408,9736.95874,9737.505407,9741.596736,1,2.99999999999994,0.0299999999999997,7.00000000000003,1,2,66,0.5
798,9743.581401,9742.590068,9743.054735,9743.528067,9745.182066,1,2.99999999999994,0.0299999999999997,7.00000000000003,1,2,66,0.5
799,9746.306064,9745.563399,9745.816732,9746.252731,9748.138063,0,2.99999999999994,0.0299999999999997,5.99999999999996,2,1,65,0.5
800,9749.795394,9749.054728,9749.314061,9749.742061,9751.588726,1,2.99999999999994,0.0299999999999997,7.00000000000003,1,2,66,0.5
801,9752.831391,9751.981392,9752.474058,9752.778058,9754.594723,1,2.99999999999994,0.0299999999999997,7.00000000000003,1,2,66,0.5
802,9755.886722,9755.015389,9755.459389,9755.884055,9758.010053,1,2.99999999999994,0.0299999999999997,7.00000000000003,1,2,66,0.5
803,9759.376718,9758.472719,9758.854719,9759.323385,9760.99405,0,2.99999999999994,0.0299999999999997,5.99999999999996,2,1,65,0.5
804,9762.212049,9761.599383,9761.83472,9762.158715,9789.670688,0,2.99999999999994,0.0299999999999997,5.99999999999996,2,1,65,0.5
805,9960.367184,9959.255852,9959.723184,9960.364517,9962.211182,1,2.99999999999994,0.0299999999999997,7.00000000000003,1,2,66,0.5
806,9964.269846,9963.275181,9963.710514,9964.216513,9966.179845,1,2.99999999999994,0.0299999999999997,7.00000000000003,1,2,66,0.5
807,9967.727843,9966.769177,9967.219177,9967.67451,9969.495841,1,2.99999999999994,0.0299999999999997,7.00000000000003,1,2,66,0.5
808,9971.112506,9970.215178,9970.53184,9971.059173,9974.07517,0,2.99999999999994,0.0299999999999997,5.99999999999996,2,1,65,0.5
809,9975.274502,9974.482503,9974.950502,9975.274502,9984.169827,0,NaN,0,7.00000000000003,1,2,66,0.5
810,9985.647158,9984.499826,9985.078492,9985.593825,9987.987823,1,2.99999999999994,0.0299999999999997,7.00000000000003,1,2,66,0.5
811,9989.623154,9988.720489,9989.188488,9989.569821,9991.20782,1,2.99999999999994,0.0299999999999997,7.00000000000003,1,2,66,0.5
812,9992.405152,9991.603819,9991.907152,9992.351818,9995.523815,0,2.99999999999994,0.0299999999999997,5.99999999999996,2,1,65,0.5
813,9996.881814,9995.843815,9996.331814,9996.828481,9999.343811,1,2.99999999999994,0.0299999999999997,7.00000000000003,1,2,66,0.5
814,10000.76981,9999.950477,10000.396477,10000.717143,10002.421808,1,2.99999999999994,0.0299999999999997,7.00000000000003,1,2,66,0.5
815,10003.60114,10002.815808,10003.169141,10003.547807,10005.270472,1,2.99999999999994,0.0299999999999997,7.00000000000003,1,2,66,0.5
816,10006.624471,10005.769138,10006.214471,10006.571138,10008.386469,1,2.99999999999994,0.0299999999999997,7.00000000000003,1,2,66,0.5
817,10009.669801,10008.736469,10009.136468,10009.616468,10011.721132,0,2.99999999999994,0.0299999999999997,5.99999999999996,2,1,65,0.5
818,10064.279751,10063.65508,10063.905747,10064.26908,10067.75041,0,2.99999999999994,0.0299999999999997,5.99999999999996,2,1,65,0.5
819,10069.354408,10068.421076,10068.911075,10069.301075,10071.404406,1,2.99999999999994,0.0299999999999997,7.00000000000003,1,2,66,0.5
820,10073.005738,10072.367072,10072.635738,10073.005738,10077.115067,1,NaN,0,5.99999999999996,2,1,65,0.5
821,10081.553063,10080.95773,10081.16373,10081.499729,10083.253061,0,2.99999999999994,0.0299999999999997,5.99999999999996,2,1,65,0.5
822,10084.813726,10084.105727,10084.428393,10084.760393,10086.269058,0,2.99999999999994,0.0299999999999997,5.99999999999996,2,1,65,0.5
823,10087.847056,10087.003724,10087.345723,10087.793723,10089.220388,1,2.99999999999994,0.0299999999999997,7.00000000000003,1,2,66,0.5
824,10090.245721,10089.642388,10089.835054,10090.245721,10095.000382,1,NaN,0,5.99999999999996,2,1,65,0.5
825,10097.501047,10096.553714,10097.023047,10097.447713,10099.631711,1,2.99999999999994,0.0299999999999997,7.00000000000003,1,2,66,0.5
826,10100.807043,10100.107044,10100.347711,10100.75371,10103.227041,0,2.99999999999994,0.0299999999999997,5.99999999999996,2,1,65,0.5
827,10104.671706,10103.996373,10104.254373,10104.618373,10105.501706,0,2.99999999999994,0.0299999999999997,5.99999999999996,2,1,65,0.5
828,10106.871704,10105.955705,10106.387038,10106.818371,10108.404369,1,2.99999999999994,0.0299999999999997,7.00000000000003,1,2,66,0.5
829,10109.423035,10108.787702,10108.989035,10109.423035,10112.947031,1,NaN,0,5.99999999999996,2,1,65,0.5
830,10120.908357,10120.174357,10120.395024,10120.855023,10122.741688,1,2.99999999999994,0.0299999999999997,7.00000000000003,1,2,66,0.5
831,10123.705687,10123.081021,10123.304354,10123.668354,10125.241019,0,2.99999999999994,0.0299999999999997,5.99999999999996,2,1,65,0.5
832,10126.529018,10125.843685,10126.154351,10126.475684,10128.001016,0,2.99999999999994,0.0299999999999997,5.99999999999996,2,1,65,0.5
833,10129.201015,10128.577682,10128.806349,10129.147682,10130.509014,0,2.99999999999994,0.0299999999999997,5.99999999999996,2,1,65,0.5
834,10132.006345,10131.103013,10131.555679,10131.953012,10133.595677,1,2.99999999999994,0.0299999999999997,7.00000000000003,1,2,66,0.5
835,10135.619675,10134.883009,10135.165676,10135.566342,10137.409007,0,2.99999999999994,0.0299999999999997,5.99999999999996,2,1,65,0.5
836,10138.930339,10138.023006,10138.469672,10138.877006,10140.504337,1,2.99999999999994,0.0299999999999997,7.00000000000003,1,2,66,0.5
837,10141.717669,10140.899003,10141.245003,10141.664336,10143.711,0,2.99999999999994,0.0299999999999997,5.99999999999996,2,1,65,0.5
838,10145.120999,10144.283666,10144.664999,10145.067666,10146.816997,1,2.99999999999994,0.0299999999999997,7.00000000000003,1,2,66,0.5
839,10147.998329,10147.190997,10147.546997,10147.944996,10149.808994,0,2.99999999999994,0.0299999999999997,5.99999999999996,2,1,65,0.5
840,10151.607659,10150.73366,10151.146326,10151.554326,10153.107658,1,2.99999999999994,0.0299999999999997,7.00000000000003,1,2,66,0.5
841,10154.291656,10153.493657,10153.892324,10154.238323,10155.929655,1,2.99999999999994,0.0299999999999997,7.00000000000003,1,2,66,0.5
842,10157.145654,10156.336321,10156.746987,10157.142987,10158.869652,1,2.99999999999994,0.0299999999999997,7.00000000000003,1,2,66,0.5
843,10160.082317,10159.216318,10159.613651,10160.082317,10165.303645,1,NaN,0,5.99999999999996,2,1,65,0.5
844,10166.511644,10165.758312,10166.175645,10166.458311,10168.446309,0,2.99999999999994,0.0299999999999997,5.99999999999996,2,1,65,0.5
845,10169.666974,10169.075642,10169.315641,10169.613641,10172.961638,0,2.99999999999994,0.0299999999999997,5.99999999999996,2,1,65,0.5
846,10174.22097,10173.308304,10173.76897,10174.168303,10175.736302,1,2.99999999999994,0.0299999999999997,7.00000000000003,1,2,66,0.5
847,10176.972967,10176.139635,10176.502301,10176.919634,10178.649632,0,2.99999999999994,0.0299999999999997,5.99999999999996,2,1,65,0.5
848,10179.864964,10179.188298,10179.467631,10179.811631,10181.326296,0,2.99999999999994,0.0299999999999997,5.99999999999996,2,1,65,0.5
849,10182.517628,10181.892962,10182.214962,10182.488295,10184.267627,0,2.99999999999994,0.0299999999999997,5.99999999999996,2,1,65,0.5
850,10186.073625,10185.356959,10185.599625,10186.020291,10187.73629,1,2.99999999999994,0.0299999999999997,7.00000000000003,1,2,66,0.5
851,10190.027621,10189.238288,10189.518955,10189.974287,10191.843619,0,2.99999999999994,0.0299999999999997,5.99999999999996,2,1,65,0.5
852,10192.976951,10192.384952,10192.583618,10192.923618,10195.997615,0,2.99999999999994,0.0299999999999997,5.99999999999996,2,1,65,0.5
853,10197.05828,10196.382281,10196.645614,10197.004947,10198.535612,0,2.99999999999994,0.0299999999999997,5.99999999999996,2,1,65,0.5
854,10200.026944,10199.126278,10199.537611,10199.973611,10201.832276,1,2.99999999999994,0.0299999999999997,7.00000000000003,1,2,66,0.5
855,10203.008274,10202.186942,10202.519608,10202.954941,10204.468273,0,2.99999999999994,0.0299999999999997,5.99999999999996,2,1,65,0.5
856,10206.080271,10205.013606,10205.610938,10206.026938,10207.745603,1,2.99999999999994,0.0299999999999997,7.00000000000003,1,2,66,0.5
857,10208.877602,10208.100269,10208.407602,10208.824269,10210.398934,0,2.99999999999994,0.0299999999999997,5.99999999999996,2,1,65,0.5
858,10211.684932,10210.938933,10211.304933,10211.684932,10213.423597,0,NaN,0,7.00000000000003,1,2,66,0.5
859,10244.861566,10244.071567,10244.446233,10244.861566,10245.462899,0,NaN,0,7.00000000000003,1,2,66,0.5
860,10251.224893,10250.640227,10250.810227,10251.17156,10254.044223,0,2.99999999999994,0.0299999999999997,5.99999999999996,2,1,65,0.5
861,10255.469555,10254.910889,10255.146222,10255.469555,10260.326884,0,NaN,0,7.00000000000003,1,2,66,0.5
862,10264.486213,10263.544214,10264.03288,10264.43288,10266.411544,1,2.99999999999994,0.0299999999999997,7.00000000000003,1,2,66,0.5
863,10267.708876,10266.792211,10267.27021,10267.655543,10269.691541,1,2.99999999999994,0.0299999999999997,7.00000000000003,1,2,66,0.5
864,10270.932207,10270.062207,10270.38154,10270.878873,10272.189539,0,2.99999999999994,0.0299999999999997,5.99999999999996,2,1,65,0.5
865,10273.292871,10272.668205,10272.895538,10273.252204,10274.879536,0,2.99999999999994,0.0299999999999997,5.99999999999996,2,1,65,0.5
866,10276.500201,10275.540869,10276.019535,10276.446868,10278.174199,1,2.99999999999994,0.0299999999999997,7.00000000000003,1,2,66,0.5
867,10279.372865,10278.539533,10278.937532,10279.319531,10281.00153,1,2.99999999999994,0.0299999999999997,7.00000000000003,1,2,66,0.5
868,10282.269528,10281.359529,10281.843529,10282.216195,10283.722194,1,2.99999999999994,0.0299999999999997,7.00000000000003,1,2,66,0.5
869,10285.092192,10284.04286,10284.40286,10285.092192,10286.681524,1,NaN,0,5.99999999999996,2,1,65,0.5
870,10297.679513,10297.06218,10297.27618,10297.62618,10299.198178,0,2.99999999999994,0.0299999999999997,5.99999999999996,2,1,65,0.5
871,10300.504177,10299.946177,10300.152844,10300.450844,10302.078842,0,2.99999999999994,0.0299999999999997,5.99999999999996,2,1,65,0.5
872,10303.600174,10302.718175,10303.131508,10303.546841,10305.282839,1,2.99999999999994,0.0299999999999997,7.00000000000003,1,2,66,0.5
873,10306.407504,10305.668838,10306.049505,10306.354171,10307.81417,1,2.99999999999994,0.0299999999999997,7.00000000000003,1,2,66,0.5
874,10309.056835,10308.154836,10308.631502,10309.054168,10310.7575,1,2.99999999999994,0.0299999999999997,7.00000000000003,1,2,66,0.5
875,10311.950832,10311.1215,10311.424833,10311.897499,10315.710828,0,2.99999999999994,0.0299999999999997,5.99999999999996,2,1,65,0.5
876,10316.971494,10316.066161,10316.444828,10316.918161,10318.703492,1,2.99999999999994,0.0299999999999997,7.00000000000003,1,2,66,0.5
877,10319.943491,10319.099492,10319.540158,10319.940824,10321.857489,1,2.99999999999994,0.0299999999999997,7.00000000000003,1,2,66,0.5
878,10322.968821,10322.196155,10322.566155,10322.915488,10324.351486,1,2.99999999999994,0.0299999999999997,7.00000000000003,1,2,66,0.5
879,10325.659485,10324.739486,10325.122819,10325.606152,10327.403483,0,2.99999999999994,0.0299999999999997,5.99999999999996,2,1,65,0.5
880,10328.762149,10327.91815,10328.300816,10328.708815,10330.248147,1,2.99999999999994,0.0299999999999997,7.00000000000003,1,2,66,0.5
881,10331.338146,10330.574814,10330.848147,10331.284813,10333.159478,1,2.99999999999994,0.0299999999999997,7.00000000000003,1,2,66,0.5
882,10334.27481,10333.495477,10333.90681,10334.221477,10335.924808,1,2.99999999999994,0.0299999999999997,7.00000000000003,1,2,66,0.5
883,10337.226807,10336.281474,10336.646141,10337.173474,10338.848139,0,2.99999999999994,0.0299999999999997,5.99999999999996,2,1,65,0.5
884,10340.005471,10339.418805,10339.649471,10340.005471,10345.705465,0,NaN,0,7.00000000000003,1,2,66,0.5
885,10346.819464,10346.063465,10346.338131,10346.766131,10348.225463,0,2.99999999999994,0.0299999999999997,5.99999999999996,2,1,65,0.5
886,10349.333461,10348.719462,10348.998128,10349.280128,10351.112126,0,2.99999999999994,0.0299999999999997,5.99999999999996,2,1,65,0.5
887,10352.177459,10351.578793,10351.827459,10352.124126,10353.574124,0,2.99999999999994,0.0299999999999997,5.99999999999996,2,1,65,0.5
888,10355.134122,10354.093457,10354.638123,10355.080789,10356.758787,1,2.99999999999994,0.0299999999999997,7.00000000000003,1,2,66,0.5
889,10358.232119,10357.490787,10357.774786,10358.178786,10359.934117,1,2.99999999999994,0.0299999999999997,7.00000000000003,1,2,66,0.5
890,10361.038783,10360.282117,10360.59345,10360.98545,10362.529448,1,2.99999999999994,0.0299999999999997,7.00000000000003,1,2,66,0.5
891,10363.550781,10362.849448,10363.091448,10363.550781,10369.710108,1,NaN,0,5.99999999999996,2,1,65,0.5
892,10371.298106,10370.214774,10370.806107,10371.244773,10372.830771,1,2.99999999999994,0.0299999999999997,7.00000000000003,1,2,66,0.5
893,10374.047437,10373.187438,10373.440771,10374.047437,10375.302102,1,NaN,0,5.99999999999996,2,1,65,0.5
894,10391.316086,10390.340754,10390.832753,10391.262753,10393.254084,1,2.99999999999994,0.0299999999999997,7.00000000000003,1,2,66,0.5
895,10394.229417,10393.596084,10393.82875,10394.229417,10405.855405,1,NaN,0,5.99999999999996,2,1,65,0.5
896,10433.86871,10433.262044,10433.450044,10433.815377,10436.174041,0,2.99999999999994,0.0299999999999997,5.99999999999996,2,1,65,0.5
897,10437.58004,10436.897374,10437.161374,10437.526707,10439.048038,0,2.99999999999994,0.0299999999999997,5.99999999999996,2,1,65,0.5
898,10440.440037,10439.532705,10439.932037,10440.386704,10441.974035,1,2.99999999999994,0.0299999999999997,7.00000000000003,1,2,66,0.5
899,10453.743357,10453.062691,10453.294691,10453.690024,10455.420022,0,2.99999999999994,0.0299999999999997,5.99999999999996,2,1,65,0.5
900,10464.48268,10463.858014,10464.098013,10464.465346,10466.270678,0,2.99999999999994,0.0299999999999997,5.99999999999996,2,1,65,0.5
901,10467.791343,10467.039344,10467.273343,10467.738676,10469.714008,1,2.99999999999994,0.0299999999999997,7.00000000000003,1,2,66,0.5
902,10470.870673,10470.107341,10470.35134,10470.870673,10475.892002,1,NaN,0,5.99999999999996,2,1,65,0.5
903,10479.573331,10478.667332,10479.115332,10479.519998,10481.072663,1,2.99999999999994,0.0299999999999997,7.00000000000003,1,2,66,0.5
904,10483.244661,10482.665995,10482.834661,10483.244661,10483.601994,0,NaN,0,7.00000000000003,1,2,66,0.5
905,10489.647321,10489.083988,10489.237322,10489.594654,10491.03532,0,2.99999999999994,0.0299999999999997,5.99999999999996,2,1,65,0.5
906,10492.765318,10491.988652,10492.357318,10492.765318,10499.031978,0,NaN,0,7.00000000000003,1,2,66,0.5
907,10503.64464,10503.019974,10503.255974,10503.637974,10505.192639,0,2.99999999999994,0.0299999999999997,5.99999999999996,2,1,65,0.5
908,10506.698637,10505.802638,10506.235305,10506.645304,10508.018636,1,2.99999999999994,0.0299999999999997,7.00000000000003,1,2,66,0.5
909,10509.104635,10508.395302,10508.659969,10509.051302,10510.618633,0,2.99999999999994,0.0299999999999997,5.99999999999996,2,1,65,0.5
910,10511.646632,10511.1033,10511.331966,10511.593299,10513.140631,0,2.99999999999994,0.0299999999999997,5.99999999999996,2,1,65,0.5
911,10514.419296,10513.627966,10513.93063,10514.365963,10516.194628,1,2.99999999999994,0.0299999999999997,7.00000000000003,1,2,66,0.5
912,10517.40196,10516.625961,10516.941961,10517.40196,10539.067938,1,NaN,0,5.99999999999996,2,1,65,0.5
913,10549.253928,10548.559929,10548.703929,10549.253928,10642.769168,0,NaN,0,7.00000000000003,1,2,66,0.5
914,10654.835156,10653.807824,10654.038491,10654.781823,10656.205821,1,2.99999999999994,0.0299999999999997,7.00000000000003,1,2,66,0.5
915,10704.650439,10703.577774,10703.877774,10704.650439,10710.632433,1,NaN,0,5.99999999999996,2,1,65,0.5
916,10713.751764,10712.641765,10713.210431,10713.69843,10715.427762,1,2.99999999999994,0.0299999999999997,7.00000000000003,1,2,66,0.5
917,10717.081094,10716.456428,10716.727761,10717.074427,10719.450425,0,2.99999999999994,0.0299999999999997,5.99999999999996,2,1,65,0.5
918,10720.794423,10720.198424,10720.434424,10720.74109,10721.582423,0,2.99999999999994,0.0299999999999997,5.99999999999996,2,1,65,0.5
919,10724.273753,10723.373754,10723.705087,10724.22042,10725.936418,1,2.99999999999994,0.0299999999999997,7.00000000000003,1,2,66,0.5
920,10728.776415,10728.209749,10728.395082,10728.723082,10730.298414,0,2.99999999999994,0.0299999999999997,5.99999999999996,2,1,65,0.5
921,10732.005079,10731.09308,10731.571746,10731.951745,10733.653744,1,2.99999999999994,0.0299999999999997,7.00000000000003,1,2,66,0.5
922,10734.951076,10734.17441,10734.48241,10734.897743,10736.869074,0,2.99999999999994,0.0299999999999997,5.99999999999996,2,1,65,0.5
923,10737.88374,10737.259074,10737.483073,10737.854406,10739.476405,0,2.99999999999994,0.0299999999999997,5.99999999999996,2,1,65,0.5
924,10741.014403,10740.111737,10740.51107,10740.96107,10742.890401,1,2.99999999999994,0.0299999999999997,7.00000000000003,1,2,66,0.5
925,10744.1764,10743.385067,10743.685734,10744.1764,10755.210389,1,NaN,0,5.99999999999996,2,1,65,0.5
926,10768.571709,10755.949055,10756.211721,NaN,10989.208822,NaN,NaN,0,5.99999999999996,2,1,65,0.5
927,11013.722797,11012.834798,11013.060798,11013.669464,11014.643463,0,2.99999999999994,0.0299999999999997,5.99999999999996,2,1,65,0.5
928,11016.689461,11015.679462,11016.216128,11016.636127,11018.274126,1,2.99999999999994,0.0299999999999997,7.00000000000003,1,2,66,0.5
929,11021.123456,11020.51479,11020.703457,11021.116123,11025.199452,0,2.99999999999994,0.0299999999999997,5.99999999999996,2,1,65,0.5
930,11026.548784,11025.852118,11026.106785,11026.546118,11072.155405,0,2.99999999999994,0.0299999999999997,5.99999999999996,2,1,65,0.5
931,11080.245397,11079.434731,11079.732064,11080.192064,11081.059396,0,2.99999999999994,0.0299999999999997,5.99999999999996,2,1,65,0.5
932,11085.588059,11084.764059,11085.047392,11085.534725,11087.080057,0,2.99999999999994,0.0299999999999997,5.99999999999996,2,1,65,0.5
933,11088.704055,11087.983389,11088.242723,11088.650722,11090.000054,1,2.99999999999994,0.0299999999999997,7.00000000000003,1,2,66,0.5
934,11091.054054,11090.429387,11090.606054,11091.002053,11092.830051,0,2.99999999999994,0.0299999999999997,5.99999999999996,2,1,65,0.5
935,11094.654716,11093.81005,11094.13805,11094.601383,11096.236715,1,2.99999999999994,0.0299999999999997,7.00000000000003,1,2,66,0.5
936,11097.358047,11096.670714,11096.897381,11097.304713,11099.273378,0,2.99999999999994,0.0299999999999997,5.99999999999996,2,1,65,0.5
937,11100.899377,11099.979377,11100.308044,11100.846043,11103.119374,1,2.99999999999994,0.0299999999999997,7.00000000000003,1,2,66,0.5
938,11106.634704,11105.728038,11106.129371,11106.581371,11107.75137,1,2.99999999999994,0.0299999999999997,7.00000000000003,1,2,66,0.5
939,11109.128035,11108.156036,11108.691369,11109.074702,11111.082033,1,2.99999999999994,0.0299999999999997,7.00000000000003,1,2,66,0.5
940,11112.260032,11111.471366,11111.730032,11112.206699,11113.965363,0,2.99999999999994,0.0299999999999997,5.99999999999996,2,1,65,0.5
941,11115.119362,11114.494696,11114.771363,11115.088696,11117.222694,0,2.99999999999994,0.0299999999999997,5.99999999999996,2,1,65,0.5
942,11118.783359,11118.102026,11118.311359,11118.730025,11120.266691,1,2.99999999999994,0.0299999999999997,7.00000000000003,1,2,66,0.5
943,11121.366023,11120.62069,11120.863357,11121.312689,11122.955354,0,2.99999999999994,0.0299999999999997,5.99999999999996,2,1,65,0.5
944,11124.00802,11123.421354,11123.657354,11124.00802,11132.056679,0,NaN,0,7.00000000000003,1,2,66,0.5
945,11387.84909,11387.01109,11387.193757,11387.796423,11390.224421,0,2.99999999999994,0.0299999999999997,5.99999999999996,2,1,65,0.5
946,11392.212419,11391.373086,11391.799752,11392.212419,11396.383081,0,NaN,0,7.00000000000003,1,2,66,0.5
947,11398.884412,11398.053079,11398.149079,11398.884412,11400.841077,0,NaN,0,7.00000000000003,1,2,66,0.5
948,11406.168405,11405.221072,11405.671738,11406.115071,11407.913736,1,2.99999999999994,0.0299999999999997,7.00000000000003,1,2,66,0.5
949,11409.172402,11408.394402,11408.667069,11409.119068,11410.581734,0,2.99999999999994,0.0299999999999997,5.99999999999996,2,1,65,0.5
950,11411.869732,11411.0904,11411.483733,11411.869732,11412.285065,0,NaN,0,7.00000000000003,1,2,66,0.5
951,11422.067722,11421.593056,11421.663722,11422.067722,11434.762376,0,NaN,0,7.00000000000003,1,2,66,0.5
952,11442.123702,11441.301703,11441.597702,11442.070369,11443.8217,0,2.99999999999994,0.0299999999999997,5.99999999999996,2,1,65,0.5
953,11467.30701,11466.145678,11466.746344,11467.30701,11473.416337,0,NaN,0,7.00000000000003,1,2,66,0.5
954,11474.921669,11474.31767,11474.529003,11474.921669,11475.257669,1,NaN,0,5.99999999999996,2,1,65,0.5
955,11486.855657,11486.075658,11486.327658,11486.855657,11487.058324,0,NaN,0,7.00000000000003,1,2,66,0.5
956,11493.443651,11492.394985,11492.887651,11493.390317,11494.899649,1,2.99999999999994,0.0299999999999997,7.00000000000003,1,2,66,0.5
957,11496.358981,11495.345649,11495.843648,11496.305648,11498.655645,1,2.99999999999994,0.0299999999999997,7.00000000000003,1,2,66,0.5
958,11503.98964,11503.250974,11503.453641,11503.986973,11505.432972,0,2.99999999999994,0.0299999999999997,5.99999999999996,2,1,65,0.5
959,11506.738971,11506.013638,11506.282971,11506.685637,11507.453637,0,2.99999999999994,0.0299999999999997,5.99999999999996,2,1,65,0.5
960,11509.058968,11508.156303,11508.572969,11509.005635,11511.1423,1,2.99999999999994,0.0299999999999997,7.00000000000003,1,2,66,0.5
961,11512.316965,11511.564966,11511.842299,11512.263632,11513.858964,0,2.99999999999994,0.0299999999999997,5.99999999999996,2,1,65,0.5
962,11515.238962,11514.344297,11514.720963,11515.185629,11517.173627,1,2.99999999999994,0.0299999999999997,7.00000000000003,1,2,66,0.5
963,11518.432959,11517.621626,11517.870293,11518.379626,11520.445624,0,2.99999999999994,0.0299999999999997,5.99999999999996,2,1,65,0.5
964,11521.860956,11521.167623,11521.380956,11521.807622,11583.345561,0,2.99999999999994,0.0299999999999997,5.99999999999996,2,1,65,0.5
965,11600.514877,11599.364211,11599.902211,11600.514877,11600.892877,0,NaN,0,7.00000000000003,1,2,66,0.5
966,11612.802198,11612.177532,11612.372198,11612.802198,11613.184198,0,NaN,0,7.00000000000003,1,2,66,0.5
967,11619.457525,11618.755525,11618.985525,11619.404191,11622.911521,0,2.99999999999994,0.0299999999999997,5.99999999999996,2,1,65,0.5
968,11624.440186,11623.389521,11623.910187,11624.386853,11625.806852,1,2.99999999999994,0.0299999999999997,7.00000000000003,1,2,66,0.5
969,11627.010851,11626.302184,11626.524851,11626.957517,11628.728849,0,2.99999999999994,0.0299999999999997,5.99999999999996,2,1,65,0.5
970,11630.101514,11629.291515,11629.626848,11630.048181,11631.632179,1,2.99999999999994,0.0299999999999997,7.00000000000003,1,2,66,0.5
971,11632.828178,11632.080179,11632.312178,11632.774845,11634.480843,0,2.99999999999994,0.0299999999999997,5.99999999999996,2,1,65,0.5
972,11635.662175,11634.999509,11635.210842,11635.662175,11662.861481,0,NaN,0,7.00000000000003,1,2,66,0.5
973,11681.031463,11680.492797,11680.59213,11681.031463,11681.195465,0,NaN,0,7.00000000000003,1,2,66,0.5
974,11701.02611,11700.40411,11700.55011,11700.972776,11703.734107,0,2.99999999999994,0.0299999999999997,5.99999999999996,2,1,65,0.5
975,11709.675435,11708.994768,11709.238102,11709.675435,11709.906101,0,NaN,0,7.00000000000003,1,2,66,0.5
976,11720.080757,11719.256758,11719.556758,11720.027424,11722.259422,1,2.99999999999994,0.0299999999999997,7.00000000000003,1,2,66,0.5
977,11723.750754,11722.828755,11723.277421,11723.69742,11725.773418,1,2.99999999999994,0.0299999999999997,7.00000000000003,1,2,66,0.5
978,11727.16675,11726.354084,11726.774751,11727.113417,11729.348748,1,2.99999999999994,0.0299999999999997,7.00000000000003,1,2,66,0.5
979,11731.155413,11730.199414,11730.51808,11731.10208,11732.067412,0,2.99999999999994,0.0299999999999997,5.99999999999996,2,1,65,0.5
980,11734.350743,11733.638744,11733.902744,11734.29741,11736.256075,0,2.99999999999994,0.0299999999999997,5.99999999999996,2,1,65,0.5
981,11737.402073,11736.685407,11736.945407,11737.34874,11740.804737,0,2.99999999999994,0.0299999999999997,5.99999999999996,2,1,65,0.5
982,11742.144735,11741.207403,11741.572069,11742.091402,11743.738067,1,2.99999999999994,0.0299999999999997,7.00000000000003,1,2,66,0.5
983,11745.116066,11744.252067,11744.590733,11745.062732,11747.552063,0,2.99999999999994,0.0299999999999997,5.99999999999996,2,1,65,0.5
984,11748.944728,11748.128729,11748.452729,11748.891395,11750.55206,1,2.99999999999994,0.0299999999999997,7.00000000000003,1,2,66,0.5
985,11751.930725,11750.89406,11751.468726,11751.877392,11753.410057,1,2.99999999999994,0.0299999999999997,7.00000000000003,1,2,66,0.5
986,11754.619389,11753.844057,11754.108723,11754.566056,11755.858722,0,2.99999999999994,0.0299999999999997,5.99999999999996,2,1,65,0.5
987,11757.036054,11756.427388,11756.676721,11756.98272,11758.521386,0,2.99999999999994,0.0299999999999997,5.99999999999996,2,1,65,0.5
988,11760.583384,11759.473385,11760.048717,11760.53005,11762.264048,1,2.99999999999994,0.0299999999999997,7.00000000000003,1,2,66,0.5
989,11763.490714,11762.696049,11763.083381,11763.437381,11765.204712,1,2.99999999999994,0.0299999999999997,7.00000000000003,1,2,66,0.5
990,11766.530711,11765.658712,11766.009378,11766.477378,11767.49871,0,2.99999999999994,0.0299999999999997,5.99999999999996,2,1,65,0.5
991,11768.646042,11768.060709,11768.283376,11768.592709,11771.04604,0,2.99999999999994,0.0299999999999997,5.99999999999996,2,1,65,0.5
992,11772.107372,11771.532706,11771.770039,11772.054039,11775.060702,0,2.99999999999994,0.0299999999999997,5.99999999999996,2,1,65,0.5
993,11776.676701,11775.704702,11776.156035,11776.623367,11778.427366,1,2.99999999999994,0.0299999999999997,7.00000000000003,1,2,66,0.5
994,11779.660698,11778.834032,11779.275365,11779.607364,11781.176696,1,2.99999999999994,0.0299999999999997,7.00000000000003,1,2,66,0.5
995,11782.463362,11781.554696,11782.023362,11782.410028,11783.778027,1,2.99999999999994,0.0299999999999997,7.00000000000003,1,2,66,0.5
996,11785.162026,11784.164027,11784.589359,11785.108692,11787.106024,0,2.99999999999994,0.0299999999999997,5.99999999999996,2,1,65,0.5
997,11788.424025,11787.477357,11787.92469,11788.370689,11789.992687,1,2.99999999999994,0.0299999999999997,7.00000000000003,1,2,66,0.5
998,11791.26402,11790.390687,11790.70002,11791.210686,11792.944018,0,2.99999999999994,0.0299999999999997,5.99999999999996,2,1,65,0.5
999,11794.072684,11793.462684,11793.660017,11794.01935,11795.842682,0,2.99999999999994,0.0299999999999997,5.99999999999996,2,1,65,0.5
1000,11797.37468,11796.516681,11796.877347,11797.321347,11798.904012,1,2.99999999999994,0.0299999999999997,7.00000000000003,1,2,66,0.5
1001,11800.146677,11799.333345,11799.745344,11800.093344,11801.633342,1,2.99999999999994,0.0299999999999997,7.00000000000003,1,2,66,0.5
1002,11802.802008,11802.048009,11802.402008,11802.748675,11804.574006,1,2.99999999999994,0.0299999999999997,7.00000000000003,1,2,66,0.5
1003,11805.812005,11804.953339,11805.310005,11805.758672,11807.607336,0,2.99999999999994,0.0299999999999997,5.99999999999996,2,1,65,0.5
1004,11809.358001,11808.290669,11808.515336,11809.304668,11811.333333,1,2.99999999999994,0.0299999999999997,7.00000000000003,1,2,66,0.5
1005,11812.757331,11811.768666,11812.107999,11812.703998,11814.358663,0,2.99999999999994,0.0299999999999997,5.99999999999996,2,1,65,0.5
1006,11815.953328,11815.328662,11815.577995,11815.936661,11818.094659,0,2.99999999999994,0.0299999999999997,5.99999999999996,2,1,65,0.5
1007,11819.680658,11818.797325,11819.182658,11819.627991,11821.285323,1,2.99999999999994,0.0299999999999997,7.00000000000003,1,2,66,0.5
1008,11822.470655,11821.689989,11821.977989,11822.470655,11827.73865,1,NaN,0,5.99999999999996,2,1,65,0.5
1009,11829.382648,11828.609315,11828.903982,11829.329315,11831.020646,0,2.99999999999994,0.0299999999999997,5.99999999999996,2,1,65,0.5
1010,11832.344645,11831.719979,11831.977312,11832.337312,11833.94931,0,2.99999999999994,0.0299999999999997,5.99999999999996,2,1,65,0.5
1011,11835.159976,11834.53531,11834.803976,11835.137976,11836.599307,0,2.99999999999994,0.0299999999999997,5.99999999999996,2,1,65,0.5
1012,11837.859306,11837.255307,11837.513973,11837.80664,11839.356638,0,2.99999999999994,0.0299999999999997,5.99999999999996,2,1,65,0.5
1013,11840.656637,11840.069304,11840.294637,11840.60397,11842.294635,0,2.99999999999994,0.0299999999999997,5.99999999999996,2,1,65,0.5
1014,11844.131967,11843.324634,11843.603967,11844.078633,11845.667965,1,2.99999999999994,0.0299999999999997,7.00000000000003,1,2,66,0.5
1015,11847.187964,11846.483964,11846.682631,11847.13463,11848.666629,1,2.99999999999994,0.0299999999999997,7.00000000000003,1,2,66,0.5
1016,11849.851294,11849.012628,11849.427295,11849.797961,11851.309959,1,2.99999999999994,0.0299999999999997,7.00000000000003,1,2,66,0.5
1017,11852.491958,11851.677959,11851.970625,11852.438625,11854.023957,0,2.99999999999994,0.0299999999999997,5.99999999999996,2,1,65,0.5
1018,11855.182622,11854.591956,11854.782623,11855.129289,11856.687954,0,2.99999999999994,0.0299999999999997,5.99999999999996,2,1,65,0.5
1019,11857.87262,11857.28862,11857.50462,11857.819286,11859.744618,0,2.99999999999994,0.0299999999999997,5.99999999999996,2,1,65,0.5
1020,11861.174616,11860.267951,11860.679283,11861.121283,11863.271281,1,2.99999999999994,0.0299999999999997,7.00000000000003,1,2,66,0.5
1021,11864.42928,11863.68928,11863.988614,11864.42928,11866.403278,1,NaN,0,5.99999999999996,2,1,65,0.5
1022,12245.650898,12244.970232,12245.146899,12245.597565,12246.444231,0,2.99999999999994,0.0299999999999997,5.99999999999996,2,1,65,0.5
1023,12250.392227,12249.417561,12249.606228,12250.392227,12253.248224,1,NaN,0,5.99999999999996,2,1,65,0.5
1024,12267.041544,12266.018211,12266.532878,12266.98821,12269.898874,1,2.99999999999994,0.0299999999999997,7.00000000000003,1,2,66,0.5
1025,12272.186205,12271.434206,12271.744872,12272.186205,12277.974866,0,NaN,0,7.00000000000003,1,2,66,0.5
1026,12294.886183,12294.150183,12294.441516,12294.832849,12296.832847,0,2.99999999999994,0.0299999999999997,5.99999999999996,2,1,65,0.5
1027,12298.411512,12297.526847,12297.936179,12298.358179,12299.362845,1,2.99999999999994,0.0299999999999997,7.00000000000003,1,2,66,0.5
1028,12300.468844,12299.788844,12300.001511,12300.41551,12302.714841,0,2.99999999999994,0.0299999999999997,5.99999999999996,2,1,65,0.5
1029,12304.235507,12303.538841,12303.890174,12304.235507,12304.784839,0,NaN,0,7.00000000000003,1,2,66,0.5
1030,12313.867497,12313.354164,12313.514831,12313.814164,12315.484829,0,2.99999999999994,0.0299999999999997,5.99999999999996,2,1,65,0.5
1031,12317.20816,12316.277494,12316.749494,12317.154827,12319.403491,1,2.99999999999994,0.0299999999999997,7.00000000000003,1,2,66,0.5
1032,12320.51349,12319.872824,12320.085491,12320.51349,12322.082155,0,NaN,0,7.00000000000003,1,2,66,0.5
1033,12345.876132,12345.355465,12345.502132,12345.876132,12356.228788,0,NaN,0,7.00000000000003,1,2,66,0.5
1034,12359.871451,12359.293451,12359.438118,12359.818118,12360.660783,0,2.99999999999994,0.0299999999999997,5.99999999999996,2,1,65,0.5
1035,12362.201449,12361.658782,12361.876782,12362.201449,12368.274109,1,NaN,0,5.99999999999996,2,1,65,0.5
1036,12372.852105,12371.856106,12372.345438,12372.798771,12374.711436,1,2.99999999999994,0.0299999999999997,7.00000000000003,1,2,66,0.5
1037,12375.919435,12375.129436,12375.393435,12375.866102,12377.962766,0,2.99999999999994,0.0299999999999997,5.99999999999996,2,1,65,0.5
1038,12379.512765,12378.582766,12378.982098,12379.459431,12380.922763,1,2.99999999999994,0.0299999999999997,7.00000000000003,1,2,66,0.5
1039,12382.204762,12381.353429,12381.688096,12382.151429,12384.071427,0,2.99999999999994,0.0299999999999997,5.99999999999996,2,1,65,0.5
1040,12385.639425,12384.743426,12385.148759,12385.586092,12387.04009,1,2.99999999999994,0.0299999999999997,7.00000000000003,1,2,66,0.5
1041,12389.184755,12388.399422,12388.632089,12389.131422,12390.169421,0,2.99999999999994,0.0299999999999997,5.99999999999996,2,1,65,0.5
1042,12391.875419,12390.83942,12391.384753,12391.822086,12393.738084,1,2.99999999999994,0.0299999999999997,7.00000000000003,1,2,66,0.5
1043,12394.988749,12394.176083,12394.595416,12394.935416,12396.394081,1,2.99999999999994,0.0299999999999997,7.00000000000003,1,2,66,0.5
1044,12397.850746,12396.854081,12397.32608,12397.797413,12400.886743,0,2.99999999999994,0.0299999999999997,5.99999999999996,2,1,65,0.5
1045,12402.127409,12401.444743,12401.738742,12402.074075,12404.19674,0,2.99999999999994,0.0299999999999997,5.99999999999996,2,1,65,0.5
1046,12405.579405,12404.640073,12405.103406,12405.526072,12407.365403,1,2.99999999999994,0.0299999999999997,7.00000000000003,1,2,66,0.5
1047,12408.698739,12407.79007,12408.225403,12408.645402,12410.510067,1,2.99999999999994,0.0299999999999997,7.00000000000003,1,2,66,0.5
1048,12411.814066,12410.9174,12411.394733,12411.760732,12413.78873,1,2.99999999999994,0.0299999999999997,7.00000000000003,1,2,66,0.5
1049,12415.216062,12414.237397,12414.669396,12415.162729,12417.243394,0,2.99999999999994,0.0299999999999997,5.99999999999996,2,1,65,0.5
1050,12418.842059,12418.109393,12418.356059,12418.788725,12420.61539,1,2.99999999999994,0.0299999999999997,7.00000000000003,1,2,66,0.5
1051,12421.930722,12421.00739,12421.405389,12421.877389,12423.82072,0,2.99999999999994,0.0299999999999997,5.99999999999996,2,1,65,0.5
1052,12425.247386,12424.34272,12424.749386,12425.194052,12426.904717,1,2.99999999999994,0.0299999999999997,7.00000000000003,1,2,66,0.5
1053,12428.258049,12427.29205,12427.52205,12428.204716,12430.352047,0,2.99999999999994,0.0299999999999997,5.99999999999996,2,1,65,0.5
1054,12431.678046,12430.996713,12431.232713,12431.624712,12433.640044,0,2.99999999999994,0.0299999999999997,5.99999999999996,2,1,65,0.5
1055,12435.060709,12434.172043,12434.54671,12435.007376,12436.883374,1,2.99999999999994,0.0299999999999997,7.00000000000003,1,2,66,0.5
1056,12438.030706,12437.241374,12437.549373,12437.977373,12439.496705,1,2.99999999999994,0.0299999999999997,7.00000000000003,1,2,66,0.5
1057,12440.87137,12439.891371,12440.286037,12440.818703,12443.097368,0,2.99999999999994,0.0299999999999997,5.99999999999996,2,1,65,0.5
1058,12444.141367,12443.450034,12443.713367,12444.088033,12446.155365,0,2.99999999999994,0.0299999999999997,5.99999999999996,2,1,65,0.5
1059,12447.16603,12446.541364,12446.778031,12447.13403,12448.592029,0,2.99999999999994,0.0299999999999997,5.99999999999996,2,1,65,0.5
1060,12453.568691,12452.666025,12453.082691,12453.515357,12455.462022,1,2.99999999999994,0.0299999999999997,7.00000000000003,1,2,66,0.5
1061,12456.843354,12455.871355,12456.173355,12456.790021,NaN,0,2.99999999999994,0.0299999999999997,5.99999999999996,2,1,65,0.5
