trial,outcome,center_in,center_out,side_in,last_side_out,actions,reward,trial_types,odors,port_side,schedule,odor_name,odor_dur
1,1786.577066,1785.487076,1785.899407,1786.524732,1799.724852,0,2.99999999999994,0.0299999999999997,5.99999999999996,2,1,65,0.5
2,1802.549669,1801.978837,1802.005176,1802.497341,1813.007632,0,2.99999999999994,0.0299999999999997,5.99999999999996,2,1,65,0.5
3,1815.21179,1814.673459,1814.780787,1815.159618,1828.974063,1,2.99999999999994,0.0299999999999997,7.00000000000003,1,2,66,0.5
4,1829.704726,1829.305061,1829.3519,1829.704726,1836.467699,0,NaN,0,7.00000000000003,1,2,66,0.5
5,1839.664187,1838.245198,1839.158188,1839.611859,1843.470677,1,2.99999999999994,0.0299999999999997,7.00000000000003,1,2,66,0.5
6,1845.15317,1844.667672,1844.762672,1845.15317,1850.994974,0,NaN,0,7.00000000000003,1,2,66,0.5
7,1853.509137,1852.775468,1853.118632,1853.509137,1931.371825,1,NaN,0,5.99999999999996,2,1,65,0.5
8,1937.009303,1934.929639,1935.216305,1937.009303,1958.060552,0,NaN,0,7.00000000000003,1,2,66,0.5
9,1959.334375,1958.619383,1958.830216,1959.282047,1978.712469,1,2.99999999999994,0.0299999999999997,7.00000000000003,1,2,66,0.5
10,1980.469796,1979.686959,1979.863298,1980.469796,1987.571434,1,NaN,0,5.99999999999996,2,1,65,0.5
11,1990.137252,1989.426087,1989.643254,1990.137252,1999.41822,0,NaN,0,7.00000000000003,1,2,66,0.5
12,2001.822377,2001.272046,2001.347046,2001.770038,2024.371953,0,2.99999999999994,0.0299999999999997,5.99999999999996,2,1,65,0.5
13,2026.594106,2025.809781,2026.028447,2026.594106,2062.450462,0,NaN,0,7.00000000000003,1,2,66,0.5
14,2064.441293,2063.195626,2063.949789,2064.388954,2082.86438,1,2.99999999999994,0.0299999999999997,7.00000000000003,1,2,66,0.5
15,2084.108709,2083.298218,2083.637544,2084.056209,2095.885001,0,2.99999999999994,0.0299999999999997,5.99999999999996,2,1,65,0.5
16,2098.992816,2098.195652,2098.522984,2098.992816,2117.660075,1,NaN,0,5.99999999999996,2,1,65,0.5
17,2118.974736,2118.401571,2118.509077,2118.922242,2123.252058,0,2.99999999999994,0.0299999999999997,5.99999999999996,2,1,65,0.5
18,2125.755381,2124.955045,2125.319044,2125.755381,2133.208179,1,NaN,0,5.99999999999996,2,1,65,0.5
19,2216.640018,2215.38735,2215.943681,2216.587845,2227.838806,1,2.99999999999994,0.0299999999999997,7.00000000000003,1,2,66,0.5
20,2231.33862,2230.589289,2230.704128,2231.33862,2479.651632,0,NaN,0,7.00000000000003,1,2,66,0.5
21,2483.424612,2482.08545,2482.86528,2483.424612,2488.781429,1,NaN,0,5.99999999999996,2,1,65,0.5
22,2493.988742,2491.620078,2493.323238,2493.936402,2505.265696,1,2.99999999999994,0.0299999999999997,7.00000000000003,1,2,66,0.5
23,2506.841351,2505.778028,2506.047187,2506.841351,2511.714166,1,NaN,0,5.99999999999996,2,1,65,0.5
24,2515.039319,2514.205994,2514.55582,2514.986991,2614.515587,1,2.99999999999994,0.0299999999999997,7.00000000000003,1,2,66,0.5
25,2616.877911,2616.006748,2616.356085,2616.877911,2621.499393,1,NaN,0,5.99999999999996,2,1,65,0.5
26,2624.696385,2623.503052,2624.045382,2624.696385,2629.537866,1,NaN,0,5.99999999999996,2,1,65,0.5
27,2632.318188,2631.173026,2631.699018,2632.265849,2747.891893,1,2.99999999999994,0.0299999999999997,7.00000000000003,1,2,66,0.5
28,2749.646386,2749.084049,2749.131882,2749.646386,2759.412013,0,NaN,0,7.00000000000003,1,2,66,0.5
29,2775.826781,2774.940445,2775.318944,2775.826781,2786.612565,1,NaN,0,5.99999999999996,2,1,65,0.5
30,2790.741883,2789.867891,2790.225051,2790.689716,2810.32581,1,2.99999999999994,0.0299999999999997,7.00000000000003,1,2,66,0.5
31,2836.720704,2834.958372,2836.010534,2836.668532,2861.400433,1,2.99999999999994,0.0299999999999997,7.00000000000003,1,2,66,0.5
32,2863.085432,2862.196435,2862.528601,2863.085432,2868.412411,1,NaN,0,5.99999999999996,2,1,65,0.5
33,2871.065227,2869.726072,2870.49973,2871.065227,3193.64727,1,NaN,0,5.99999999999996,2,1,65,0.5
34,3198.673256,3197.337756,3197.919259,3198.673256,3223.035492,1,NaN,0,5.99999999999996,2,1,65,0.5
35,3224.71748,3223.81215,3224.114815,3224.66498,3236.997598,0,2.99999999999994,0.0299999999999997,5.99999999999996,2,1,65,0.5
36,3240.56025,3239.370587,3239.922419,3240.56025,3251.385045,0,NaN,0,7.00000000000003,1,2,66,0.5
37,3254.217861,3253.403198,3253.67703,3254.217861,3268.61931,0,NaN,0,7.00000000000003,1,2,66,0.5
38,3270.017298,3269.40664,3269.462634,3270.017298,3274.042955,0,NaN,0,7.00000000000003,1,2,66,0.5
39,3276.824277,3275.848609,3276.217113,3276.771938,3288.930229,0,2.99999999999994,0.0299999999999997,5.99999999999996,2,1,65,0.5
40,3290.770888,3289.656386,3290.114219,3290.718715,3296.18986,1,2.99999999999994,0.0299999999999997,7.00000000000003,1,2,66,0.5
41,3299.026521,3298.142686,3298.435518,3299.026521,3350.368644,0,NaN,0,7.00000000000003,1,2,66,0.5
42,3352.502141,3351.599805,3351.969138,3352.502141,3356.563625,0,NaN,0,7.00000000000003,1,2,66,0.5
43,3360.590942,3358.482784,3359.856439,3360.590942,3362.440262,0,NaN,0,7.00000000000003,1,2,66,0.5
44,3367.440909,3366.489752,3366.89025,3367.388581,3377.521369,1,2.99999999999994,0.0299999999999997,7.00000000000003,1,2,66,0.5
45,3379.553694,3378.213038,3378.68203,3379.553694,3385.071844,0,NaN,0,7.00000000000003,1,2,66,0.5
46,3388.017999,3387.194002,3387.534829,3388.017999,3416.892211,0,NaN,0,7.00000000000003,1,2,66,0.5
47,3418.378377,3417.412215,3417.885379,3418.378377,3429.148662,1,NaN,0,5.99999999999996,2,1,65,0.5
48,3430.830655,3430.009664,3430.269657,3430.830655,3628.379699,0,NaN,0,7.00000000000003,1,2,66,0.5
49,3630.856194,3629.653366,3630.041358,3630.803855,3640.458489,1,2.99999999999994,0.0299999999999997,7.00000000000003,1,2,66,0.5
50,3644.083808,3641.629818,3641.881144,3644.031475,3646.030967,0,2.99999999999994,0.0299999999999997,5.99999999999996,2,1,65,0.5
51,3649.163121,3648.328119,3648.432285,3649.110948,3666.048887,1,2.99999999999994,0.0299999999999997,7.00000000000003,1,2,66,0.5
52,3668.395205,3667.500381,3667.587375,3668.395205,3680.943154,1,NaN,0,5.99999999999996,2,1,65,0.5
53,3683.484317,3682.440815,3682.781481,3683.432144,3754.236029,0,2.99999999999994,0.0299999999999997,5.99999999999996,2,1,65,0.5
54,3756.400192,3755.157358,3755.235691,3756.348019,3773.363451,1,2.99999999999994,0.0299999999999997,7.00000000000003,1,2,66,0.5
55,3775.262944,3774.372947,3774.47178,3775.262944,3787.754227,1,NaN,0,5.99999999999996,2,1,65,0.5
56,3910.148405,3908.278412,3908.380084,3910.096077,3912.259235,0,2.99999999999994,0.0299999999999997,5.99999999999996,2,1,65,0.5
57,3915.509389,3914.293721,3914.629386,3915.45705,3920.510363,1,2.99999999999994,0.0299999999999997,7.00000000000003,1,2,66,0.5
58,3922.662022,3921.841191,3921.906863,3922.662022,3949.125415,0,NaN,0,7.00000000000003,1,2,66,0.5
59,3950.824241,3949.711746,3950.214083,3950.824241,3958.354545,1,NaN,0,5.99999999999996,2,1,65,0.5
60,3961.062373,3959.429041,3960.28287,3961.010034,3972.663821,1,2.99999999999994,0.0299999999999997,7.00000000000003,1,2,66,0.5
61,3974.700313,3973.782322,3973.839483,3974.64798,3987.354929,1,2.99999999999994,0.0299999999999997,7.00000000000003,1,2,66,0.5
62,3991.79275,3990.165918,3990.530755,3991.740417,4021.081961,0,2.99999999999994,0.0299999999999997,5.99999999999996,2,1,65,0.5
63,4022.764127,4021.868797,4021.96363,4022.711787,4048.703023,1,2.99999999999994,0.0299999999999997,7.00000000000003,1,2,66,0.5
64,4051.495845,4049.876518,4050.000012,4051.495845,4061.1078,1,NaN,0,5.99999999999996,2,1,65,0.5
65,4064.627792,4063.582458,4063.769129,4064.627792,4078.985902,0,NaN,0,7.00000000000003,1,2,66,0.5
66,4080.998222,4080.096724,4080.188557,4080.945894,4118.119578,1,2.99999999999994,0.0299999999999997,7.00000000000003,1,2,66,0.5
67,4119.651906,4118.853069,4118.950903,4119.651906,4152.66644,1,NaN,0,5.99999999999996,2,1,65,0.5
68,4156.028421,4154.852098,4155.24993,4156.028421,4164.689559,0,NaN,0,7.00000000000003,1,2,66,0.5
69,4168.148545,4166.605712,4167.021716,4168.148545,4170.49003,0,NaN,0,7.00000000000003,1,2,66,0.5
70,4303.287838,4302.08117,4302.490341,4303.235666,4316.760117,1,2.99999999999994,0.0299999999999997,7.00000000000003,1,2,66,0.5
71,4319.5936,4318.072945,4318.790442,4319.5936,4322.798087,1,NaN,0,5.99999999999996,2,1,65,0.5
72,4326.725577,4325.487916,4325.793575,4326.725577,4336.118534,0,NaN,0,7.00000000000003,1,2,66,0.5
73,4338.369697,4337.224029,4337.564361,4338.317358,4344.975498,0,2.99999999999994,0.0299999999999997,5.99999999999996,2,1,65,0.5
74,4346.505665,4345.771168,4345.797662,4346.505665,4348.956149,1,NaN,0,5.99999999999996,2,1,65,0.5
75,4355.437629,4354.216128,4354.61796,4355.437629,5432.533148,0,NaN,0,7.00000000000003,1,2,66,0.5
76,5439.229455,5438.096126,5438.217293,5439.229455,5451.708244,0,NaN,0,7.00000000000003,1,2,66,0.5
77,5464.295022,5463.14336,5463.471364,5464.295022,5471.992663,0,NaN,0,7.00000000000003,1,2,66,0.5
78,5473.923651,5472.791821,5473.010153,5473.923651,5481.15912,1,NaN,0,5.99999999999996,2,1,65,0.5
79,5483.098952,5482.404782,5482.427954,5483.046613,5700.656909,1,2.99999999999994,0.0299999999999997,7.00000000000003,1,2,66,0.5
80,5714.712359,5713.468691,5713.930356,5714.66002,6738.518591,1,2.99999999999994,0.0299999999999997,7.00000000000003,1,2,66,0.5
81,6849.412982,6847.29599,6847.555488,6849.410653,6865.575922,0,2.99999999999994,0.0299999999999997,5.99999999999996,2,1,65,0.5
82,7456.073554,7451.240579,7452.488735,7456.073554,7777.71694,0,NaN,0,7.00000000000003,1,2,66,0.5
83,7780.373763,7778.951435,7779.551433,7780.321591,7815.603622,1,2.99999999999994,0.0299999999999997,7.00000000000003,1,2,66,0.5
84,7818.381777,7817.259777,7817.359609,7818.329605,7820.018265,0,2.99999999999994,0.0299999999999997,5.99999999999996,2,1,65,0.5
85,7824.151248,7823.223085,7823.48709,7824.099082,7829.838731,1,2.99999999999994,0.0299999999999997,7.00000000000003,1,2,66,0.5
86,7832.931886,7831.852385,7832.106056,7832.879553,7882.083683,0,2.99999999999994,0.0299999999999997,5.99999999999996,2,1,65,0.5
87,7884.475346,7883.390679,7883.773177,7884.475346,7890.498983,1,NaN,0,5.99999999999996,2,1,65,0.5
88,7895.842134,7894.733132,7895.105798,7895.789795,7908.813916,1,2.99999999999994,0.0299999999999997,7.00000000000003,1,2,66,0.5
89,7910.853401,7909.869239,7910.140404,7910.853401,7916.878711,0,NaN,0,7.00000000000003,1,2,66,0.5
90,7920.022031,7919.044375,7919.286201,7920.022031,7936.028134,0,NaN,0,7.00000000000003,1,2,66,0.5
91,7937.717633,7936.93163,7937.022963,7937.665461,7947.481922,1,2.99999999999994,0.0299999999999997,7.00000000000003,1,2,66,0.5
92,7950.082245,7949.030921,7949.25192,7950.029751,7973.825483,0,2.99999999999994,0.0299999999999997,5.99999999999996,2,1,65,0.5
93,7975.819308,7974.814312,7974.931645,7975.819308,7984.177941,1,NaN,0,5.99999999999996,2,1,65,0.5
94,7988.267431,7986.341099,7987.403929,7988.267431,7991.751745,1,NaN,0,5.99999999999996,2,1,65,0.5
95,7997.707555,7996.530898,7996.914892,7997.707555,8005.414691,0,NaN,0,7.00000000000003,1,2,66,0.5
96,8007.149689,8006.11886,8006.424025,8007.097351,8034.619906,0,2.99999999999994,0.0299999999999997,5.99999999999996,2,1,65,0.5
97,8036.823237,8035.925735,8036.025907,8036.771064,8062.243462,1,2.99999999999994,0.0299999999999997,7.00000000000003,1,2,66,0.5
98,8063.798957,8063.072132,8063.104632,8063.746629,8070.526436,1,2.99999999999994,0.0299999999999997,7.00000000000003,1,2,66,0.5
99,8074.375415,8073.343091,8073.596417,8074.322915,8105.666128,0,2.99999999999994,0.0299999999999997,5.99999999999996,2,1,65,0.5
100,8107.700948,8106.845457,8107.047789,8107.700948,8120.975895,1,NaN,0,5.99999999999996,2,1,65,0.5
101,8122.624394,8121.829557,8121.851891,8122.572221,8127.831034,1,2.99999999999994,0.0299999999999997,7.00000000000003,1,2,66,0.5
102,8131.029521,8129.940692,8130.245857,8131.029521,8141.588812,0,NaN,0,7.00000000000003,1,2,66,0.5
103,8143.374811,8142.457314,8142.587147,8143.374811,8158.154912,1,NaN,0,5.99999999999996,2,1,65,0.5
104,8199.948918,8198.911589,8199.019588,8199.896745,8206.907217,0,2.99999999999994,0.0299999999999997,5.99999999999996,2,1,65,0.5
105,8270.276631,8269.182468,8269.354307,8270.224303,8272.905126,0,2.99999999999994,0.0299999999999997,5.99999999999996,2,1,65,0.5
106,8274.984618,8274.098115,8274.169621,8274.984618,8289.329055,1,NaN,0,5.99999999999996,2,1,65,0.5
107,8292.829213,8292.080544,8292.166882,8292.829213,8353.511297,0,NaN,0,7.00000000000003,1,2,66,0.5
108,8355.644962,8354.814959,8355.014791,8355.644962,8377.376202,0,NaN,0,7.00000000000003,1,2,66,0.5
109,8380.476857,8378.764036,8379.377027,8380.476857,8695.298764,0,NaN,0,7.00000000000003,1,2,66,0.5
110,8700.402749,8699.118588,8699.545086,8700.35041,8717.897173,1,2.99999999999994,0.0299999999999997,7.00000000000003,1,2,66,0.5
111,8720.949661,8719.975666,8720.144337,8720.949661,8728.318965,1,NaN,0,5.99999999999996,2,1,65,0.5
112,8731.460786,8730.055459,8730.479296,8731.460786,8748.958716,0,NaN,0,7.00000000000003,1,2,66,0.5
113,8753.175033,8751.469873,8751.815544,8753.1227,8802.173009,0,2.99999999999994,0.0299999999999997,5.99999999999996,2,1,65,0.5
114,8804.514999,8803.551997,8803.663497,8804.462662,8825.082584,1,2.99999999999994,0.0299999999999997,7.00000000000003,1,2,66,0.5
115,8828.674069,8827.646901,8827.924066,8828.621736,8850.649476,0,2.99999999999994,0.0299999999999997,5.99999999999996,2,1,65,0.5
116,8853.448137,8852.08497,8852.331636,8853.448137,9456.358725,1,NaN,0,5.99999999999996,2,1,65,0.5
117,9460.793041,9459.503213,9459.504046,9460.740708,9762.383996,1,2.99999999999994,0.0299999999999997,7.00000000000003,1,2,66,0.5
118,9764.614487,9763.807656,9763.949322,9764.614487,9771.350793,1,NaN,0,5.99999999999996,2,1,65,0.5
119,9778.407604,9777.413936,9777.742434,9778.407604,9784.297747,0,NaN,0,7.00000000000003,1,2,66,0.5
120,9792.049044,9790.918054,9791.258546,9792.017549,9848.072153,0,2.99999999999994,0.0299999999999997,5.99999999999996,2,1,65,0.5
121,9852.266636,9851.310806,9851.518478,9852.214303,9970.304831,1,2.99999999999994,0.0299999999999997,7.00000000000003,1,2,66,0.5
122,9984.819606,9983.713616,9983.934276,9984.819606,9990.362917,0,NaN,0,7.00000000000003,1,2,66,0.5
123,9993.262572,9991.91841,9992.319742,9993.262572,9997.894387,0,NaN,0,7.00000000000003,1,2,66,0.5
124,10000.048379,9999.048888,9999.162549,9999.995879,10010.980502,0,2.99999999999994,0.0299999999999997,5.99999999999996,2,1,65,0.5
125,10014.444493,10012.346835,10013.008493,10014.444493,10050.098844,0,NaN,0,7.00000000000003,1,2,66,0.5
126,10052.129004,10051.171173,10051.482678,10052.076676,10060.40647,1,2.99999999999994,0.0299999999999997,7.00000000000003,1,2,66,0.5
127,10062.948793,10061.924631,10062.160796,10062.89646,10206.929217,0,2.99999999999994,0.0299999999999997,5.99999999999996,2,1,65,0.5
128,10209.944705,10208.739049,10208.898215,10209.944705,10219.838665,0,NaN,0,7.00000000000003,1,2,66,0.5
129,10223.77315,10222.482821,10222.888487,10223.77315,10245.728729,0,NaN,0,7.00000000000003,1,2,66,0.5
130,10286.383905,10284.949738,10285.502903,10286.331572,10292.030877,1,2.99999999999994,0.0299999999999997,7.00000000000003,1,2,66,0.5
131,10297.325861,10296.590531,10296.627698,10297.325861,10320.9491,0,NaN,0,7.00000000000003,1,2,66,0.5
132,10322.565755,10321.79443,10321.860763,10322.513255,10380.195691,1,2.99999999999994,0.0299999999999997,7.00000000000003,1,2,66,0.5
133,10382.804347,10381.698018,10381.880017,10382.804347,10388.344325,0,NaN,0,7.00000000000003,1,2,66,0.5
134,10393.50881,10392.349148,10392.510641,10393.50881,10508.210851,1,NaN,0,5.99999999999996,2,1,65,0.5
135,10581.664719,10579.730392,10580.415896,10581.612219,10587.326362,0,2.99999999999994,0.0299999999999997,5.99999999999996,2,1,65,0.5
136,10594.417167,10592.856673,10593.263838,10594.417167,10616.264919,0,NaN,0,7.00000000000003,1,2,66,0.5
137,10618.385405,10617.580074,10617.76524,10618.385405,10629.930031,0,NaN,0,7.00000000000003,1,2,66,0.5
138,10632.89818,10631.926684,10632.137516,10632.845853,10645.035637,0,2.99999999999994,0.0299999999999997,5.99999999999996,2,1,65,0.5
139,10647.148129,10646.27646,10646.445798,10647.148129,10653.236438,0,NaN,0,7.00000000000003,1,2,66,0.5
140,10656.411252,10654.891593,10655.639256,10656.411252,10692.17211,0,NaN,0,7.00000000000003,1,2,66,0.5
141,10729.437294,10728.404131,10728.860962,10729.384794,10734.749939,1,2.99999999999994,0.0299999999999997,7.00000000000003,1,2,66,0.5
142,10736.870437,10735.744602,10736.196439,10736.81827,10780.08493,1,2.99999999999994,0.0299999999999997,7.00000000000003,1,2,66,0.5
143,10782.089083,10781.02576,10781.082926,10782.089083,10798.090192,0,NaN,0,7.00000000000003,1,2,66,0.5
144,10801.042675,10799.882845,10800.200344,10801.042675,10809.725473,0,NaN,0,7.00000000000003,1,2,66,0.5
145,10814.153794,10811.75797,10813.289631,10814.153794,10980.481629,0,NaN,0,7.00000000000003,1,2,66,0.5
146,10982.761947,10981.953618,10982.048951,10982.761947,10992.814907,0,NaN,0,7.00000000000003,1,2,66,0.5
147,10996.91223,10995.688563,10996.064894,10996.91223,11014.880158,0,NaN,0,7.00000000000003,1,2,66,0.5
148,11018.000812,11017.035143,11017.424475,11018.000812,11021.517793,0,NaN,0,7.00000000000003,1,2,66,0.5
149,11025.37061,11024.40228,11024.780613,11025.37061,11030.550595,0,NaN,0,7.00000000000003,1,2,66,0.5
150,11035.17891,11034.195242,11034.558407,11035.17891,11042.284215,0,NaN,0,7.00000000000003,1,2,66,0.5
151,11055.389663,11054.71716,11054.850493,11055.389663,11062.222969,0,NaN,0,7.00000000000003,1,2,66,0.5
152,11075.094084,11074.216915,11074.55958,11075.041745,11080.183724,1,2.99999999999994,0.0299999999999997,7.00000000000003,1,2,66,0.5
153,11082.540554,11081.440552,11081.844051,11082.540554,11088.827529,0,NaN,0,7.00000000000003,1,2,66,0.5
154,11090.569849,11089.580853,11089.938686,11090.569849,11094.152501,0,NaN,0,7.00000000000003,1,2,66,0.5
155,11107.931286,11106.995623,11107.338621,11107.878947,11178.969002,1,2.99999999999994,0.0299999999999997,7.00000000000003,1,2,66,0.5
156,11180.528823,11179.770665,11179.809159,11180.476329,11184.269647,0,2.99999999999994,0.0299999999999997,5.99999999999996,2,1,65,0.5
157,11188.960623,11188.402291,11188.476963,11188.960623,11190.611288,1,NaN,0,5.99999999999996,2,1,65,0.5
158,11201.832743,11200.790575,11201.212574,11201.780404,11224.902979,1,2.99999999999994,0.0299999999999997,7.00000000000003,1,2,66,0.5
159,11226.648478,11225.653475,11225.828481,11226.648478,11231.913623,0,NaN,0,7.00000000000003,1,2,66,0.5
160,11233.50145,11232.794786,11232.897114,11233.50145,11238.564596,1,NaN,0,5.99999999999996,2,1,65,0.5
161,11240.942087,11239.859418,11239.969418,11240.889914,11262.729994,0,2.99999999999994,0.0299999999999997,5.99999999999996,2,1,65,0.5
162,11265.352651,11264.338821,11264.661659,11265.352651,11293.380205,0,NaN,0,7.00000000000003,1,2,66,0.5
163,11295.691368,11295.076365,11295.100364,11295.691368,11360.669935,1,NaN,0,5.99999999999996,2,1,65,0.5
164,11363.837429,11361.623099,11361.717265,11363.837429,11364.284094,1,NaN,0,5.99999999999996,2,1,65,0.5
165,11382.732353,11381.758518,11382.16635,11382.732353,11386.208333,0,NaN,0,7.00000000000003,1,2,66,0.5
166,11391.070653,11389.796486,11390.186657,11391.018481,11396.229799,0,2.99999999999994,0.0299999999999997,5.99999999999996,2,1,65,0.5
167,11398.439457,11397.458794,11397.86562,11398.387124,11402.534607,0,2.99999999999994,0.0299999999999997,5.99999999999996,2,1,65,0.5
168,11407.120756,11406.214593,11406.538252,11407.120756,11430.753994,0,NaN,0,7.00000000000003,1,2,66,0.5
169,11432.634487,11431.881651,11432.00115,11432.582148,11445.792096,1,2.99999999999994,0.0299999999999997,7.00000000000003,1,2,66,0.5
170,11452.064737,11451.037747,11451.15174,11452.064737,11472.799654,0,NaN,0,7.00000000000003,1,2,66,0.5
171,11478.691303,11477.68764,11478.030466,11478.691303,11479.917459,0,NaN,0,7.00000000000003,1,2,66,0.5
172,11489.694586,11489.125088,11489.159255,11489.694586,11491.100253,1,NaN,0,5.99999999999996,2,1,65,0.5
173,11520.36513,11519.44464,11519.805133,11520.36513,11561.129967,0,NaN,0,7.00000000000003,1,2,66,0.5
174,11564.179794,11563.021627,11563.258298,11564.179794,11571.372432,0,NaN,0,7.00000000000003,1,2,66,0.5
175,11574.904418,11573.734589,11573.783084,11574.852079,11772.185462,1,2.99999999999994,0.0299999999999997,7.00000000000003,1,2,66,0.5
176,11780.603762,11777.817106,11778.153271,11780.603762,11804.055996,1,NaN,0,5.99999999999996,2,1,65,0.5
177,11840.915687,11839.723025,11840.281184,11840.863354,11874.769379,1,2.99999999999994,0.0299999999999997,7.00000000000003,1,2,66,0.5
178,11886.971163,11885.989001,11886.259839,11886.971163,11887.824327,0,NaN,0,7.00000000000003,1,2,66,0.5
179,11895.28813,11894.490139,11894.534133,11895.28813,11904.019768,1,NaN,0,5.99999999999996,2,1,65,0.5
180,11905.950094,11904.915931,11905.248096,11905.950094,11909.215914,0,NaN,0,7.00000000000003,1,2,66,0.5
181,11917.739707,11916.675384,11916.956544,11917.739707,11918.375211,1,NaN,0,5.99999999999996,2,1,65,0.5
182,11933.688977,11932.65282,11933.09148,11933.688977,11959.953878,1,NaN,0,5.99999999999996,2,1,65,0.5
183,11964.638854,11963.48603,11963.869356,11964.638854,11968.954175,0,NaN,0,7.00000000000003,1,2,66,0.5
184,11979.274128,11978.1193,11978.715964,11979.274128,11980.22213,1,NaN,0,5.99999999999996,2,1,65,0.5
185,11986.422432,11985.923107,11985.975607,11986.422432,11986.662765,1,NaN,0,5.99999999999996,2,1,65,0.5
186,12017.241977,12016.022481,12016.587645,12017.241977,12021.327627,1,NaN,0,5.99999999999996,2,1,65,0.5
187,12026.688111,12024.858118,12026.05528,12026.635938,12028.652769,1,2.99999999999994,0.0299999999999997,7.00000000000003,1,2,66,0.5
188,12030.680923,12029.863259,12030.052597,12030.628595,12033.951409,0,2.99999999999994,0.0299999999999997,5.99999999999996,2,1,65,0.5
189,12038.238731,12037.462068,12037.767728,12038.238731,12047.987353,1,NaN,0,5.99999999999996,2,1,65,0.5
190,12172.048529,12169.884532,12170.898194,12172.048529,12201.376906,1,NaN,0,5.99999999999996,2,1,65,0.5
191,12217.588014,12204.967558,12205.205391,NaN,NaN,NaN,NaN,0,7.00000000000003,1,2,66,0.5
192,12234.062276,12233.095613,12233.48345,12234.062276,12234.29178,1,NaN,0,5.99999999999996,2,1,65,0.5
193,12255.696028,12254.683859,12255.040197,12255.696028,12261.663165,1,NaN,0,5.99999999999996,2,1,65,0.5
194,12265.438489,12264.695653,12264.932991,12265.438489,12271.525626,1,NaN,0,5.99999999999996,2,1,65,0.5
195,12273.57929,12272.915286,12273.100953,12273.57929,12281.739424,1,NaN,0,5.99999999999996,2,1,65,0.5
196,12283.430584,12282.383583,12282.814753,12283.378251,12289.592226,0,2.99999999999994,0.0299999999999997,5.99999999999996,2,1,65,0.5
197,12302.935666,12302.057842,12302.224336,12302.935666,12326.777571,1,NaN,0,5.99999999999996,2,1,65,0.5
198,12355.963288,12354.722126,12354.824631,12355.963288,12377.701035,1,NaN,0,5.99999999999996,2,1,65,0.5
199,12379.449694,12378.559537,12378.822369,12379.449694,12382.87918,0,NaN,0,7.00000000000003,1,2,66,0.5
200,12391.287819,12390.179317,12390.806815,12391.235486,12421.993523,1,2.99999999999994,0.0299999999999997,7.00000000000003,1,2,66,0.5
201,12575.699081,12564.424454,12564.756954,12575.646748,12583.285384,0,2.99999999999994,0.0299999999999997,5.99999999999996,2,1,65,0.5
202,12607.119116,12606.204293,12606.534286,12607.119116,12656.077754,1,NaN,0,5.99999999999996,2,1,65,0.5
203,13074.579419,13068.625937,13068.80027,13074.527081,13092.11551,1,2.99999999999994,0.0299999999999997,7.00000000000003,1,2,66,0.5
204,13105.881621,13093.261005,13093.425505,NaN,13110.792769,NaN,NaN,0,5.99999999999996,2,1,65,0.5
205,13130.176863,13129.2342,13129.463027,13130.124524,13154.050268,1,2.99999999999994,0.0299999999999997,7.00000000000003,1,2,66,0.5
206,13160.161904,13158.775076,13159.397907,13160.161904,13175.106517,0,NaN,0,7.00000000000003,1,2,66,0.5
207,13176.483839,13175.636842,13175.895508,13176.431512,13179.607326,0,2.99999999999994,0.0299999999999997,5.99999999999996,2,1,65,0.5
208,13180.952655,13180.290663,13180.353996,13180.952655,13189.925624,1,NaN,0,5.99999999999996,2,1,65,0.5
209,13193.708437,13192.662441,13193.082273,13193.708437,13197.632088,0,NaN,0,7.00000000000003,1,2,66,0.5
210,13203.135572,13201.194246,13202.539401,13203.135572,13239.955086,0,NaN,0,7.00000000000003,1,2,66,0.5
211,13262.813161,13262.03383,13262.326662,13262.813161,13267.04881,1,NaN,0,5.99999999999996,2,1,65,0.5
212,13270.754962,13269.965298,13270.288631,13270.754962,13278.230104,1,NaN,0,5.99999999999996,2,1,65,0.5
213,13282.878081,13281.11726,13282.08025,13282.825753,13301.452173,0,2.99999999999994,0.0299999999999997,5.99999999999996,2,1,65,0.5
214,13302.7805,13302.175342,13302.329835,13302.7805,13303.969329,1,NaN,0,5.99999999999996,2,1,65,0.5
215,13311.068468,13310.15031,13310.427309,13311.016134,13354.766792,0,2.99999999999994,0.0299999999999997,5.99999999999996,2,1,65,0.5
216,13378.300204,13377.493368,13377.7602,13378.247871,13383.141679,1,2.99999999999994,0.0299999999999997,7.00000000000003,1,2,66,0.5
217,13393.409977,13392.200982,13392.754974,13393.357639,13421.386698,1,2.99999999999994,0.0299999999999997,7.00000000000003,1,2,66,0.5
218,13427.190175,13426.341507,13426.620006,13427.137836,13434.052976,0,2.99999999999994,0.0299999999999997,5.99999999999996,2,1,65,0.5
219,13442.919112,13442.220949,13442.389442,13442.919112,13443.261444,1,NaN,0,5.99999999999996,2,1,65,0.5
220,13455.189891,13454.237728,13454.621232,13455.189891,13462.701533,1,NaN,0,5.99999999999996,2,1,65,0.5
221,13464.210194,13463.291698,13463.579858,13464.157861,13595.442996,0,2.99999999999994,0.0299999999999997,5.99999999999996,2,1,65,0.5
222,13602.767473,13601.22514,13602.083804,13602.767473,13607.401115,1,NaN,0,5.99999999999996,2,1,65,0.5
223,13612.465262,13610.996601,13611.758098,13612.412928,13621.246393,1,2.99999999999994,0.0299999999999997,7.00000000000003,1,2,66,0.5
224,13623.41839,13622.61156,13622.955554,13623.41839,13623.766383,1,NaN,0,5.99999999999996,2,1,65,0.5
225,13631.723857,13630.687022,13631.060687,13631.723857,13635.657335,0,NaN,0,7.00000000000003,1,2,66,0.5
226,13643.900808,13642.809807,13643.190478,13643.848469,13673.854183,0,2.99999999999994,0.0299999999999997,5.99999999999996,2,1,65,0.5
227,13675.773014,13674.976345,13675.25051,13675.773014,13711.989531,1,NaN,0,5.99999999999996,2,1,65,0.5
228,13721.86133,13721.028,13721.333332,13721.86133,13734.877439,1,NaN,0,5.99999999999996,2,1,65,0.5
229,13739.504759,13738.013593,13738.987922,13739.452588,13762.122169,1,2.99999999999994,0.0299999999999997,7.00000000000003,1,2,66,0.5
230,13763.959823,13763.125998,13763.241492,13763.907495,13783.697916,0,2.99999999999994,0.0299999999999997,5.99999999999996,2,1,65,0.5
231,13785.542242,13784.54224,13784.870411,13785.489903,13834.46604,0,2.99999999999994,0.0299999999999997,5.99999999999996,2,1,65,0.5
232,13837.420868,13836.205039,13836.594538,13837.368535,13847.910992,1,2.99999999999994,0.0299999999999997,7.00000000000003,1,2,66,0.5
233,13852.303469,13851.15614,13851.618139,13852.303469,13859.754439,1,NaN,0,5.99999999999996,2,1,65,0.5
234,13864.310421,13862.420268,13863.405758,13864.258094,14081.854051,1,2.99999999999994,0.0299999999999997,7.00000000000003,1,2,66,0.5
235,14085.795374,14084.946711,14085.058044,14085.795374,14095.979994,0,NaN,0,7.00000000000003,1,2,66,0.5
236,14097.344328,14096.479159,14096.657997,14097.29199,14098.700323,0,2.99999999999994,0.0299999999999997,5.99999999999996,2,1,65,0.5
237,14102.03197,14100.664981,14101.474139,14102.03197,14109.498774,1,NaN,0,5.99999999999996,2,1,65,0.5
238,14112.866766,14111.243106,14112.222935,14112.814427,14129.085028,1,2.99999999999994,0.0299999999999997,7.00000000000003,1,2,66,0.5
239,14139.025323,14137.972493,14138.455158,14138.972995,14165.696555,1,2.99999999999994,0.0299999999999997,7.00000000000003,1,2,66,0.5
240,14167.600042,14166.554551,14166.825544,14167.547714,14195.944434,0,2.99999999999994,0.0299999999999997,5.99999999999996,2,1,65,0.5
241,14206.168559,14204.483899,14205.206897,14206.168559,14213.816862,0,NaN,0,7.00000000000003,1,2,66,0.5
242,14219.336167,14218.593171,14218.741003,14219.284001,14247.706554,0,2.99999999999994,0.0299999999999997,5.99999999999996,2,1,65,0.5
243,14251.455706,14250.528049,14250.742048,14251.403372,14276.208106,0,2.99999999999994,0.0299999999999997,5.99999999999996,2,1,65,0.5
244,14280.463423,14279.627093,14279.713932,14280.411096,14300.151677,1,2.99999999999994,0.0299999999999997,7.00000000000003,1,2,66,0.5
245,14418.286039,14416.814045,14417.472375,14418.233711,14433.332979,1,2.99999999999994,0.0299999999999997,7.00000000000003,1,2,66,0.5
246,14452.852567,14451.891738,14452.288902,14452.800067,14467.409514,1,2.99999999999994,0.0299999999999997,7.00000000000003,1,2,66,0.5
247,14469.5155,14468.54617,14468.611504,14469.5155,14481.423953,0,NaN,0,7.00000000000003,1,2,66,0.5
248,14484.975105,14482.644947,14484.001109,14484.922606,14498.087892,1,2.99999999999994,0.0299999999999997,7.00000000000003,1,2,66,0.5
249,14500.149378,14499.112049,14499.417547,14500.096878,14514.172155,0,2.99999999999994,0.0299999999999997,5.99999999999996,2,1,65,0.5
250,14519.595306,14516.794984,14517.395975,14519.595306,14528.929262,0,NaN,0,7.00000000000003,1,2,66,0.5
251,14547.515021,14546.810363,14547.066524,14547.515021,14548.817017,1,NaN,0,5.99999999999996,2,1,65,0.5
252,14558.662816,14557.840653,14558.166318,14558.662816,14562.497461,1,NaN,0,5.99999999999996,2,1,65,0.5
253,14565.771454,14564.892118,14565.219451,14565.719116,14579.113062,1,2.99999999999994,0.0299999999999997,7.00000000000003,1,2,66,0.5
254,14582.572554,14581.662391,14581.929384,14582.520382,14610.186104,0,2.99999999999994,0.0299999999999997,5.99999999999996,2,1,65,0.5
255,14612.063597,14611.196439,14611.350933,14612.011269,14630.531857,1,2.99999999999994,0.0299999999999997,7.00000000000003,1,2,66,0.5
256,14707.972213,14706.935217,14707.398388,14707.972213,14708.334717,1,NaN,0,5.99999999999996,2,1,65,0.5
257,14716.148186,14715.287518,14715.628182,14716.148186,14723.218818,1,NaN,0,5.99999999999996,2,1,65,0.5
258,14724.984151,14723.965488,14724.285154,14724.931978,14725.940308,0,2.99999999999994,0.0299999999999997,5.99999999999996,2,1,65,0.5
259,14729.289462,14728.551637,14728.705969,14729.289462,14733.479278,0,NaN,0,7.00000000000003,1,2,66,0.5
260,14738.678257,14736.820264,14738.023265,14738.625757,14754.057195,0,2.99999999999994,0.0299999999999997,5.99999999999996,2,1,65,0.5
261,14764.021661,14763.298158,14763.600158,14764.021661,14764.435826,1,NaN,0,5.99999999999996,2,1,65,0.5
262,14773.344119,14772.509288,14772.585121,14773.291791,14786.162073,1,2.99999999999994,0.0299999999999997,7.00000000000003,1,2,66,0.5
263,14930.814661,14929.44166,14930.119664,14930.762328,14936.870631,1,2.99999999999994,0.0299999999999997,7.00000000000003,1,2,66,0.5
264,14939.602126,14938.735796,14938.996956,14939.549786,14963.474357,0,2.99999999999994,0.0299999999999997,5.99999999999996,2,1,65,0.5
265,14965.253684,14964.373521,14964.656186,14965.253684,14973.470151,1,NaN,0,5.99999999999996,2,1,65,0.5
266,14976.343473,14975.542809,14975.619809,14976.343473,14985.966434,0,NaN,0,7.00000000000003,1,2,66,0.5
267,15002.853206,15001.556378,15002.125037,15002.801033,15027.163442,1,2.99999999999994,0.0299999999999997,7.00000000000003,1,2,66,0.5
268,15028.857263,15028.234438,15028.307265,15028.829263,15040.323717,0,2.99999999999994,0.0299999999999997,5.99999999999996,2,1,65,0.5
269,15047.749521,15041.26988,15041.296719,15047.697193,15056.743651,1,2.99999999999994,0.0299999999999997,7.00000000000003,1,2,66,0.5
270,15059.284808,15057.574154,15058.628644,15059.284808,15081.549719,0,NaN,0,7.00000000000003,1,2,66,0.5
271,15089.368193,15087.732528,15088.170192,15089.368193,15099.558146,1,NaN,0,5.99999999999996,2,1,65,0.5
272,15102.918139,15101.833143,15102.370135,15102.8658,15110.457603,1,2.99999999999994,0.0299999999999997,7.00000000000003,1,2,66,0.5
273,15112.410596,15111.542266,15111.669099,15112.410596,15118.154911,0,NaN,0,7.00000000000003,1,2,66,0.5
274,15119.791738,15118.929069,15119.216734,15119.739399,15153.142099,0,2.99999999999994,0.0299999999999997,5.99999999999996,2,1,65,0.5
275,15155.194424,15154.336927,15154.612426,15155.194424,15161.069406,0,NaN,0,7.00000000000003,1,2,66,0.5
276,15162.928899,15161.96007,15162.276068,15162.87656,15183.53765,0,2.99999999999994,0.0299999999999997,5.99999999999996,2,1,65,0.5
277,15185.193477,15184.425807,15184.517306,15185.193477,15190.958115,0,NaN,0,7.00000000000003,1,2,66,0.5
278,15197.314761,15195.951261,15196.559092,15197.314761,15203.225398,0,NaN,0,7.00000000000003,1,2,66,0.5
279,15207.412388,15206.528052,15206.814217,15207.360215,15222.307989,0,2.99999999999994,0.0299999999999997,5.99999999999996,2,1,65,0.5
280,15223.992821,15223.236824,15223.357985,15223.940649,15231.159453,1,2.99999999999994,0.0299999999999997,7.00000000000003,1,2,66,0.5
281,15232.772614,15232.104789,15232.202449,15232.772614,15242.325081,0,NaN,0,7.00000000000003,1,2,66,0.5
282,15243.717404,15242.897573,15243.074406,15243.717404,15249.783379,0,NaN,0,7.00000000000003,1,2,66,0.5
283,15251.601039,15250.639209,15251.012213,15251.548711,15269.883471,0,2.99999999999994,0.0299999999999997,5.99999999999996,2,1,65,0.5
284,15272.063796,15270.9893,15271.463131,15272.063796,15279.614432,1,NaN,0,5.99999999999996,2,1,65,0.5
285,15281.446258,15280.422757,15280.827755,15281.39392,15295.382863,1,2.99999999999994,0.0299999999999997,7.00000000000003,1,2,66,0.5
286,15297.383189,15296.560858,15296.661358,15297.383189,15623.841883,0,NaN,0,7.00000000000003,1,2,66,0.5
287,15634.613674,15633.50385,15634.015348,15634.561346,15637.900826,1,2.99999999999994,0.0299999999999997,7.00000000000003,1,2,66,0.5
288,15639.653992,15638.880995,15639.068322,15639.601659,15640.971487,0,2.99999999999994,0.0299999999999997,5.99999999999996,2,1,65,0.5
289,15643.885636,15642.987973,15643.312305,15643.833309,15653.598097,1,2.99999999999994,0.0299999999999997,7.00000000000003,1,2,66,0.5
290,15656.143759,15654.947926,15655.471423,15656.091426,15671.758858,1,2.99999999999994,0.0299999999999997,7.00000000000003,1,2,66,0.5
291,15673.377018,15672.369355,15672.77336,15673.324691,15677.875173,1,2.99999999999994,0.0299999999999997,7.00000000000003,1,2,66,0.5
292,15679.909331,15678.722669,15679.273167,15679.909331,15685.268304,0,NaN,0,7.00000000000003,1,2,66,0.5
293,15686.863298,15685.941307,15686.193467,15686.81097,15707.233882,0,2.99999999999994,0.0299999999999997,5.99999999999996,2,1,65,0.5
294,15708.795209,15707.77322,15708.190713,15708.795209,15714.072688,0,NaN,0,7.00000000000003,1,2,66,0.5
295,15715.759016,15714.908691,15715.148857,15715.759016,15720.677995,0,NaN,0,7.00000000000003,1,2,66,0.5
296,15723.425484,15722.05449,15722.873153,15723.425484,15727.947639,0,NaN,0,7.00000000000003,1,2,66,0.5
297,15729.903631,15729.049796,15729.412794,15729.903631,15743.44091,1,NaN,0,5.99999999999996,2,1,65,0.5
298,15753.058366,15752.208536,15752.455535,15753.058366,15774.246614,1,NaN,0,5.99999999999996,2,1,65,0.5
299,15793.994536,15793.301377,15793.541205,15793.994536,15800.373677,1,NaN,0,5.99999999999996,2,1,65,0.5
300,15805.514995,15804.590332,15804.908158,15805.462656,15810.308976,1,2.99999999999994,0.0299999999999997,7.00000000000003,1,2,66,0.5
301,15811.899631,15811.276972,15811.374133,15811.885964,15838.929028,0,2.99999999999994,0.0299999999999997,5.99999999999996,2,1,65,0.5
302,15840.767854,15839.900852,15840.222684,15840.767854,15847.807993,1,NaN,0,5.99999999999996,2,1,65,0.5
303,15850.032317,15849.185821,15849.471314,15850.032317,15855.260791,1,NaN,0,5.99999999999996,2,1,65,0.5
304,15857.849619,15856.982789,15857.305955,15857.849619,15861.463271,1,NaN,0,5.99999999999996,2,1,65,0.5
305,15865.015751,15863.960428,15864.445587,15865.015751,15869.767232,1,NaN,0,5.99999999999996,2,1,65,0.5
306,15873.482723,15872.611721,15872.834226,15873.453885,15884.827673,0,2.99999999999994,0.0299999999999997,5.99999999999996,2,1,65,0.5
307,15886.855165,15885.832835,15886.2335,15886.802665,15894.627967,1,2.99999999999994,0.0299999999999997,7.00000000000003,1,2,66,0.5
308,15897.55196,15896.778964,15896.979457,15897.499622,15917.569708,0,2.99999999999994,0.0299999999999997,5.99999999999996,2,1,65,0.5
309,15920.148698,15918.526871,15919.159202,15920.09637,15939.686287,1,2.99999999999994,0.0299999999999997,7.00000000000003,1,2,66,0.5
310,15942.111116,15940.951454,15941.296452,15942.058776,15963.398358,0,2.99999999999994,0.0299999999999997,5.99999999999996,2,1,65,0.5
311,15965.216023,15964.324187,15964.609526,15965.216023,15967.00301,1,NaN,0,5.99999999999996,2,1,65,0.5
312,15977.886472,15977.000643,15977.096303,15977.8343,15986.631599,0,2.99999999999994,0.0299999999999997,5.99999999999996,2,1,65,0.5
313,15988.930262,15987.521429,15988.065759,15988.877928,16006.659352,1,2.99999999999994,0.0299999999999997,7.00000000000003,1,2,66,0.5
314,16008.344179,16007.378021,16007.535682,16008.291851,16037.640894,0,2.99999999999994,0.0299999999999997,5.99999999999996,2,1,65,0.5
315,16040.449384,16039.086389,16039.669387,16040.397056,16066.895444,1,2.99999999999994,0.0299999999999997,7.00000000000003,1,2,66,0.5
316,16068.685109,16067.650774,16068.038606,16068.685109,16069.879098,1,NaN,0,5.99999999999996,2,1,65,0.5
317,16089.163022,16087.971693,16088.271025,16089.110694,16101.485645,0,2.99999999999994,0.0299999999999997,5.99999999999996,2,1,65,0.5
318,16103.342304,16102.400141,16102.696301,16103.342304,16103.974135,1,NaN,0,5.99999999999996,2,1,65,0.5
319,16311.850465,16310.987301,16311.293972,16311.850465,16336.293539,1,NaN,0,5.99999999999996,2,1,65,0.5
320,16346.538831,16345.602662,16345.8915,16346.486659,16347.94132,0,2.99999999999994,0.0299999999999997,5.99999999999996,2,1,65,0.5
321,16349.287648,16348.547984,16348.791156,16349.287648,16355.613622,1,NaN,0,5.99999999999996,2,1,65,0.5
322,16358.827943,16358.058952,16358.230618,16358.827943,16366.859578,0,NaN,0,7.00000000000003,1,2,66,0.5
323,16369.133569,16367.351081,16368.469737,16369.133569,16372.984559,0,NaN,0,7.00000000000003,1,2,66,0.5
324,16376.025041,16374.862718,16375.452376,16375.972713,16404.472099,1,2.99999999999994,0.0299999999999997,7.00000000000003,1,2,66,0.5
325,16411.648565,16410.646236,16411.121901,16411.596238,16415.601388,1,2.99999999999994,0.0299999999999997,7.00000000000003,1,2,66,0.5
326,16417.595208,16416.713544,16416.920216,16417.542709,16430.103997,0,2.99999999999994,0.0299999999999997,5.99999999999996,2,1,65,0.5
327,16431.926323,16431.000827,16431.270986,16431.87399,16496.538398,1,2.99999999999994,0.0299999999999997,7.00000000000003,1,2,66,0.5
328,16501.254374,16500.147211,16500.673381,16501.254374,16506.665024,1,NaN,0,5.99999999999996,2,1,65,0.5
329,16508.937015,16507.803513,16508.328684,16508.884842,16520.011631,0,2.99999999999994,0.0299999999999997,5.99999999999996,2,1,65,0.5
330,16521.69913,16520.669295,16521.033967,16521.646958,16531.586085,1,2.99999999999994,0.0299999999999997,7.00000000000003,1,2,66,0.5
331,16533.429084,16532.491587,16532.80808,16533.376744,16556.442325,0,2.99999999999994,0.0299999999999997,5.99999999999996,2,1,65,0.5
332,16558.660977,16557.611154,16558.013813,16558.660977,16567.579608,1,NaN,0,5.99999999999996,2,1,65,0.5
333,16569.814766,16568.391439,16569.055941,16569.762438,16588.56453,1,2.99999999999994,0.0299999999999997,7.00000000000003,1,2,66,0.5
334,16603.45547,16602.349802,16602.608968,16603.403137,16606.31162,0,2.99999999999994,0.0299999999999997,5.99999999999996,2,1,65,0.5
335,16608.472278,16607.564614,16607.948286,16608.472278,16623.462057,1,NaN,0,5.99999999999996,2,1,65,0.5
336,16625.144717,16624.322047,16624.60938,16625.092378,16651.542439,0,2.99999999999994,0.0299999999999997,5.99999999999996,2,1,65,0.5
337,16653.314271,16652.323108,16652.636934,16653.261932,16672.925026,1,2.99999999999994,0.0299999999999997,7.00000000000003,1,2,66,0.5
338,16696.334765,16695.379436,16695.664429,16696.334765,16701.642411,1,NaN,0,5.99999999999996,2,1,65,0.5
339,16703.246066,16702.394735,16702.7209,16703.246066,16714.504859,1,NaN,0,5.99999999999996,2,1,65,0.5
340,16716.042014,16715.174023,16715.463016,16716.042014,16721.10066,1,NaN,0,5.99999999999996,2,1,65,0.5
341,16724.052988,16722.60616,16723.280652,16724.000649,16746.484898,1,2.99999999999994,0.0299999999999997,7.00000000000003,1,2,66,0.5
342,17172.236523,17159.615907,17159.890911,NaN,NaN,NaN,NaN,0,5.99999999999996,2,1,65,0.5
343,17197.267089,17184.646479,17184.993305,NaN,NaN,NaN,NaN,0,5.99999999999996,2,1,65,0.5
344,17213.902689,17213.153193,17213.47203,17213.902689,17214.101188,1,NaN,0,5.99999999999996,2,1,65,0.5
345,17231.21312,17230.417624,17230.775128,17231.21312,17231.495952,1,NaN,0,5.99999999999996,2,1,65,0.5
346,17265.613655,17264.794819,17265.185484,17265.613655,17268.947636,1,NaN,0,5.99999999999996,2,1,65,0.5
347,17274.842451,17274.048288,17274.30212,17274.842451,17277.417774,1,NaN,0,5.99999999999996,2,1,65,0.5
348,17283.781243,17283.087246,17283.275751,17283.781243,17290.581055,1,NaN,0,5.99999999999996,2,1,65,0.5
349,17294.394701,17293.74337,17293.953702,17294.394701,17294.622866,1,NaN,0,5.99999999999996,2,1,65,0.5
350,17309.892472,17308.56581,17309.048308,17309.840145,17341.720178,0,2.99999999999994,0.0299999999999997,5.99999999999996,2,1,65,0.5
351,17343.142178,17342.401842,17342.55468,17343.089845,17345.173332,0,2.99999999999994,0.0299999999999997,5.99999999999996,2,1,65,0.5
352,17346.463498,17345.755828,17345.985833,17346.463498,17351.828637,1,NaN,0,5.99999999999996,2,1,65,0.5
353,17358.600783,17356.514119,17357.541614,17358.54861,17364.188594,1,2.99999999999994,0.0299999999999997,7.00000000000003,1,2,66,0.5
354,17365.772416,17364.932585,17365.215257,17365.719916,17386.974503,0,2.99999999999994,0.0299999999999997,5.99999999999996,2,1,65,0.5
355,17398.385118,17397.553121,17397.829787,17398.385118,17409.868572,1,NaN,0,5.99999999999996,2,1,65,0.5
356,17425.042684,17424.357187,17424.56018,17425.042684,17425.314849,1,NaN,0,5.99999999999996,2,1,65,0.5
357,17442.561947,17441.844444,17442.101782,17442.561947,17464.592026,1,NaN,0,5.99999999999996,2,1,65,0.5
358,17480.600456,17479.695465,17480.070124,17480.600456,17480.982287,1,NaN,0,5.99999999999996,2,1,65,0.5
359,17493.598904,17492.577574,17493.097412,17493.598904,17508.343178,1,NaN,0,5.99999999999996,2,1,65,0.5
360,17510.037844,17509.076348,17509.606346,17510.037844,17516.860483,1,NaN,0,5.99999999999996,2,1,65,0.5
361,17518.646809,17517.683313,17518.085812,17518.59447,17525.358443,0,2.99999999999994,0.0299999999999997,5.99999999999996,2,1,65,0.5
362,17530.098258,17529.285934,17529.659259,17530.098258,17536.173573,1,NaN,0,5.99999999999996,2,1,65,0.5
363,17538.919889,17536.644899,17537.7584,17538.919889,17540.976387,0,NaN,0,7.00000000000003,1,2,66,0.5
364,17548.752183,17547.889687,17548.266524,17548.752183,17548.949682,1,NaN,0,5.99999999999996,2,1,65,0.5
365,17569.943766,17568.82577,17569.4151,17569.891438,17578.113905,1,2.99999999999994,0.0299999999999997,7.00000000000003,1,2,66,0.5
366,17580.15873,17579.218561,17579.44606,17580.106397,17595.315836,0,2.99999999999994,0.0299999999999997,5.99999999999996,2,1,65,0.5
367,17597.042323,17596.20616,17596.519993,17597.042323,17604.018963,1,NaN,0,5.99999999999996,2,1,65,0.5
368,17605.956127,17604.978792,17605.226124,17605.903788,17621.626064,0,2.99999999999994,0.0299999999999997,5.99999999999996,2,1,65,0.5
369,17627.423202,17626.502873,17626.835543,17627.423202,17632.586515,1,NaN,0,5.99999999999996,2,1,65,0.5
370,17746.675892,17745.50673,17745.931394,17746.675892,17832.656553,1,NaN,0,5.99999999999996,2,1,65,0.5
371,17835.276204,17834.608873,17834.808545,17835.276204,17839.086361,0,NaN,0,7.00000000000003,1,2,66,0.5
372,17845.774162,17844.070836,17845.04317,17845.774162,17848.909322,0,NaN,0,7.00000000000003,1,2,66,0.5
373,17854.897464,17852.861306,17853.979468,17854.845131,17867.870912,1,2.99999999999994,0.0299999999999997,7.00000000000003,1,2,66,0.5
374,17878.811697,17877.761368,17878.129699,17878.759369,17897.238795,1,2.99999999999994,0.0299999999999997,7.00000000000003,1,2,66,0.5
375,17920.697195,17919.818871,17920.081698,17920.697195,17921.592192,1,NaN,0,5.99999999999996,2,1,65,0.5
376,17929.169995,17927.990166,17928.42867,17929.169995,17951.82441,0,NaN,0,7.00000000000003,1,2,66,0.5
377,17970.525502,17968.729836,17969.713332,17970.473329,17987.941927,1,2.99999999999994,0.0299999999999997,7.00000000000003,1,2,66,0.5
378,17989.777758,17988.898256,17989.120094,17989.725586,18005.469023,0,2.99999999999994,0.0299999999999997,5.99999999999996,2,1,65,0.5
379,18014.565326,18013.662657,18014.070822,18014.565326,18018.392644,1,NaN,0,5.99999999999996,2,1,65,0.5
380,18026.71761,18025.304949,18026.10194,18026.665271,18041.348713,1,2.99999999999994,0.0299999999999997,7.00000000000003,1,2,66,0.5
381,18043.11354,18042.325381,18042.355715,18043.11354,18053.354665,0,NaN,0,7.00000000000003,1,2,66,0.5
382,18056.611319,18054.965491,18055.843155,18056.558819,18070.941928,1,2.99999999999994,0.0299999999999997,7.00000000000003,1,2,66,0.5
383,18073.532256,18072.414422,18072.789093,18073.53009,18092.740841,0,2.99999999999994,0.0299999999999997,5.99999999999996,2,1,65,0.5
384,18095.143337,18094.305334,18094.392,18095.143337,18100.784647,0,NaN,0,7.00000000000003,1,2,66,0.5
385,18102.340808,18101.496478,18101.691804,18102.340808,18108.369617,0,NaN,0,7.00000000000003,1,2,66,0.5
386,18111.797103,18110.12611,18111.050101,18111.744765,18140.425816,1,2.99999999999994,0.0299999999999997,7.00000000000003,1,2,66,0.5
387,18143.015307,18142.041649,18142.364815,18142.962979,18156.391752,1,2.99999999999994,0.0299999999999997,7.00000000000003,1,2,66,0.5
388,18158.69041,18157.305915,18157.854419,18158.69041,18164.778219,0,NaN,0,7.00000000000003,1,2,66,0.5
389,18167.004877,18165.660215,18166.346885,18167.004877,18173.826516,1,NaN,0,5.99999999999996,2,1,65,0.5
390,18438.848129,18437.853961,18438.302631,18438.795789,18440.487783,1,2.99999999999994,0.0299999999999997,7.00000000000003,1,2,66,0.5
391,18459.596874,18458.735877,18459.078214,18459.596874,18459.758378,1,NaN,0,5.99999999999996,2,1,65,0.5
392,18475.546982,18474.665647,18475.023811,18475.546982,18493.387905,1,NaN,0,5.99999999999996,2,1,65,0.5
393,18495.655401,18494.665567,18495.098737,18495.603063,18497.07789,0,2.99999999999994,0.0299999999999997,5.99999999999996,2,1,65,0.5
394,18499.074221,18497.90822,18498.434384,18499.021883,18506.637024,1,2.99999999999994,0.0299999999999997,7.00000000000003,1,2,66,0.5
395,18508.441845,18507.574681,18507.666353,18508.389345,18525.394443,0,2.99999999999994,0.0299999999999997,5.99999999999996,2,1,65,0.5
396,18537.154064,18536.012401,18536.288899,18537.101736,18555.587489,0,2.99999999999994,0.0299999999999997,5.99999999999996,2,1,65,0.5
397,18557.893486,18556.475152,18557.164822,18557.841147,18574.60658,1,2.99999999999994,0.0299999999999997,7.00000000000003,1,2,66,0.5
398,18576.711744,18575.584915,18575.851241,18576.659411,18600.769148,0,2.99999999999994,0.0299999999999997,5.99999999999996,2,1,65,0.5
399,18602.794467,18601.831971,18602.158642,18602.794467,18610.516769,1,NaN,0,5.99999999999996,2,1,65,0.5
400,18612.836594,18611.355433,18612.097602,18612.784266,18623.185885,1,2.99999999999994,0.0299999999999997,7.00000000000003,1,2,66,0.5
401,18627.158037,18625.375543,18625.997541,18627.105537,18643.525804,1,2.99999999999994,0.0299999999999997,7.00000000000003,1,2,66,0.5
402,18649.112788,18648.113619,18648.231952,18649.060615,18668.03304,0,2.99999999999994,0.0299999999999997,5.99999999999996,2,1,65,0.5
403,18670.067031,18669.072541,18669.34754,18670.067031,18679.524333,1,NaN,0,5.99999999999996,2,1,65,0.5
404,18681.652151,18680.701495,18680.831821,18681.652151,18691.701111,0,NaN,0,7.00000000000003,1,2,66,0.5
405,18693.494771,18692.566274,18692.88394,18693.494771,18700.976241,1,NaN,0,5.99999999999996,2,1,65,0.5
406,18703.302904,18702.009409,18702.619401,18703.250566,18716.370518,1,2.99999999999994,0.0299999999999997,7.00000000000003,1,2,66,0.5
407,18718.712676,18717.341181,18717.86484,18718.712676,18727.387474,0,NaN,0,7.00000000000003,1,2,66,0.5
408,18729.064468,18728.128465,18728.349965,18729.012129,18747.290722,0,2.99999999999994,0.0299999999999997,5.99999999999996,2,1,65,0.5
409,18755.24819,18753.870363,18754.129529,18755.24819,18761.08,1,NaN,0,5.99999999999996,2,1,65,0.5
410,18763.376325,18761.88967,18762.671,18763.323997,18771.155966,1,2.99999999999994,0.0299999999999997,7.00000000000003,1,2,66,0.5
411,18773.56229,18772.126462,18772.737954,18773.510117,18792.428381,0,2.99999999999994,0.0299999999999997,5.99999999999996,2,1,65,0.5
412,18794.637539,18793.238878,18793.904203,18794.5852,18812.70746,1,2.99999999999994,0.0299999999999997,7.00000000000003,1,2,66,0.5
413,18815.677283,18814.329454,18814.835785,18815.677283,18820.743934,0,NaN,0,7.00000000000003,1,2,66,0.5
414,18823.011253,18821.647764,18822.244256,18823.011253,18944.5311,1,NaN,0,5.99999999999996,2,1,65,0.5
415,18962.770194,18961.94103,18962.158697,18962.717866,18963.683691,1,2.99999999999994,0.0299999999999997,7.00000000000003,1,2,66,0.5
416,18974.202649,18972.586654,18973.362818,18974.150149,18984.847278,1,2.99999999999994,0.0299999999999997,7.00000000000003,1,2,66,0.5
417,18987.361435,18986.429933,18986.657932,18987.309263,18989.708086,0,2.99999999999994,0.0299999999999997,5.99999999999996,2,1,65,0.5
418,18992.437581,18991.639911,18991.92341,18992.437581,18999.813385,1,NaN,0,5.99999999999996,2,1,65,0.5
419,19004.454199,19002.794706,19003.722364,19004.402027,19018.880802,1,2.99999999999994,0.0299999999999997,7.00000000000003,1,2,66,0.5
420,19020.582968,19019.651467,19019.889465,19020.582968,19027.000437,0,NaN,0,7.00000000000003,1,2,66,0.5
421,19028.623763,19027.776767,19028.089432,19028.623763,19033.502078,1,NaN,0,5.99999999999996,2,1,65,0.5
422,19038.135398,19036.316733,19037.322063,19038.133231,19041.497885,1,2.99999999999994,0.0299999999999997,7.00000000000003,1,2,66,0.5
423,19044.776866,19042.610547,19043.333538,19044.776866,19046.893863,1,NaN,0,5.99999999999996,2,1,65,0.5
424,19065.558788,19064.174794,19065.052118,19065.50645,19085.734535,1,2.99999999999994,0.0299999999999997,7.00000000000003,1,2,66,0.5
425,19323.083586,19321.406098,19321.500092,19322.533421,19334.758039,0,NaN,0,5.99999999999996,2,1,65,0.5
426,19340.900687,19339.918019,19340.189523,19340.900687,19341.029014,1,NaN,0,5.99999999999996,2,1,65,0.5
427,19349.056654,19347.72266,19348.44999,19349.004315,19350.772981,1,2.99999999999994,0.0299999999999997,7.00000000000003,1,2,66,0.5
428,19354.739626,19353.188966,19353.881462,19354.739626,19359.578279,1,NaN,0,5.99999999999996,2,1,65,0.5
429,19363.993928,19362.418095,19363.360264,19363.941755,19364.965924,1,2.99999999999994,0.0299999999999997,7.00000000000003,1,2,66,0.5
430,19382.100356,19369.479733,19369.732572,NaN,19402.961767,NaN,NaN,0,5.99999999999996,2,1,65,0.5
431,19462.592361,19461.402038,19461.82137,19462.592361,19469.296001,1,NaN,0,5.99999999999996,2,1,65,0.5
432,19472.716988,19470.568829,19471.942324,19472.66466,19490.272584,1,2.99999999999994,0.0299999999999997,7.00000000000003,1,2,66,0.5
433,19492.882573,19491.950077,19491.976416,19492.882573,19497.399561,0,NaN,0,7.00000000000003,1,2,66,0.5
434,19501.180879,19498.862222,19499.994717,19501.180879,19507.087183,0,NaN,0,7.00000000000003,1,2,66,0.5
435,19510.12751,19508.578683,19509.362341,19510.075338,19511.965836,1,2.99999999999994,0.0299999999999997,7.00000000000003,1,2,66,0.5
436,19514.598486,19512.628833,19513.741329,19514.598486,19524.300447,0,NaN,0,7.00000000000003,1,2,66,0.5
437,19547.542188,19546.671691,19546.967524,19547.542188,19547.674854,1,NaN,0,5.99999999999996,2,1,65,0.5
438,19566.997116,19562.169796,19562.447128,NaN,NaN,NaN,NaN,0,5.99999999999996,2,1,65,0.5
439,19577.478735,19575.728075,19576.868077,19577.426408,19595.103497,1,2.99999999999994,0.0299999999999997,7.00000000000003,1,2,66,0.5
440,19597.023663,19595.898328,19596.347159,19597.023663,19604.426966,0,NaN,0,7.00000000000003,1,2,66,0.5
441,19925.581176,19923.730522,19923.935516,19925.581176,19925.737508,1,NaN,0,5.99999999999996,2,1,65,0.5
442,19954.173901,19953.260232,19953.601564,19954.173901,19983.77361,1,NaN,0,5.99999999999996,2,1,65,0.5
443,19999.460886,19997.928559,19998.614883,19999.408714,20012.242829,1,2.99999999999994,0.0299999999999997,7.00000000000003,1,2,66,0.5
444,20014.559487,20013.52533,20013.72399,20014.507159,20018.136973,0,2.99999999999994,0.0299999999999997,5.99999999999996,2,1,65,0.5
445,20023.706783,20022.777453,20023.138291,20023.706783,20025.565282,1,NaN,0,5.99999999999996,2,1,65,0.5
446,20052.124675,20051.03368,20051.505339,20052.124675,20052.371508,1,NaN,0,5.99999999999996,2,1,65,0.5
447,20072.246095,20070.978767,20071.565264,20072.193762,20082.445715,1,2.99999999999994,0.0299999999999997,7.00000000000003,1,2,66,0.5
448,20085.064704,20083.802715,20084.315708,20085.064704,20089.107694,0,NaN,0,7.00000000000003,1,2,66,0.5
449,20093.924008,20092.627513,20093.265005,20093.924008,20096.976657,1,NaN,0,5.99999999999996,2,1,65,0.5
450,20101.788977,20100.066812,20101.155307,20101.736638,20104.740132,1,2.99999999999994,0.0299999999999997,7.00000000000003,1,2,66,0.5
451,20110.16711,20106.286953,20107.217616,20110.16711,20112.543434,0,NaN,0,7.00000000000003,1,2,66,0.5
452,20123.744216,20122.72372,20123.292552,20123.744216,20135.469337,1,NaN,0,5.99999999999996,2,1,65,0.5
453,20138.150993,20136.914331,20137.605994,20138.098826,20161.470065,0,2.99999999999994,0.0299999999999997,5.99999999999996,2,1,65,0.5
454,20163.025059,20162.139402,20162.478228,20163.025059,20165.824381,1,NaN,0,5.99999999999996,2,1,65,0.5
455,20173.597856,20172.717026,20173.080692,20173.597856,20253.274365,1,NaN,0,5.99999999999996,2,1,65,0.5
456,20295.397702,20294.018369,20294.221535,20295.34553,20307.409982,1,2.99999999999994,0.0299999999999997,7.00000000000003,1,2,66,0.5
457,20335.875202,20334.213541,20334.981538,20335.822874,20378.437364,1,2.99999999999994,0.0299999999999997,7.00000000000003,1,2,66,0.5
458,20380.279529,20378.991863,20379.71686,20380.279529,20435.289803,1,NaN,0,5.99999999999996,2,1,65,0.5
459,20447.471089,20446.129266,20446.717758,20447.418761,20462.090036,1,2.99999999999994,0.0299999999999997,7.00000000000003,1,2,66,0.5
460,20465.651855,20464.675525,20465.14469,20465.651855,20470.882834,1,NaN,0,5.99999999999996,2,1,65,0.5
461,20473.749984,20472.787659,20473.155819,20473.69765,20477.504301,0,2.99999999999994,0.0299999999999997,5.99999999999996,2,1,65,0.5
462,20479.038968,20478.149299,20478.464465,20479.038968,20483.541777,1,NaN,0,5.99999999999996,2,1,65,0.5
463,20486.634104,20485.26727,20485.952268,20486.581765,20521.390292,0,2.99999999999994,0.0299999999999997,5.99999999999996,2,1,65,0.5
464,20523.79745,20522.68346,20523.184785,20523.79745,20526.143779,1,NaN,0,5.99999999999996,2,1,65,0.5
465,20680.812494,20679.744832,20680.189491,20680.812494,20680.978321,1,NaN,0,5.99999999999996,2,1,65,0.5
466,20733.80561,20732.330449,20733.109452,20733.75311,20745.286903,1,2.99999999999994,0.0299999999999997,7.00000000000003,1,2,66,0.5
467,20746.995563,20745.958228,20746.21106,20746.943223,20754.866858,0,2.99999999999994,0.0299999999999997,5.99999999999996,2,1,65,0.5
468,20757.028522,20756.012021,20756.426852,20757.028522,20770.095637,1,NaN,0,5.99999999999996,2,1,65,0.5
469,20819.021768,20818.141773,20818.55527,20819.021768,20822.246256,1,NaN,0,5.99999999999996,2,1,65,0.5
470,20846.579158,20845.708168,20846.075161,20846.579158,20846.880663,1,NaN,0,5.99999999999996,2,1,65,0.5
471,20864.123922,20862.582595,20863.423758,20864.123922,20867.72674,1,NaN,0,5.99999999999996,2,1,65,0.5
472,20912.964227,20900.343449,20900.551276,NaN,NaN,NaN,NaN,0,5.99999999999996,2,1,65,0.5
473,21138.271497,21137.243335,21137.605161,21138.271497,21141.774144,1,NaN,0,5.99999999999996,2,1,65,0.5
474,21147.135462,21146.061633,21146.498625,21147.135462,21147.390955,1,NaN,0,5.99999999999996,2,1,65,0.5
475,21155.670089,21154.063596,21154.889264,21155.617589,21161.170567,1,2.99999999999994,0.0299999999999997,7.00000000000003,1,2,66,0.5
476,21163.689062,21162.459561,21162.81256,21163.636723,21165.775881,0,2.99999999999994,0.0299999999999997,5.99999999999996,2,1,65,0.5
477,21169.647533,21168.704209,21169.084202,21169.647533,21175.294177,1,NaN,0,5.99999999999996,2,1,65,0.5
478,21183.249812,21181.827651,21182.67232,21183.249812,21188.193298,1,NaN,0,5.99999999999996,2,1,65,0.5
479,21197.981587,21196.201426,21197.357922,21197.929259,21200.577076,1,2.99999999999994,0.0299999999999997,7.00000000000003,1,2,66,0.5
480,21202.499402,21201.453739,21201.87357,21202.447074,21227.837133,0,2.99999999999994,0.0299999999999997,5.99999999999996,2,1,65,0.5
481,21234.862105,21233.927782,21234.258614,21234.862105,21239.179755,1,NaN,0,5.99999999999996,2,1,65,0.5
482,21243.700236,21242.322915,21243.103073,21243.700236,21249.157382,1,NaN,0,5.99999999999996,2,1,65,0.5
483,21250.915374,21250.038211,21250.37221,21250.915374,21255.909694,1,NaN,0,5.99999999999996,2,1,65,0.5
484,21258.58735,21256.85769,21257.88218,21258.535177,21285.501404,1,2.99999999999994,0.0299999999999997,7.00000000000003,1,2,66,0.5
485,21287.529561,21286.2519,21286.828731,21287.529561,21530.053758,1,NaN,0,5.99999999999996,2,1,65,0.5
486,21597.326328,21584.705873,21585.142037,NaN,21608.396617,NaN,NaN,0,5.99999999999996,2,1,65,0.5
487,21623.012559,21621.996057,21622.466221,21623.012559,21623.194391,1,NaN,0,5.99999999999996,2,1,65,0.5
488,21643.720142,21640.366316,21643.005645,21643.667809,21669.214868,0,2.99999999999994,0.0299999999999997,5.99999999999996,2,1,65,0.5
489,21672.412022,21670.554529,21671.471365,21672.412022,21674.746846,0,NaN,0,7.00000000000003,1,2,66,0.5
490,21682.670647,21681.372986,21681.942989,21682.670647,21682.908646,1,NaN,0,5.99999999999996,2,1,65,0.5
491,21690.012124,21689.05779,21689.41962,21690.012124,21721.562998,1,NaN,0,5.99999999999996,2,1,65,0.5
492,21724.900984,21722.221156,21723.987983,21724.848651,21740.810921,1,2.99999999999994,0.0299999999999997,7.00000000000003,1,2,66,0.5
493,21742.841579,21741.457085,21742.069249,21742.841579,21749.032882,0,NaN,0,7.00000000000003,1,2,66,0.5
494,21752.03287,21750.392211,21751.299373,21752.03287,21755.613861,0,NaN,0,7.00000000000003,1,2,66,0.5
495,21762.527496,21761.118833,21761.870997,21762.475167,21791.261386,1,2.99999999999994,0.0299999999999997,7.00000000000003,1,2,66,0.5
496,21793.775704,21791.940544,21793.035872,21793.773536,21808.261818,1,2.99999999999994,0.0299999999999997,7.00000000000003,1,2,66,0.5
497,21811.612632,21810.402642,21810.777969,21811.560465,21832.81588,0,2.99999999999994,0.0299999999999997,5.99999999999996,2,1,65,0.5
498,21834.978205,21833.891882,21834.30238,21834.978205,21838.452524,1,NaN,0,5.99999999999996,2,1,65,0.5
499,21854.52746,21853.246465,21853.794969,21854.475127,21873.178386,1,2.99999999999994,0.0299999999999997,7.00000000000003,1,2,66,0.5
500,22022.804959,22021.841457,22022.213456,22022.804959,22023.058786,1,NaN,0,5.99999999999996,2,1,65,0.5
501,22038.997055,22037.981732,22038.354224,22038.997055,22059.045981,1,NaN,0,5.99999999999996,2,1,65,0.5
502,22060.543308,22059.569479,22059.995811,22060.543308,22060.782968,1,NaN,0,5.99999999999996,2,1,65,0.5
503,22069.824599,22068.917436,22069.281601,22069.824599,22070.022264,1,NaN,0,5.99999999999996,2,1,65,0.5
504,22079.982231,22079.188895,22079.473394,22079.982231,22085.140877,1,NaN,0,5.99999999999996,2,1,65,0.5
505,22088.76169,22085.814541,22086.2057,22088.76169,22088.995689,1,NaN,0,5.99999999999996,2,1,65,0.5
506,22102.992139,22101.582972,22102.394974,22102.992139,22103.36447,1,NaN,0,5.99999999999996,2,1,65,0.5
507,22113.711423,22112.734766,22113.063598,22113.711423,22340.25135,1,NaN,0,5.99999999999996,2,1,65,0.5
508,22367.252242,22366.403079,22366.774244,22367.252242,22367.419908,1,NaN,0,5.99999999999996,2,1,65,0.5
509,22417.204543,22407.982246,22408.45625,22417.152215,22418.953208,0,2.99999999999994,0.0299999999999997,5.99999999999996,2,1,65,0.5
510,22463.243531,22461.924531,22462.014697,22463.243531,22463.390691,1,NaN,0,5.99999999999996,2,1,65,0.5
511,22734.311274,22731.04896,22731.261787,22734.311274,22734.396274,1,NaN,0,5.99999999999996,2,1,65,0.5
512,22744.481734,22742.585908,22742.963412,22744.481734,22757.90168,1,NaN,0,5.99999999999996,2,1,65,0.5
513,22772.01679,22770.792962,22771.455965,22772.01679,22772.201628,1,NaN,0,5.99999999999996,2,1,65,0.5
514,22815.768121,22814.868291,22815.196623,22815.768121,22848.357652,1,NaN,0,5.99999999999996,2,1,65,0.5
515,22858.793115,22857.861446,22858.188118,22858.793115,22866.14258,1,NaN,0,5.99999999999996,2,1,65,0.5
516,22868.586237,22867.511242,22868.066412,22868.586237,22871.522392,1,NaN,0,5.99999999999996,2,1,65,0.5
517,22878.58037,22876.934537,22877.672367,22878.528197,22892.521642,0,2.99999999999994,0.0299999999999997,5.99999999999996,2,1,65,0.5
518,22894.892804,22893.172305,22894.093469,22894.840465,22903.513598,1,2.99999999999994,0.0299999999999997,7.00000000000003,1,2,66,0.5
519,22906.512919,22905.354256,22905.734588,22906.460591,22937.275802,0,2.99999999999994,0.0299999999999997,5.99999999999996,2,1,65,0.5
520,22939.42362,22938.293464,22938.721957,22939.42362,22950.950741,1,NaN,0,5.99999999999996,2,1,65,0.5
521,22954.001396,22952.111742,22953.028566,22953.949068,22974.670652,1,2.99999999999994,0.0299999999999997,7.00000000000003,1,2,66,0.5
522,22977.418474,22975.501476,22976.114473,22977.366135,22982.304282,1,2.99999999999994,0.0299999999999997,7.00000000000003,1,2,66,0.5
523,22985.185438,22983.912109,22984.298607,22985.18327,23010.547342,0,2.99999999999994,0.0299999999999997,5.99999999999996,2,1,65,0.5
524,23014.24216,23012.652494,23013.35283,23014.189988,23034.827905,1,2.99999999999994,0.0299999999999997,7.00000000000003,1,2,66,0.5
525,23037.617067,23036.323566,23036.639731,23037.564728,23059.33064,0,2.99999999999994,0.0299999999999997,5.99999999999996,2,1,65,0.5
526,23062.837799,23061.636798,23062.145469,23062.837799,23069.689105,1,NaN,0,5.99999999999996,2,1,65,0.5
527,23214.427859,23212.97286,23213.621357,23214.427859,23219.634839,1,NaN,0,5.99999999999996,2,1,65,0.5
528,23222.328328,23220.496163,23221.399326,23222.275989,23234.652773,1,2.99999999999994,0.0299999999999997,7.00000000000003,1,2,66,0.5
529,23237.816094,23236.120767,23236.610271,23237.763766,23247.240395,0,2.99999999999994,0.0299999999999997,5.99999999999996,2,1,65,0.5
530,23250.90438,23249.463386,23249.998045,23250.90438,23260.175677,1,NaN,0,5.99999999999996,2,1,65,0.5
531,23264.945991,23262.381162,23263.626329,23264.893658,23288.743227,1,2.99999999999994,0.0299999999999997,7.00000000000003,1,2,66,0.5
532,23291.336385,23289.773386,23290.287223,23291.284046,23326.246412,0,2.99999999999994,0.0299999999999997,5.99999999999996,2,1,65,0.5
533,23328.510898,23327.130569,23327.726906,23328.510898,23531.785584,1,NaN,0,5.99999999999996,2,1,65,0.5
534,23589.75952,23588.253192,23588.72669,23589.707352,23591.863016,1,2.99999999999994,0.0299999999999997,7.00000000000003,1,2,66,0.5
535,23595.404163,23593.457004,23594.164335,23595.351836,23597.425327,0,2.99999999999994,0.0299999999999997,5.99999999999996,2,1,65,0.5
536,23600.498315,23598.47899,23599.518319,23600.446143,23613.72909,1,2.99999999999994,0.0299999999999997,7.00000000000003,1,2,66,0.5
537,23616.376579,23614.752086,23615.41225,23616.376579,23636.078506,0,NaN,0,7.00000000000003,1,2,66,0.5
538,23638.245664,23636.855336,23637.201496,23638.193492,23640.937814,0,2.99999999999994,0.0299999999999997,5.99999999999996,2,1,65,0.5
539,23644.777472,23643.230805,23643.854642,23644.725305,23654.740593,1,2.99999999999994,0.0299999999999997,7.00000000000003,1,2,66,0.5
540,23657.357754,23655.992927,23656.396425,23657.305583,23680.745155,0,2.99999999999994,0.0299999999999997,5.99999999999996,2,1,65,0.5
541,23683.971648,23682.333815,23683.034979,23683.919315,23696.780597,1,2.99999999999994,0.0299999999999997,7.00000000000003,1,2,66,0.5
542,23701.358912,23699.233754,23699.931751,23701.306579,23717.05051,1,2.99999999999994,0.0299999999999997,7.00000000000003,1,2,66,0.5
543,23720.243503,23718.842836,23719.183668,23720.191164,23741.731584,0,2.99999999999994,0.0299999999999997,5.99999999999996,2,1,65,0.5
544,23744.230068,23742.733074,23743.324905,23744.177741,23761.139333,1,2.99999999999994,0.0299999999999997,7.00000000000003,1,2,66,0.5
545,23763.414497,23761.827837,23762.547662,23763.414497,23772.188956,0,NaN,0,7.00000000000003,1,2,66,0.5
546,23774.732285,23773.472451,23773.886955,23774.732285,23783.66341,1,NaN,0,5.99999999999996,2,1,65,0.5
547,23786.255067,23784.901906,23785.509903,23786.255067,23800.215344,1,NaN,0,5.99999999999996,2,1,65,0.5
548,23802.735006,23801.085513,23801.870343,23802.682834,23816.123619,1,2.99999999999994,0.0299999999999997,7.00000000000003,1,2,66,0.5
549,23819.854599,23817.609113,23818.601937,23819.802271,23842.75534,0,2.99999999999994,0.0299999999999997,5.99999999999996,2,1,65,0.5
550,23845.588835,23843.766176,23844.6565,23845.536662,23869.393073,1,2.99999999999994,0.0299999999999997,7.00000000000003,1,2,66,0.5
551,23871.726225,23870.35573,23870.746896,23871.724058,23887.563994,0,2.99999999999994,0.0299999999999997,5.99999999999996,2,1,65,0.5
552,23890.947314,23889.197988,23889.905652,23890.947314,23903.649431,1,NaN,0,5.99999999999996,2,1,65,0.5
553,23908.815915,23906.870084,23907.798581,23908.763582,23927.994672,1,2.99999999999994,0.0299999999999997,7.00000000000003,1,2,66,0.5
554,23931.375492,23929.113501,23929.742826,23931.323153,23945.614429,0,2.99999999999994,0.0299999999999997,5.99999999999996,2,1,65,0.5
555,23949.309087,23947.425921,23948.276418,23949.256748,23961.399705,1,2.99999999999994,0.0299999999999997,7.00000000000003,1,2,66,0.5
556,23970.671996,23969.117841,23969.646333,23970.669829,23995.659562,0,2.99999999999994,0.0299999999999997,5.99999999999996,2,1,65,0.5
557,24001.063213,23999.832051,24000.233377,24001.063213,24015.359316,1,NaN,0,5.99999999999996,2,1,65,0.5
558,24018.447805,24016.917144,24017.718646,24018.447805,24032.343248,1,NaN,0,5.99999999999996,2,1,65,0.5
559,24035.464903,24033.913242,24034.617912,24035.464903,24045.578196,1,NaN,0,5.99999999999996,2,1,65,0.5
560,24048.54469,24046.561026,24047.558854,24048.54469,24062.935627,1,NaN,0,5.99999999999996,2,1,65,0.5
561,24077.344568,24064.723953,24065.661955,NaN,24087.572528,NaN,NaN,0,7.00000000000003,1,2,66,0.5
562,24090.783687,24088.590863,24089.864018,24090.731348,24107.255955,1,2.99999999999994,0.0299999999999997,7.00000000000003,1,2,66,0.5
563,24109.784273,24108.179112,24108.784115,24109.731778,24119.535572,0,2.99999999999994,0.0299999999999997,5.99999999999996,2,1,65,0.5
564,24122.084896,24120.845561,24121.295893,24122.084896,27780.336924,1,NaN,0,5.99999999999996,2,1,65,0.5
565,27784.875244,27782.536748,27783.50225,27784.875244,27801.936176,1,NaN,0,5.99999999999996,2,1,65,0.5
566,27818.438777,27806.168486,27806.518324,NaN,27867.343408,NaN,NaN,0,5.99999999999996,2,1,65,0.5
567,27871.805391,27870.691568,27871.225227,27871.805391,27876.22754,1,NaN,0,5.99999999999996,2,1,65,0.5
568,27909.091747,27907.930752,27908.479577,27909.091747,27938.240964,1,NaN,0,5.99999999999996,2,1,65,0.5
569,27941.039781,27939.904118,27940.430449,27941.039781,27947.570427,1,NaN,0,5.99999999999996,2,1,65,0.5
570,27950.566582,27948.972916,27949.834412,27950.514248,27954.011562,1,2.99999999999994,0.0299999999999997,7.00000000000003,1,2,66,0.5
571,27958.891882,27957.801047,27958.263545,27958.839709,27960.87004,0,2.99999999999994,0.0299999999999997,5.99999999999996,2,1,65,0.5
572,27965.31285,27964.175355,27964.788186,27965.31285,27976.162306,1,NaN,0,5.99999999999996,2,1,65,0.5
573,27979.824631,27978.431297,27979.1713,27979.822459,27983.668276,1,2.99999999999994,0.0299999999999997,7.00000000000003,1,2,66,0.5
574,27985.502442,27984.47944,27984.809778,27985.450103,27989.405587,0,2.99999999999994,0.0299999999999997,5.99999999999996,2,1,65,0.5
575,27991.321252,27990.202917,27990.603088,27991.321252,27991.602251,1,NaN,0,5.99999999999996,2,1,65,0.5
576,28009.850344,28008.280684,28008.865676,28009.798011,28011.524004,0,2.99999999999994,0.0299999999999997,5.99999999999996,2,1,65,0.5
577,28014.280493,28012.379329,28013.495663,28014.228154,28043.902536,1,2.99999999999994,0.0299999999999997,7.00000000000003,1,2,66,0.5
578,28045.9482,28044.849532,28045.141031,28045.895861,28098.50049,0,2.99999999999994,0.0299999999999997,5.99999999999996,2,1,65,0.5
579,28101.200973,28099.538313,28100.126644,28101.200973,28119.937071,1,NaN,0,5.99999999999996,2,1,65,0.5
580,28122.700721,28120.945395,28121.759563,28122.698394,28148.936788,1,2.99999999999994,0.0299999999999997,7.00000000000003,1,2,66,0.5
581,28150.95728,28149.604113,28150.125778,28150.904941,28177.073004,0,2.99999999999994,0.0299999999999997,5.99999999999996,2,1,65,0.5
582,28179.569993,28177.879833,28178.644163,28179.569993,28200.655743,1,NaN,0,5.99999999999996,2,1,65,0.5
583,28203.668563,28201.997576,28202.764067,28203.668563,29776.770277,1,NaN,0,5.99999999999996,2,1,65,0.5
584,29778.903601,29777.565607,29778.274098,29778.903601,30601.824304,1,NaN,0,5.99999999999996,2,1,65,0.5
585,30615.974587,30604.266961,30604.724459,30615.974587,30627.747039,1,NaN,0,5.99999999999996,2,1,65,0.5
586,30633.816515,30632.501681,30633.137512,30633.816515,30634.103514,1,NaN,0,5.99999999999996,2,1,65,0.5
587,30645.530463,30644.303473,30644.652805,30645.478135,30739.057928,0,2.99999999999994,0.0299999999999997,5.99999999999996,2,1,65,0.5
588,30741.85525,30740.067252,30741.169914,30741.85525,30783.960081,0,NaN,0,7.00000000000003,1,2,66,0.5
589,30786.129733,30784.862738,30785.336903,30786.129733,30808.451477,1,NaN,0,5.99999999999996,2,1,65,0.5
590,30823.227424,30819.7051,30819.802432,30823.175252,30825.001911,0,2.99999999999994,0.0299999999999997,5.99999999999996,2,1,65,0.5
591,30827.56924,30826.297407,30826.75391,30827.56924,30828.108399,1,NaN,0,5.99999999999996,2,1,65,0.5
592,30856.89445,30855.793956,30856.209287,30856.89445,30879.320694,1,NaN,0,5.99999999999996,2,1,65,0.5
593,30881.471525,30880.053358,30880.774855,30881.419353,30886.563165,1,2.99999999999994,0.0299999999999997,7.00000000000003,1,2,66,0.5
594,30890.139823,30888.424825,30889.459159,30890.139823,30891.519651,0,NaN,0,7.00000000000003,1,2,66,0.5
595,30903.263771,30902.414102,30902.7306,30903.263771,30903.391598,1,NaN,0,5.99999999999996,2,1,65,0.5
596,30924.945178,30912.324729,30912.603233,NaN,NaN,NaN,NaN,0,5.99999999999996,2,1,65,0.5
597,30959.935872,30947.315255,30948.166258,NaN,NaN,NaN,NaN,0,7.00000000000003,1,2,66,0.5
598,31027.949439,31026.477106,31026.797443,31027.8971,31034.930405,1,2.99999999999994,0.0299999999999997,7.00000000000003,1,2,66,0.5
599,31038.527891,31036.289566,31036.698237,31038.475563,31113.361097,0,2.99999999999994,0.0299999999999997,5.99999999999996,2,1,65,0.5
600,31122.435061,31121.179899,31121.758391,31122.382728,31136.441171,1,2.99999999999994,0.0299999999999997,7.00000000000003,1,2,66,0.5
601,31141.672645,31140.643155,31141.017981,31141.672645,31168.89787,1,NaN,0,5.99999999999996,2,1,65,0.5
602,31179.745831,31178.347664,31179.044168,31179.693498,31195.257269,1,2.99999999999994,0.0299999999999997,7.00000000000003,1,2,66,0.5
603,31200.39741,31199.138915,31199.497246,31200.345082,31239.210254,0,2.99999999999994,0.0299999999999997,5.99999999999996,2,1,65,0.5
604,31243.145078,31242.103082,31242.461247,31243.145078,31244.682732,1,NaN,0,5.99999999999996,2,1,65,0.5
605,31251.398545,31250.065711,31250.449043,31251.346206,31278.828102,1,2.99999999999994,0.0299999999999997,7.00000000000003,1,2,66,0.5
606,31280.795427,31279.592759,31279.942425,31280.743088,31314.017628,0,2.99999999999994,0.0299999999999997,5.99999999999996,2,1,65,0.5
607,31316.001286,31314.806619,31315.185784,31316.001286,31334.017709,1,NaN,0,5.99999999999996,2,1,65,0.5
608,31337.610533,31336.107867,31336.798537,31337.558194,31349.886812,1,2.99999999999994,0.0299999999999997,7.00000000000003,1,2,66,0.5
609,31352.275641,31351.060813,31351.467306,31352.223302,31375.361043,0,2.99999999999994,0.0299999999999997,5.99999999999996,2,1,65,0.5
610,31382.04035,31376.825204,31377.260869,31382.04035,31427.024337,1,NaN,0,5.99999999999996,2,1,65,0.5
611,31502.893539,31500.894214,31501.411706,31502.841366,31505.50919,0,2.99999999999994,0.0299999999999997,5.99999999999996,2,1,65,0.5
612,31594.657666,31592.865006,31593.632837,31594.655499,31609.175608,1,2.99999999999994,0.0299999999999997,7.00000000000003,1,2,66,0.5
613,31612.235435,31610.800102,31611.497598,31612.183262,31626.353872,1,2.99999999999994,0.0299999999999997,7.00000000000003,1,2,66,0.5
614,31629.456199,31627.782873,31628.186371,31629.403861,31657.109249,0,2.99999999999994,0.0299999999999997,5.99999999999996,2,1,65,0.5
615,31659.767905,31657.997246,31658.823748,31659.767905,31679.66766,1,NaN,0,5.99999999999996,2,1,65,0.5
616,31682.374649,31680.755655,31681.475825,31682.372482,31696.561597,1,2.99999999999994,0.0299999999999997,7.00000000000003,1,2,66,0.5
617,31700.03175,31697.967919,31698.643589,31699.979417,31726.606972,0,2.99999999999994,0.0299999999999997,5.99999999999996,2,1,65,0.5
618,31729.260794,31727.8303,31728.415297,31729.260794,31740.33025,1,NaN,0,5.99999999999996,2,1,65,0.5
619,31742.901245,31741.250413,31742.01741,31742.848906,31761.630665,1,2.99999999999994,0.0299999999999997,7.00000000000003,1,2,66,0.5
620,31764.232827,31762.507662,31763.319824,31764.180654,31781.469085,1,2.99999999999994,0.0299999999999997,7.00000000000003,1,2,66,0.5
621,31784.000742,31782.372754,31782.886746,31783.948243,31803.34667,0,2.99999999999994,0.0299999999999997,5.99999999999996,2,1,65,0.5
622,31806.651157,31804.980824,31805.624322,31806.598985,31826.713572,1,2.99999999999994,0.0299999999999997,7.00000000000003,1,2,66,0.5
623,31828.759069,31827.334902,31827.890066,31828.706896,31851.095313,1,2.99999999999994,0.0299999999999997,7.00000000000003,1,2,66,0.5
624,31853.185804,31851.870971,31852.281136,31853.133471,31877.061036,0,2.99999999999994,0.0299999999999997,5.99999999999996,2,1,65,0.5
625,31879.764026,31878.148532,31878.788363,31879.711698,31893.028139,1,2.99999999999994,0.0299999999999997,7.00000000000003,1,2,66,0.5
626,31898.478617,31897.523288,31897.647121,31898.478617,31903.655436,0,NaN,0,7.00000000000003,1,2,66,0.5
627,31906.127593,31904.388761,31905.222096,31906.07542,31929.922664,1,2.99999999999994,0.0299999999999997,7.00000000000003,1,2,66,0.5
628,31932.702986,31931.461819,31931.842323,31932.702986,31937.243135,0,NaN,0,7.00000000000003,1,2,66,0.5
629,31942.245782,31941.164119,31941.490112,31942.245782,31948.904916,1,NaN,0,5.99999999999996,2,1,65,0.5
630,31951.044408,31949.849412,31950.202077,31950.99208,31971.270493,0,2.99999999999994,0.0299999999999997,5.99999999999996,2,1,65,0.5
631,31973.803488,31972.283655,31973.023819,31973.751149,31986.122767,1,2.99999999999994,0.0299999999999997,7.00000000000003,1,2,66,0.5
632,31988.479597,31987.255763,31987.716594,31988.479597,32110.137777,1,NaN,0,5.99999999999996,2,1,65,0.5
633,32130.170358,32129.196367,32129.614699,32130.170358,32135.563842,1,NaN,0,5.99999999999996,2,1,65,0.5
634,32138.030665,32137.144996,32137.486161,32138.030665,32138.139992,1,NaN,0,5.99999999999996,2,1,65,0.5
635,32148.408457,32147.039129,32147.57346,32148.40629,32151.258107,1,2.99999999999994,0.0299999999999997,7.00000000000003,1,2,66,0.5
636,32153.258771,32151.980609,32152.354768,32153.206598,32169.282534,0,2.99999999999994,0.0299999999999997,5.99999999999996,2,1,65,0.5
637,32171.293365,32170.14587,32170.638028,32171.293365,32178.119338,1,NaN,0,5.99999999999996,2,1,65,0.5
638,32183.875143,32179.747659,32180.082158,32183.822643,32190.92212,0,2.99999999999994,0.0299999999999997,5.99999999999996,2,1,65,0.5
639,32193.753775,32192.810446,32193.138444,32193.753775,32204.974564,1,NaN,0,5.99999999999996,2,1,65,0.5
640,32206.825223,32205.83556,32206.213892,32206.825223,32207.230055,1,NaN,0,5.99999999999996,2,1,65,0.5
641,32223.629983,32222.006156,32222.985819,32223.629983,32227.538635,0,NaN,0,7.00000000000003,1,2,66,0.5
642,32248.542223,32247.713888,32247.976725,32248.542223,32248.673217,1,NaN,0,5.99999999999996,2,1,65,0.5
643,32261.374838,32260.192176,32260.551675,32261.374838,32261.753498,1,NaN,0,5.99999999999996,2,1,65,0.5
644,32272.520627,32270.666801,32270.9778,32272.468288,32299.573013,0,2.99999999999994,0.0299999999999997,5.99999999999996,2,1,65,0.5
645,32301.372506,32300.214183,32300.722014,32301.372506,32301.560844,1,NaN,0,5.99999999999996,2,1,65,0.5
646,32320.376602,32318.652936,32318.867769,32320.376602,32320.958267,1,NaN,0,5.99999999999996,2,1,65,0.5
647,32809.500306,32807.961813,32808.750643,32809.500306,32814.270788,1,NaN,0,5.99999999999996,2,1,65,0.5
648,32822.992086,32816.270452,32816.576112,32822.992086,32837.870866,1,NaN,0,5.99999999999996,2,1,65,0.5
649,32849.899979,32848.82415,32849.234153,32849.899979,32850.128311,1,NaN,0,5.99999999999996,2,1,65,0.5
650,32863.591423,32862.332434,32862.706761,32863.591423,32864.053755,1,NaN,0,5.99999999999996,2,1,65,0.5
651,32910.989401,32898.36879,32898.868449,NaN,NaN,NaN,NaN,0,5.99999999999996,2,1,65,0.5
652,32938.198631,32925.577848,32925.999346,NaN,NaN,NaN,NaN,0,5.99999999999996,2,1,65,0.5
653,32952.186242,32948.653756,32949.256581,32952.186242,32952.377908,1,NaN,0,5.99999999999996,2,1,65,0.5
654,32974.840645,32972.107162,32972.466655,32974.840645,32974.945151,1,NaN,0,5.99999999999996,2,1,65,0.5
655,32984.883105,32983.255451,32984.047448,32984.830778,33016.369146,1,2.99999999999994,0.0299999999999997,7.00000000000003,1,2,66,0.5
656,33018.884475,33017.450308,33018.099978,33018.832142,33039.969718,1,2.99999999999994,0.0299999999999997,7.00000000000003,1,2,66,0.5
657,33042.54188,33040.873714,33041.242219,33042.489542,33055.124997,0,2.99999999999994,0.0299999999999997,5.99999999999996,2,1,65,0.5
658,33058.389483,33056.81699,33057.467315,33058.389483,33079.195895,1,NaN,0,5.99999999999996,2,1,65,0.5
659,33081.638218,33079.959231,33080.760055,33081.586051,33095.659662,1,2.99999999999994,0.0299999999999997,7.00000000000003,1,2,66,0.5
660,33097.792659,33096.421831,33096.928496,33097.740487,33134.599673,0,2.99999999999994,0.0299999999999997,5.99999999999996,2,1,65,0.5
661,33144.190474,33143.046972,33143.397143,33144.190474,33159.854738,1,NaN,0,5.99999999999996,2,1,65,0.5
662,33162.839732,33160.952073,33162.062397,33162.787566,33181.439658,1,2.99999999999994,0.0299999999999997,7.00000000000003,1,2,66,0.5
663,33184.131481,33182.413482,33182.994979,33184.129309,33199.265587,1,2.99999999999994,0.0299999999999997,7.00000000000003,1,2,66,0.5
664,33202.430735,33200.54941,33201.310239,33202.378408,33219.5505,0,2.99999999999994,0.0299999999999997,5.99999999999996,2,1,65,0.5
665,33222.585654,33220.878667,33221.623825,33222.585654,33229.560632,1,NaN,0,5.99999999999996,2,1,65,0.5
666,33232.184616,33230.537962,33231.283453,33232.184616,33239.44042,0,NaN,0,7.00000000000003,1,2,66,0.5
667,33243.335077,33240.614582,33241.284913,33243.282905,33264.542659,1,2.99999999999994,0.0299999999999997,7.00000000000003,1,2,66,0.5
668,33267.213815,33265.729148,33266.367152,33267.161482,33283.700576,1,2.99999999999994,0.0299999999999997,7.00000000000003,1,2,66,0.5
669,33286.268405,33284.480579,33285.191737,33286.216066,33313.105125,1,2.99999999999994,0.0299999999999997,7.00000000000003,1,2,66,0.5
670,33315.986453,33314.664619,33315.097118,33315.934114,33332.897052,0,2.99999999999994,0.0299999999999997,5.99999999999996,2,1,65,0.5
671,33335.231704,33333.614043,33334.362713,33335.179376,33352.875966,1,2.99999999999994,0.0299999999999997,7.00000000000003,1,2,66,0.5
672,33355.804122,33354.284633,33354.862792,33355.751794,33375.198544,0,2.99999999999994,0.0299999999999997,5.99999999999996,2,1,65,0.5
673,33377.715034,33376.280879,33376.866871,33377.662706,33390.409983,1,2.99999999999994,0.0299999999999997,7.00000000000003,1,2,66,0.5
674,33392.730146,33391.446479,33391.90831,33392.677974,33412.491067,1,2.99999999999994,0.0299999999999997,7.00000000000003,1,2,66,0.5
675,33414.900224,33413.777895,33414.091061,33414.900224,33479.021462,1,NaN,0,5.99999999999996,2,1,65,0.5
676,33481.411119,33480.16413,33480.663128,33481.411119,33481.730951,1,NaN,0,5.99999999999996,2,1,65,0.5
677,33500.01055,33498.020725,33498.205052,33499.958211,33516.314485,1,2.99999999999994,0.0299999999999997,7.00000000000003,1,2,66,0.5
678,33518.491304,33517.217642,33517.690974,33518.491304,33528.108432,1,NaN,0,5.99999999999996,2,1,65,0.5
679,33532.624748,33530.341256,33531.858256,33532.624748,33533.154746,1,NaN,0,5.99999999999996,2,1,65,0.5
680,33693.022445,33691.497945,33692.181776,33692.970107,33710.838201,1,2.99999999999994,0.0299999999999997,7.00000000000003,1,2,66,0.5
681,33714.183194,33711.974703,33712.708366,33714.130855,33718.397504,0,2.99999999999994,0.0299999999999997,5.99999999999996,2,1,65,0.5
682,33723.491156,33721.742497,33722.471321,33723.438817,33738.462597,1,2.99999999999994,0.0299999999999997,7.00000000000003,1,2,66,0.5
683,33741.018248,33739.761419,33740.378083,33740.965914,33759.978172,1,2.99999999999994,0.0299999999999997,7.00000000000003,1,2,66,0.5
684,33762.554661,33761.340333,33761.769831,33762.554661,33770.910633,1,NaN,0,5.99999999999996,2,1,65,0.5
685,33774.319948,33773.011953,33773.644783,33774.319948,33774.531113,1,NaN,0,5.99999999999996,2,1,65,0.5
686,33783.803915,33781.949084,33782.992413,33783.751576,33802.126009,1,2.99999999999994,0.0299999999999997,7.00000000000003,1,2,66,0.5
687,33805.191996,33803.891663,33804.289661,33805.139824,33832.358721,0,2.99999999999994,0.0299999999999997,5.99999999999996,2,1,65,0.5
688,33834.675378,33832.937047,33833.734049,33834.675378,33849.395147,1,NaN,0,5.99999999999996,2,1,65,0.5
689,33851.661471,33850.199644,33850.727475,33851.661471,33861.912269,1,NaN,0,5.99999999999996,2,1,65,0.5
690,33864.047422,33862.630094,33863.294425,33863.995094,33878.206032,1,2.99999999999994,0.0299999999999997,7.00000000000003,1,2,66,0.5
691,33880.753194,33879.132028,33879.792192,33880.701022,33898.666783,0,2.99999999999994,0.0299999999999997,5.99999999999996,2,1,65,0.5
692,33900.881941,33899.441281,33900.08345,33900.829614,33921.609531,1,2.99999999999994,0.0299999999999997,7.00000000000003,1,2,66,0.5
693,33923.866355,33922.317194,33922.922859,33923.864188,33938.826295,1,2.99999999999994,0.0299999999999997,7.00000000000003,1,2,66,0.5
694,33942.191942,33940.915115,33941.421112,33942.191942,33947.864586,1,NaN,0,5.99999999999996,2,1,65,0.5
695,33949.939579,33948.532918,33949.018082,33949.887251,33973.044325,0,2.99999999999994,0.0299999999999997,5.99999999999996,2,1,65,0.5
696,33975.593643,33974.175148,33974.840984,33975.541315,33990.295756,1,2.99999999999994,0.0299999999999997,7.00000000000003,1,2,66,0.5
697,33992.827913,33991.561417,33991.969249,33992.775746,34014.836818,0,2.99999999999994,0.0299999999999997,5.99999999999996,2,1,65,0.5
698,34021.019633,34018.238971,34018.669303,34021.019633,34031.299919,1,NaN,0,5.99999999999996,2,1,65,0.5
699,34034.041914,34032.172922,34032.711414,34033.989908,34052.134342,0,2.99999999999994,0.0299999999999997,5.99999999999996,2,1,65,0.5
700,34065.729621,34053.108838,34053.985495,NaN,34139.189655,NaN,NaN,0,5.99999999999996,2,1,65,0.5
701,34587.567033,34585.945535,34586.627198,34587.514862,34591.016353,1,2.99999999999994,0.0299999999999997,7.00000000000003,1,2,66,0.5
702,34598.566823,34597.017996,34597.587155,34598.514484,34600.066644,0,2.99999999999994,0.0299999999999997,5.99999999999996,2,1,65,0.5
703,34611.70327,34610.005938,34610.784101,34611.650931,34628.033205,1,2.99999999999994,0.0299999999999997,7.00000000000003,1,2,66,0.5
704,34629.99453,34628.760702,34629.120534,34629.942358,34650.524776,0,2.99999999999994,0.0299999999999997,5.99999999999996,2,1,65,0.5
705,34653.281271,34651.253273,34651.76911,34653.228932,34674.498519,0,2.99999999999994,0.0299999999999997,5.99999999999996,2,1,65,0.5
706,34677.088509,34675.320349,34675.834841,34677.03617,34700.81408,0,2.99999999999994,0.0299999999999997,5.99999999999996,2,1,65,0.5
707,34703.917729,34702.106909,34702.501234,34703.915562,34726.805143,0,2.99999999999994,0.0299999999999997,5.99999999999996,2,1,65,0.5
708,34729.3408,34727.769633,34728.570303,34729.288461,34744.748399,1,2.99999999999994,0.0299999999999997,7.00000000000003,1,2,66,0.5
709,34747.91772,34746.479564,34747.062562,34747.865392,34767.03181,0,2.99999999999994,0.0299999999999997,5.99999999999996,2,1,65,0.5
710,34770.416802,34768.654136,34769.348468,34770.36463,34793.01304,0,2.99999999999994,0.0299999999999997,5.99999999999996,2,1,65,0.5
711,34795.490202,34793.948041,34794.727699,34795.438035,34810.932634,1,2.99999999999994,0.0299999999999997,7.00000000000003,1,2,66,0.5
712,34813.140792,34812.02963,34812.410134,34813.088298,34851.874643,0,2.99999999999994,0.0299999999999997,5.99999999999996,2,1,65,0.5
713,34854.097634,34852.611301,34853.271964,34854.045461,34868.265911,1,2.99999999999994,0.0299999999999997,7.00000000000003,1,2,66,0.5
714,34871.160066,34869.831232,34870.195564,34871.107733,34889.202154,0,2.99999999999994,0.0299999999999997,5.99999999999996,2,1,65,0.5
715,34892.566308,34891.14448,34891.571478,34892.513974,34917.472208,0,2.99999999999994,0.0299999999999997,5.99999999999996,2,1,65,0.5
716,34920.032037,34918.579209,34919.22204,34919.979698,34938.742623,1,2.99999999999994,0.0299999999999997,7.00000000000003,1,2,66,0.5
717,34941.000114,34939.62162,34940.210956,34940.947787,34962.370696,1,2.99999999999994,0.0299999999999997,7.00000000000003,1,2,66,0.5
718,34965.563021,34964.335187,34964.690186,34965.510849,34993.109578,0,2.99999999999994,0.0299999999999997,5.99999999999996,2,1,65,0.5
719,34995.41073,34993.853742,34994.5464,34995.358402,35008.008018,1,2.99999999999994,0.0299999999999997,7.00000000000003,1,2,66,0.5
720,35010.913168,35009.395841,35009.735839,35010.860668,35026.498939,0,2.99999999999994,0.0299999999999997,5.99999999999996,2,1,65,0.5
721,35028.828435,35027.427435,35027.837266,35028.776263,35045.914694,0,2.99999999999994,0.0299999999999997,5.99999999999996,2,1,65,0.5
722,35048.442685,35046.834863,35047.662187,35048.390357,35061.394965,1,2.99999999999994,0.0299999999999997,7.00000000000003,1,2,66,0.5
723,35067.422447,35063.166131,35063.828295,35067.370114,35084.587373,1,2.99999999999994,0.0299999999999997,7.00000000000003,1,2,66,0.5
724,35086.711032,35085.529536,35085.812201,35086.658704,35106.095787,0,2.99999999999994,0.0299999999999997,5.99999999999996,2,1,65,0.5
725,35108.562611,35107.205949,35107.655453,35108.510283,35132.049349,0,2.99999999999994,0.0299999999999997,5.99999999999996,2,1,65,0.5
726,35134.219014,35132.714513,35133.417677,35134.166842,35154.005101,1,2.99999999999994,0.0299999999999997,7.00000000000003,1,2,66,0.5
727,35155.849594,35154.648932,35155.02693,35155.797422,35176.282345,0,2.99999999999994,0.0299999999999997,5.99999999999996,2,1,65,0.5
728,35178.41317,35176.92217,35177.585334,35178.360832,35187.617294,1,2.99999999999994,0.0299999999999997,7.00000000000003,1,2,66,0.5
729,35190.84612,35189.331288,35189.906451,35190.793782,35212.054529,1,2.99999999999994,0.0299999999999997,7.00000000000003,1,2,66,0.5
730,35213.964028,35212.859532,35213.206531,35213.911689,35236.361772,0,2.99999999999994,0.0299999999999997,5.99999999999996,2,1,65,0.5
731,35239.319426,35237.198435,35237.869099,35239.267087,35261.537171,0,2.99999999999994,0.0299999999999997,5.99999999999996,2,1,65,0.5
732,35266.105486,35265.045318,35265.300489,35266.053314,35275.533443,1,2.99999999999994,0.0299999999999997,7.00000000000003,1,2,66,0.5
733,35277.54544,35276.437945,35276.794437,35277.493268,35296.632692,0,2.99999999999994,0.0299999999999997,5.99999999999996,2,1,65,0.5
734,35299.256681,35297.822359,35298.195691,35299.204348,35320.496602,0,2.99999999999994,0.0299999999999997,5.99999999999996,2,1,65,0.5
735,35323.443923,35321.943423,35322.551427,35323.391751,35345.551668,1,2.99999999999994,0.0299999999999997,7.00000000000003,1,2,66,0.5
736,35347.441994,35346.232665,35346.634497,35347.389661,35371.363898,0,2.99999999999994,0.0299999999999997,5.99999999999996,2,1,65,0.5
737,35373.687717,35372.405727,35372.93172,35373.635389,35388.414663,1,2.99999999999994,0.0299999999999997,7.00000000000003,1,2,66,0.5
738,35390.567983,35389.474159,35389.808319,35390.515655,35410.535575,0,2.99999999999994,0.0299999999999997,5.99999999999996,2,1,65,0.5
739,35412.954565,35411.546732,35412.155896,35412.902393,35428.050499,1,2.99999999999994,0.0299999999999997,7.00000000000003,1,2,66,0.5
740,35430.492162,35429.464326,35429.820658,35430.439989,35452.408068,0,2.99999999999994,0.0299999999999997,5.99999999999996,2,1,65,0.5
741,35454.541727,35453.167738,35453.802068,35454.489399,35467.48368,1,2.99999999999994,0.0299999999999997,7.00000000000003,1,2,66,0.5
742,35469.607339,35468.606676,35468.914169,35469.554999,35517.873479,0,2.99999999999994,0.0299999999999997,5.99999999999996,2,1,65,0.5
743,35519.983137,35518.64397,35519.170468,35519.930965,35535.855234,1,2.99999999999994,0.0299999999999997,7.00000000000003,1,2,66,0.5
744,35537.782066,35536.75557,35537.111397,35537.729893,35547.97452,0,2.99999999999994,0.0299999999999997,5.99999999999996,2,1,65,0.5
745,35553.128166,35551.395511,35551.915176,35553.075838,35568.283944,1,2.99999999999994,0.0299999999999997,7.00000000000003,1,2,66,0.5
746,35570.328269,35568.986941,35569.643433,35570.276097,35585.895373,1,2.99999999999994,0.0299999999999997,7.00000000000003,1,2,66,0.5
747,35588.279531,35587.141868,35587.533361,35588.227191,35600.787814,0,2.99999999999994,0.0299999999999997,5.99999999999996,2,1,65,0.5
748,35607.378454,35606.15312,35606.682951,35607.378454,35607.617615,1,NaN,0,5.99999999999996,2,1,65,0.5
749,35626.720371,35625.121711,35625.874714,35626.668044,35641.292313,1,2.99999999999994,0.0299999999999997,7.00000000000003,1,2,66,0.5
750,35643.434143,35642.18331,35642.68164,35643.38181,35655.584255,1,2.99999999999994,0.0299999999999997,7.00000000000003,1,2,66,0.5
751,35658.086079,35656.811584,35657.172082,35658.033752,35677.783167,0,2.99999999999994,0.0299999999999997,5.99999999999996,2,1,65,0.5
752,35680.208824,35678.801168,35679.44316,35680.156496,35693.932102,1,2.99999999999994,0.0299999999999997,7.00000000000003,1,2,66,0.5
753,35696.480426,35695.378597,35695.785101,35696.428098,35711.081539,1,2.99999999999994,0.0299999999999997,7.00000000000003,1,2,66,0.5
754,35713.241198,35712.158696,35712.468367,35713.188858,35736.778265,0,2.99999999999994,0.0299999999999997,5.99999999999996,2,1,65,0.5
755,35739.078427,35737.959926,35738.386757,35739.026256,35756.826017,1,2.99999999999994,0.0299999999999997,7.00000000000003,1,2,66,0.5
756,35759.053181,35757.858686,35758.33485,35759.001008,35774.548613,1,2.99999999999994,0.0299999999999997,7.00000000000003,1,2,66,0.5
757,35776.838771,35775.713275,35776.065107,35776.786443,35804.158328,0,2.99999999999994,0.0299999999999997,5.99999999999996,2,1,65,0.5
758,35807.768147,35806.238653,35806.593991,35807.768147,35812.404134,1,NaN,0,5.99999999999996,2,1,65,0.5
759,35875.049878,35873.372384,35874.015554,35874.997711,35886.254667,1,2.99999999999994,0.0299999999999997,7.00000000000003,1,2,66,0.5
760,35888.750662,35887.451501,35887.779999,35888.698329,35900.596781,0,2.99999999999994,0.0299999999999997,5.99999999999996,2,1,65,0.5
761,35903.764096,35902.327936,35902.719934,35903.764096,35903.950929,1,NaN,0,5.99999999999996,2,1,65,0.5
762,36322.281423,36320.547601,36321.485764,36322.229095,36324.556913,1,2.99999999999994,0.0299999999999997,7.00000000000003,1,2,66,0.5
763,36327.6839,36326.225739,36326.91657,36327.6839,36331.876551,0,NaN,0,7.00000000000003,1,2,66,0.5
764,36356.900956,36344.280173,36344.809665,NaN,36374.185882,NaN,NaN,0,5.99999999999996,2,1,65,0.5
765,36379.1322,36377.914366,36378.327704,36379.079867,36380.452029,0,2.99999999999994,0.0299999999999997,5.99999999999996,2,1,65,0.5
766,36386.307005,36381.555018,36381.940517,36386.254834,36398.393785,0,2.99999999999994,0.0299999999999997,5.99999999999996,2,1,65,0.5
767,36400.512448,36399.179454,36399.549613,36400.512448,36449.949578,1,NaN,0,5.99999999999996,2,1,65,0.5
768,36454.139895,36452.6489,36453.40707,36454.087567,36473.161486,1,2.99999999999994,0.0299999999999997,7.00000000000003,1,2,66,0.5
769,36475.095311,36473.846316,36474.266981,36475.095311,36531.318925,0,NaN,0,7.00000000000003,1,2,66,0.5
770,36868.474071,36866.876916,36867.506075,36868.421571,36875.672708,1,2.99999999999994,0.0299999999999997,7.00000000000003,1,2,66,0.5
771,36878.691036,36876.565371,36876.905871,36878.638696,36891.26948,0,2.99999999999994,0.0299999999999997,5.99999999999996,2,1,65,0.5
772,36893.433138,36891.80665,36892.251643,36893.38081,36915.18605,0,2.99999999999994,0.0299999999999997,5.99999999999996,2,1,65,0.5
773,36917.553547,36916.063381,36916.794211,36917.501214,36935.783141,1,2.99999999999994,0.0299999999999997,7.00000000000003,1,2,66,0.5
774,36937.5563,36936.448804,36936.808964,36937.546961,37187.951132,0,2.99999999999994,0.0299999999999997,5.99999999999996,2,1,65,0.5
775,37190.144118,37188.55979,37189.344788,37190.09179,37195.851934,1,2.99999999999994,0.0299999999999997,7.00000000000003,1,2,66,0.5
776,37202.646406,37197.622587,37197.929587,37202.594073,37205.733888,0,2.99999999999994,0.0299999999999997,5.99999999999996,2,1,65,0.5
777,37207.961218,37206.456558,37207.101383,37207.908885,37225.027978,1,2.99999999999994,0.0299999999999997,7.00000000000003,1,2,66,0.5
778,37227.67314,37226.287806,37226.897137,37227.670968,37246.281726,1,2.99999999999994,0.0299999999999997,7.00000000000003,1,2,66,0.5
779,37248.537723,37247.327894,37247.674226,37248.485384,37271.859624,0,2.99999999999994,0.0299999999999997,5.99999999999996,2,1,65,0.5
780,37274.087449,37272.733453,37273.275451,37274.035121,37286.556732,1,2.99999999999994,0.0299999999999997,7.00000000000003,1,2,66,0.5
781,37289.188727,37287.791226,37288.403891,37289.136554,37306.748817,1,2.99999999999994,0.0299999999999997,7.00000000000003,1,2,66,0.5
782,37308.679477,37307.393149,37307.769986,37308.627149,37325.727242,0,2.99999999999994,0.0299999999999997,5.99999999999996,2,1,65,0.5
783,37327.861572,37326.459411,37327.152069,37327.809234,37339.714685,1,2.99999999999994,0.0299999999999997,7.00000000000003,1,2,66,0.5
784,37341.920683,37340.794848,37341.118847,37341.868343,37354.322133,0,2.99999999999994,0.0299999999999997,5.99999999999996,2,1,65,0.5
785,37356.411625,37355.14263,37355.699455,37356.359453,37371.611225,1,2.99999999999994,0.0299999999999997,7.00000000000003,1,2,66,0.5
786,37373.65355,37372.58406,37372.875386,37373.601223,37387.398995,0,2.99999999999994,0.0299999999999997,5.99999999999996,2,1,65,0.5
787,37389.439153,37388.183992,37388.566991,37389.386821,37407.097917,0,2.99999999999994,0.0299999999999997,5.99999999999996,2,1,65,0.5
788,37409.36108,37407.898752,37408.539577,37409.30874,37420.8927,1,2.99999999999994,0.0299999999999997,7.00000000000003,1,2,66,0.5
789,37423.190352,37422.048695,37422.348022,37423.138019,37440.238456,0,2.99999999999994,0.0299999999999997,5.99999999999996,2,1,65,0.5
790,37442.845273,37441.100119,37441.713117,37442.845273,37450.652408,0,NaN,0,7.00000000000003,1,2,66,0.5
791,37452.886905,37451.315912,37451.68041,37452.8344,37460.119876,0,2.99999999999994,0.0299999999999997,5.99999999999996,2,1,65,0.5
792,37462.534867,37460.865368,37461.775864,37462.482528,37478.994628,1,2.99999999999994,0.0299999999999997,7.00000000000003,1,2,66,0.5
793,37481.214619,37479.871292,37480.379123,37481.214619,37492.265409,0,NaN,0,7.00000000000003,1,2,66,0.5
794,37494.304073,37493.004578,37493.355905,37494.251734,37505.985854,0,2.99999999999994,0.0299999999999997,5.99999999999996,2,1,65,0.5
795,37508.249517,37506.729684,37507.551015,37508.197184,37523.228618,1,2.99999999999994,0.0299999999999997,7.00000000000003,1,2,66,0.5
796,37525.01345,37524.002954,37524.335453,37524.961278,37541.35938,0,2.99999999999994,0.0299999999999997,5.99999999999996,2,1,65,0.5
797,37543.646537,37542.167882,37542.885539,37543.594209,37557.079655,1,2.99999999999994,0.0299999999999997,7.00000000000003,1,2,66,0.5
798,37559.167147,37557.957146,37558.411811,37559.114975,37574.697085,1,2.99999999999994,0.0299999999999997,7.00000000000003,1,2,66,0.5
799,37576.343412,37575.253577,37575.592408,37576.291072,37589.541187,0,2.99999999999994,0.0299999999999997,5.99999999999996,2,1,65,0.5
800,37591.842844,37590.523183,37591.149186,37591.790345,37603.944468,1,2.99999999999994,0.0299999999999997,7.00000000000003,1,2,66,0.5
801,37606.362792,37604.98363,37605.49679,37606.310452,37618.059239,1,2.99999999999994,0.0299999999999997,7.00000000000003,1,2,66,0.5
802,37620.371397,37618.936569,37619.31324,37620.371397,37626.571538,1,NaN,0,5.99999999999996,2,1,65,0.5
803,37628.587031,37627.313374,37627.62804,37628.534531,37648.855288,0,2.99999999999994,0.0299999999999997,5.99999999999996,2,1,65,0.5
804,37650.755609,37649.603613,37650.043944,37650.703281,37661.486898,1,2.99999999999994,0.0299999999999997,7.00000000000003,1,2,66,0.5
805,37663.947723,37662.730066,37663.069065,37663.944722,37676.583838,0,2.99999999999994,0.0299999999999997,5.99999999999996,2,1,65,0.5
806,37678.773163,37677.385835,37677.999333,37678.720835,37692.654613,1,2.99999999999994,0.0299999999999997,7.00000000000003,1,2,66,0.5
807,37695.022264,37693.717442,37694.210601,37695.022264,37704.035228,0,NaN,0,7.00000000000003,1,2,66,0.5
808,37706.548719,37705.097225,37705.636722,37706.496219,37716.28768,0,2.99999999999994,0.0299999999999997,5.99999999999996,2,1,65,0.5
809,37718.318505,37716.972016,37717.64884,37718.266177,37756.144859,1,2.99999999999994,0.0299999999999997,7.00000000000003,1,2,66,0.5
810,37762.039501,37760.942501,37761.395505,37761.987164,37774.640779,1,2.99999999999994,0.0299999999999997,7.00000000000003,1,2,66,0.5
811,37777.680768,37776.615111,37776.98177,37777.678434,37791.02872,0,2.99999999999994,0.0299999999999997,5.99999999999996,2,1,65,0.5
812,37793.192044,37791.922377,37792.433375,37793.139705,37802.582001,1,2.99999999999994,0.0299999999999997,7.00000000000003,1,2,66,0.5
813,37804.949997,37803.54583,37803.975162,37804.897664,37818.036273,1,2.99999999999994,0.0299999999999997,7.00000000000003,1,2,66,0.5
814,37838.954528,37837.720193,37838.077359,37838.902189,37847.66266,0,2.99999999999994,0.0299999999999997,5.99999999999996,2,1,65,0.5
815,37849.817818,37848.438151,37848.832988,37849.765645,37864.638425,0,2.99999999999994,0.0299999999999997,5.99999999999996,2,1,65,0.5
816,37866.557584,37865.386755,37865.851254,37866.505246,37877.328535,1,2.99999999999994,0.0299999999999997,7.00000000000003,1,2,66,0.5
817,37879.384366,37878.128199,37878.623696,37879.332027,37889.239821,1,2.99999999999994,0.0299999999999997,7.00000000000003,1,2,66,0.5
818,37892.187143,37891.062647,37891.317485,37892.134815,37902.375941,0,2.99999999999994,0.0299999999999997,5.99999999999996,2,1,65,0.5
819,37904.171434,37903.139604,37903.453436,37904.119262,37917.598374,0,2.99999999999994,0.0299999999999997,5.99999999999996,2,1,65,0.5
820,37919.807204,37918.564537,37919.091541,37919.754865,37930.674661,1,2.99999999999994,0.0299999999999997,7.00000000000003,1,2,66,0.5
821,37933.171312,37932.121322,37932.520648,37933.118813,37945.280769,1,2.99999999999994,0.0299999999999997,7.00000000000003,1,2,66,0.5
822,37947.313761,37946.140266,37946.470764,37947.261428,37965.554349,0,2.99999999999994,0.0299999999999997,5.99999999999996,2,1,65,0.5
823,37967.386681,37966.276679,37966.690017,37967.334348,37977.554635,1,2.99999999999994,0.0299999999999997,7.00000000000003,1,2,66,0.5
824,37979.387799,37978.358631,37978.671963,37979.335294,37989.703592,0,2.99999999999994,0.0299999999999997,5.99999999999996,2,1,65,0.5
825,37991.854583,37990.476922,37991.180086,37991.80225,38004.515026,1,2.99999999999994,0.0299999999999997,7.00000000000003,1,2,66,0.5
826,38006.474024,38005.354529,38005.671188,38006.421686,38016.09398,0,2.99999999999994,0.0299999999999997,5.99999999999996,2,1,65,0.5
827,38019.675799,38018.141305,38018.844142,38019.675799,38026.582938,0,NaN,0,7.00000000000003,1,2,66,0.5
828,38029.186434,38027.715433,38028.450436,38029.134261,38041.185219,1,2.99999999999994,0.0299999999999997,7.00000000000003,1,2,66,0.5
829,38043.362871,38042.363208,38042.650041,38043.310538,38051.260845,0,2.99999999999994,0.0299999999999997,5.99999999999996,2,1,65,0.5
830,38589.887685,38583.258878,38583.62371,38589.887685,38590.302516,1,NaN,0,5.99999999999996,2,1,65,0.5
831,38606.882283,38605.682955,38605.979954,38606.882283,38607.024283,1,NaN,0,5.99999999999996,2,1,65,0.5
832,38618.822408,38617.472242,38618.184078,38618.770069,38620.199398,1,2.99999999999994,0.0299999999999997,7.00000000000003,1,2,66,0.5
833,38634.087676,38629.309533,38629.753698,NaN,38638.121831,NaN,NaN,0,5.99999999999996,2,1,65,0.5
834,38664.561553,38651.940937,38652.243103,NaN,38782.811913,NaN,NaN,0,5.99999999999996,2,1,65,0.5
835,39144.566639,39142.976312,39143.748136,39144.514466,39156.963756,1,2.99999999999994,0.0299999999999997,7.00000000000003,1,2,66,0.5
836,39160.076577,39159.009908,39159.212741,39160.024238,39162.960559,0,2.99999999999994,0.0299999999999997,5.99999999999996,2,1,65,0.5
837,39165.586383,39164.003561,39164.389887,39165.533883,39176.562844,0,2.99999999999994,0.0299999999999997,5.99999999999996,2,1,65,0.5
838,39179.449994,39177.386174,39178.027666,39179.449994,39193.551776,0,NaN,0,7.00000000000003,1,2,66,0.5
839,39217.082182,39204.461566,39204.755725,NaN,39237.105769,NaN,NaN,0,5.99999999999996,2,1,65,0.5
840,39240.27325,39239.105927,39239.447254,39240.27325,39240.49725,1,NaN,0,5.99999999999996,2,1,65,0.5
841,39254.383361,39253.057533,39253.62503,39254.331033,39260.84784,1,2.99999999999994,0.0299999999999997,7.00000000000003,1,2,66,0.5
842,39262.90666,39261.67017,39261.998996,39262.854332,39266.848477,0,2.99999999999994,0.0299999999999997,5.99999999999996,2,1,65,0.5
843,39276.435773,39274.856784,39275.504943,39276.435773,39276.462444,0,NaN,0,7.00000000000003,1,2,66,0.5
844,39284.877077,39283.50841,39284.20858,39284.824738,39291.162719,1,2.99999999999994,0.0299999999999997,7.00000000000003,1,2,66,0.5
845,39293.549704,39292.072709,39292.379208,39293.549704,39293.811369,1,NaN,0,5.99999999999996,2,1,65,0.5
846,39300.826842,39299.604185,39300.14035,39300.774514,39309.709645,1,2.99999999999994,0.0299999999999997,7.00000000000003,1,2,66,0.5
847,39311.464471,39310.497802,39310.767807,39311.412132,39326.268906,0,2.99999999999994,0.0299999999999997,5.99999999999996,2,1,65,0.5
848,39328.163399,39326.922237,39327.437907,39328.110899,39335.14121,1,2.99999999999994,0.0299999999999997,7.00000000000003,1,2,66,0.5
849,39337.400362,39336.1952,39336.690037,39337.400362,39344.705672,0,NaN,0,7.00000000000003,1,2,66,0.5
850,39571.285932,39570.174097,39570.551768,39571.285932,39623.950388,1,NaN,0,5.99999999999996,2,1,65,0.5
851,39765.578155,39763.279497,39763.698996,39765.525815,39765.600655,0,2.99999999999994,0.0299999999999997,5.99999999999996,2,1,65,0.5
852,39775.140278,39772.260955,39773.155291,39775.087777,39783.129412,1,2.99999999999994,0.0299999999999997,7.00000000000003,1,2,66,0.5
853,39786.048567,39784.965244,39785.286904,39786.048567,39786.961397,0,NaN,0,7.00000000000003,1,2,66,0.5
854,39846.908657,39834.288207,39834.615706,NaN,NaN,NaN,NaN,0,5.99999999999996,2,1,65,0.5
855,39862.642433,39861.246933,39861.746764,39862.590094,39874.552047,1,2.99999999999994,0.0299999999999997,7.00000000000003,1,2,66,0.5
856,39912.6569,39911.490732,39911.988563,39912.604561,39920.821867,1,2.99999999999994,0.0299999999999997,7.00000000000003,1,2,66,0.5
857,39923.024858,39921.951856,39922.223695,39922.972519,39934.707145,0,2.99999999999994,0.0299999999999997,5.99999999999996,2,1,65,0.5
858,39941.765611,39940.109457,39940.754449,39941.765611,39957.379381,0,NaN,0,7.00000000000003,1,2,66,0.5
859,39998.447718,39997.154222,39997.71272,39998.395384,40001.099546,1,2.99999999999994,0.0299999999999997,7.00000000000003,1,2,66,0.5
860,40004.765859,40003.844196,40004.1372,40004.713531,40014.901991,0,2.99999999999994,0.0299999999999997,5.99999999999996,2,1,65,0.5
861,40017.152315,40015.756654,40016.351312,40017.099976,40034.737405,1,2.99999999999994,0.0299999999999997,7.00000000000003,1,2,66,0.5
862,40036.81757,40035.678736,40035.9624,40036.765397,40055.932987,0,2.99999999999994,0.0299999999999997,5.99999999999996,2,1,65,0.5
863,40058.112146,40056.813323,40057.360649,40058.059818,40069.311934,1,2.99999999999994,0.0299999999999997,7.00000000000003,1,2,66,0.5
864,40071.439098,40070.287763,40070.530762,40071.439098,40078.371737,0,NaN,0,7.00000000000003,1,2,66,0.5
865,40081.308892,40079.2519,40079.757398,40081.256553,40089.699191,0,2.99999999999994,0.0299999999999997,5.99999999999996,2,1,65,0.5
866,40091.832678,40090.416355,40090.986847,40091.780344,40103.61963,1,2.99999999999994,0.0299999999999997,7.00000000000003,1,2,66,0.5
867,40105.806794,40104.671798,40105.10163,40105.754622,40118.692409,1,2.99999999999994,0.0299999999999997,7.00000000000003,1,2,66,0.5
868,40128.075038,40126.613704,40127.063709,40128.022866,40131.535685,0,2.99999999999994,0.0299999999999997,5.99999999999996,2,1,65,0.5
869,40133.558011,40132.293688,40132.830019,40133.505516,40157.526748,1,2.99999999999994,0.0299999999999997,7.00000000000003,1,2,66,0.5
870,40159.61274,40158.384917,40158.878742,40159.56024,40171.416693,1,2.99999999999994,0.0299999999999997,7.00000000000003,1,2,66,0.5
871,40173.650689,40172.436021,40172.762187,40173.598517,40198.681756,0,2.99999999999994,0.0299999999999997,5.99999999999996,2,1,65,0.5
872,40201.033073,40199.868084,40200.276916,40201.033073,40206.766551,1,NaN,0,5.99999999999996,2,1,65,0.5
873,40211.906531,40210.367042,40211.130039,40211.904203,40226.834804,1,2.99999999999994,0.0299999999999997,7.00000000000003,1,2,66,0.5
874,40229.083462,40227.993799,40228.303798,40229.030968,40240.549255,0,2.99999999999994,0.0299999999999997,5.99999999999996,2,1,65,0.5
875,40242.675741,40241.337246,40241.699584,40242.623413,40259.095675,0,2.99999999999994,0.0299999999999997,5.99999999999996,2,1,65,0.5
876,40261.245339,40259.903677,40260.504175,40261.193,40271.386125,1,2.99999999999994,0.0299999999999997,7.00000000000003,1,2,66,0.5
877,40273.374457,40272.299461,40272.61162,40273.322118,40283.002079,0,2.99999999999994,0.0299999999999997,5.99999999999996,2,1,65,0.5
878,40284.991072,40283.878915,40284.230247,40284.938744,40303.36167,0,2.99999999999994,0.0299999999999997,5.99999999999996,2,1,65,0.5
879,40305.52299,40304.113494,40304.584493,40305.470662,40322.919087,1,2.99999999999994,0.0299999999999997,7.00000000000003,1,2,66,0.5
880,40325.087245,40323.988754,40324.275081,40325.034917,40343.333005,0,2.99999999999994,0.0299999999999997,5.99999999999996,2,1,65,0.5
881,40345.899667,40344.414339,40344.817498,40345.847328,40363.156598,0,2.99999999999994,0.0299999999999997,5.99999999999996,2,1,65,0.5
882,40365.776582,40364.243421,40364.821091,40365.724254,40377.02187,1,2.99999999999994,0.0299999999999997,7.00000000000003,1,2,66,0.5
883,40459.631545,40457.871713,40458.605216,40459.579212,40461.944369,1,2.99999999999994,0.0299999999999997,7.00000000000003,1,2,66,0.5
884,40465.111184,40463.304358,40463.649196,40465.058857,40470.113997,0,2.99999999999994,0.0299999999999997,5.99999999999996,2,1,65,0.5
885,40483.30045,40474.159648,40474.501152,NaN,40870.005565,NaN,NaN,0,5.99999999999996,2,1,65,0.5
886,40872.15839,40870.447896,40871.014566,40872.106062,40878.589369,1,2.99999999999994,0.0299999999999997,7.00000000000003,1,2,66,0.5
887,40882.578187,40880.748694,40881.110526,40882.525848,40886.720165,0,2.99999999999994,0.0299999999999997,5.99999999999996,2,1,65,0.5
888,40890.92232,40888.037493,40888.405497,40890.92232,40898.099625,1,NaN,0,5.99999999999996,2,1,65,0.5
889,40905.872593,40904.736765,40905.154596,40905.872593,40906.042426,1,NaN,0,5.99999999999996,2,1,65,0.5
890,40915.257389,40913.612557,40914.274554,40915.205051,40923.848682,1,2.99999999999994,0.0299999999999997,7.00000000000003,1,2,66,0.5
891,40925.707841,40924.632018,40924.977017,40925.707841,40929.266,1,NaN,0,5.99999999999996,2,1,65,0.5
892,40933.29315,40931.957817,40932.478487,40933.29315,40933.377317,1,NaN,0,5.99999999999996,2,1,65,0.5
893,40943.944768,40941.724111,40942.217275,40943.944768,41039.410559,1,NaN,0,5.99999999999996,2,1,65,0.5
894,41044.641866,41043.559376,41043.996036,41044.641866,41045.928027,1,NaN,0,5.99999999999996,2,1,65,0.5
895,41089.080361,41088.169525,41088.525363,41089.080361,41288.053565,1,NaN,0,5.99999999999996,2,1,65,0.5
896,41301.264006,41288.643556,41288.975561,NaN,41357.550947,NaN,NaN,0,5.99999999999996,2,1,65,0.5
897,41359.681945,41358.156779,41358.773443,41359.629778,41362.196763,1,2.99999999999994,0.0299999999999997,7.00000000000003,1,2,66,0.5
898,41365.13225,41363.444258,41363.778256,41365.13225,41369.116401,1,NaN,0,5.99999999999996,2,1,65,0.5
899,41373.312052,41372.022062,41372.661054,41373.259724,41388.989661,1,2.99999999999994,0.0299999999999997,7.00000000000003,1,2,66,0.5
900,41391.26648,41390.034651,41390.343489,41391.214152,41410.239404,0,2.99999999999994,0.0299999999999997,5.99999999999996,2,1,65,0.5
901,41412.942565,41411.653731,41412.151902,41412.890226,41426.15134,0,2.99999999999994,0.0299999999999997,5.99999999999996,2,1,65,0.5
902,41428.107004,41426.88567,41427.296336,41428.107004,41434.172642,1,NaN,0,5.99999999999996,2,1,65,0.5
903,41435.94764,41434.800305,41435.121143,41435.895307,41453.38307,0,2.99999999999994,0.0299999999999997,5.99999999999996,2,1,65,0.5
904,41455.55889,41454.219733,41454.756893,41455.506556,41459.900372,1,2.99999999999994,0.0299999999999997,7.00000000000003,1,2,66,0.5
905,41462.354034,41461.166366,41461.448365,41462.301695,41475.893475,0,2.99999999999994,0.0299999999999997,5.99999999999996,2,1,65,0.5
906,41478.002305,41476.552638,41477.180642,41477.950133,41493.215411,1,2.99999999999994,0.0299999999999997,7.00000000000003,1,2,66,0.5
907,41495.851062,41494.886737,41495.124898,41495.798734,41511.196333,0,2.99999999999994,0.0299999999999997,5.99999999999996,2,1,65,0.5
908,41513.839828,41512.262668,41512.653327,41513.787489,41530.472423,0,2.99999999999994,0.0299999999999997,5.99999999999996,2,1,65,0.5
909,41533.571577,41532.192249,41532.746253,41533.519077,41551.604344,1,2.99999999999994,0.0299999999999997,7.00000000000003,1,2,66,0.5
910,41554.2365,41553.069499,41553.403998,41554.184161,41571.039933,0,2.99999999999994,0.0299999999999997,5.99999999999996,2,1,65,0.5
911,41573.427085,41571.983429,41572.661426,41573.374585,41585.354709,1,2.99999999999994,0.0299999999999997,7.00000000000003,1,2,66,0.5
912,41587.87886,41586.349538,41587.147862,41587.826366,41597.070323,1,2.99999999999994,0.0299999999999997,7.00000000000003,1,2,66,0.5
913,41599.258153,41598.025652,41598.356817,41599.205815,41615.683249,0,2.99999999999994,0.0299999999999997,5.99999999999996,2,1,65,0.5
914,41617.714246,41616.426913,41616.845244,41617.661907,41636.803164,0,2.99999999999994,0.0299999999999997,5.99999999999996,2,1,65,0.5
915,41639.027161,41637.661,41638.241825,41638.974828,41661.852736,1,2.99999999999994,0.0299999999999997,7.00000000000003,1,2,66,0.5
916,41664.777891,41663.594396,41664.049727,41664.725558,41678.149338,1,2.99999999999994,0.0299999999999997,7.00000000000003,1,2,66,0.5
917,41684.486306,41683.348317,41683.643982,41684.43414,41692.970106,0,2.99999999999994,0.0299999999999997,5.99999999999996,2,1,65,0.5
918,41695.771267,41694.435934,41694.958932,41695.718928,41710.35837,1,2.99999999999994,0.0299999999999997,7.00000000000003,1,2,66,0.5
919,41713.399191,41712.352028,41712.76786,41713.346864,41724.763145,1,2.99999999999994,0.0299999999999997,7.00000000000003,1,2,66,0.5
920,41727.147803,41726.085313,41726.433639,41727.147803,41735.224103,1,NaN,0,5.99999999999996,2,1,65,0.5
921,41737.4521,41736.174267,41736.669937,41737.399767,41749.588047,1,2.99999999999994,0.0299999999999997,7.00000000000003,1,2,66,0.5
922,41751.628372,41750.476709,41750.838374,41751.576044,41765.377316,0,2.99999999999994,0.0299999999999997,5.99999999999996,2,1,65,0.5
923,41767.239315,41766.093319,41766.461312,41767.239315,41777.02127,1,NaN,0,5.99999999999996,2,1,65,0.5
924,41902.54944,41889.928985,41890.298156,NaN,NaN,NaN,NaN,0,5.99999999999996,2,1,65,0.5
925,42388.640656,42387.305501,42387.749499,42388.640656,42392.12981,1,NaN,0,5.99999999999996,2,1,65,0.5
926,42522.06479,42521.075133,42521.302626,42522.012296,42523.130952,0,2.99999999999994,0.0299999999999997,5.99999999999996,2,1,65,0.5
927,42650.935108,42649.535619,42650.189777,42650.882608,42652.323108,1,2.99999999999994,0.0299999999999997,7.00000000000003,1,2,66,0.5
928,42655.368257,42654.389927,42654.669765,42655.315929,42658.817082,0,2.99999999999994,0.0299999999999997,5.99999999999996,2,1,65,0.5
929,42680.711489,42668.090878,42668.510043,NaN,NaN,NaN,NaN,0,5.99999999999996,2,1,65,0.5
930,42709.979377,42697.358755,42697.64442,NaN,NaN,NaN,NaN,0,5.99999999999996,2,1,65,0.5
931,42846.780991,42834.160375,42834.641372,NaN,NaN,NaN,NaN,0,5.99999999999996,2,1,65,0.5
932,42857.46562,42856.218959,42856.634451,42857.413281,42871.707897,0,2.99999999999994,0.0299999999999997,5.99999999999996,2,1,65,0.5
933,42873.913549,42872.281722,42873.094225,42873.861049,42890.542983,1,2.99999999999994,0.0299999999999997,7.00000000000003,1,2,66,0.5
934,42893.814475,42892.788146,42893.138144,42893.814475,42898.37379,1,NaN,0,5.99999999999996,2,1,65,0.5
935,42951.885071,42950.711075,42951.147912,42951.885071,42954.415893,1,NaN,0,5.99999999999996,2,1,65,0.5
936,42970.980833,42969.455172,42970.182664,42970.928495,42974.65398,1,2.99999999999994,0.0299999999999997,7.00000000000003,1,2,66,0.5
937,42976.84181,42975.615148,42976.084307,42976.78947,42984.645772,0,2.99999999999994,0.0299999999999997,5.99999999999996,2,1,65,0.5
938,42999.27188,42993.800742,42994.28574,NaN,NaN,NaN,NaN,0,5.99999999999996,2,1,65,0.5
