trial,outcome,center_in,center_out,side_in,last_side_out,actions,reward,trial_types,odors,port_side,schedule,odor_name,odor_dur
1,1180.145964,1179.039299,1179.459298,1180.092631,1190.021288,0,1.99999999999996,0.0200000000000003,5.99999999999996,2,1,65,0.5
2,1192.279952,1191.385286,1191.508619,1192.279952,1216.649928,0,NaN,0,7.00000000000003,1,2,66,0.5
3,1218.583259,1217.29926,1217.446593,1218.583259,1222.913921,1,NaN,0,5.99999999999996,2,1,65,0.5
4,1227.071917,1226.447251,1226.592584,1227.063917,1240.127904,0,2.99999999999994,0.0299999999999997,5.99999999999996,2,1,65,0.5
5,1246.321231,1245.683899,1245.887898,1246.321231,1258.935885,1,NaN,0,5.99999999999996,2,1,65,0.5
6,1260.759217,1260.190551,1260.339884,1260.705883,1279.296532,0,2.99999999999994,0.0299999999999997,5.99999999999996,2,1,65,0.5
7,1280.45653,1279.807864,1280.041864,1280.45653,1282.462528,0,NaN,0,7.00000000000003,1,2,66,0.5
8,1287.617857,1286.858524,1287.008524,1287.564523,1289.700521,1,2.99999999999994,0.0299999999999997,7.00000000000003,1,2,66,0.5
9,1291.848519,1291.24452,1291.438519,1291.848519,1296.468514,0,NaN,0,7.00000000000003,1,2,66,0.5
10,1297.92318,1297.18118,1297.514513,1297.92318,1302.917175,1,NaN,0,5.99999999999996,2,1,65,0.5
11,1304.995839,1304.32584,1304.622506,1304.995839,1309.223168,1,NaN,0,5.99999999999996,2,1,65,0.5
12,1325.795152,1318.165159,1318.427826,1325.741818,1338.785805,1,2.99999999999994,0.0299999999999997,7.00000000000003,1,2,66,0.5
13,1343.026468,1341.319136,1341.496469,1343.026468,1369.099775,0,NaN,0,7.00000000000003,1,2,66,0.5
14,1371.10444,1369.825108,1370.077107,1371.10444,1371.395773,1,NaN,0,5.99999999999996,2,1,65,0.5
15,1384.803759,1383.94576,1384.296427,1384.750426,1386.607091,1,2.99999999999994,0.0299999999999997,7.00000000000003,1,2,66,0.5
16,1389.117088,1388.362423,1388.669089,1389.063755,1391.845752,0,2.99999999999994,0.0299999999999997,5.99999999999996,2,1,65,0.5
17,1394.214417,1393.589751,1393.79975,1394.174417,1396.003082,1,2.99999999999994,0.0299999999999997,7.00000000000003,1,2,66,0.5
18,1399.053078,1398.237746,1398.521746,1399.053078,1399.668411,0,NaN,0,7.00000000000003,1,2,66,0.5
19,1410.297067,1409.489735,1409.779734,1410.297067,1417.67506,1,NaN,0,5.99999999999996,2,1,65,0.5
20,1421.29839,1420.60839,1420.85439,1421.29839,1425.391719,1,NaN,0,5.99999999999996,2,1,65,0.5
21,1440.191037,1439.265705,1439.751038,1440.191037,1457.681687,1,NaN,0,5.99999999999996,2,1,65,0.5
22,1458.939019,1458.217686,1458.463019,1458.939019,1466.354345,1,NaN,0,5.99999999999996,2,1,65,0.5
23,1512.257632,1511.044966,1511.660299,1512.257632,1528.519616,1,NaN,0,5.99999999999996,2,1,65,0.5
24,1530.054947,1529.288948,1529.571615,1530.001614,1536.386941,0,2.99999999999994,0.0299999999999997,5.99999999999996,2,1,65,0.5
25,1537.72894,1536.992941,1537.23094,1537.72894,1544.134933,1,NaN,0,5.99999999999996,2,1,65,0.5
26,1545.742265,1544.997599,1545.274932,1545.688932,1606.167538,0,2.99999999999994,0.0299999999999997,5.99999999999996,2,1,65,0.5
27,1689.083455,1687.80279,1687.871456,1689.083455,1696.744114,1,NaN,0,5.99999999999996,2,1,65,0.5
28,1698.901445,1697.399447,1697.567447,1698.901445,1703.677441,1,NaN,0,5.99999999999996,2,1,65,0.5
29,1709.523435,1708.344103,1708.572769,1709.523435,1716.002095,1,NaN,0,5.99999999999996,2,1,65,0.5
30,1717.649427,1716.919427,1717.130094,1717.596093,1721.18209,0,2.99999999999994,0.0299999999999997,5.99999999999996,2,1,65,0.5
31,1736.588741,1735.360076,1735.642076,1736.588741,1742.434068,1,NaN,0,5.99999999999996,2,1,65,0.5
32,1743.9414,1743.212068,1743.431401,1743.888067,1748.746729,0,2.99999999999994,0.0299999999999997,5.99999999999996,2,1,65,0.5
33,1750.216727,1749.433395,1749.724728,1750.216727,1756.306721,1,NaN,0,5.99999999999996,2,1,65,0.5
34,1757.69272,1757.001387,1757.277387,1757.69272,1762.762715,1,NaN,0,5.99999999999996,2,1,65,0.5
35,1764.306047,1763.540047,1763.800047,1764.252713,1766.734711,0,2.99999999999994,0.0299999999999997,5.99999999999996,2,1,65,0.5
36,1768.381376,1767.610043,1767.926043,1768.381376,1782.038029,1,NaN,0,5.99999999999996,2,1,65,0.5
37,1798.068013,1797.274014,1797.525347,1798.01468,1804.38134,1,2.99999999999994,0.0299999999999997,7.00000000000003,1,2,66,0.5
38,1807.005337,1805.533339,1805.798672,1806.952004,1809.587335,0,2.99999999999994,0.0299999999999997,5.99999999999996,2,1,65,0.5
39,1811.976666,1811.182,1811.474666,1811.976666,1816.934661,1,NaN,0,5.99999999999996,2,1,65,0.5
40,1819.405325,1818.502659,1818.862659,1819.351992,1822.838655,1,2.99999999999994,0.0299999999999997,7.00000000000003,1,2,66,0.5
41,1824.754653,1823.98132,1824.174653,1824.70132,1828.783982,0,2.99999999999994,0.0299999999999997,5.99999999999996,2,1,65,0.5
42,1830.99598,1829.962648,1830.283981,1830.99598,1834.911976,1,NaN,0,5.99999999999996,2,1,65,0.5
43,1837.685307,1836.954641,1837.235974,1837.685307,1842.871968,1,NaN,0,5.99999999999996,2,1,65,0.5
44,1845.719965,1844.261967,1845.011299,1845.719965,1852.252625,0,NaN,0,7.00000000000003,1,2,66,0.5
45,1854.257957,1853.314624,1853.81529,1854.257957,1859.940618,1,NaN,0,5.99999999999996,2,1,65,0.5
46,1861.627283,1860.63395,1861.16995,1861.627283,1868.524609,1,NaN,0,5.99999999999996,2,1,65,0.5
47,1871.484606,1870.743273,1871.057273,1871.484606,1960.52385,1,NaN,0,5.99999999999996,2,1,65,0.5
48,1974.974503,1973.811837,1974.178503,1974.974503,1988.193156,1,NaN,0,5.99999999999996,2,1,65,0.5
49,1992.557818,1991.799152,1992.079819,1992.557818,1997.225147,1,NaN,0,5.99999999999996,2,1,65,0.5
50,2000.370477,1999.745811,1999.951811,2000.370477,2000.969143,1,NaN,0,5.99999999999996,2,1,65,0.5
51,2007.487137,2006.475138,2006.781804,2007.433803,2011.033133,0,2.99999999999994,0.0299999999999997,5.99999999999996,2,1,65,0.5
52,2014.419796,2013.035798,2013.335131,2014.419796,2020.892457,0,NaN,0,7.00000000000003,1,2,66,0.5
53,2022.887121,2022.029789,2022.358455,2022.833788,2026.687118,1,2.99999999999994,0.0299999999999997,7.00000000000003,1,2,66,0.5
54,2028.297783,2027.51045,2027.69245,2028.297783,2034.173777,0,NaN,0,7.00000000000003,1,2,66,0.5
55,2035.789775,2034.957776,2035.259109,2035.736442,2040.361104,1,2.99999999999994,0.0299999999999997,7.00000000000003,1,2,66,0.5
56,2043.495767,2042.703102,2042.924435,2043.495767,2176.060968,0,NaN,0,7.00000000000003,1,2,66,0.5
57,2184.932959,2179.107632,2179.284298,2184.879626,2192.596952,0,2.99999999999994,0.0299999999999997,5.99999999999996,2,1,65,0.5
58,2200.560944,2199.422945,2199.732278,2200.560944,2205.496939,0,NaN,0,7.00000000000003,1,2,66,0.5
59,2208.197603,2206.816271,2207.017604,2208.144269,2211.701599,1,2.99999999999994,0.0299999999999997,7.00000000000003,1,2,66,0.5
60,2213.87493,2212.843598,2213.100264,2213.87493,2256.598221,0,NaN,0,7.00000000000003,1,2,66,0.5
61,2260.594884,2259.502218,2259.816884,2260.54155,2443.340701,0,2.99999999999994,0.0299999999999997,5.99999999999996,2,1,65,0.5
62,2445.662032,2444.619366,2444.818033,2445.662032,2450.238027,0,NaN,0,7.00000000000003,1,2,66,0.5
63,2456.841354,2455.755355,2455.985355,2456.788021,2461.00135,1,2.99999999999994,0.0299999999999997,7.00000000000003,1,2,66,0.5
64,2475.574002,2474.255337,2474.51667,2475.574002,2481.411996,0,NaN,0,7.00000000000003,1,2,66,0.5
65,2483.90666,2482.806661,2483.071328,2483.90666,2487.89599,0,NaN,0,7.00000000000003,1,2,66,0.5
66,2492.333985,2491.36332,2491.574653,2492.280652,2498.744645,0,2.99999999999994,0.0299999999999997,5.99999999999996,2,1,65,0.5
67,2500.855977,2499.836644,2499.907978,2500.802643,2504.539973,1,2.99999999999994,0.0299999999999997,7.00000000000003,1,2,66,0.5
68,2507.10197,2506.339305,2506.523304,2507.10197,2513.118631,0,NaN,0,7.00000000000003,1,2,66,0.5
69,2516.548628,2515.717962,2515.985295,2516.495294,2519.901958,1,2.99999999999994,0.0299999999999997,7.00000000000003,1,2,66,0.5
70,2521.431956,2520.678624,2520.860623,2521.431956,2527.920616,0,NaN,0,7.00000000000003,1,2,66,0.5
71,2529.662615,2528.767949,2529.058615,2529.609281,2533.951944,0,2.99999999999994,0.0299999999999997,5.99999999999996,2,1,65,0.5
72,2535.703942,2534.893943,2535.088609,2535.650609,2539.185938,1,2.99999999999994,0.0299999999999997,7.00000000000003,1,2,66,0.5
73,2540.605938,2539.889271,2540.085938,2540.605938,2546.833264,0,NaN,0,7.00000000000003,1,2,66,0.5
74,2548.249263,2547.500597,2547.699263,2548.195929,2552.305259,1,2.99999999999994,0.0299999999999997,7.00000000000003,1,2,66,0.5
75,2553.877924,2553.121924,2553.349258,2553.877924,2560.153251,0,NaN,0,7.00000000000003,1,2,66,0.5
76,2562.221249,2560.82125,2561.638583,2562.221249,2568.399242,0,NaN,0,7.00000000000003,1,2,66,0.5
77,2570.913907,2569.673241,2570.221907,2570.860573,2574.027237,0,2.99999999999994,0.0299999999999997,5.99999999999996,2,1,65,0.5
78,2575.972568,2574.962569,2575.314569,2575.919235,2578.542566,1,2.99999999999994,0.0299999999999997,7.00000000000003,1,2,66,0.5
79,2580.203897,2579.311898,2579.556565,2580.150564,2583.158561,0,2.99999999999994,0.0299999999999997,5.99999999999996,2,1,65,0.5
80,2585.162559,2584.31256,2584.589893,2585.109226,2588.529222,1,2.99999999999994,0.0299999999999997,7.00000000000003,1,2,66,0.5
81,2590.124554,2589.267888,2589.479221,2590.124554,2595.967882,0,NaN,0,7.00000000000003,1,2,66,0.5
82,2597.741213,2596.983881,2597.174547,2597.741213,2604.037873,1,NaN,0,5.99999999999996,2,1,65,0.5
83,2605.613872,2604.773207,2605.066539,2605.613872,2612.315199,1,NaN,0,5.99999999999996,2,1,65,0.5
84,2613.694531,2612.947865,2613.143864,2613.694531,2619.325192,1,NaN,0,5.99999999999996,2,1,65,0.5
85,2623.145188,2621.944522,2622.575855,2623.091854,2625.933185,0,2.99999999999994,0.0299999999999997,5.99999999999996,2,1,65,0.5
86,2627.828516,2626.998517,2627.28585,2627.828516,2633.069844,1,NaN,0,5.99999999999996,2,1,65,0.5
87,2653.325158,2652.495825,2652.832491,2653.325158,2658.02782,1,NaN,0,5.99999999999996,2,1,65,0.5
88,2660.42915,2659.385151,2659.899818,2660.42915,2664.323147,0,NaN,0,7.00000000000003,1,2,66,0.5
89,2667.356477,2666.319811,2666.833144,2667.303144,2670.323141,1,2.99999999999994,0.0299999999999997,7.00000000000003,1,2,66,0.5
90,2671.925139,2670.992473,2671.23314,2671.871806,2674.809803,0,2.99999999999994,0.0299999999999997,5.99999999999996,2,1,65,0.5
91,2676.719801,2676.100468,2676.244468,2676.719801,2720.589757,1,NaN,0,5.99999999999996,2,1,65,0.5
92,2722.829755,2721.867756,2722.163089,2722.776422,2727.51175,0,2.99999999999994,0.0299999999999997,5.99999999999996,2,1,65,0.5
93,2729.068415,2728.261749,2728.467082,2729.068415,2734.34441,1,NaN,0,5.99999999999996,2,1,65,0.5
94,2735.997075,2735.197742,2735.385075,2735.943742,2739.913071,0,2.99999999999994,0.0299999999999997,5.99999999999996,2,1,65,0.5
95,2741.365736,2740.64707,2740.853737,2741.365736,2745.884398,1,NaN,0,5.99999999999996,2,1,65,0.5
96,2747.599063,2746.708398,2747.08573,2747.599063,2753.243058,0,NaN,0,7.00000000000003,1,2,66,0.5
97,2755.095722,2754.251057,2754.531056,2755.042389,2759.619051,0,2.99999999999994,0.0299999999999997,5.99999999999996,2,1,65,0.5
98,2761.33505,2760.370384,2760.847717,2761.33505,2770.940373,1,NaN,0,5.99999999999996,2,1,65,0.5
99,2773.367038,2772.673038,2772.833038,2773.313704,2776.381034,1,2.99999999999994,0.0299999999999997,7.00000000000003,1,2,66,0.5
100,2778.237699,2777.3597,2777.567033,2778.184366,2782.603028,0,2.99999999999994,0.0299999999999997,5.99999999999996,2,1,65,0.5
101,2784.433693,2783.413694,2783.739694,2784.433693,2790.624354,1,NaN,0,5.99999999999996,2,1,65,0.5
102,2791.983019,2791.283686,2791.510353,2791.983019,2799.960344,1,NaN,0,5.99999999999996,2,1,65,0.5
103,2801.313676,2800.509677,2800.69701,2801.260343,2804.559673,1,2.99999999999994,0.0299999999999997,7.00000000000003,1,2,66,0.5
104,2806.035005,2805.208339,2805.510339,2806.035005,2812.704331,0,NaN,0,7.00000000000003,1,2,66,0.5
105,2815.406995,2813.430997,2814.766329,2815.406995,2823.903654,0,NaN,0,7.00000000000003,1,2,66,0.5
106,2825.284319,2824.521653,2824.799653,2825.284319,2831.449646,1,NaN,0,5.99999999999996,2,1,65,0.5
107,2833.046978,2832.181645,2832.446312,2832.993645,2835.915642,1,2.99999999999994,0.0299999999999997,7.00000000000003,1,2,66,0.5
108,2837.394307,2836.550308,2836.810307,2837.340974,2840.685637,0,2.99999999999994,0.0299999999999997,5.99999999999996,2,1,65,0.5
109,2842.606302,2841.770969,2842.084969,2842.606302,2849.612295,1,NaN,0,5.99999999999996,2,1,65,0.5
110,2851.587626,2850.313627,2850.966293,2851.534293,2854.379623,1,2.99999999999994,0.0299999999999997,7.00000000000003,1,2,66,0.5
111,2855.965622,2855.062956,2855.326289,2855.912288,2859.130285,0,2.99999999999994,0.0299999999999997,5.99999999999996,2,1,65,0.5
112,2860.823617,2860.092951,2860.306951,2860.823617,2864.625613,1,NaN,0,5.99999999999996,2,1,65,0.5
113,2868.102943,2867.390277,2867.512277,2868.049609,2875.262936,1,2.99999999999994,0.0299999999999997,7.00000000000003,1,2,66,0.5
114,2876.890934,2875.808935,2876.048935,2876.890934,2929.241548,0,NaN,0,7.00000000000003,1,2,66,0.5
115,2930.870213,2930.007548,2930.285547,2930.870213,2938.291539,1,NaN,0,5.99999999999996,2,1,65,0.5
116,2939.581538,2938.968205,2939.108872,2939.581538,2945.128199,1,NaN,0,5.99999999999996,2,1,65,0.5
117,2946.626864,2945.763532,2946.047531,2946.626864,2952.726191,0,NaN,0,7.00000000000003,1,2,66,0.5
118,2954.993523,2953.763524,2954.43219,2954.940189,2957.936853,0,2.99999999999994,0.0299999999999997,5.99999999999996,2,1,65,0.5
119,2959.735518,2958.839519,2959.087518,2959.735518,2964.811513,1,NaN,0,5.99999999999996,2,1,65,0.5
120,2966.333511,2965.457512,2965.698179,2966.280178,2971.142173,0,2.99999999999994,0.0299999999999997,5.99999999999996,2,1,65,0.5
121,2972.835505,2972.148839,2972.232172,2972.782171,2976.299501,1,2.99999999999994,0.0299999999999997,7.00000000000003,1,2,66,0.5
122,2979.214832,2978.530832,2978.714832,2979.214832,2985.420825,0,NaN,0,7.00000000000003,1,2,66,0.5
123,2986.610824,2985.917492,2986.087491,2986.557491,2989.735488,1,2.99999999999994,0.0299999999999997,7.00000000000003,1,2,66,0.5
124,2991.25482,2990.48682,2990.668154,2991.25482,2997.72348,0,NaN,0,7.00000000000003,1,2,66,0.5
125,3000.240811,2999.038812,2999.693478,3000.187477,3003.591474,0,2.99999999999994,0.0299999999999997,5.99999999999996,2,1,65,0.5
126,3014.814796,3013.96013,3014.246797,3014.814796,3020.081457,0,NaN,0,7.00000000000003,1,2,66,0.5
127,3021.868789,3020.852123,3021.026123,3021.815456,3024.443453,1,2.99999999999994,0.0299999999999997,7.00000000000003,1,2,66,0.5
128,3025.917452,3025.206786,3025.389453,3025.917452,3031.17678,0,NaN,0,7.00000000000003,1,2,66,0.5
129,3034.060777,3033.450111,3033.574111,3034.060777,3040.059437,1,NaN,0,5.99999999999996,2,1,65,0.5
130,3041.389436,3040.706103,3040.851437,3041.336103,3044.677433,1,2.99999999999994,0.0299999999999997,7.00000000000003,1,2,66,0.5
131,3046.698764,3045.970098,3046.191431,3046.698764,3053.612757,0,NaN,0,7.00000000000003,1,2,66,0.5
132,3055.149422,3054.459423,3054.657423,3055.096089,3058.831419,1,2.99999999999994,0.0299999999999997,7.00000000000003,1,2,66,0.5
133,3060.671417,3059.795418,3060.008751,3060.618084,3064.736746,0,2.99999999999994,0.0299999999999997,5.99999999999996,2,1,65,0.5
134,3066.147411,3065.478745,3065.651412,3066.147411,3066.728077,1,NaN,0,5.99999999999996,2,1,65,0.5
135,3072.336739,3071.461406,3071.697406,3072.283405,3075.596069,0,2.99999999999994,0.0299999999999997,5.99999999999996,2,1,65,0.5
136,3077.8274,3077.142067,3077.268067,3077.8274,3083.560727,1,NaN,0,5.99999999999996,2,1,65,0.5
137,3085.734725,3085.086726,3085.294059,3085.734725,3088.597389,1,NaN,0,5.99999999999996,2,1,65,0.5
138,3360.124451,3358.316453,3358.521119,3360.121784,3367.025111,0,2.99999999999994,0.0299999999999997,5.99999999999996,2,1,65,0.5
139,3370.179774,3369.271108,3369.392441,3370.126441,3419.313058,1,2.99999999999994,0.0299999999999997,7.00000000000003,1,2,66,0.5
140,3421.275723,3420.475724,3420.659724,3421.22239,3423.795054,1,2.99999999999994,0.0299999999999997,7.00000000000003,1,2,66,0.5
141,3427.794383,3426.963717,3427.100384,3427.74105,3434.35571,0,2.99999999999994,0.0299999999999997,5.99999999999996,2,1,65,0.5
142,3435.822375,3435.071709,3435.137709,3435.822375,3441.079703,1,NaN,0,5.99999999999996,2,1,65,0.5
143,3442.679035,3442.002369,3442.225035,3442.679035,3675.273469,1,NaN,0,5.99999999999996,2,1,65,0.5
144,3677.7088,3676.303468,3676.370801,3677.7088,3699.892111,0,NaN,0,7.00000000000003,1,2,66,0.5
145,3701.603443,3700.713443,3700.918777,3701.603443,3705.168772,1,NaN,0,5.99999999999996,2,1,65,0.5
146,3708.552102,3707.550104,3707.68677,3708.498769,3711.884766,1,2.99999999999994,0.0299999999999997,7.00000000000003,1,2,66,0.5
147,3713.798764,3712.992765,3713.139431,3713.74543,3718.750759,0,2.99999999999994,0.0299999999999997,5.99999999999996,2,1,65,0.5
148,3720.084091,3719.455425,3719.497425,3720.084091,3724.238087,1,NaN,0,5.99999999999996,2,1,65,0.5
149,3727.34275,3726.538084,3726.749417,3727.289417,3733.134078,0,2.99999999999994,0.0299999999999997,5.99999999999996,2,1,65,0.5
150,3735.210076,3734.154077,3734.226077,3735.210076,3740.437404,1,NaN,0,5.99999999999996,2,1,65,0.5
151,3742.154069,3741.370736,3741.641403,3742.154069,3747.070064,0,NaN,0,7.00000000000003,1,2,66,0.5
152,3748.674729,3747.805396,3748.040729,3748.621396,3751.457393,1,2.99999999999994,0.0299999999999997,7.00000000000003,1,2,66,0.5
153,3753.480057,3752.711391,3752.894725,3753.480057,3760.140717,0,NaN,0,7.00000000000003,1,2,66,0.5
154,3761.707382,3760.89605,3761.167383,3761.707382,3766.230711,0,NaN,0,7.00000000000003,1,2,66,0.5
155,3768.02471,3767.184044,3767.465377,3767.971376,3770.676707,1,2.99999999999994,0.0299999999999997,7.00000000000003,1,2,66,0.5
156,3772.208039,3771.371373,3771.656706,3772.208039,3778.708032,0,NaN,0,7.00000000000003,1,2,66,0.5
157,3781.392029,3779.848031,3780.772697,3781.392029,3784.58136,0,NaN,0,7.00000000000003,1,2,66,0.5
158,3797.578013,3796.870681,3797.000014,3797.52468,3800.176011,1,2.99999999999994,0.0299999999999997,7.00000000000003,1,2,66,0.5
159,3801.962676,3801.147343,3801.347343,3801.909342,3804.256673,0,2.99999999999994,0.0299999999999997,5.99999999999996,2,1,65,0.5
160,3805.536005,3804.950006,3805.026673,3805.536005,3812.163332,1,NaN,0,5.99999999999996,2,1,65,0.5
161,3813.652664,3812.843998,3813.035331,3813.599331,3817.513327,1,2.99999999999994,0.0299999999999997,7.00000000000003,1,2,66,0.5
162,3819.023325,3818.240659,3818.497992,3819.023325,3824.294653,0,NaN,0,7.00000000000003,1,2,66,0.5
163,3825.967318,3825.147319,3825.420652,3825.913985,3829.297982,1,2.99999999999994,0.0299999999999997,7.00000000000003,1,2,66,0.5
164,3830.881313,3830.034648,3830.331981,3830.828647,3835.086642,0,2.99999999999994,0.0299999999999997,5.99999999999996,2,1,65,0.5
165,3836.421974,3835.698642,3835.857308,3836.421974,3896.415914,1,NaN,0,5.99999999999996,2,1,65,0.5
166,3899.061912,3897.735246,3897.949246,3899.008579,3901.755242,0,2.99999999999994,0.0299999999999997,5.99999999999996,2,1,65,0.5
167,3903.80924,3902.859908,3902.999241,3903.755907,3909.836568,1,2.99999999999994,0.0299999999999997,7.00000000000003,1,2,66,0.5
168,3911.566566,3910.5539,3910.749233,3911.513233,3917.25056,0,2.99999999999994,0.0299999999999997,5.99999999999996,2,1,65,0.5
169,3918.725892,3917.96256,3918.115226,3918.725892,3923.94722,1,NaN,0,5.99999999999996,2,1,65,0.5
170,3925.721218,3925.013886,3925.117886,3925.667885,3930.71388,1,2.99999999999994,0.0299999999999997,7.00000000000003,1,2,66,0.5
171,3932.102545,3931.327213,3931.485213,3932.049212,3938.708539,0,2.99999999999994,0.0299999999999997,5.99999999999996,2,1,65,0.5
172,3940.189871,3939.451205,3939.530538,3940.136537,3944.011867,1,2.99999999999994,0.0299999999999997,7.00000000000003,1,2,66,0.5
173,3945.177866,3944.4732,3944.579866,3945.124532,3948.929862,0,2.99999999999994,0.0299999999999997,5.99999999999996,2,1,65,0.5
174,3950.119861,3949.495195,3949.582528,3950.107194,3952.401192,1,2.99999999999994,0.0299999999999997,7.00000000000003,1,2,66,0.5
175,3953.646524,3952.951191,3953.149858,3953.646524,3959.945851,0,NaN,0,7.00000000000003,1,2,66,0.5
176,3961.09185,3960.489184,3960.557184,3961.038516,3964.860513,1,2.99999999999994,0.0299999999999997,7.00000000000003,1,2,66,0.5
177,3966.301178,3965.513179,3965.738512,3966.247845,3968.683842,0,2.99999999999994,0.0299999999999997,5.99999999999996,2,1,65,0.5
178,3970.43984,3969.751841,3969.870508,3970.43984,3976.819834,1,NaN,0,5.99999999999996,2,1,65,0.5
179,3978.296499,3977.6045,3977.7225,3978.243166,3980.71983,1,2.99999999999994,0.0299999999999997,7.00000000000003,1,2,66,0.5
180,3982.135829,3981.574496,3981.589163,3982.082495,3985.244492,0,2.99999999999994,0.0299999999999997,5.99999999999996,2,1,65,0.5
181,3986.577158,3985.880492,3986.002492,3986.523824,3989.451155,1,2.99999999999994,0.0299999999999997,7.00000000000003,1,2,66,0.5
182,3990.983153,3990.123154,3990.303154,3990.92982,3994.459816,0,2.99999999999994,0.0299999999999997,5.99999999999996,2,1,65,0.5
183,3995.870482,3995.118482,3995.271149,3995.817148,3999.243812,1,2.99999999999994,0.0299999999999997,7.00000000000003,1,2,66,0.5
184,4000.56781,3999.806478,3999.971811,4000.514477,4006.830471,0,2.99999999999994,0.0299999999999997,5.99999999999996,2,1,65,0.5
185,4009.551135,4008.793135,4008.925802,4009.551135,4014.637796,1,NaN,0,5.99999999999996,2,1,65,0.5
186,4018.833125,4017.891126,4018.183793,4018.833125,4023.879787,1,NaN,0,5.99999999999996,2,1,65,0.5
187,4025.302452,4024.463786,4024.695119,4025.249119,4028.583782,0,2.99999999999994,0.0299999999999997,5.99999999999996,2,1,65,0.5
188,4030.046448,4029.227782,4029.497781,4029.993114,4032.697112,1,2.99999999999994,0.0299999999999997,7.00000000000003,1,2,66,0.5
189,4034.014444,4033.267778,4033.423777,4034.014444,4039.679771,0,NaN,0,7.00000000000003,1,2,66,0.5
190,4040.92177,4040.219771,4040.337104,4040.92177,4046.560431,1,NaN,0,5.99999999999996,2,1,65,0.5
191,4047.781763,4047.11443,4047.309097,4047.781763,4057.001087,1,NaN,0,5.99999999999996,2,1,65,0.5
192,4059.360418,4058.724419,4058.953085,4059.360418,4065.412412,1,NaN,0,5.99999999999996,2,1,65,0.5
193,4068.257743,4067.46841,4067.755743,4068.204409,4070.561074,1,2.99999999999994,0.0299999999999997,7.00000000000003,1,2,66,0.5
194,4072.041072,4071.23174,4071.475739,4071.987739,4074.514403,0,2.99999999999994,0.0299999999999997,5.99999999999996,2,1,65,0.5
195,4076.355734,4075.725735,4075.816402,4076.355734,4081.771729,1,NaN,0,5.99999999999996,2,1,65,0.5
196,4084.519726,4083.889727,4083.977727,4084.466393,4087.573724,1,2.99999999999994,0.0299999999999997,7.00000000000003,1,2,66,0.5
197,4089.487721,4088.533056,4088.863055,4089.434388,4092.169719,0,2.99999999999994,0.0299999999999997,5.99999999999996,2,1,65,0.5
198,4093.479717,4092.861051,4092.968385,4093.479717,4098.921712,1,NaN,0,5.99999999999996,2,1,65,0.5
199,4100.375044,4099.687044,4099.887044,4100.375044,4105.019706,1,NaN,0,5.99999999999996,2,1,65,0.5
200,4107.88037,4106.999704,4107.341037,4107.827703,4111.128366,0,2.99999999999994,0.0299999999999997,5.99999999999996,2,1,65,0.5
201,4112.627032,4111.776366,4112.069699,4112.574365,4115.018363,1,2.99999999999994,0.0299999999999997,7.00000000000003,1,2,66,0.5
202,4116.560361,4115.637695,4115.876362,4116.507028,4119.867024,0,2.99999999999994,0.0299999999999997,5.99999999999996,2,1,65,0.5
203,4121.14569,4120.448357,4120.587024,4121.092356,4129.800348,1,2.99999999999994,0.0299999999999997,7.00000000000003,1,2,66,0.5
204,4131.286346,4130.508347,4130.65968,4131.286346,4280.238864,0,NaN,0,7.00000000000003,1,2,66,0.5
205,4283.076861,4282.035529,4282.253529,4283.076861,4289.018189,0,NaN,0,7.00000000000003,1,2,66,0.5
206,4290.826187,4290.142854,4290.338854,4290.772853,4294.08285,1,2.99999999999994,0.0299999999999997,7.00000000000003,1,2,66,0.5
207,4296.750847,4295.842182,4296.021515,4296.750847,4301.880842,0,NaN,0,7.00000000000003,1,2,66,0.5
208,4303.248174,4302.623508,4302.727508,4303.213508,4305.278172,1,2.99999999999994,0.0299999999999997,7.00000000000003,1,2,66,0.5
209,4307.12417,4306.308838,4306.511504,4307.12417,4312.962831,0,NaN,0,7.00000000000003,1,2,66,0.5
210,4315.306162,4314.179497,4314.69883,4315.252829,4318.658826,0,2.99999999999994,0.0299999999999997,5.99999999999996,2,1,65,0.5
211,4320.149491,4319.367492,4319.568158,4320.096157,4323.773487,1,2.99999999999994,0.0299999999999997,7.00000000000003,1,2,66,0.5
212,4326.239485,4325.409485,4325.568152,4326.239485,4331.778812,0,NaN,0,7.00000000000003,1,2,66,0.5
213,4333.244811,4332.386812,4332.617478,4333.191478,4336.728141,1,2.99999999999994,0.0299999999999997,7.00000000000003,1,2,66,0.5
214,4338.319473,4337.41614,4337.68414,4338.266139,4342.954801,0,2.99999999999994,0.0299999999999997,5.99999999999996,2,1,65,0.5
215,4344.409466,4343.742134,4343.928134,4344.409466,4349.584795,1,NaN,0,5.99999999999996,2,1,65,0.5
216,4351.008127,4350.284127,4350.444127,4351.008127,4356.537454,0,NaN,0,7.00000000000003,1,2,66,0.5
217,4357.955453,4357.10812,4357.421453,4357.955453,4364.428113,0,NaN,0,7.00000000000003,1,2,66,0.5
218,4366.152778,4365.009446,4365.532112,4366.099445,4369.154108,0,2.99999999999994,0.0299999999999997,5.99999999999996,2,1,65,0.5
219,4370.712107,4369.989441,4370.170107,4370.658774,4373.482771,1,2.99999999999994,0.0299999999999997,7.00000000000003,1,2,66,0.5
220,4375.020103,4374.15077,4374.37477,4374.966769,4377.267434,0,2.99999999999994,0.0299999999999997,5.99999999999996,2,1,65,0.5
221,4378.719432,4377.945433,4378.101433,4378.666099,4381.476763,1,2.99999999999994,0.0299999999999997,7.00000000000003,1,2,66,0.5
222,4383.134094,4382.247429,4382.491428,4383.134094,4388.032756,0,NaN,0,7.00000000000003,1,2,66,0.5
223,4389.549421,4388.801422,4389.056755,4389.549421,4393.743417,1,NaN,0,5.99999999999996,2,1,65,0.5
224,4396.319415,4395.795415,4395.836748,4396.319415,4402.000742,1,NaN,0,5.99999999999996,2,1,65,0.5
225,4403.516074,4402.640075,4402.994075,4403.516074,4408.734069,1,NaN,0,5.99999999999996,2,1,65,0.5
226,4410.255401,4409.284068,4409.706735,4410.202067,4414.053397,0,2.99999999999994,0.0299999999999997,5.99999999999996,2,1,65,0.5
227,4415.714728,4414.936729,4415.132062,4415.714728,4421.866056,1,NaN,0,5.99999999999996,2,1,65,0.5
228,4423.569387,4422.574055,4422.780055,4423.516054,4426.624051,1,2.99999999999994,0.0299999999999997,7.00000000000003,1,2,66,0.5
229,4428.037383,4427.23805,4427.40205,4427.98405,4431.164046,0,2.99999999999994,0.0299999999999997,5.99999999999996,2,1,65,0.5
230,4432.332045,4431.729379,4431.877379,4432.332045,4437.22004,1,NaN,0,5.99999999999996,2,1,65,0.5
231,4438.847372,4438.096706,4438.272039,4438.794039,4441.433369,0,2.99999999999994,0.0299999999999997,5.99999999999996,2,1,65,0.5
232,4443.440701,4442.216035,4442.420035,4443.440701,4449.754694,0,NaN,0,7.00000000000003,1,2,66,0.5
233,4453.330691,4452.428692,4452.746691,4453.277358,4455.890688,0,2.99999999999994,0.0299999999999997,5.99999999999996,2,1,65,0.5
234,4457.307354,4456.570688,4456.798687,4457.307354,4464.39668,1,NaN,0,5.99999999999996,2,1,65,0.5
235,4466.152011,4464.984679,4465.570012,4466.098678,4469.326008,1,2.99999999999994,0.0299999999999997,7.00000000000003,1,2,66,0.5
236,4471.302006,4469.946674,4470.58934,4471.248673,4474.66067,0,2.99999999999994,0.0299999999999997,5.99999999999996,2,1,65,0.5
237,4475.978002,4475.286002,4475.528002,4475.978002,4483.163328,1,NaN,0,5.99999999999996,2,1,65,0.5
238,4486.089991,4485.221992,4485.596659,4486.089991,4486.797991,1,NaN,0,5.99999999999996,2,1,65,0.5
239,4496.209315,4495.429315,4495.641315,4496.155981,4499.793311,0,2.99999999999994,0.0299999999999997,5.99999999999996,2,1,65,0.5
240,4500.94131,4500.316644,4500.41131,4500.916643,4503.572641,1,2.99999999999994,0.0299999999999997,7.00000000000003,1,2,66,0.5
241,4504.965973,4504.227307,4504.38664,4504.965973,4511.302633,0,NaN,0,7.00000000000003,1,2,66,0.5
242,4512.723298,4511.859966,4512.059965,4512.669965,4516.122628,0,2.99999999999994,0.0299999999999997,5.99999999999996,2,1,65,0.5
243,4517.641293,4516.890627,4517.075294,4517.641293,4524.00262,1,NaN,0,5.99999999999996,2,1,65,0.5
244,4525.298619,4524.529286,4524.767953,4525.298619,4531.538613,0,NaN,0,7.00000000000003,1,2,66,0.5
245,4533.415944,4532.037279,4532.842611,4533.362611,4537.017941,0,2.99999999999994,0.0299999999999997,5.99999999999996,2,1,65,0.5
246,4538.847939,4538.105939,4538.298606,4538.794605,4542.203935,1,2.99999999999994,0.0299999999999997,7.00000000000003,1,2,66,0.5
247,4543.9846,4543.081934,4543.303934,4543.9846,4550.306594,0,NaN,0,7.00000000000003,1,2,66,0.5
248,4551.790592,4551.089926,4551.246593,4551.790592,4558.479252,0,NaN,0,7.00000000000003,1,2,66,0.5
249,4560.65725,4559.578585,4560.033251,4560.603917,4563.245914,0,2.99999999999994,0.0299999999999997,5.99999999999996,2,1,65,0.5
250,4564.775246,4563.96058,4564.177247,4564.721913,4568.429909,1,2.99999999999994,0.0299999999999997,7.00000000000003,1,2,66,0.5
251,4569.821908,4569.004575,4569.263908,4569.768574,4573.493238,0,2.99999999999994,0.0299999999999997,5.99999999999996,2,1,65,0.5
252,4575.152569,4574.223903,4574.595236,4575.099236,4578.895899,1,2.99999999999994,0.0299999999999997,7.00000000000003,1,2,66,0.5
253,4580.812563,4579.995898,4580.211231,4580.812563,4586.928557,0,NaN,0,7.00000000000003,1,2,66,0.5
254,4589.211222,4588.393889,4588.631222,4589.211222,4760.297051,1,NaN,0,5.99999999999996,2,1,65,0.5
255,4761.626383,4760.942383,4761.030383,4761.626383,4776.147035,0,NaN,0,7.00000000000003,1,2,66,0.5
256,4780.38503,4779.299698,4779.565031,4780.331697,4784.881026,0,2.99999999999994,0.0299999999999997,5.99999999999996,2,1,65,0.5
257,4787.54569,4786.513024,4786.652358,4787.54569,4791.611686,0,NaN,0,7.00000000000003,1,2,66,0.5
258,4983.210828,4982.326162,4982.457495,4983.157494,4985.991492,0,2.99999999999994,0.0299999999999997,5.99999999999996,2,1,65,0.5
259,4990.958153,4990.236821,4990.322821,4990.958153,4991.28482,1,NaN,0,5.99999999999996,2,1,65,0.5
260,5004.925478,5004.119473,5004.171473,5004.925478,5007.810804,0,NaN,0,7.00000000000003,1,2,66,0.5
261,5011.1408,5010.480801,5010.5768,5011.1408,5022.380122,0,NaN,0,7.00000000000003,1,2,66,0.5
262,5023.75412,5023.178788,5023.250121,5023.75412,5030.730113,0,NaN,0,7.00000000000003,1,2,66,0.5
263,5032.390112,5031.365446,5031.540779,5032.336779,5035.165442,1,2.99999999999994,0.0299999999999997,7.00000000000003,1,2,66,0.5
264,5036.830774,5036.088108,5036.247441,5036.777441,5039.963438,0,2.99999999999994,0.0299999999999997,5.99999999999996,2,1,65,0.5
265,5042.674102,5041.404769,5041.574103,5042.620768,5045.160766,1,2.99999999999994,0.0299999999999997,7.00000000000003,1,2,66,0.5
266,5048.107429,5047.30343,5047.46343,5048.054096,5052.215425,0,2.99999999999994,0.0299999999999997,5.99999999999996,2,1,65,0.5
267,5053.885424,5052.890091,5053.060758,5053.83209,5056.275421,1,2.99999999999994,0.0299999999999997,7.00000000000003,1,2,66,0.5
268,5058.119419,5057.27742,5057.396087,5058.119419,5063.350748,0,NaN,0,7.00000000000003,1,2,66,0.5
269,5064.772746,5063.995414,5064.17808,5064.719413,5068.026076,1,2.99999999999994,0.0299999999999997,7.00000000000003,1,2,66,0.5
270,5069.346742,5068.522076,5068.705409,5069.293408,5072.896738,0,2.99999999999994,0.0299999999999997,5.99999999999996,2,1,65,0.5
271,5074.405403,5073.614737,5073.72207,5074.35207,5077.236734,1,2.99999999999994,0.0299999999999997,7.00000000000003,1,2,66,0.5
272,5078.784732,5077.9154,5078.139399,5078.731399,5082.474728,0,2.99999999999994,0.0299999999999997,5.99999999999996,2,1,65,0.5
273,5084.303393,5083.568061,5083.716727,5084.25006,5087.632057,1,2.99999999999994,0.0299999999999997,7.00000000000003,1,2,66,0.5
274,5088.771389,5088.090056,5088.234056,5088.771389,5093.561384,0,NaN,0,7.00000000000003,1,2,66,0.5
275,5095.043382,5094.227383,5094.457383,5094.990049,5097.69938,1,2.99999999999994,0.0299999999999997,7.00000000000003,1,2,66,0.5
276,5099.341378,5098.481379,5098.553379,5099.288045,5102.268042,0,2.99999999999994,0.0299999999999997,5.99999999999996,2,1,65,0.5
277,5104.134707,5103.406041,5103.556707,5104.134707,5110.686034,1,NaN,0,5.99999999999996,2,1,65,0.5
278,5111.925366,5111.231366,5111.384033,5111.872032,5114.33203,1,2.99999999999994,0.0299999999999997,7.00000000000003,1,2,66,0.5
279,5115.739362,5114.914696,5115.154696,5115.739362,5121.245356,0,NaN,0,7.00000000000003,1,2,66,0.5
280,5122.862021,5121.842689,5122.342689,5122.862021,5128.678016,0,NaN,0,7.00000000000003,1,2,66,0.5
281,5130.73068,5129.842014,5130.250681,5130.73068,5137.44334,0,NaN,0,7.00000000000003,1,2,66,0.5
282,5139.096005,5138.094673,5138.566006,5139.096005,5199.781278,0,NaN,0,7.00000000000003,1,2,66,0.5
283,5222.063255,5221.403256,5221.503923,5222.009922,5233.153911,0,2.99999999999994,0.0299999999999997,5.99999999999996,2,1,65,0.5
284,5234.661243,5233.845244,5234.00991,5234.60791,5238.053906,1,2.99999999999994,0.0299999999999997,7.00000000000003,1,2,66,0.5
285,5239.556571,5238.906572,5239.041905,5239.556571,5243.729234,0,NaN,0,7.00000000000003,1,2,66,0.5
286,5246.311232,5245.628565,5245.835898,5246.257898,5247.776563,1,2.99999999999994,0.0299999999999997,7.00000000000003,1,2,66,0.5
287,5249.151228,5248.331229,5248.568562,5249.151228,5255.149889,0,NaN,0,7.00000000000003,1,2,66,0.5
288,5256.823221,5255.714555,5256.206555,5256.823221,5257.09322,0,NaN,0,7.00000000000003,1,2,66,0.5
289,5268.449876,5267.637877,5267.882543,5268.449876,5644.2215,0,NaN,0,7.00000000000003,1,2,66,0.5
290,5647.260164,5646.264831,5646.379498,5647.257497,5653.648824,0,2.99999999999994,0.0299999999999997,5.99999999999996,2,1,65,0.5
291,5656.519488,5655.654822,5655.801488,5656.466154,5657.98682,1,2.99999999999994,0.0299999999999997,7.00000000000003,1,2,66,0.5
292,5661.277483,5660.142151,5660.242151,5661.22415,5665.088812,0,2.99999999999994,0.0299999999999997,5.99999999999996,2,1,65,0.5
293,5668.694142,5668.069476,5668.146143,5668.650809,5706.057438,1,2.99999999999994,0.0299999999999997,7.00000000000003,1,2,66,0.5
294,5722.819421,5721.918089,5722.213422,5722.819421,5727.65075,1,NaN,0,5.99999999999996,2,1,65,0.5
295,5729.888081,5728.996082,5729.273415,5729.834748,5734.845409,0,2.99999999999994,0.0299999999999997,5.99999999999996,2,1,65,0.5
296,5737.322074,5736.438741,5736.575408,5737.26874,5740.138737,1,2.99999999999994,0.0299999999999997,7.00000000000003,1,2,66,0.5
297,5741.984736,5741.23407,5741.35807,5741.931402,5746.306065,0,2.99999999999994,0.0299999999999997,5.99999999999996,2,1,65,0.5
298,5747.55473,5746.861397,5746.972731,5747.501397,5751.552726,1,2.99999999999994,0.0299999999999997,7.00000000000003,1,2,66,0.5
299,5753.046058,5752.127392,5752.326725,5752.992725,5757.27472,0,2.99999999999994,0.0299999999999997,5.99999999999996,2,1,65,0.5
300,5759.771384,5758.955385,5759.148052,5759.718051,5762.928715,1,2.99999999999994,0.0299999999999997,7.00000000000003,1,2,66,0.5
301,5764.408713,5763.616047,5763.77538,5764.408713,5770.280707,0,NaN,0,7.00000000000003,1,2,66,0.5
302,5771.485373,5770.860707,5770.95804,5771.457373,5773.994704,1,2.99999999999994,0.0299999999999997,7.00000000000003,1,2,66,0.5
303,5775.514702,5774.674036,5774.849369,5775.461369,5779.060698,0,2.99999999999994,0.0299999999999997,5.99999999999996,2,1,65,0.5
304,5780.614697,5779.937364,5780.071364,5780.614697,5785.638025,1,NaN,0,5.99999999999996,2,1,65,0.5
305,5787.068024,5786.275358,5786.540691,5787.068024,5793.155351,0,NaN,0,7.00000000000003,1,2,66,0.5
306,5794.879349,5793.76335,5794.27535,5794.879349,5815.660662,0,NaN,0,7.00000000000003,1,2,66,0.5
307,5816.789994,5816.165329,5816.318661,5816.782661,5820.037991,1,2.99999999999994,0.0299999999999997,7.00000000000003,1,2,66,0.5
308,5822.067989,5821.311323,5821.477989,5822.014656,5825.995318,0,2.99999999999994,0.0299999999999997,5.99999999999996,2,1,65,0.5
309,5827.33265,5826.707984,5826.783984,5827.289317,5830.781313,1,2.99999999999994,0.0299999999999997,7.00000000000003,1,2,66,0.5
310,5832.424645,5831.589313,5831.812646,5832.37198,5836.469974,0,2.99999999999994,0.0299999999999997,5.99999999999996,2,1,65,0.5
311,5837.841973,5837.123974,5837.21664,5837.78864,5842.350635,1,2.99999999999994,0.0299999999999997,7.00000000000003,1,2,66,0.5
312,5843.8493,5843.073968,5843.236634,5843.8493,5850.265961,0,NaN,0,7.00000000000003,1,2,66,0.5
313,5852.344625,5851.31396,5851.799292,5852.344625,5860.656617,1,NaN,0,5.99999999999996,2,1,65,0.5
314,5861.943949,5861.316616,5861.445283,5861.943949,5868.853275,1,NaN,0,5.99999999999996,2,1,65,0.5
315,5870.538607,5869.445275,5870.057941,5870.538607,5877.028601,1,NaN,0,5.99999999999996,2,1,65,0.5
316,5879.601265,5878.485932,5879.062598,5879.547931,5882.957261,1,2.99999999999994,0.0299999999999997,7.00000000000003,1,2,66,0.5
317,5884.435926,5883.541927,5883.871927,5884.435926,5887.353923,0,NaN,0,7.00000000000003,1,2,66,0.5
318,5891.860586,5890.539254,5891.297253,5891.860586,5898.481246,1,NaN,0,5.99999999999996,2,1,65,0.5
319,5901.00391,5900.288577,5900.563244,5901.00391,5920.35789,1,NaN,0,5.99999999999996,2,1,65,0.5
320,5921.909222,5921.32789,5921.452556,5921.909222,5991.324486,0,NaN,0,7.00000000000003,1,2,66,0.5
321,5992.471152,5991.792486,5991.982486,5992.417818,5997.69648,1,2.99999999999994,0.0299999999999997,7.00000000000003,1,2,66,0.5
322,5998.957145,5998.255146,5998.423146,5998.957145,6004.20314,0,NaN,0,7.00000000000003,1,2,66,0.5
323,6007.299137,6006.641804,6006.819804,6007.299137,6007.64847,1,NaN,0,5.99999999999996,2,1,65,0.5
324,6015.997795,6015.113129,6015.221129,6015.944462,6024.256453,0,2.99999999999994,0.0299999999999997,5.99999999999996,2,1,65,0.5
325,6025.978452,6025.199119,6025.379785,6025.978452,6031.591113,1,NaN,0,5.99999999999996,2,1,65,0.5
326,6033.555111,6032.689112,6032.880445,6033.555111,6039.193105,0,NaN,0,7.00000000000003,1,2,66,0.5
327,6040.99177,6040.249771,6040.494437,6040.99177,6046.802431,1,NaN,0,5.99999999999996,2,1,65,0.5
328,6049.233095,6048.21243,6048.653096,6049.179762,6053.254424,0,2.99999999999994,0.0299999999999997,5.99999999999996,2,1,65,0.5
329,6054.787756,6053.920424,6054.265757,6054.787756,6059.823751,1,NaN,0,5.99999999999996,2,1,65,0.5
330,6061.541083,6060.723084,6061.010417,6061.538416,6064.788413,0,2.99999999999994,0.0299999999999997,5.99999999999996,2,1,65,0.5
331,6066.714411,6065.858412,6066.217078,6066.714411,6071.451739,1,NaN,0,5.99999999999996,2,1,65,0.5
332,6073.719737,6072.910405,6073.279071,6073.719737,6084.10906,0,NaN,0,7.00000000000003,1,2,66,0.5
333,6085.293059,6084.618393,6084.756393,6085.239726,6088.853055,0,2.99999999999994,0.0299999999999997,5.99999999999996,2,1,65,0.5
334,6127.761016,6126.859017,6127.001684,6127.75835,6131.599013,0,2.99999999999994,0.0299999999999997,5.99999999999996,2,1,65,0.5
335,6132.944345,6132.202345,6132.304345,6132.944345,6139.361671,1,NaN,0,5.99999999999996,2,1,65,0.5
336,6141.865669,6141.140336,6141.309003,6141.812336,6147.81433,1,2.99999999999994,0.0299999999999997,7.00000000000003,1,2,66,0.5
337,6149.573661,6148.795662,6148.886329,6149.573661,6152.219659,0,NaN,0,7.00000000000003,1,2,66,0.5
338,6164.238313,6163.375647,6163.628314,6164.238313,6518.385959,0,NaN,0,7.00000000000003,1,2,66,0.5
339,6521.35729,6520.127291,6520.186624,6521.35729,6551.894592,1,NaN,0,5.99999999999996,2,1,65,0.5
340,6553.547257,6552.956591,6553.019925,6553.493924,6557.386587,1,2.99999999999994,0.0299999999999997,7.00000000000003,1,2,66,0.5
341,6560.48125,6559.751251,6559.831918,6560.48125,6565.943912,0,NaN,0,7.00000000000003,1,2,66,0.5
342,6577.158567,6575.813902,6576.146568,6577.158567,6582.681228,0,NaN,0,7.00000000000003,1,2,66,0.5
343,6585.549892,6584.787226,6584.883226,6585.496559,6589.434555,0,2.99999999999994,0.0299999999999997,5.99999999999996,2,1,65,0.5
344,6592.714551,6591.935886,6592.097219,6592.714551,6593.983884,1,NaN,0,5.99999999999996,2,1,65,0.5
345,6599.325212,6598.463212,6598.538546,6599.271878,6602.679875,0,2.99999999999994,0.0299999999999997,5.99999999999996,2,1,65,0.5
346,6604.063207,6603.438541,6603.507207,6604.01854,6607.28787,1,2.99999999999994,0.0299999999999997,7.00000000000003,1,2,66,0.5
347,6609.054535,6608.313203,6608.437202,6609.054535,6615.787862,0,NaN,0,7.00000000000003,1,2,66,0.5
348,6617.338527,6616.565861,6616.660528,6617.338527,6622.858521,1,NaN,0,5.99999999999996,2,1,65,0.5
349,6625.819852,6624.631853,6625.211186,6625.819852,6630.88518,0,NaN,0,7.00000000000003,1,2,66,0.5
350,6632.899845,6632.126512,6632.215179,6632.846511,6638.800505,0,2.99999999999994,0.0299999999999997,5.99999999999996,2,1,65,0.5
351,6640.185171,6639.547171,6639.624505,6640.185171,6645.351166,1,NaN,0,5.99999999999996,2,1,65,0.5
352,6647.841163,6646.937831,6647.25983,6647.841163,6654.271823,0,NaN,0,7.00000000000003,1,2,66,0.5
353,6657.34782,6656.490488,6656.800487,6657.294487,6659.650485,1,2.99999999999994,0.0299999999999997,7.00000000000003,1,2,66,0.5
354,6661.074483,6660.337817,6660.513817,6661.074483,6663.445814,0,NaN,0,7.00000000000003,1,2,66,0.5
355,6872.804271,6871.736272,6871.916939,6872.804271,6882.357595,1,NaN,0,5.99999999999996,2,1,65,0.5
356,6886.724257,6885.701592,6885.875592,6886.670924,6889.682921,1,2.99999999999994,0.0299999999999997,7.00000000000003,1,2,66,0.5
357,6893.522917,6892.788251,6892.861585,6893.469584,6898.060913,0,2.99999999999994,0.0299999999999997,5.99999999999996,2,1,65,0.5
358,6899.829578,6899.204912,6899.287578,6899.816911,6906.804237,1,2.99999999999994,0.0299999999999997,7.00000000000003,1,2,66,0.5
359,6909.261568,6907.44357,6907.47357,6909.208235,6911.668233,1,2.99999999999994,0.0299999999999997,7.00000000000003,1,2,66,0.5
360,6913.254231,6912.540232,6912.606232,6913.254231,6918.923559,0,NaN,0,7.00000000000003,1,2,66,0.5
361,6921.820889,6921.196223,6921.235556,6921.807556,6925.450885,1,2.99999999999994,0.0299999999999997,7.00000000000003,1,2,66,0.5
362,6927.374883,6926.604218,6926.714884,6927.32155,6930.67288,0,2.99999999999994,0.0299999999999997,5.99999999999996,2,1,65,0.5
363,6932.062879,6931.342213,6931.432213,6932.009546,6942.032869,1,2.99999999999994,0.0299999999999997,7.00000000000003,1,2,66,0.5
364,6943.661534,6942.745535,6942.981535,6943.661534,6949.227528,0,NaN,0,7.00000000000003,1,2,66,0.5
365,6950.70286,6949.890194,6950.020194,6950.649527,6956.762187,1,2.99999999999994,0.0299999999999997,7.00000000000003,1,2,66,0.5
366,6958.512852,6957.68552,6957.862186,6958.459519,6961.510183,0,2.99999999999994,0.0299999999999997,5.99999999999996,2,1,65,0.5
367,6963.111514,6962.342182,6962.511515,6963.058181,6966.900844,1,2.99999999999994,0.0299999999999997,7.00000000000003,1,2,66,0.5
368,6968.981509,6967.900176,6968.059509,6968.981509,6975.529502,0,NaN,0,7.00000000000003,1,2,66,0.5
369,6978.051499,6976.992167,6977.106167,6978.051499,6989.948154,0,NaN,0,7.00000000000003,1,2,66,0.5
370,6995.329482,6994.137483,6994.37015,6995.276149,6998.156146,1,2.99999999999994,0.0299999999999997,7.00000000000003,1,2,66,0.5
371,6999.557478,6998.861479,6998.938812,6999.557478,7017.726793,0,NaN,0,7.00000000000003,1,2,66,0.5
372,7019.012792,7018.243459,7018.347459,7019.012792,7024.562786,0,NaN,0,7.00000000000003,1,2,66,0.5
373,7026.174785,7025.376119,7025.554785,7026.174785,7030.294781,1,NaN,0,5.99999999999996,2,1,65,0.5
374,7033.049444,7032.079445,7032.465445,7032.996111,7039.047438,0,2.99999999999994,0.0299999999999997,5.99999999999996,2,1,65,0.5
375,7040.308104,7039.598105,7039.740771,7040.308104,7044.804766,1,NaN,0,5.99999999999996,2,1,65,0.5
376,7046.582098,7045.655432,7045.984765,7046.582098,7064.838746,0,NaN,0,7.00000000000003,1,2,66,0.5
377,7067.39541,7066.480078,7066.734744,7067.342077,7070.962073,1,2.99999999999994,0.0299999999999997,7.00000000000003,1,2,66,0.5
378,7072.425405,7071.688072,7071.803406,7072.372072,7076.252735,0,2.99999999999994,0.0299999999999997,5.99999999999996,2,1,65,0.5
379,7077.808733,7077.1074,7077.272067,7077.808733,7083.267394,1,NaN,0,5.99999999999996,2,1,65,0.5
380,7085.599392,7084.873393,7085.071392,7085.599392,7090.225387,0,NaN,0,7.00000000000003,1,2,66,0.5
381,7098.562712,7097.93938,7098.056046,7098.562712,7103.216041,1,NaN,0,5.99999999999996,2,1,65,0.5
382,7105.944038,7105.329372,7105.450705,7105.944038,7121.400689,1,NaN,0,5.99999999999996,2,1,65,0.5
383,7133.055344,7132.349345,7132.506678,7133.055344,7371.057773,0,NaN,0,7.00000000000003,1,2,66,0.5
384,7372.815771,7371.893772,7371.972439,7372.815771,7408.117736,0,NaN,0,7.00000000000003,1,2,66,0.5
385,7410.264401,7409.661735,7409.749734,7410.264401,7415.017729,1,NaN,0,5.99999999999996,2,1,65,0.5
386,7418.663059,7417.889726,7417.998393,7418.609726,7424.003054,1,2.99999999999994,0.0299999999999997,7.00000000000003,1,2,66,0.5
387,7427.294384,7426.293718,7426.417718,7427.24105,7432.167712,0,2.99999999999994,0.0299999999999997,5.99999999999996,2,1,65,0.5
388,7433.897044,7433.105044,7433.211711,7433.897044,7439.501705,1,NaN,0,5.99999999999996,2,1,65,0.5
389,7441.25837,7440.415704,7440.633037,7441.25837,7445.616365,0,NaN,0,7.00000000000003,1,2,66,0.5
390,7448.615696,7447.732363,7447.80703,7448.615696,7454.40169,0,NaN,0,7.00000000000003,1,2,66,0.5
391,7456.117021,7455.322356,7455.553022,7456.117021,7460.56235,1,NaN,0,5.99999999999996,2,1,65,0.5
392,7465.674345,7464.895013,7465.017679,7465.621012,7468.396342,1,2.99999999999994,0.0299999999999997,7.00000000000003,1,2,66,0.5
393,7473.265671,7472.508338,7472.576338,7473.265671,7479.347665,0,NaN,0,7.00000000000003,1,2,66,0.5
394,7480.763663,7480.054997,7480.145664,7480.71033,7483.86566,1,2.99999999999994,0.0299999999999997,7.00000000000003,1,2,66,0.5
395,7486.156325,7485.414993,7485.538325,7486.156325,7495.500315,0,NaN,0,7.00000000000003,1,2,66,0.5
396,7497.107647,7496.306981,7496.456981,7497.107647,7502.174309,1,NaN,0,5.99999999999996,2,1,65,0.5
397,7504.15164,7502.863641,7503.485641,7504.098307,7508.482302,0,2.99999999999994,0.0299999999999997,5.99999999999996,2,1,65,0.5
398,7510.084967,7509.250302,7509.423635,7510.031634,7512.475632,1,2.99999999999994,0.0299999999999997,7.00000000000003,1,2,66,0.5
399,7514.12963,7513.254298,7513.444964,7514.076297,7520.526957,0,2.99999999999994,0.0299999999999997,5.99999999999996,2,1,65,0.5
400,7521.890956,7521.132956,7521.26029,7521.890956,7526.197618,1,NaN,0,5.99999999999996,2,1,65,0.5
401,7527.82495,7527.176284,7527.244284,7527.82495,7534.778943,1,NaN,0,5.99999999999996,2,1,65,0.5
402,7537.127607,7536.184941,7536.572274,7537.127607,7539.914938,1,NaN,0,5.99999999999996,2,1,65,0.5
403,7544.766266,7543.8356,7544.152933,7544.766266,7549.420928,1,NaN,0,5.99999999999996,2,1,65,0.5
404,7551.17026,7550.346927,7550.562927,7551.17026,7560.402917,1,NaN,0,5.99999999999996,2,1,65,0.5
405,7562.520248,7561.839582,7561.988249,7562.520248,7569.418241,1,NaN,0,5.99999999999996,2,1,65,0.5
406,7571.482906,7570.304907,7570.894907,7571.429573,7575.205569,1,2.99999999999994,0.0299999999999997,7.00000000000003,1,2,66,0.5
407,7576.944234,7576.186901,7576.271568,7576.944234,7582.424228,0,NaN,0,7.00000000000003,1,2,66,0.5
408,7584.194893,7583.124894,7583.540227,7584.14156,7588.324223,1,2.99999999999994,0.0299999999999997,7.00000000000003,1,2,66,0.5
409,7589.930888,7589.297555,7589.332888,7589.930888,7599.258878,0,NaN,0,7.00000000000003,1,2,66,0.5
410,7600.61821,7599.905544,7600.088211,7600.61821,7607.31887,1,NaN,0,5.99999999999996,2,1,65,0.5
411,7608.970202,7607.94287,7608.386202,7608.916869,7612.226865,1,2.99999999999994,0.0299999999999997,7.00000000000003,1,2,66,0.5
412,7614.200863,7612.986198,7613.554197,7614.200863,7618.717525,0,NaN,0,7.00000000000003,1,2,66,0.5
413,7791.546019,7790.641354,7790.811353,7791.546019,7791.770686,1,NaN,0,5.99999999999996,2,1,65,0.5
414,7806.134671,7805.198006,7805.276006,7806.081338,7810.000668,0,2.99999999999994,0.0299999999999997,5.99999999999996,2,1,65,0.5
415,7817.33266,7816.192661,7816.379994,7817.33266,7821.627323,1,NaN,0,5.99999999999996,2,1,65,0.5
416,7825.021319,7823.637321,7823.702654,7825.021319,7828.553316,1,NaN,0,5.99999999999996,2,1,65,0.5
417,7832.046645,7830.90998,7831.03598,7832.046645,7835.043309,1,NaN,0,5.99999999999996,2,1,65,0.5
418,7842.681968,7841.815969,7841.914636,7842.681968,7848.617296,1,NaN,0,5.99999999999996,2,1,65,0.5
419,7850.597294,7849.709295,7849.856628,7850.54396,7855.877955,0,2.99999999999994,0.0299999999999997,5.99999999999996,2,1,65,0.5
420,7857.395954,7856.588621,7856.798621,7857.395954,7863.655947,1,NaN,0,5.99999999999996,2,1,65,0.5
421,7865.791945,7864.906613,7865.161279,7865.791945,7872.139939,0,NaN,0,7.00000000000003,1,2,66,0.5
422,7874.448603,7873.521271,7873.924604,7874.448603,7878.029933,1,NaN,0,5.99999999999996,2,1,65,0.5
423,7881.26593,7880.326597,7880.82593,7881.26593,7887.605923,1,NaN,0,5.99999999999996,2,1,65,0.5
424,7889.461255,7888.260589,7888.813922,7889.458588,7892.749918,0,2.99999999999994,0.0299999999999997,5.99999999999996,2,1,65,0.5
425,7894.68125,7893.946584,7894.147917,7894.68125,7902.837241,1,NaN,0,5.99999999999996,2,1,65,0.5
426,7910.677234,7910.023234,7910.177234,7910.677234,7916.763894,1,NaN,0,5.99999999999996,2,1,65,0.5
427,7918.359893,7917.569227,7917.65056,7918.357226,7922.588555,0,2.99999999999994,0.0299999999999997,5.99999999999996,2,1,65,0.5
428,7924.43722,7923.701887,7923.884554,7924.43722,7927.677883,1,NaN,0,5.99999999999996,2,1,65,0.5
429,7931.749212,7930.90588,7931.071213,7931.749212,7953.208524,1,NaN,0,5.99999999999996,2,1,65,0.5
430,7959.350518,7958.445852,7958.545186,7959.297185,7962.567848,0,2.99999999999994,0.0299999999999997,5.99999999999996,2,1,65,0.5
431,7964.779179,7964.021847,7964.169847,7964.779179,7969.481175,1,NaN,0,5.99999999999996,2,1,65,0.5
432,8250.360894,8248.191563,8248.902895,8250.307561,8753.658391,0,2.99999999999994,0.0299999999999997,5.99999999999996,2,1,65,0.5
433,8872.752938,8871.988272,8872.038272,8872.752938,9069.136742,1,NaN,0,5.99999999999996,2,1,65,0.5
434,9070.73474,9069.907408,9069.988074,9070.681407,9075.757402,1,2.99999999999994,0.0299999999999997,7.00000000000003,1,2,66,0.5
435,9078.214733,9076.744067,9076.800067,9078.214733,9092.142719,0,NaN,0,7.00000000000003,1,2,66,0.5
436,9093.533384,9092.846718,9092.895385,9093.530717,9099.424045,1,2.99999999999994,0.0299999999999997,7.00000000000003,1,2,66,0.5
437,9100.92671,9100.136044,9100.180711,9100.873377,9109.327368,0,2.99999999999994,0.0299999999999997,5.99999999999996,2,1,65,0.5
438,9111.093366,9110.358034,9110.471367,9111.093366,9116.158028,1,NaN,0,5.99999999999996,2,1,65,0.5
439,9118.330693,9117.468027,9117.662027,9118.330693,9147.426663,1,NaN,0,5.99999999999996,2,1,65,0.5
440,9148.814662,9148.103996,9148.185329,9148.814662,9157.166654,1,NaN,0,5.99999999999996,2,1,65,0.5
441,9158.962652,9158.117986,9158.209986,9158.962652,9162.118649,1,NaN,0,5.99999999999996,2,1,65,0.5
442,9168.181309,9167.54531,9167.64331,9168.181309,9171.001307,1,NaN,0,5.99999999999996,2,1,65,0.5
443,9176.627301,9175.591302,9175.859968,9176.573968,9181.727962,0,2.99999999999994,0.0299999999999997,5.99999999999996,2,1,65,0.5
444,9183.928627,9183.195294,9183.285294,9183.928627,9190.097287,1,NaN,0,5.99999999999996,2,1,65,0.5
445,9191.953952,9190.96662,9191.26662,9191.900619,9196.231948,0,2.99999999999994,0.0299999999999997,5.99999999999996,2,1,65,0.5
446,9198.322613,9197.52528,9197.642613,9198.269279,9202.754608,1,2.99999999999994,0.0299999999999997,7.00000000000003,1,2,66,0.5
447,9204.679273,9203.74194,9203.85594,9204.676606,9214.867263,0,2.99999999999994,0.0299999999999997,5.99999999999996,2,1,65,0.5
448,9216.445262,9215.641262,9215.726595,9216.445262,9349.214462,1,NaN,0,5.99999999999996,2,1,65,0.5
449,9351.454459,9349.971128,9350.091127,9351.454459,9359.795784,1,NaN,0,5.99999999999996,2,1,65,0.5
450,9363.124448,9362.083782,9362.237115,9363.124448,9700.317444,1,NaN,0,5.99999999999996,2,1,65,0.5
451,9705.874105,9704.742773,9704.854106,9705.820772,9719.594091,1,2.99999999999994,0.0299999999999997,7.00000000000003,1,2,66,0.5
452,9721.27409,9720.242757,9720.320091,9721.220756,9731.595413,0,2.99999999999994,0.0299999999999997,5.99999999999996,2,1,65,0.5
453,9733.71141,9732.839411,9732.964078,9733.71141,9737.206074,1,NaN,0,5.99999999999996,2,1,65,0.5
454,9741.560736,9740.763403,9740.943403,9741.560736,10175.749635,1,NaN,0,5.99999999999996,2,1,65,0.5
455,10179.448298,10177.8583,10177.8883,10179.448298,10416.753394,1,NaN,0,5.99999999999996,2,1,65,0.5
456,10419.126058,10418.343393,10418.409392,10419.072725,10436.117375,0,2.99999999999994,0.0299999999999997,5.99999999999996,2,1,65,0.5
457,10438.832039,10437.764706,10437.94204,10438.778705,10450.560027,0,2.99999999999994,0.0299999999999997,5.99999999999996,2,1,65,0.5
458,10455.551355,10453.663357,10453.745357,10455.498022,10459.163352,1,2.99999999999994,0.0299999999999997,7.00000000000003,1,2,66,0.5
459,10461.00735,10460.153351,10460.292684,10461.00735,10467.567343,0,NaN,0,7.00000000000003,1,2,66,0.5
460,10470.240674,10469.124008,10469.299342,10470.240674,10471.628673,0,NaN,0,7.00000000000003,1,2,66,0.5
461,10481.648663,10480.47533,10480.506664,10481.595329,10486.567324,0,2.99999999999994,0.0299999999999997,5.99999999999996,2,1,65,0.5
462,10489.349988,10488.409989,10488.613322,10489.296655,10492.919985,1,2.99999999999994,0.0299999999999997,7.00000000000003,1,2,66,0.5
463,10494.611316,10493.651317,10493.805317,10494.611316,10503.86864,0,NaN,0,7.00000000000003,1,2,66,0.5
464,10506.518638,10505.617305,10505.821972,10506.518638,10512.044632,0,NaN,0,7.00000000000003,1,2,66,0.5
465,10514.573963,10513.467964,10513.707297,10514.521296,10521.383956,0,2.99999999999994,0.0299999999999997,5.99999999999996,2,1,65,0.5
466,10523.641954,10522.797288,10522.933288,10523.641954,10528.395949,1,NaN,0,5.99999999999996,2,1,65,0.5
467,10533.739944,10532.647945,10532.995278,10533.686611,10537.58794,1,2.99999999999994,0.0299999999999997,7.00000000000003,1,2,66,0.5
468,10539.597271,10538.629272,10538.851272,10539.597271,10544.623266,0,NaN,0,7.00000000000003,1,2,66,0.5
469,10546.836597,10545.892598,10546.099931,10546.783264,10552.881258,1,2.99999999999994,0.0299999999999997,7.00000000000003,1,2,66,0.5
470,10554.838589,10553.603924,10553.921257,10554.785256,10561.477916,0,2.99999999999994,0.0299999999999997,5.99999999999996,2,1,65,0.5
471,10563.631247,10562.681915,10562.850581,10563.631247,10568.115243,1,NaN,0,5.99999999999996,2,1,65,0.5
472,10570.746573,10569.760574,10570.040574,10570.69324,10574.69057,1,2.99999999999994,0.0299999999999997,7.00000000000003,1,2,66,0.5
473,10577.711233,10576.573234,10576.771901,10577.708566,10582.591895,0,2.99999999999994,0.0299999999999997,5.99999999999996,2,1,65,0.5
474,10585.419892,10583.913227,10584.083227,10585.366559,10590.715887,1,2.99999999999994,0.0299999999999997,7.00000000000003,1,2,66,0.5
475,10592.542552,10591.428553,10591.625219,10592.489218,10601.290543,0,2.99999999999994,0.0299999999999997,5.99999999999996,2,1,65,0.5
476,10604.14454,10602.715208,10602.977208,10604.091207,10609.395201,1,2.99999999999994,0.0299999999999997,7.00000000000003,1,2,66,0.5
477,10611.173866,10609.997201,10610.376534,10611.173866,10616.171861,0,NaN,0,7.00000000000003,1,2,66,0.5
478,10617.923193,10617.024527,10617.136527,10617.923193,10623.80452,0,NaN,0,7.00000000000003,1,2,66,0.5
479,10626.005852,10625.059852,10625.312519,10625.952518,10631.698513,0,2.99999999999994,0.0299999999999997,5.99999999999996,2,1,65,0.5
480,10633.941844,10632.753178,10633.213844,10633.88851,10638.329839,1,2.99999999999994,0.0299999999999997,7.00000000000003,1,2,66,0.5
481,10640.83917,10639.836504,10639.989171,10640.785837,10644.385833,0,2.99999999999994,0.0299999999999997,5.99999999999996,2,1,65,0.5
482,10646.482498,10645.604499,10645.769165,10646.429164,10656.117821,1,2.99999999999994,0.0299999999999997,7.00000000000003,1,2,66,0.5
483,10657.88582,10656.834487,10657.180487,10657.88582,10664.503813,0,NaN,0,7.00000000000003,1,2,66,0.5
484,10667.23981,10666.239811,10666.507811,10667.186477,10671.587806,1,2.99999999999994,0.0299999999999997,7.00000000000003,1,2,66,0.5
485,10673.388471,10672.607138,10672.735138,10673.388471,10678.973132,0,NaN,0,7.00000000000003,1,2,66,0.5
486,10681.28713,10680.129131,10680.605797,10681.28713,10685.659792,1,NaN,0,5.99999999999996,2,1,65,0.5
487,10688.791122,10687.653123,10688.172456,10688.791122,10704.645106,1,NaN,0,5.99999999999996,2,1,65,0.5
488,10709.398435,10708.655102,10708.747102,10709.345102,10713.074431,1,2.99999999999994,0.0299999999999997,7.00000000000003,1,2,66,0.5
489,10714.839763,10713.93243,10714.167763,10714.839763,10717.845093,0,NaN,0,7.00000000000003,1,2,66,0.5
490,10725.829752,10725.007753,10725.177086,10725.829752,10728.635749,0,NaN,0,7.00000000000003,1,2,66,0.5
491,10732.513078,10731.507746,10731.736412,10732.459745,10737.400407,0,2.99999999999994,0.0299999999999997,5.99999999999996,2,1,65,0.5
492,10739.019072,10738.225739,10738.371739,10738.965739,10742.941068,1,2.99999999999994,0.0299999999999997,7.00000000000003,1,2,66,0.5
493,10744.935733,10744.115067,10744.1404,10744.935733,10753.263058,0,NaN,0,7.00000000000003,1,2,66,0.5
494,10754.898389,10754.083057,10754.205723,10754.845056,10757.850386,1,2.99999999999994,0.0299999999999997,7.00000000000003,1,2,66,0.5
495,10760.002384,10759.098385,10759.228385,10759.949051,10764.20238,1,2.99999999999994,0.0299999999999997,7.00000000000003,1,2,66,0.5
496,10767.62371,10766.146378,10766.279711,10767.62371,10852.238292,0,NaN,0,7.00000000000003,1,2,66,0.5
497,10859.056285,10858.105619,10858.190286,10859.002952,10861.693616,1,2.99999999999994,0.0299999999999997,7.00000000000003,1,2,66,0.5
498,10863.641614,10862.654282,10862.716948,10863.588281,10867.13161,0,2.99999999999994,0.0299999999999997,5.99999999999996,2,1,65,0.5
499,10868.928275,10868.175609,10868.256276,10868.928275,10875.758268,1,NaN,0,5.99999999999996,2,1,65,0.5
500,10878.326266,10876.726934,10876.907601,10878.272933,10882.626928,0,2.99999999999994,0.0299999999999997,5.99999999999996,2,1,65,0.5
501,10884.389593,10883.578261,10883.701594,10884.389593,10900.042244,1,NaN,0,5.99999999999996,2,1,65,0.5
502,10901.951576,10901.105576,10901.231576,10901.951576,10907.434903,1,NaN,0,5.99999999999996,2,1,65,0.5
503,10909.074235,10908.082236,10908.364902,10909.074235,10915.505562,0,NaN,0,7.00000000000003,1,2,66,0.5
504,10917.388893,10916.321562,10916.628228,10917.386227,10923.841554,0,2.99999999999994,0.0299999999999997,5.99999999999996,2,1,65,0.5
505,10925.684885,10924.724219,10924.914886,10925.631552,10931.19688,1,2.99999999999994,0.0299999999999997,7.00000000000003,1,2,66,0.5
506,10932.720211,10931.802212,10931.990212,10932.717545,10938.550872,0,2.99999999999994,0.0299999999999997,5.99999999999996,2,1,65,0.5
507,10940.252871,10939.296872,10939.513538,10940.199537,10944.978199,1,2.99999999999994,0.0299999999999997,7.00000000000003,1,2,66,0.5
508,10947.142197,10946.249532,10946.373531,10947.088864,10952.245525,0,2.99999999999994,0.0299999999999997,5.99999999999996,2,1,65,0.5
509,10954.075523,10953.104191,10953.226191,10954.02219,10957.338854,1,2.99999999999994,0.0299999999999997,7.00000000000003,1,2,66,0.5
510,10959.151518,10958.150853,10958.345519,10959.098185,10965.125512,0,2.99999999999994,0.0299999999999997,5.99999999999996,2,1,65,0.5
511,10966.771511,10965.894178,10966.006178,10966.718177,10970.551507,1,2.99999999999994,0.0299999999999997,7.00000000000003,1,2,66,0.5
512,10973.223504,10972.406838,10972.481505,10973.223504,10981.764829,0,NaN,0,7.00000000000003,1,2,66,0.5
513,10983.366161,10982.550828,10982.852161,10983.366161,10988.912822,1,NaN,0,5.99999999999996,2,1,65,0.5
514,10990.544154,10989.641488,10989.874821,10990.544154,10997.636813,0,NaN,0,7.00000000000003,1,2,66,0.5
515,11000.159477,10999.027478,10999.501478,11000.106145,11006.556138,0,2.99999999999994,0.0299999999999997,5.99999999999996,2,1,65,0.5
516,11008.310803,11007.41947,11007.64947,11008.257469,11012.334132,1,2.99999999999994,0.0299999999999997,7.00000000000003,1,2,66,0.5
517,11013.88613,11012.990798,11013.151464,11013.833464,11018.983459,0,2.99999999999994,0.0299999999999997,5.99999999999996,2,1,65,0.5
518,11020.51679,11019.820791,11019.943458,11020.51679,11026.704118,1,NaN,0,5.99999999999996,2,1,65,0.5
519,11028.680782,11027.410783,11027.680117,11028.680782,11034.366776,0,NaN,0,7.00000000000003,1,2,66,0.5
520,11036.291441,11035.463442,11035.708108,11036.291441,11041.922769,1,NaN,0,5.99999999999996,2,1,65,0.5
521,11043.9101,11042.886101,11043.190101,11043.856767,11050.610094,0,2.99999999999994,0.0299999999999997,5.99999999999996,2,1,65,0.5
522,11052.217425,11051.386759,11051.522759,11052.164092,11055.564089,1,2.99999999999994,0.0299999999999997,7.00000000000003,1,2,66,0.5
523,11057.27342,11056.458754,11056.539421,11057.220087,11063.126748,0,2.99999999999994,0.0299999999999997,5.99999999999996,2,1,65,0.5
524,11064.587413,11063.804747,11063.841414,11064.53408,11068.143409,1,2.99999999999994,0.0299999999999997,7.00000000000003,1,2,66,0.5
525,11070.348741,11069.410075,11069.585408,11070.295407,11076.406068,0,2.99999999999994,0.0299999999999997,5.99999999999996,2,1,65,0.5
526,11078.085399,11077.3354,11077.4734,11078.085399,11083.503394,1,NaN,0,5.99999999999996,2,1,65,0.5
527,11085.486725,11084.36806,11084.648726,11085.433392,11090.552054,0,2.99999999999994,0.0299999999999997,5.99999999999996,2,1,65,0.5
528,11092.900718,11092.215385,11092.336719,11092.900718,11098.476712,1,NaN,0,5.99999999999996,2,1,65,0.5
529,11100.172044,11099.170045,11099.442711,11100.172044,11107.700036,0,NaN,0,7.00000000000003,1,2,66,0.5
530,11109.003369,11108.275369,11108.410702,11108.950035,11112.556698,1,2.99999999999994,0.0299999999999997,7.00000000000003,1,2,66,0.5
531,11114.756029,11114.026697,11114.10803,11114.756029,11122.109355,0,NaN,0,7.00000000000003,1,2,66,0.5
532,11123.461354,11122.628022,11122.824021,11123.461354,11128.572016,1,NaN,0,5.99999999999996,2,1,65,0.5
533,11130.868013,11129.252682,11130.071348,11130.81468,11136.584674,0,2.99999999999994,0.0299999999999997,5.99999999999996,2,1,65,0.5
534,11138.650672,11137.842673,11138.01534,11138.597339,11142.276669,1,2.99999999999994,0.0299999999999997,7.00000000000003,1,2,66,0.5
535,11143.754,11142.978668,11143.140668,11143.754,11150.347994,0,NaN,0,7.00000000000003,1,2,66,0.5
536,11152.147325,11151.487326,11151.553326,11152.147325,11171.101306,0,NaN,0,7.00000000000003,1,2,66,0.5
537,11172.481972,11171.756639,11171.920639,11172.428638,11176.881967,1,2.99999999999994,0.0299999999999997,7.00000000000003,1,2,66,0.5
538,11179.099965,11178.347966,11178.375299,11179.046632,11184.009294,0,2.99999999999994,0.0299999999999997,5.99999999999996,2,1,65,0.5
539,11185.730625,11184.990626,11185.179292,11185.730625,11192.077952,1,NaN,0,5.99999999999996,2,1,65,0.5
540,11194.18595,11193.229284,11193.383284,11194.183283,11197.844613,0,2.99999999999994,0.0299999999999997,5.99999999999996,2,1,65,0.5
541,11199.438611,11198.667946,11198.831279,11199.385278,11202.716608,1,2.99999999999994,0.0299999999999997,7.00000000000003,1,2,66,0.5
542,11204.271273,11203.426607,11203.596607,11204.21794,11209.060602,0,2.99999999999994,0.0299999999999997,5.99999999999996,2,1,65,0.5
543,11210.771933,11209.955934,11210.079267,11210.771933,11217.54126,1,NaN,0,5.99999999999996,2,1,65,0.5
544,11219.228592,11218.406592,11218.528592,11219.228592,11224.678586,1,NaN,0,5.99999999999996,2,1,65,0.5
545,11226.470584,11225.362586,11225.707252,11226.470584,11232.935245,0,NaN,0,7.00000000000003,1,2,66,0.5
546,11235.424575,11234.573243,11234.752576,11235.371242,11239.091905,1,2.99999999999994,0.0299999999999997,7.00000000000003,1,2,66,0.5
547,11240.685237,11239.815238,11240.010571,11240.631904,11244.867233,0,2.99999999999994,0.0299999999999997,5.99999999999996,2,1,65,0.5
548,11246.641898,11245.815232,11245.951232,11246.588564,11250.045227,1,2.99999999999994,0.0299999999999997,7.00000000000003,1,2,66,0.5
549,11252.091892,11251.345226,11251.419893,11252.038559,11256.138555,0,2.99999999999994,0.0299999999999997,5.99999999999996,2,1,65,0.5
550,11257.806553,11257.067887,11257.207887,11257.806553,11264.16588,1,NaN,0,5.99999999999996,2,1,65,0.5
551,11265.901212,11264.873213,11265.085879,11265.847878,11270.36854,0,2.99999999999994,0.0299999999999997,5.99999999999996,2,1,65,0.5
552,11272.040539,11271.215873,11271.441873,11272.040539,11277.800533,1,NaN,0,5.99999999999996,2,1,65,0.5
553,11279.757864,11278.683199,11279.004532,11279.757864,11285.149859,0,NaN,0,7.00000000000003,1,2,66,0.5
554,11287.779856,11286.893857,11287.122524,11287.726523,11291.618519,1,2.99999999999994,0.0299999999999997,7.00000000000003,1,2,66,0.5
555,11293.075184,11292.277852,11292.403852,11293.075184,11298.410512,0,NaN,0,7.00000000000003,1,2,66,0.5
556,11300.223844,11299.278512,11299.607845,11300.223844,11307.052504,1,NaN,0,5.99999999999996,2,1,65,0.5
557,11309.463835,11308.538502,11308.831169,11309.410501,11313.117831,1,2.99999999999994,0.0299999999999997,7.00000000000003,1,2,66,0.5
558,11314.63383,11313.79383,11314.01383,11314.580496,11319.187825,0,2.99999999999994,0.0299999999999997,5.99999999999996,2,1,65,0.5
559,11320.573824,11319.827824,11319.964491,11320.573824,11325.553152,1,NaN,0,5.99999999999996,2,1,65,0.5
560,11327.666483,11326.229151,11326.678484,11327.61315,11333.989144,0,2.99999999999994,0.0299999999999997,5.99999999999996,2,1,65,0.5
561,11335.723808,11334.857143,11335.047809,11335.670475,11340.218471,1,2.99999999999994,0.0299999999999997,7.00000000000003,1,2,66,0.5
562,11342.719801,11341.709802,11341.943802,11342.666468,11347.064464,0,2.99999999999994,0.0299999999999997,5.99999999999996,2,1,65,0.5
563,11348.661129,11347.88913,11348.015796,11348.607796,11352.339125,1,2.99999999999994,0.0299999999999997,7.00000000000003,1,2,66,0.5
564,11353.856457,11353.065124,11353.205791,11353.803124,11358.431119,0,2.99999999999994,0.0299999999999997,5.99999999999996,2,1,65,0.5
565,11360.103784,11359.297118,11359.421785,11360.050451,11363.455114,1,2.99999999999994,0.0299999999999997,7.00000000000003,1,2,66,0.5
566,11364.975779,11364.22978,11364.406446,11364.975779,11371.474439,0,NaN,0,7.00000000000003,1,2,66,0.5
567,11374.617103,11373.515771,11373.74177,11374.56377,11378.105099,1,2.99999999999994,0.0299999999999997,7.00000000000003,1,2,66,0.5
568,11380.281097,11379.273098,11379.521098,11380.227764,11384.479093,0,2.99999999999994,0.0299999999999997,5.99999999999996,2,1,65,0.5
569,11386.566424,11385.801758,11385.936425,11386.566424,11390.101754,1,NaN,0,5.99999999999996,2,1,65,0.5
570,11405.615739,11404.24374,11404.597073,11405.615739,11412.542398,0,NaN,0,7.00000000000003,1,2,66,0.5
571,11413.888397,11413.050398,11413.177064,11413.888397,11418.495059,0,NaN,0,7.00000000000003,1,2,66,0.5
572,11430.007714,11429.271715,11429.429715,11429.991714,11434.17571,0,2.99999999999994,0.0299999999999997,5.99999999999996,2,1,65,0.5
573,11435.553042,11434.734376,11434.897043,11435.499709,11438.270372,1,2.99999999999994,0.0299999999999997,7.00000000000003,1,2,66,0.5
574,11439.665705,11438.984372,11439.126372,11439.665705,11444.381033,0,NaN,0,7.00000000000003,1,2,66,0.5
575,11446.097031,11445.100366,11445.507032,11446.097031,11451.13836,1,NaN,0,5.99999999999996,2,1,65,0.5
576,11452.961025,11452.065692,11452.281692,11452.961025,11459.629685,0,NaN,0,7.00000000000003,1,2,66,0.5
577,11461.279016,11460.249017,11460.659684,11461.279016,11463.673014,0,NaN,0,7.00000000000003,1,2,66,0.5
578,11554.12359,11553.146258,11553.449591,11554.070257,11561.051583,0,2.99999999999994,0.0299999999999997,5.99999999999996,2,1,65,0.5
579,11562.499582,11561.665583,11561.746249,11562.446248,11565.028913,1,2.99999999999994,0.0299999999999997,7.00000000000003,1,2,66,0.5
580,11566.395578,11565.700245,11565.772245,11566.342245,11569.534908,0,2.99999999999994,0.0299999999999997,5.99999999999996,2,1,65,0.5
581,11571.200906,11570.43224,11570.492907,11571.147573,11576.693568,1,2.99999999999994,0.0299999999999997,7.00000000000003,1,2,66,0.5
582,11578.604899,11577.7329,11577.8629,11578.551566,11582.029562,1,2.99999999999994,0.0299999999999997,7.00000000000003,1,2,66,0.5
583,11584.36156,11583.625561,11583.788227,11584.36156,11591.660219,0,NaN,0,7.00000000000003,1,2,66,0.5
584,11593.321551,11592.428218,11592.667552,11593.321551,11598.578212,1,NaN,0,5.99999999999996,2,1,65,0.5
585,11600.158877,11599.287545,11599.462878,11600.158877,11605.644872,0,NaN,0,7.00000000000003,1,2,66,0.5
586,11616.769527,11615.846862,11616.054861,11616.769527,11815.967328,0,NaN,0,7.00000000000003,1,2,66,0.5
587,11817.59466,11816.667328,11816.695328,11817.541327,11821.02399,1,2.99999999999994,0.0299999999999997,7.00000000000003,1,2,66,0.5
588,11822.919988,11822.071989,11822.135322,11822.917321,11828.897982,0,2.99999999999994,0.0299999999999997,5.99999999999996,2,1,65,0.5
589,11830.61198,11829.925314,11830.015314,11830.61198,11837.875306,1,NaN,0,5.99999999999996,2,1,65,0.5
590,11839.757971,11838.923305,11838.967972,11839.757971,11844.807966,0,NaN,0,7.00000000000003,1,2,66,0.5
591,11847.173297,11846.411964,11846.641964,11847.173297,11849.473295,1,NaN,0,5.99999999999996,2,1,65,0.5
592,11853.540624,11852.855291,11853.047291,11853.540624,11870.327941,1,NaN,0,5.99999999999996,2,1,65,0.5
593,11871.635273,11871.072606,11871.127273,11871.635273,11877.8906,1,NaN,0,5.99999999999996,2,1,65,0.5
594,11879.315265,11878.534599,11878.709932,11879.315265,11888.425922,0,NaN,0,7.00000000000003,1,2,66,0.5
595,11890.510587,11889.875921,11889.975254,11890.510587,11896.852581,1,NaN,0,5.99999999999996,2,1,65,0.5
596,11898.435912,11897.481247,11897.719246,11898.433246,11903.237241,0,2.99999999999994,0.0299999999999997,5.99999999999996,2,1,65,0.5
597,11904.995239,11904.13724,11904.464573,11904.995239,11909.768568,1,NaN,0,5.99999999999996,2,1,65,0.5
598,11911.116566,11910.313234,11910.523234,11911.063233,11916.139895,0,2.99999999999994,0.0299999999999997,5.99999999999996,2,1,65,0.5
599,11917.70056,11916.997227,11917.117227,11917.647227,11921.20389,1,2.99999999999994,0.0299999999999997,7.00000000000003,1,2,66,0.5
600,11922.799888,11921.971222,11922.145889,11922.746555,11926.219218,0,2.99999999999994,0.0299999999999997,5.99999999999996,2,1,65,0.5
601,11927.991883,11927.215217,11927.41855,11927.991883,11934.68321,1,NaN,0,5.99999999999996,2,1,65,0.5
602,11937.045207,11936.313875,11936.532541,11937.045207,11943.349868,1,NaN,0,5.99999999999996,2,1,65,0.5
603,11945.517865,11944.087867,11944.717866,11945.464532,11949.617861,0,2.99999999999994,0.0299999999999997,5.99999999999996,2,1,65,0.5
604,11951.210526,11950.423194,11950.551194,11951.157193,11954.800523,1,2.99999999999994,0.0299999999999997,7.00000000000003,1,2,66,0.5
605,11956.273855,11955.429855,11955.569189,11956.220521,11960.516517,0,2.99999999999994,0.0299999999999997,5.99999999999996,2,1,65,0.5
606,11962.063182,11961.260516,11961.32985,11962.063182,11964.14318,1,NaN,0,5.99999999999996,2,1,65,0.5
607,11969.944508,11969.093175,11969.423175,11969.944508,11971.951172,1,NaN,0,5.99999999999996,2,1,65,0.5
608,11981.879829,11981.03983,11981.09783,11981.826496,11986.859824,0,2.99999999999994,0.0299999999999997,5.99999999999996,2,1,65,0.5
609,11988.868489,11988.155156,11988.249823,11988.868489,11991.199153,1,NaN,0,5.99999999999996,2,1,65,0.5
610,11996.032482,11995.191149,11995.369815,11995.979148,11998.770479,1,2.99999999999994,0.0299999999999997,7.00000000000003,1,2,66,0.5
611,12000.309144,11999.559811,11999.606478,12000.255811,12003.660474,0,2.99999999999994,0.0299999999999997,5.99999999999996,2,1,65,0.5
612,12005.528472,12004.694473,12004.733806,12005.528472,12210.660934,1,NaN,0,5.99999999999996,2,1,65,0.5
613,12213.216264,12212.433598,12212.670932,12213.216264,12218.653592,1,NaN,0,5.99999999999996,2,1,65,0.5
614,12221.476256,12220.640924,12220.788923,12221.476256,12221.991589,1,NaN,0,5.99999999999996,2,1,65,0.5
615,12228.078249,12227.312917,12227.360917,12228.075583,12231.332246,0,2.99999999999994,0.0299999999999997,5.99999999999996,2,1,65,0.5
616,12233.314911,12232.465578,NaN,12233.261578,12238.276239,1,2.99999999999994,0.0299999999999997,7.00000000000003,1,2,66,0.5
617,12240.116237,12239.358905,12239.466238,12240.116237,12246.497564,1,NaN,0,5.99999999999996,2,1,65,0.5
618,12248.578229,12247.408897,12247.806896,12248.524896,12251.552226,0,2.99999999999994,0.0299999999999997,5.99999999999996,2,1,65,0.5
619,12253.517557,12252.670225,12252.925558,12253.517557,12255.870888,1,NaN,0,5.99999999999996,2,1,65,0.5
620,12260.107551,12259.319552,12259.495551,12260.054217,12262.742881,1,2.99999999999994,0.0299999999999997,7.00000000000003,1,2,66,0.5
621,12264.513546,12263.761547,12263.839547,12264.460213,12267.65821,0,2.99999999999994,0.0299999999999997,5.99999999999996,2,1,65,0.5
622,12269.319542,12268.603542,12268.698875,12269.319542,12275.467535,1,NaN,0,5.99999999999996,2,1,65,0.5
623,12277.156867,12276.206201,12276.410201,12277.103534,12280.345531,1,2.99999999999994,0.0299999999999997,7.00000000000003,1,2,66,0.5
624,12281.900196,12280.962863,12281.172196,12281.846862,12285.166192,0,2.99999999999994,0.0299999999999997,5.99999999999996,2,1,65,0.5
625,12287.678857,12286.761524,12287.008857,12287.678857,12292.340852,1,NaN,0,5.99999999999996,2,1,65,0.5
626,12295.563515,12294.488183,12294.880183,12295.510182,12298.846845,1,2.99999999999994,0.0299999999999997,7.00000000000003,1,2,66,0.5
627,12301.479509,12300.60751,12300.65351,12301.426176,12305.129506,0,2.99999999999994,0.0299999999999997,5.99999999999996,2,1,65,0.5
628,12307.012171,12306.081505,12306.226838,12306.958837,12310.604167,1,2.99999999999994,0.0299999999999997,7.00000000000003,1,2,66,0.5
629,12312.104165,12311.426166,12311.516166,12312.104165,12318.756159,0,NaN,0,7.00000000000003,1,2,66,0.5
630,12320.634157,12319.454825,12319.805491,12320.580824,12323.264154,0,2.99999999999994,0.0299999999999997,5.99999999999996,2,1,65,0.5
631,12325.076819,12324.06482,12324.42682,12325.023486,12328.254149,1,2.99999999999994,0.0299999999999997,7.00000000000003,1,2,66,0.5
632,12330.000814,12329.140815,12329.278815,12329.947481,12333.783477,0,2.99999999999994,0.0299999999999997,5.99999999999996,2,1,65,0.5
633,12335.404142,12334.56881,12334.695476,12335.350809,12338.435472,1,2.99999999999994,0.0299999999999997,7.00000000000003,1,2,66,0.5
634,12339.978804,12339.180805,12339.326805,12339.925471,12343.855467,0,2.99999999999994,0.0299999999999997,5.99999999999996,2,1,65,0.5
635,12345.718798,12344.768799,12344.956133,12345.718798,12351.840792,1,NaN,0,5.99999999999996,2,1,65,0.5
636,12353.750124,12352.516125,12352.946125,12353.696791,12356.465454,0,2.99999999999994,0.0299999999999997,5.99999999999996,2,1,65,0.5
637,12359.212785,12358.286786,12358.536786,12359.159452,12361.916782,1,2.99999999999994,0.0299999999999997,7.00000000000003,1,2,66,0.5
638,12363.715447,12362.560782,12362.911448,12363.662114,12366.482778,0,2.99999999999994,0.0299999999999997,5.99999999999996,2,1,65,0.5
639,12368.260109,12367.40211,12367.59811,12368.260109,12374.865436,1,NaN,0,5.99999999999996,2,1,65,0.5
640,12378.016766,12376.980101,12377.3861,12378.016766,12384.203427,1,NaN,0,5.99999999999996,2,1,65,0.5
641,12385.936092,12384.713426,12385.329426,12385.936092,12392.515418,0,NaN,0,7.00000000000003,1,2,66,0.5
642,12394.596083,12392.988085,12393.995417,12394.596083,12555.056589,0,NaN,0,7.00000000000003,1,2,66,0.5
643,12556.761921,12555.839922,12555.963922,12556.761921,12561.461916,0,NaN,0,7.00000000000003,1,2,66,0.5
644,12564.131247,12563.276581,12563.353248,12564.077913,12571.913906,0,2.99999999999994,0.0299999999999997,5.99999999999996,2,1,65,0.5
645,12575.641902,12574.625236,12574.872569,12575.641902,12582.422562,1,NaN,0,5.99999999999996,2,1,65,0.5
646,12583.87056,12583.101894,12583.164561,12583.817227,12587.058557,1,2.99999999999994,0.0299999999999997,7.00000000000003,1,2,66,0.5
647,12589.113222,12588.438556,12588.490556,12589.113222,12593.180551,0,NaN,0,7.00000000000003,1,2,66,0.5
648,12606.885871,12605.751872,12606.078538,12606.885871,12613.323864,1,NaN,0,5.99999999999996,2,1,65,0.5
649,12615.195862,12614.229197,12614.33053,12615.195862,12630.51318,0,NaN,0,7.00000000000003,1,2,66,0.5
650,12655.061822,12654.433156,12654.513156,12655.061822,12660.415817,1,NaN,0,5.99999999999996,2,1,65,0.5
651,12664.577813,12663.953147,12664.033147,12664.55648,12667.391143,0,2.99999999999994,0.0299999999999997,5.99999999999996,2,1,65,0.5
652,12668.892475,12668.133809,12668.268476,12668.892475,12673.747804,1,NaN,0,5.99999999999996,2,1,65,0.5
653,12675.277802,12674.39647,12674.605136,12675.261802,12677.2898,0,2.99999999999994,0.0299999999999997,5.99999999999996,2,1,65,0.5
654,12678.882465,12678.115133,12678.193799,12678.829132,12681.870462,1,2.99999999999994,0.0299999999999997,7.00000000000003,1,2,66,0.5
655,12683.097128,12682.493795,12682.587795,12683.097128,12688.114456,0,NaN,0,7.00000000000003,1,2,66,0.5
656,12690.56712,12689.741788,12690.010454,12690.56712,12706.998437,1,NaN,0,5.99999999999996,2,1,65,0.5
657,12708.255103,12707.551103,12707.708436,12708.255103,12711.395766,1,NaN,0,5.99999999999996,2,1,65,0.5
658,12714.643763,12713.941097,12714.085097,12714.643763,12931.690879,1,NaN,0,5.99999999999996,2,1,65,0.5
659,12934.047543,12933.422877,12933.449544,12934.02221,12948.366196,0,2.99999999999994,0.0299999999999997,5.99999999999996,2,1,65,0.5
660,12950.616194,12949.999528,12950.068861,12950.605527,12955.626855,0,2.99999999999994,0.0299999999999997,5.99999999999996,2,1,65,0.5
661,12957.030187,12956.320188,12956.410854,12956.976854,12960.118851,1,2.99999999999994,0.0299999999999997,7.00000000000003,1,2,66,0.5
662,12961.382183,12960.757517,12960.82485,12961.357516,12965.134846,0,2.99999999999994,0.0299999999999997,5.99999999999996,2,1,65,0.5
663,12966.834177,12966.016178,12966.124178,12966.834177,12969.741508,1,NaN,0,5.99999999999996,2,1,65,0.5
664,12973.584837,12972.429505,12972.921505,12973.531504,12976.698834,1,2.99999999999994,0.0299999999999997,7.00000000000003,1,2,66,0.5
665,12978.514832,12977.6015,12977.860166,12978.461499,12981.10483,0,2.99999999999994,0.0299999999999997,5.99999999999996,2,1,65,0.5
666,12982.679495,12981.934829,12982.134162,12982.679495,12984.975492,1,NaN,0,5.99999999999996,2,1,65,0.5
667,12989.992154,12989.240155,12989.450155,12989.992154,12993.155484,1,NaN,0,5.99999999999996,2,1,65,0.5
668,13004.968806,13004.11614,13004.194807,13004.915473,13008.189469,0,2.99999999999994,0.0299999999999997,5.99999999999996,2,1,65,0.5
669,13009.620801,13008.913469,13008.970802,13009.620801,13015.652129,1,NaN,0,5.99999999999996,2,1,65,0.5
670,13017.31546,13016.638794,13016.784127,13017.31546,13432.925045,0,NaN,0,7.00000000000003,1,2,66,0.5
671,13434.709709,13433.82171,13433.949044,13434.709709,13439.203705,1,NaN,0,5.99999999999996,2,1,65,0.5
672,13446.704364,13446.064365,13446.119698,13446.704364,13452.905691,1,NaN,0,5.99999999999996,2,1,65,0.5
673,13456.075688,13455.047689,13455.069022,13456.075688,13459.138352,1,NaN,0,5.99999999999996,2,1,65,0.5
674,13505.958972,13505.282972,13505.373639,13505.958972,13819.262658,1,NaN,0,5.99999999999996,2,1,65,0.5
675,13832.689978,13831.902646,13831.986646,13832.636645,13836.274641,1,2.99999999999994,0.0299999999999997,7.00000000000003,1,2,66,0.5
676,13838.469972,13837.77264,13837.801973,13838.416639,13841.475969,0,2.99999999999994,0.0299999999999997,5.99999999999996,2,1,65,0.5
677,13843.521301,13842.847968,13842.977301,13843.521301,13847.99263,1,NaN,0,5.99999999999996,2,1,65,0.5
678,13850.427294,13849.415295,13849.814628,13850.427294,13871.862606,1,NaN,0,5.99999999999996,2,1,65,0.5
679,13873.84527,13873.097938,13873.283271,13873.84527,13968.282509,1,NaN,0,5.99999999999996,2,1,65,0.5
680,13983.526494,13982.281829,13982.519828,13983.473161,13988.153823,0,2.99999999999994,0.0299999999999997,5.99999999999996,2,1,65,0.5
681,13991.396486,13990.694487,13990.75182,13991.396486,13996.404481,1,NaN,0,5.99999999999996,2,1,65,0.5
682,13999.145145,13997.819146,13998.445146,13999.091812,14001.729809,1,2.99999999999994,0.0299999999999997,7.00000000000003,1,2,66,0.5
683,14003.220474,14002.434475,14002.621808,14003.167141,14006.685804,0,2.99999999999994,0.0299999999999997,5.99999999999996,2,1,65,0.5
684,14008.279136,14007.501137,14007.677803,14008.279136,14013.222464,1,NaN,0,5.99999999999996,2,1,65,0.5
685,14014.991796,14013.79913,14014.30513,14014.991796,14019.916458,0,NaN,0,7.00000000000003,1,2,66,0.5
686,14022.093122,14020.85579,14021.432456,14022.039789,14024.931786,1,2.99999999999994,0.0299999999999997,7.00000000000003,1,2,66,0.5
687,14027.135117,14026.035118,14026.399784,14027.081784,14031.455779,0,2.99999999999994,0.0299999999999997,5.99999999999996,2,1,65,0.5
688,14033.148444,14032.356445,14032.567112,14033.148444,14039.481771,1,NaN,0,5.99999999999996,2,1,65,0.5
689,14041.344436,14040.190437,14040.75577,14041.344436,14047.805763,1,NaN,0,5.99999999999996,2,1,65,0.5
690,14049.786428,14048.626429,14049.175095,14049.786428,14053.950424,0,NaN,0,7.00000000000003,1,2,66,0.5
691,14056.839754,14055.687089,14056.250421,14056.786421,14060.536417,0,2.99999999999994,0.0299999999999997,5.99999999999996,2,1,65,0.5
692,14062.709081,14061.808416,14062.118415,14062.709081,14064.833746,1,NaN,0,5.99999999999996,2,1,65,0.5
693,14070.557074,14069.539075,14069.821074,14070.50374,14073.897737,1,2.99999999999994,0.0299999999999997,7.00000000000003,1,2,66,0.5
694,14075.585735,14074.60307,14074.913736,14075.585735,14081.625729,0,NaN,0,7.00000000000003,1,2,66,0.5
695,14670.55714,14669.817141,14669.862474,14670.503807,14687.742456,0,2.99999999999994,0.0299999999999997,5.99999999999996,2,1,65,0.5
696,14750.99906,14750.073061,14750.224394,14750.99906,14757.326387,1,NaN,0,5.99999999999996,2,1,65,0.5
697,14759.615718,14758.735052,14758.793052,14759.613051,14763.362381,0,2.99999999999994,0.0299999999999997,5.99999999999996,2,1,65,0.5
698,14769.491708,14768.733042,14768.753042,14769.438375,14772.438372,1,2.99999999999994,0.0299999999999997,7.00000000000003,1,2,66,0.5
699,14774.309037,14773.459037,14773.537704,14774.309037,14782.129029,0,NaN,0,7.00000000000003,1,2,66,0.5
700,14784.30036,14783.322361,14783.415027,14784.30036,15635.711508,0,NaN,0,7.00000000000003,1,2,66,0.5
701,15637.250174,15636.362841,15636.449508,15637.19684,15656.816154,0,2.99999999999994,0.0299999999999997,5.99999999999996,2,1,65,0.5
702,15658.238153,15657.539487,15657.63482,15658.238153,15978.601832,1,NaN,0,5.99999999999996,2,1,65,0.5
703,15980.999163,15979.933164,15979.977164,15980.999163,15994.862483,1,NaN,0,5.99999999999996,2,1,65,0.5
704,15997.489813,15996.515814,15996.581814,15997.43648,16020.388457,0,2.99999999999994,0.0299999999999997,5.99999999999996,2,1,65,0.5
705,16023.485121,16022.354455,16022.565788,16023.485121,16075.815068,0,NaN,0,7.00000000000003,1,2,66,0.5
706,16077.5144,16076.744401,16076.804401,16077.461067,16080.401064,1,2.99999999999994,0.0299999999999997,7.00000000000003,1,2,66,0.5
707,16083.010395,16081.848396,16081.924396,16083.010395,16089.159055,0,NaN,0,7.00000000000003,1,2,66,0.5
708,16090.881053,16090.121721,16090.177721,16090.82772,16096.314381,0,2.99999999999994,0.0299999999999997,5.99999999999996,2,1,65,0.5
709,16097.81638,16097.10038,16097.13038,16097.763046,16103.728374,1,2.99999999999994,0.0299999999999997,7.00000000000003,1,2,66,0.5
710,16105.593705,16104.776373,16104.866373,16105.540372,16111.1617,1,2.99999999999994,0.0299999999999997,7.00000000000003,1,2,66,0.5
711,16112.999698,16112.213032,16112.287699,16112.946365,16117.883026,0,2.99999999999994,0.0299999999999997,5.99999999999996,2,1,65,0.5
712,16121.19569,16120.016358,16120.301691,16121.19569,16344.299467,1,NaN,0,5.99999999999996,2,1,65,0.5
713,16346.549464,16345.708798,16345.763465,16346.549464,16346.840131,0,NaN,0,7.00000000000003,1,2,66,0.5
714,16354.714123,16353.79879,16353.922124,16354.66079,16359.451451,0,2.99999999999994,0.0299999999999997,5.99999999999996,2,1,65,0.5
715,16362.562782,16361.216783,16361.362116,16362.509448,16365.166779,1,2.99999999999994,0.0299999999999997,7.00000000000003,1,2,66,0.5
716,16367.184777,16366.311445,16366.376111,16367.184777,16370.88544,0,NaN,0,7.00000000000003,1,2,66,0.5
717,16374.109437,16373.026771,16373.136104,16374.056103,16378.593432,0,2.99999999999994,0.0299999999999997,5.99999999999996,2,1,65,0.5
718,16381.206096,16380.317431,16380.472097,16381.206096,16385.693425,1,NaN,0,5.99999999999996,2,1,65,0.5
719,16394.734083,16393.246751,16393.449417,16394.680749,16397.30208,1,2.99999999999994,0.0299999999999997,7.00000000000003,1,2,66,0.5
720,16400.072077,16399.172745,16399.396745,16400.072077,16406.448071,0,NaN,0,7.00000000000003,1,2,66,0.5
721,16408.440736,16407.274737,16407.721403,16408.438069,16412.836731,1,2.99999999999994,0.0299999999999997,7.00000000000003,1,2,66,0.5
722,16414.768729,16413.763397,16414.006064,16414.715396,16417.91606,0,2.99999999999994,0.0299999999999997,5.99999999999996,2,1,65,0.5
723,16419.883391,16419.072725,16419.250058,16419.883391,16425.370719,1,NaN,0,5.99999999999996,2,1,65,0.5
724,16427.226717,16426.157385,16426.442718,16427.173384,16432.142712,0,2.99999999999994,0.0299999999999997,5.99999999999996,2,1,65,0.5
725,16434.421376,16433.660711,16433.746044,16434.368043,16437.84804,1,2.99999999999994,0.0299999999999997,7.00000000000003,1,2,66,0.5
726,16439.578705,16438.888039,16438.971372,16439.578705,16452.494692,0,NaN,0,7.00000000000003,1,2,66,0.5
727,16454.876689,16453.925357,16454.039357,16454.823356,16459.340018,0,2.99999999999994,0.0299999999999997,5.99999999999996,2,1,65,0.5
728,16461.643349,16460.866683,16460.98135,16461.590016,16465.813345,1,2.99999999999994,0.0299999999999997,7.00000000000003,1,2,66,0.5
729,16467.368677,16466.520011,16466.682011,16467.368677,16472.974005,0,NaN,0,7.00000000000003,1,2,66,0.5
730,16475.383335,16474.112003,16474.727336,16475.330002,16479.047332,1,2.99999999999994,0.0299999999999997,7.00000000000003,1,2,66,0.5
731,16481.108663,16479.863331,16480.198664,16481.05533,16485.361326,0,2.99999999999994,0.0299999999999997,5.99999999999996,2,1,65,0.5
732,16487.231324,16486.321325,16486.639991,16487.231324,16490.094654,1,NaN,0,5.99999999999996,2,1,65,0.5
733,16494.365983,16493.365317,16493.536651,16494.31265,16498.091317,1,2.99999999999994,0.0299999999999997,7.00000000000003,1,2,66,0.5
734,16500.063311,16499.152645,16499.363311,16500.009978,16503.717307,0,2.99999999999994,0.0299999999999997,5.99999999999996,2,1,65,0.5
735,16505.521305,16504.637306,16504.675973,16505.521305,16508.706635,1,NaN,0,5.99999999999996,2,1,65,0.5
736,16512.092632,16511.339966,16511.448633,16512.092632,16512.601965,1,NaN,0,5.99999999999996,2,1,65,0.5
737,16527.101284,16525.948618,16526.177952,16527.101284,16527.446617,0,NaN,0,7.00000000000003,1,2,66,0.5
738,16591.01522,16587.903223,16587.94389,16590.961887,16594.66055,0,2.99999999999994,0.0299999999999997,5.99999999999996,2,1,65,0.5
739,16596.886547,16595.919215,16596.105215,16596.886547,16601.16121,1,NaN,0,5.99999999999996,2,1,65,0.5
740,16730.94708,16730.071081,16730.145747,16730.94708,16734.265743,1,NaN,0,5.99999999999996,2,1,65,0.5
741,16891.801586,16890.521587,16890.693587,16891.748252,16896.874914,0,2.99999999999994,0.0299999999999997,5.99999999999996,2,1,65,0.5
742,16898.976912,16898.132246,16898.213579,16898.976912,17287.34919,1,NaN,0,5.99999999999996,2,1,65,0.5
743,17290.287854,17288.501856,17289.072522,17290.234521,17293.909184,1,2.99999999999994,0.0299999999999997,7.00000000000003,1,2,66,0.5
744,17295.942515,17294.879849,17295.114516,17295.889182,17299.319845,0,2.99999999999994,0.0299999999999997,5.99999999999996,2,1,65,0.5
745,17303.928507,17302.885841,17303.090508,17303.928507,17307.500503,1,NaN,0,5.99999999999996,2,1,65,0.5
746,17310.9305,17310.019834,17310.227167,17310.9305,17314.469163,1,NaN,0,5.99999999999996,2,1,65,0.5
747,17326.345818,17325.527819,17325.744485,17326.292485,17328.733815,1,2.99999999999994,0.0299999999999997,7.00000000000003,1,2,66,0.5
748,17330.287814,17329.453815,17329.603815,17330.234481,17334.202477,0,2.99999999999994,0.0299999999999997,5.99999999999996,2,1,65,0.5
749,17336.079808,17335.229809,17335.302476,17336.026475,17340.214471,1,2.99999999999994,0.0299999999999997,7.00000000000003,1,2,66,0.5
750,17341.759802,17340.893137,17340.987803,17341.706469,17344.821799,0,2.99999999999994,0.0299999999999997,5.99999999999996,2,1,65,0.5
751,17346.751797,17345.948465,17346.091131,17346.751797,17353.504457,1,NaN,0,5.99999999999996,2,1,65,0.5
752,17355.411789,17354.463123,17354.678456,17355.358455,17360.597117,0,2.99999999999994,0.0299999999999997,5.99999999999996,2,1,65,0.5
753,17362.591782,17361.673117,17361.949782,17362.538448,17365.767778,1,2.99999999999994,0.0299999999999997,7.00000000000003,1,2,66,0.5
754,17367.824443,17366.956444,17367.204444,17367.77111,17372.125105,0,2.99999999999994,0.0299999999999997,5.99999999999996,2,1,65,0.5
755,17373.991104,17373.191771,17373.375771,17373.991104,17384.071093,1,NaN,0,5.99999999999996,2,1,65,0.5
756,17385.669092,17384.762426,17384.843759,17385.669092,17388.962422,1,NaN,0,5.99999999999996,2,1,65,0.5
757,17402.271742,17401.309076,17401.690409,17402.218409,17405.879738,1,2.99999999999994,0.0299999999999997,7.00000000000003,1,2,66,0.5
758,17407.40907,17406.523071,17406.655071,17407.355737,17409.725068,0,2.99999999999994,0.0299999999999997,5.99999999999996,2,1,65,0.5
759,17411.3204,17410.5604,17410.665067,17411.3204,17416.441061,1,NaN,0,5.99999999999996,2,1,65,0.5
760,17418.240393,17417.111727,17417.629727,17418.240393,17486.336991,0,NaN,0,7.00000000000003,1,2,66,0.5
761,17487.890323,17486.997657,17487.107657,17487.890323,17492.974318,1,NaN,0,5.99999999999996,2,1,65,0.5
762,17495.447649,17494.612983,17494.700983,17495.447649,17498.240313,1,NaN,0,5.99999999999996,2,1,65,0.5
763,17502.050975,17501.01031,17501.249643,17502.050975,17509.351635,1,NaN,0,5.99999999999996,2,1,65,0.5
764,17513.382964,17512.542965,17512.751631,17513.329631,17516.990961,1,2.99999999999994,0.0299999999999997,7.00000000000003,1,2,66,0.5
765,17518.682959,17517.894293,17517.903626,17518.680292,17523.946287,0,2.99999999999994,0.0299999999999997,5.99999999999996,2,1,65,0.5
766,17526.038285,17525.223619,17525.290952,17525.984952,17529.658281,1,2.99999999999994,0.0299999999999997,7.00000000000003,1,2,66,0.5
767,17531.459613,17530.411614,17530.558947,17531.406279,17535.360275,0,2.99999999999994,0.0299999999999997,5.99999999999996,2,1,65,0.5
768,17537.170274,17536.317608,17536.512274,17537.170274,17542.553602,1,NaN,0,5.99999999999996,2,1,65,0.5
769,17550.560927,17549.610928,17549.727594,17550.507594,17552.975591,0,2.99999999999994,0.0299999999999997,5.99999999999996,2,1,65,0.5
770,17555.114922,17554.156923,17554.412259,17555.061589,17558.130253,1,2.99999999999994,0.0299999999999997,7.00000000000003,1,2,66,0.5
771,17559.564918,17558.848252,17558.918919,17559.564918,17565.830245,0,NaN,0,7.00000000000003,1,2,66,0.5
772,17568.958242,17568.084909,17568.233576,17568.904909,17572.413572,1,2.99999999999994,0.0299999999999997,7.00000000000003,1,2,66,0.5
773,17574.384236,17573.458904,17573.569571,17574.330903,17576.721567,0,2.99999999999994,0.0299999999999997,5.99999999999996,2,1,65,0.5
774,17578.862899,17577.993566,17578.067566,17578.862899,17581.588229,1,NaN,0,5.99999999999996,2,1,65,0.5
775,17592.596885,17591.694219,17591.831552,17592.543552,17595.626215,1,2.99999999999994,0.0299999999999997,7.00000000000003,1,2,66,0.5
776,17597.314214,17596.432214,17596.644881,17597.314214,17723.604087,0,NaN,0,7.00000000000003,1,2,66,0.5
777,17726.664751,17725.654085,17725.856085,17726.664751,17732.012746,1,NaN,0,5.99999999999996,2,1,65,0.5
778,17742.379402,17741.641403,17741.759402,17742.326069,17745.292732,1,2.99999999999994,0.0299999999999997,7.00000000000003,1,2,66,0.5
779,17746.807397,17746.132731,17746.216065,17746.807397,17752.814058,0,NaN,0,7.00000000000003,1,2,66,0.5
780,17755.520055,17754.460723,17754.818723,17755.466722,17759.978051,0,2.99999999999994,0.0299999999999997,5.99999999999996,2,1,65,0.5
781,17761.964049,17761.07405,17761.129383,17761.910716,17765.901378,1,2.99999999999994,0.0299999999999997,7.00000000000003,1,2,66,0.5
782,17767.40071,17766.619378,17766.692711,17767.347377,17771.788039,0,2.99999999999994,0.0299999999999997,5.99999999999996,2,1,65,0.5
783,17774.632703,17773.906037,17774.020704,17774.632703,17778.904032,1,NaN,0,5.99999999999996,2,1,65,0.5
784,17782.468695,17781.398029,17781.520029,17782.416028,17784.793359,1,2.99999999999994,0.0299999999999997,7.00000000000003,1,2,66,0.5
785,17786.510691,17785.750025,17785.892692,17786.510691,17792.376018,0,NaN,0,7.00000000000003,1,2,66,0.5
786,17794.830016,17793.251351,17794.19735,17794.830016,17800.68801,1,NaN,0,5.99999999999996,2,1,65,0.5
787,17802.550675,17801.482009,17801.917342,17802.497342,17806.672004,0,2.99999999999994,0.0299999999999997,5.99999999999996,2,1,65,0.5
788,17808.302669,17807.464003,17807.706003,17808.302669,17813.751997,1,NaN,0,5.99999999999996,2,1,65,0.5
789,17815.424662,17814.398663,17814.891329,17815.424662,17821.391989,0,NaN,0,7.00000000000003,1,2,66,0.5
790,17824.58732,17823.521987,17824.012654,17824.58732,17827.367983,1,NaN,0,5.99999999999996,2,1,65,0.5
791,17835.571309,17834.946643,17835.051976,17835.546642,17838.600639,1,2.99999999999994,0.0299999999999997,7.00000000000003,1,2,66,0.5
792,17839.929304,17839.277972,17839.395305,17839.929304,17844.558633,0,NaN,0,7.00000000000003,1,2,66,0.5
793,17846.494631,17845.708632,17845.927298,17846.494631,17890.91392,0,NaN,0,7.00000000000003,1,2,66,0.5
794,17896.564581,17895.253916,17895.295916,17896.564581,17911.765232,0,NaN,0,7.00000000000003,1,2,66,0.5
795,17913.079231,17912.425898,17912.516565,17913.079231,17916.881227,1,NaN,0,5.99999999999996,2,1,65,0.5
796,17921.291223,17920.573224,17920.787223,17921.23789,17924.828553,1,2.99999999999994,0.0299999999999997,7.00000000000003,1,2,66,0.5
797,17926.366551,17925.734552,17925.835885,17926.366551,17930.67188,0,NaN,0,7.00000000000003,1,2,66,0.5
798,17934.114544,17933.312544,17933.369878,17934.114544,17938.716539,0,NaN,0,7.00000000000003,1,2,66,0.5
799,17940.53387,17939.737204,17939.893871,17940.53387,17950.53186,0,NaN,0,7.00000000000003,1,2,66,0.5
800,17953.099191,17952.387192,17952.576525,17953.099191,18208.301603,0,NaN,0,7.00000000000003,1,2,66,0.5
801,18213.353598,18212.227599,18212.478265,18213.353598,18218.880259,0,NaN,0,7.00000000000003,1,2,66,0.5
802,18220.822257,18219.824258,18219.908258,18220.822257,18234.497576,0,NaN,0,7.00000000000003,1,2,66,0.5
803,18260.956883,18259.475551,18259.778218,18260.90355,18265.538212,1,2.99999999999994,0.0299999999999997,7.00000000000003,1,2,66,0.5
804,18268.828209,18267.893543,18268.237543,18268.828209,18272.609538,1,NaN,0,5.99999999999996,2,1,65,0.5
805,18276.361534,18275.398202,18275.570869,18276.308201,18280.234864,1,2.99999999999994,0.0299999999999997,7.00000000000003,1,2,66,0.5
806,18281.681529,18280.912197,18281.02353,18281.681529,18285.317526,0,NaN,0,7.00000000000003,1,2,66,0.5
807,18288.385522,18287.415523,18287.607523,18288.385522,18294.62285,0,NaN,0,7.00000000000003,1,2,66,0.5
808,18347.71613,18346.874798,18347.11813,18347.71613,18434.43071,1,NaN,0,5.99999999999996,2,1,65,0.5
809,18437.302707,18436.128708,18436.618708,18437.249374,18439.564038,0,2.99999999999994,0.0299999999999997,5.99999999999996,2,1,65,0.5
810,18444.098033,18442.832701,18443.169368,18444.098033,18461.679349,1,NaN,0,5.99999999999996,2,1,65,0.5
811,18464.53468,18463.556681,18463.76868,18464.481346,18467.587343,1,2.99999999999994,0.0299999999999997,7.00000000000003,1,2,66,0.5
812,18469.084675,18468.374676,18468.434676,18469.084675,18484.837326,0,NaN,0,7.00000000000003,1,2,66,0.5
813,18487.68999,18487.076657,18487.098657,18487.636657,18490.162654,1,2.99999999999994,0.0299999999999997,7.00000000000003,1,2,66,0.5
814,18491.675986,18490.73732,18490.924653,18491.675986,18509.477968,0,NaN,0,7.00000000000003,1,2,66,0.5
815,18510.853967,18510.081301,18510.288634,18510.853967,18533.971944,1,NaN,0,5.99999999999996,2,1,65,0.5
816,18542.226602,18541.601936,18541.713936,18542.182602,18566.991911,1,2.99999999999994,0.0299999999999997,7.00000000000003,1,2,66,0.5
817,18568.247909,18567.623243,18567.727243,18568.209909,18570.907907,1,2.99999999999994,0.0299999999999997,7.00000000000003,1,2,66,0.5
818,18574.025237,18573.121904,18573.282571,18574.02257,18578.107233,0,2.99999999999994,0.0299999999999997,5.99999999999996,2,1,65,0.5
819,18580.144564,18579.516565,18579.665898,18580.144564,18587.048557,1,NaN,0,5.99999999999996,2,1,65,0.5
820,18588.735889,18587.73789,18587.800556,18588.682556,18594.407883,0,2.99999999999994,0.0299999999999997,5.99999999999996,2,1,65,0.5
821,18596.538548,18595.200549,18595.574549,18596.485215,18602.152542,0,2.99999999999994,0.0299999999999997,5.99999999999996,2,1,65,0.5
822,18605.055872,18604.11854,18604.24454,18605.055872,18611.360533,1,NaN,0,5.99999999999996,2,1,65,0.5
823,18613.339864,18612.090532,18612.575198,18613.339864,18618.266526,0,NaN,0,7.00000000000003,1,2,66,0.5
824,18621.227856,18620.031191,18620.383857,18621.174523,18623.961187,1,2.99999999999994,0.0299999999999997,7.00000000000003,1,2,66,0.5
825,18625.679852,18624.665186,18624.870519,18625.626519,18629.791181,0,2.99999999999994,0.0299999999999997,5.99999999999996,2,1,65,0.5
826,18631.361846,18630.532517,18630.626514,18631.361846,18636.841841,1,NaN,0,5.99999999999996,2,1,65,0.5
827,18786.287025,18785.316359,18785.389692,18786.233691,18793.833017,0,2.99999999999994,0.0299999999999997,5.99999999999996,2,1,65,0.5
828,18796.529014,18795.661015,18795.744348,18796.529014,18800.153677,1,NaN,0,5.99999999999996,2,1,65,0.5
829,18804.081673,18803.290341,18803.369674,18804.081673,18804.59034,0,NaN,0,7.00000000000003,1,2,66,0.5
830,18811.446333,18810.554334,18810.764333,18811.446333,18811.786999,1,NaN,0,5.99999999999996,2,1,65,0.5
831,18901.457576,18900.311577,18900.53491,18901.404243,18909.424901,0,2.99999999999994,0.0299999999999997,5.99999999999996,2,1,65,0.5
832,18911.2889,18910.194901,18910.286901,18911.286233,18914.362896,1,2.99999999999994,0.0299999999999997,7.00000000000003,1,2,66,0.5
833,18916.160228,18915.208233,18915.348896,18916.106895,18920.68689,0,2.99999999999994,0.0299999999999997,5.99999999999996,2,1,65,0.5
834,18922.136222,18921.390223,18921.432223,18922.136222,18934.730876,1,NaN,0,5.99999999999996,2,1,65,0.5
835,18940.446204,18939.498205,18939.539538,18940.39287,18951.855526,0,2.99999999999994,0.0299999999999997,5.99999999999996,2,1,65,0.5
836,18953.345524,18952.588858,18952.643525,18953.292191,18958.870852,1,2.99999999999994,0.0299999999999997,7.00000000000003,1,2,66,0.5
837,18961.219516,18960.089517,18960.550184,18961.16685,18964.377513,1,2.99999999999994,0.0299999999999997,7.00000000000003,1,2,66,0.5
838,18965.995512,18965.185512,18965.231512,18965.992845,18968.974175,0,2.99999999999994,0.0299999999999997,5.99999999999996,2,1,65,0.5
839,18970.680174,18970.001508,18970.055507,18970.62684,18973.314171,1,2.99999999999994,0.0299999999999997,7.00000000000003,1,2,66,0.5
840,18974.864836,18974.108837,18974.303503,18974.864836,18978.160833,0,NaN,0,7.00000000000003,1,2,66,0.5
841,18981.12883,18980.231497,18980.323497,18981.075496,18985.150159,0,2.99999999999994,0.0299999999999997,5.99999999999996,2,1,65,0.5
842,18986.777491,18985.989492,18986.228825,18986.777491,18992.902818,1,NaN,0,5.99999999999996,2,1,65,0.5
843,18994.816816,18993.838817,18994.107483,18994.816816,19001.539476,0,NaN,0,7.00000000000003,1,2,66,0.5
844,19005.529472,19004.446806,19004.840139,19005.526805,19008.253469,1,2.99999999999994,0.0299999999999997,7.00000000000003,1,2,66,0.5
845,19009.813468,19009.038802,19009.136135,19009.813468,19015.535462,0,NaN,0,7.00000000000003,1,2,66,0.5
846,19017.258794,19016.424128,19016.577461,19017.258794,19032.709445,0,NaN,0,7.00000000000003,1,2,66,0.5
847,19034.348777,19033.328778,19033.76011,19034.295443,19037.031441,1,2.99999999999994,0.0299999999999997,7.00000000000003,1,2,66,0.5
848,19038.330106,19037.672107,19037.802106,19038.330106,19044.082767,0,NaN,0,7.00000000000003,1,2,66,0.5
849,19046.050765,19044.813433,19045.177432,19046.050765,19048.947429,1,NaN,0,5.99999999999996,2,1,65,0.5
850,19053.544757,19052.598092,19052.905425,19053.491424,19056.329421,1,2.99999999999994,0.0299999999999997,7.00000000000003,1,2,66,0.5
851,19058.143419,19057.32742,19057.536087,19058.090086,19062.206749,0,2.99999999999994,0.0299999999999997,5.99999999999996,2,1,65,0.5
852,19063.653414,19062.847415,19063.064748,19063.653414,19066.439411,1,NaN,0,5.99999999999996,2,1,65,0.5
853,19070.98874,19070.036741,19070.349407,19070.98874,19087.218057,1,NaN,0,5.99999999999996,2,1,65,0.5
854,19096.285381,19095.428049,19095.652715,19096.232048,19100.712043,0,2.99999999999994,0.0299999999999997,5.99999999999996,2,1,65,0.5
855,19102.160709,19101.493376,19101.670043,19102.160709,19106.840704,1,NaN,0,5.99999999999996,2,1,65,0.5
856,19109.778034,19109.052035,19109.310702,19109.778034,19116.963361,1,NaN,0,5.99999999999996,2,1,65,0.5
857,19121.641356,19120.96869,19121.200023,19121.641356,19125.463352,1,NaN,0,5.99999999999996,2,1,65,0.5
858,19128.648016,19128.041349,19128.107349,19128.648016,19128.964682,1,NaN,0,5.99999999999996,2,1,65,0.5
859,19140.222671,19139.693338,19139.861338,19140.222671,19181.523296,1,NaN,0,5.99999999999996,2,1,65,0.5
860,19196.807947,19184.18596,19184.346627,NaN,NaN,NaN,NaN,0,5.99999999999996,2,1,65,0.5
861,19203.022608,19202.327942,19202.356609,19202.969275,19216.897927,0,2.99999999999994,0.0299999999999997,5.99999999999996,2,1,65,0.5
862,19239.505238,19238.727905,19238.778572,19239.451905,19242.194569,0,2.99999999999994,0.0299999999999997,5.99999999999996,2,1,65,0.5
863,19246.496565,19245.826565,19245.935898,19246.496565,19270.195874,1,NaN,0,5.99999999999996,2,1,65,0.5
864,19282.022529,19281.223196,19281.457863,19282.022529,19288.677856,1,NaN,0,5.99999999999996,2,1,65,0.5
865,19291.197853,19290.277854,19290.513187,19291.14452,19294.45785,0,2.99999999999994,0.0299999999999997,5.99999999999996,2,1,65,0.5
866,19296.964514,19296.057181,19296.381848,19296.964514,19302.441175,1,NaN,0,5.99999999999996,2,1,65,0.5
867,19304.509173,19303.619841,19303.86184,19304.45584,19310.853167,0,2.99999999999994,0.0299999999999997,5.99999999999996,2,1,65,0.5
868,19312.186499,19311.531166,19311.707832,19312.186499,19321.263823,1,NaN,0,5.99999999999996,2,1,65,0.5
869,19323.685821,19322.867821,19322.913155,19323.685821,19757.794053,1,NaN,0,5.99999999999996,2,1,65,0.5
870,19761.221383,19759.732051,19759.776051,19761.221383,19767.912043,1,NaN,0,5.99999999999996,2,1,65,0.5
871,19769.656708,19768.867375,19768.955375,19769.656708,19777.141367,0,NaN,0,7.00000000000003,1,2,66,0.5
872,19778.902032,19778.138699,19778.245366,19778.848699,19790.284021,0,2.99999999999994,0.0299999999999997,5.99999999999996,2,1,65,0.5
873,19792.520685,19791.582686,19791.618686,19792.467352,19798.678012,0,2.99999999999994,0.0299999999999997,5.99999999999996,2,1,65,0.5
874,19801.820009,19800.575344,19800.950677,19801.820009,19802.377342,0,NaN,0,7.00000000000003,1,2,66,0.5
875,19811.511333,19809.191335,19809.400001,19811.457999,19814.002664,1,2.99999999999994,0.0299999999999997,7.00000000000003,1,2,66,0.5
876,19816.127328,19815.245996,19815.415995,19816.127328,19822.396655,0,NaN,0,7.00000000000003,1,2,66,0.5
877,19824.641986,19823.571321,19823.836654,19824.588653,19827.987983,1,2.99999999999994,0.0299999999999997,7.00000000000003,1,2,66,0.5
878,19829.721981,19828.809315,19828.875315,19829.719314,19833.96131,0,2.99999999999994,0.0299999999999997,5.99999999999996,2,1,65,0.5
879,19835.727975,19834.827309,19834.973309,19835.674642,19839.847304,1,2.99999999999994,0.0299999999999997,7.00000000000003,1,2,66,0.5
880,19842.051969,19841.093303,19841.22197,19841.998636,19845.893965,0,2.99999999999994,0.0299999999999997,5.99999999999996,2,1,65,0.5
881,19847.519297,19846.788631,19846.975297,19847.519297,19858.127286,1,NaN,0,5.99999999999996,2,1,65,0.5
882,19860.941283,19859.746618,19860.313284,19860.941283,19864.56528,1,NaN,0,5.99999999999996,2,1,65,0.5
883,19868.317276,19866.981277,19867.60061,19868.263943,19872.795938,1,2.99999999999994,0.0299999999999997,7.00000000000003,1,2,66,0.5
884,19874.33927,19873.576604,19873.695937,19874.285937,19878.313266,0,2.99999999999994,0.0299999999999997,5.99999999999996,2,1,65,0.5
885,19879.997931,19879.219932,19879.303265,19879.997931,19886.977257,1,NaN,0,5.99999999999996,2,1,65,0.5
886,19889.659255,19888.557256,19889.101255,19889.659255,19894.379916,1,NaN,0,5.99999999999996,2,1,65,0.5
887,19905.952572,19904.910573,19905.148572,19905.952572,19911.1679,0,NaN,0,7.00000000000003,1,2,66,0.5
888,19914.422563,19913.624564,19913.804564,19914.422563,19923.378554,1,NaN,0,5.99999999999996,2,1,65,0.5
889,19925.203219,19924.52122,19924.635886,19925.149886,19928.123216,1,2.99999999999994,0.0299999999999997,7.00000000000003,1,2,66,0.5
890,19929.767881,19928.995882,19929.112548,19929.767881,19934.810543,0,NaN,0,7.00000000000003,1,2,66,0.5
891,19936.785207,19935.663875,19936.189875,19936.785207,19939.429871,1,NaN,0,5.99999999999996,2,1,65,0.5
892,19945.974532,19945.097199,19945.365199,19945.921198,19948.896529,1,2.99999999999994,0.0299999999999997,7.00000000000003,1,2,66,0.5
893,19950.264527,19949.534528,19949.639861,19950.211194,19954.767856,0,2.99999999999994,0.0299999999999997,5.99999999999996,2,1,65,0.5
894,19956.452521,19955.681189,19955.848522,19956.399188,19961.259183,1,2.99999999999994,0.0299999999999997,7.00000000000003,1,2,66,0.5
895,19962.893848,19962.021182,19962.138515,19962.893848,19970.374507,0,NaN,0,7.00000000000003,1,2,66,0.5
896,19972.383172,19971.12784,19971.621839,19972.329839,19977.1345,0,2.99999999999994,0.0299999999999997,5.99999999999996,2,1,65,0.5
897,19979.263832,19978.397832,19978.524499,19979.210498,19984.391826,1,2.99999999999994,0.0299999999999997,7.00000000000003,1,2,66,0.5
898,19986.061825,19985.222492,19985.301826,19986.008492,19989.572488,0,2.99999999999994,0.0299999999999997,5.99999999999996,2,1,65,0.5
899,19991.143153,19990.238487,19990.49382,19991.08982,19994.58515,1,2.99999999999994,0.0299999999999997,7.00000000000003,1,2,66,0.5
900,19996.144481,19995.309816,19995.455815,19996.091148,20000.49581,0,2.99999999999994,0.0299999999999997,5.99999999999996,2,1,65,0.5
901,20001.966476,20001.19181,20001.31981,20001.966476,20008.965802,1,NaN,0,5.99999999999996,2,1,65,0.5
902,20010.748467,20009.806468,20010.144467,20010.748467,20016.968461,0,NaN,0,7.00000000000003,1,2,66,0.5
903,20038.377772,20037.201107,20037.50444,20038.377772,20041.941769,0,NaN,0,7.00000000000003,1,2,66,0.5
904,20044.854433,20044.0811,20044.280433,20044.854433,20045.441099,0,NaN,0,7.00000000000003,1,2,66,0.5
905,20063.077748,20062.095749,20062.451748,20063.024414,20065.780412,1,2.99999999999994,0.0299999999999997,7.00000000000003,1,2,66,0.5
906,20067.03441,20066.412411,20066.512411,20067.03441,20071.24974,0,NaN,0,7.00000000000003,1,2,66,0.5
907,20075.025069,20074.138403,20074.188403,20074.972403,20078.477733,0,2.99999999999994,0.0299999999999997,5.99999999999996,2,1,65,0.5
908,20080.41173,20079.681731,20079.813731,20080.358397,20083.469061,1,2.99999999999994,0.0299999999999997,7.00000000000003,1,2,66,0.5
909,20085.071726,20084.327727,20084.380393,20085.018393,20088.773055,0,2.99999999999994,0.0299999999999997,5.99999999999996,2,1,65,0.5
910,20090.239054,20089.455055,20089.603055,20090.185721,20093.561051,1,2.99999999999994,0.0299999999999997,7.00000000000003,1,2,66,0.5
911,20095.209716,20094.462383,20094.51705,20095.209716,20102.912375,0,NaN,0,7.00000000000003,1,2,66,0.5
912,20107.413703,20106.608371,20106.765704,20107.36037,20109.835034,1,2.99999999999994,0.0299999999999997,7.00000000000003,1,2,66,0.5
913,20111.374366,20110.576367,20110.634367,20111.321033,20114.32303,0,2.99999999999994,0.0299999999999997,5.99999999999996,2,1,65,0.5
914,20117.86036,20117.025694,20117.285694,20117.807026,20120.41969,1,2.99999999999994,0.0299999999999997,7.00000000000003,1,2,66,0.5
915,20121.890356,20121.095023,20121.19369,20121.890356,20127.51035,0,NaN,0,7.00000000000003,1,2,66,0.5
916,20130.442347,20129.670348,20129.853014,20130.442347,20134.987676,1,NaN,0,5.99999999999996,2,1,65,0.5
917,20145.527665,20144.513666,20144.686333,20145.527665,20148.480329,1,NaN,0,5.99999999999996,2,1,65,0.5
918,20153.300324,20152.522992,20152.662992,20153.246991,20155.778988,1,2.99999999999994,0.0299999999999997,7.00000000000003,1,2,66,0.5
919,20157.35232,20156.660321,20156.700987,20157.298987,20160.41165,0,2.99999999999994,0.0299999999999997,5.99999999999996,2,1,65,0.5
920,20161.822316,20161.128983,20161.194316,20161.768982,20165.317646,1,2.99999999999994,0.0299999999999997,7.00000000000003,1,2,66,0.5
921,20167.433643,20166.530311,20166.672311,20167.38031,20170.208974,0,2.99999999999994,0.0299999999999997,5.99999999999996,2,1,65,0.5
922,20171.692972,20171.046973,20171.180306,20171.692972,20179.333632,1,NaN,0,5.99999999999996,2,1,65,0.5
923,20183.604961,20182.942961,20183.027628,20183.604961,20183.894294,1,NaN,0,5.99999999999996,2,1,65,0.5
924,20195.706282,20194.860949,20194.948949,20195.652949,20198.992945,0,2.99999999999994,0.0299999999999997,5.99999999999996,2,1,65,0.5
925,20202.796941,20201.533609,20201.737609,20202.796941,20207.932936,0,NaN,0,7.00000000000003,1,2,66,0.5
926,20252.478892,20251.579559,20251.666226,20252.478892,20252.998225,0,NaN,0,7.00000000000003,1,2,66,0.5
927,20268.052876,20267.15821,20267.244877,20267.999543,20272.954205,0,2.99999999999994,0.0299999999999997,5.99999999999996,2,1,65,0.5
928,20274.708869,20274.013537,20274.17487,20274.655536,20277.646867,1,2.99999999999994,0.0299999999999997,7.00000000000003,1,2,66,0.5
929,20279.070198,20278.268199,20278.328866,20279.070198,20282.585528,0,NaN,0,7.00000000000003,1,2,66,0.5
930,20285.938858,20285.218859,20285.292859,20285.938858,20310.426167,0,NaN,0,7.00000000000003,1,2,66,0.5
931,20312.166165,20311.340166,20311.366833,20312.166165,20330.300147,0,NaN,0,7.00000000000003,1,2,66,0.5
932,20332.540145,20331.803479,20331.892146,20332.540145,20349.679461,0,NaN,0,7.00000000000003,1,2,66,0.5
933,20351.33346,20350.612127,20350.804793,20351.280126,20353.962124,1,2.99999999999994,0.0299999999999997,7.00000000000003,1,2,66,0.5
934,20355.190122,20354.622123,20354.662123,20355.190122,20369.688108,0,NaN,0,7.00000000000003,1,2,66,0.5
935,20371.609439,20370.994107,20371.11344,20371.556106,20374.164103,1,2.99999999999994,0.0299999999999997,7.00000000000003,1,2,66,0.5
936,20375.547435,20374.868769,20374.913436,20375.547435,20390.57142,0,NaN,0,7.00000000000003,1,2,66,0.5
937,20396.155415,20395.497415,20395.694082,20396.155415,20396.341415,1,NaN,0,5.99999999999996,2,1,65,0.5
938,20521.855956,20516.281961,20516.329961,20521.855956,20554.690589,0,NaN,0,7.00000000000003,1,2,66,0.5
939,20557.964586,20556.294588,20556.423254,20557.911253,20703.303774,1,2.99999999999994,0.0299999999999997,7.00000000000003,1,2,66,0.5
940,20761.977716,20761.099716,20761.156383,20761.977716,20766.750377,0,NaN,0,7.00000000000003,1,2,66,0.5
941,20778.152366,20776.993034,20777.280367,20778.152366,20795.627015,0,NaN,0,7.00000000000003,1,2,66,0.5
942,20798.115013,20797.190347,20797.34168,20798.115013,20824.616986,0,NaN,0,7.00000000000003,1,2,66,0.5
943,21046.966764,21046.216098,NaN,21046.966764,21054.992756,0,NaN,0,7.00000000000003,1,2,66,0.5
944,21057.56942,21056.247421,21056.418088,21057.516087,21063.523414,1,2.99999999999994,0.0299999999999997,7.00000000000003,1,2,66,0.5
945,21065.856745,21065.182746,21065.260079,21065.856745,21071.920072,1,NaN,0,5.99999999999996,2,1,65,0.5
946,21074.930736,21073.910071,21073.992737,21074.877403,21079.035398,1,2.99999999999994,0.0299999999999997,7.00000000000003,1,2,66,0.5
947,21080.983397,21080.231397,21080.350064,21080.983397,21140.326671,0,NaN,0,7.00000000000003,1,2,66,0.5
948,21142.309335,21141.309336,21141.350669,21142.309335,NaN,0,NaN,0,7.00000000000003,1,2,66,0.5
