trial,outcome,center_in,center_out,side_in,last_side_out,actions,reward,trial_types,odors,port_side,schedule,odor_name,odor_dur
1,441.200058,440.724725,440.792725,441.200058,444.050722,1,NaN,0,5.99999999999996,2,1,65,0.5
2,456.869375,456.310043,456.380043,456.869375,472.282027,1,NaN,0,5.99999999999996,2,1,65,0.5
3,473.702692,472.809359,473.007359,473.702692,509.731323,1,NaN,0,5.99999999999996,2,1,65,0.5
4,512.820653,511.98932,511.99332,512.76732,521.770644,1,1.99999999999996,0.0200000000000003,7.00000000000003,1,2,66,0.5
5,524.205308,523.363976,523.437309,524.185975,526.113973,0,1.99999999999996,0.0200000000000003,5.99999999999996,2,1,65,0.5
6,528.851303,527.959971,528.235304,528.851303,535.037297,1,NaN,0,5.99999999999996,2,1,65,0.5
7,541.011291,540.295959,540.569958,541.011291,548.107951,1,NaN,0,5.99999999999996,2,1,65,0.5
8,550.199282,549.081283,549.538616,550.145949,554.575944,1,1.99999999999996,0.0200000000000003,7.00000000000003,1,2,66,0.5
9,556.325276,555.108611,555.195277,556.322609,561.481937,0,1.99999999999996,0.0200000000000003,5.99999999999996,2,1,65,0.5
10,562.909269,562.244603,562.41327,562.909269,573.483925,1,NaN,0,5.99999999999996,2,1,65,0.5
11,574.617924,573.971925,574.183925,574.617924,580.460585,1,NaN,0,5.99999999999996,2,1,65,0.5
12,582.027917,581.145918,581.193251,582.027917,624.112542,0,NaN,0,7.00000000000003,1,2,66,0.5
13,630.363869,629.028537,629.493203,630.363869,634.845197,0,NaN,0,7.00000000000003,1,2,66,0.5
14,638.024528,637.056529,637.258528,638.024528,639.342526,0,NaN,0,7.00000000000003,1,2,66,0.5
15,654.257845,653.349846,653.579845,654.257845,662.060504,0,NaN,0,7.00000000000003,1,2,66,0.5
16,665.415834,664.297168,664.647168,665.415834,672.73716,0,NaN,0,7.00000000000003,1,2,66,0.5
17,675.745157,674.674491,675.029824,675.745157,686.131813,0,NaN,0,7.00000000000003,1,2,66,0.5
18,695.277804,694.122472,694.233805,695.277804,701.068465,0,NaN,0,7.00000000000003,1,2,66,0.5
19,713.265786,712.322453,712.576453,713.263119,719.340446,1,1.99999999999996,0.0200000000000003,7.00000000000003,1,2,66,0.5
20,720.981111,720.091112,720.149112,720.927778,727.767771,0,1.99999999999996,0.0200000000000003,5.99999999999996,2,1,65,0.5
21,729.784436,728.772437,729.13577,729.731103,734.892431,1,1.99999999999996,0.0200000000000003,7.00000000000003,1,2,66,0.5
22,736.738429,735.759097,735.817763,736.738429,742.421757,0,NaN,0,7.00000000000003,1,2,66,0.5
23,746.690419,745.575753,745.871753,746.690419,747.207752,0,NaN,0,7.00000000000003,1,2,66,0.5
24,755.29041,754.343745,754.551744,755.29041,780.236385,0,NaN,0,7.00000000000003,1,2,66,0.5
25,786.189046,784.650381,785.075714,786.186379,796.161703,1,1.99999999999996,0.0200000000000003,7.00000000000003,1,2,66,0.5
26,798.351701,797.412368,797.582368,798.298367,806.374359,1,1.99999999999996,0.0200000000000003,7.00000000000003,1,2,66,0.5
27,807.694358,806.977025,807.177692,807.694358,852.042314,1,NaN,0,5.99999999999996,2,1,65,0.5
28,853.564312,852.58298,852.77098,853.510979,856.990309,1,1.99999999999996,0.0200000000000003,7.00000000000003,1,2,66,0.5
29,861.86297,860.882305,860.968971,861.809637,868.504964,0,1.99999999999996,0.0200000000000003,5.99999999999996,2,1,65,0.5
30,880.597618,879.360286,879.618953,880.594952,886.793613,1,1.99999999999996,0.0200000000000003,7.00000000000003,1,2,66,0.5
31,888.594944,887.597611,887.835611,888.594944,890.162942,1,NaN,0,5.99999999999996,2,1,65,0.5
32,903.093596,901.690264,901.862264,903.040929,908.668924,0,1.99999999999996,0.0200000000000003,5.99999999999996,2,1,65,0.5
33,910.450255,909.518923,909.654256,910.396922,923.079576,1,1.99999999999996,0.0200000000000003,7.00000000000003,1,2,66,0.5
34,924.802907,923.760242,923.963575,924.802907,927.494238,1,NaN,0,5.99999999999996,2,1,65,0.5
35,931.185568,930.426902,930.698235,931.185568,931.764901,1,NaN,0,5.99999999999996,2,1,65,0.5
36,941.126224,940.185559,940.399559,941.126224,953.938878,0,NaN,0,7.00000000000003,1,2,66,0.5
37,958.780874,957.721541,957.960208,958.72754,963.142869,0,1.99999999999996,0.0200000000000003,5.99999999999996,2,1,65,0.5
38,964.705534,963.752869,964.000868,964.705534,1105.670727,1,NaN,0,5.99999999999996,2,1,65,0.5
39,1112.291387,1111.320721,1111.474721,1112.238053,1117.072715,0,1.99999999999996,0.0200000000000003,5.99999999999996,2,1,65,0.5
40,1118.808047,1117.941381,1118.174714,1118.808047,1119.962712,1,NaN,0,5.99999999999996,2,1,65,0.5
41,1305.68586,1302.363197,1302.847863,1305.134527,1309.033857,0,NaN,0,5.99999999999996,2,1,65,0.5
42,1315.990516,1314.973851,1315.159184,1315.937183,1319.916512,0,1.99999999999996,0.0200000000000003,5.99999999999996,2,1,65,0.5
43,1322.08251,1320.995178,1321.308511,1322.08251,1322.68451,1,NaN,0,5.99999999999996,2,1,65,0.5
44,1343.721822,1342.753156,1342.777823,1343.719155,1346.925819,0,1.99999999999996,0.0200000000000003,5.99999999999996,2,1,65,0.5
45,1349.03515,1347.721818,1348.192484,1348.981817,1356.080476,1,1.99999999999996,0.0200000000000003,7.00000000000003,1,2,66,0.5
46,1357.923808,1356.725809,1357.049809,1357.870474,1362.65647,1,1.99999999999996,0.0200000000000003,7.00000000000003,1,2,66,0.5
47,1363.903802,1363.327802,1363.407802,1363.903802,1369.704463,0,NaN,0,7.00000000000003,1,2,66,0.5
48,1373.602459,1372.58846,1372.815126,1373.602459,1376.269789,0,NaN,0,7.00000000000003,1,2,66,0.5
49,1397.636435,1396.203769,1396.415769,1397.636435,1426.469739,0,NaN,0,7.00000000000003,1,2,66,0.5
50,1440.937058,1439.973059,1440.031059,1440.883725,1448.406384,1,1.99999999999996,0.0200000000000003,7.00000000000003,1,2,66,0.5
51,1452.059047,1450.977048,1451.249048,1452.005714,1459.00904,1,1.99999999999996,0.0200000000000003,7.00000000000003,1,2,66,0.5
52,1460.591705,1459.708373,1459.966372,1460.591705,1461.713037,1,NaN,0,5.99999999999996,2,1,65,0.5
53,1476.425023,1475.421024,1475.558357,1476.371689,1479.15302,1,1.99999999999996,0.0200000000000003,7.00000000000003,1,2,66,0.5
54,1480.699018,1479.762353,1479.856352,1480.699018,1481.144351,0,NaN,0,7.00000000000003,1,2,66,0.5
55,1493.497672,1492.18834,1492.391007,1493.444343,1496.756336,0,1.99999999999996,0.0200000000000003,5.99999999999996,2,1,65,0.5
56,1499.072333,1498.174339,1498.317001,1499.019,1503.234996,1,1.99999999999996,0.0200000000000003,7.00000000000003,1,2,66,0.5
57,1504.710328,1503.910328,1503.944995,1504.707661,1508.553657,0,1.99999999999996,0.0200000000000003,5.99999999999996,2,1,65,0.5
58,1510.498322,1509.527656,1509.788323,1510.444988,1516.302316,1,1.99999999999996,0.0200000000000003,7.00000000000003,1,2,66,0.5
59,1518.360981,1517.279648,1517.525648,1518.360981,1518.694314,1,NaN,0,5.99999999999996,2,1,65,0.5
60,1530.090302,1529.07897,1529.289636,1530.087636,1533.698299,0,1.99999999999996,0.0200000000000003,5.99999999999996,2,1,65,0.5
61,1535.440964,1534.446965,1534.874964,1535.38763,1539.464959,1,1.99999999999996,0.0200000000000003,7.00000000000003,1,2,66,0.5
62,1541.102958,1540.056292,1540.222959,1541.102958,1542.234957,0,NaN,0,7.00000000000003,1,2,66,0.5
63,1548.766284,1547.534951,1547.761618,1548.71295,1553.168946,0,1.99999999999996,0.0200000000000003,5.99999999999996,2,1,65,0.5
64,1555.59361,1554.692944,1554.916277,1555.540277,1559.416273,1,1.99999999999996,0.0200000000000003,7.00000000000003,1,2,66,0.5
65,1560.780938,1560.057606,1560.148272,1560.780938,1566.273599,0,NaN,0,7.00000000000003,1,2,66,0.5
66,1568.749597,1567.582265,1568.016264,1568.749597,1575.714923,0,NaN,0,7.00000000000003,1,2,66,0.5
67,1578.204254,1577.198255,1577.618255,1578.204254,1590.021576,0,NaN,0,7.00000000000003,1,2,66,0.5
68,1591.506241,1590.552242,1590.816241,1591.506241,1604.447561,1,NaN,0,5.99999999999996,2,1,65,0.5
69,1606.532226,1605.256894,1605.726227,1606.478892,1609.686223,1,1.99999999999996,0.0200000000000003,7.00000000000003,1,2,66,0.5
70,1611.348221,1610.418889,1610.482222,1611.348221,1622.943543,0,NaN,0,7.00000000000003,1,2,66,0.5
71,1624.110208,1623.402876,1623.612875,1624.110208,1624.852207,1,NaN,0,5.99999999999996,2,1,65,0.5
72,1638.503527,1637.197528,1637.430195,1638.450194,1642.704856,0,1.99999999999996,0.0200000000000003,5.99999999999996,2,1,65,0.5
73,1644.202188,1643.295522,1643.526855,1644.202188,1651.611514,1,NaN,0,5.99999999999996,2,1,65,0.5
74,1657.828841,1656.480176,1656.985509,1657.775508,1665.182834,1,1.99999999999996,0.0200000000000003,7.00000000000003,1,2,66,0.5
75,1666.903499,1665.844166,1666.130166,1666.900832,1669.986829,1,1.99999999999996,0.0200000000000003,7.00000000000003,1,2,66,0.5
76,1671.574827,1670.574828,1670.736162,1671.521494,1675.61149,0,1.99999999999996,0.0200000000000003,5.99999999999996,2,1,65,0.5
77,1677.515488,1676.446823,1676.684156,1677.462155,1680.975485,1,1.99999999999996,0.0200000000000003,7.00000000000003,1,2,66,0.5
78,1682.802149,1681.91215,1681.92615,1682.748816,1686.734813,0,1.99999999999996,0.0200000000000003,5.99999999999996,2,1,65,0.5
79,1688.274811,1687.505478,1687.714811,1688.274811,1689.19881,1,NaN,0,5.99999999999996,2,1,65,0.5
80,1697.926801,1696.918135,1696.976802,1697.926801,1726.145439,0,NaN,0,7.00000000000003,1,2,66,0.5
81,1738.84876,1737.898094,1738.136761,1738.84876,1744.521421,0,NaN,0,7.00000000000003,1,2,66,0.5
82,1784.121382,1783.070049,1783.326716,1784.068048,1790.495375,0,1.99999999999996,0.0200000000000003,5.99999999999996,2,1,65,0.5
83,1792.39404,1791.321374,1791.539374,1792.39404,1799.171366,1,NaN,0,5.99999999999996,2,1,65,0.5
84,1804.982027,1803.991362,1804.222695,1804.982027,1807.023359,0,NaN,0,7.00000000000003,1,2,66,0.5
85,1833.475999,1832.516,1832.582,1833.475999,1835.890663,0,NaN,0,7.00000000000003,1,2,66,0.5
86,1843.939322,1842.71199,1842.952656,1843.939322,1850.655315,0,NaN,0,7.00000000000003,1,2,66,0.5
87,1862.860636,1861.721304,1862.094637,1862.860636,1863.990635,1,NaN,0,5.99999999999996,2,1,65,0.5
88,2102.15573,2100.715732,2100.829065,2102.15573,2102.598396,0,NaN,0,7.00000000000003,1,2,66,0.5
89,2110.419055,2109.494389,2109.535056,2110.419055,2115.94905,0,NaN,0,7.00000000000003,1,2,66,0.5
90,2119.539713,2117.973714,2118.68838,2119.539713,2133.681699,0,NaN,0,7.00000000000003,1,2,66,0.5
91,2136.329029,2135.202364,2135.369697,2136.275696,2140.707692,1,1.99999999999996,0.0200000000000003,7.00000000000003,1,2,66,0.5
92,2143.613022,2142.481023,2142.67569,2143.613022,2144.506354,0,NaN,0,7.00000000000003,1,2,66,0.5
93,2150.215015,2149.597683,2149.695016,2150.215015,2162.53367,1,NaN,0,5.99999999999996,2,1,65,0.5
94,2166.025666,2165.003667,2165.349667,2165.972333,2171.487661,1,1.99999999999996,0.0200000000000003,7.00000000000003,1,2,66,0.5
95,2173.210992,2172.25966,2172.314327,2173.210992,2174.994991,0,NaN,0,7.00000000000003,1,2,66,0.5
96,2181.948317,2180.458318,2180.977651,2181.948317,2183.350316,0,NaN,0,7.00000000000003,1,2,66,0.5
97,2190.868975,2189.44231,2190.097642,2190.866308,2197.381635,1,1.99999999999996,0.0200000000000003,7.00000000000003,1,2,66,0.5
98,2199.562966,2198.309634,2198.357634,2199.560299,2203.314296,0,1.99999999999996,0.0200000000000003,5.99999999999996,2,1,65,0.5
99,2205.052294,2204.290295,2204.503628,2205.052294,2206.199626,1,NaN,0,5.99999999999996,2,1,65,0.5
100,2212.970953,2212.100287,2212.232953,2212.970953,2213.004953,0,NaN,0,7.00000000000003,1,2,66,0.5
101,2221.686944,2220.578945,2220.809611,2221.686944,2222.764943,0,NaN,0,7.00000000000003,1,2,66,0.5
102,2228.59827,2227.362938,2227.413605,2228.544937,2233.107599,1,1.99999999999996,0.0200000000000003,7.00000000000003,1,2,66,0.5
103,2235.587597,2234.408931,2234.554931,2235.58493,2245.160254,0,1.99999999999996,0.0200000000000003,5.99999999999996,2,1,65,0.5
104,2247.652251,2246.396253,2246.739586,2247.598918,2257.928241,1,1.99999999999996,0.0200000000000003,7.00000000000003,1,2,66,0.5
105,2261.493571,2260.125572,2260.520905,2261.490904,2266.628899,1,1.99999999999996,0.0200000000000003,7.00000000000003,1,2,66,0.5
106,2269.513563,2268.293564,2268.552897,2269.46023,2277.456888,0,1.99999999999996,0.0200000000000003,5.99999999999996,2,1,65,0.5
107,2280.536218,2279.137553,2279.21022,2280.482885,2287.782211,1,1.99999999999996,0.0200000000000003,7.00000000000003,1,2,66,0.5
108,2290.304875,2289.221543,2289.28621,2290.304875,2298.6002,0,NaN,0,7.00000000000003,1,2,66,0.5
109,2302.748196,2301.194864,2301.79953,2302.748196,2304.600861,0,NaN,0,7.00000000000003,1,2,66,0.5
110,2310.544188,2308.873523,2309.231523,2310.490855,2317.202182,1,1.99999999999996,0.0200000000000003,7.00000000000003,1,2,66,0.5
111,2319.14418,2318.083514,2318.147514,2319.14418,2326.254839,0,NaN,0,7.00000000000003,1,2,66,0.5
112,2332.616166,2331.229501,2331.642834,2332.616166,2342.712823,0,NaN,0,7.00000000000003,1,2,66,0.5
113,2346.788152,2345.516153,2345.835486,2346.788152,2348.648817,0,NaN,0,7.00000000000003,1,2,66,0.5
114,2404.868761,2403.608095,2403.836762,2404.868761,2405.187427,0,NaN,0,7.00000000000003,1,2,66,0.5
115,2414.722084,2413.486752,2413.751419,2414.722084,2415.416084,1,NaN,0,5.99999999999996,2,1,65,0.5
116,2436.010063,2434.963397,2435.166064,2435.95673,2439.653393,0,1.99999999999996,0.0200000000000003,5.99999999999996,2,1,65,0.5
117,2441.421391,2440.474725,2440.758058,2441.368058,2445.82072,1,1.99999999999996,0.0200000000000003,7.00000000000003,1,2,66,0.5
118,2447.881384,2446.628719,2446.818719,2447.828051,2453.494045,0,1.99999999999996,0.0200000000000003,5.99999999999996,2,1,65,0.5
119,2455.798043,2454.450045,2454.903377,2455.74471,2461.494037,1,1.99999999999996,0.0200000000000003,7.00000000000003,1,2,66,0.5
120,2463.346036,2462.420703,2462.464703,2463.343369,2468.786697,0,1.99999999999996,0.0200000000000003,5.99999999999996,2,1,65,0.5
121,2471.079361,2469.792696,2470.103362,2471.079361,2471.806694,1,NaN,0,5.99999999999996,2,1,65,0.5
122,2481.080685,2479.818019,2480.129352,2481.080685,2482.086017,0,NaN,0,7.00000000000003,1,2,66,0.5
123,2490.828675,2489.618676,2489.871342,2490.828675,2491.464007,1,NaN,0,5.99999999999996,2,1,65,0.5
124,2503.265329,2501.834664,2502.400663,2503.265329,2506.461993,0,NaN,0,7.00000000000003,1,2,66,0.5
125,2511.151321,2509.642656,2510.242655,2511.151321,2522.24331,1,NaN,0,5.99999999999996,2,1,65,0.5
126,2524.116641,2523.009309,2523.301976,2524.116641,2537.372628,1,NaN,0,5.99999999999996,2,1,65,0.5
127,2538.78796,2537.853294,2537.913961,2538.734627,2543.914622,0,1.99999999999996,0.0200000000000003,5.99999999999996,2,1,65,0.5
128,2545.415287,2544.608621,2544.847287,2545.415287,2547.359952,1,NaN,0,5.99999999999996,2,1,65,0.5
129,2553.183946,2551.699281,2552.299947,2553.183946,2558.307274,0,NaN,0,7.00000000000003,1,2,66,0.5
130,2566.406599,2565.361934,2565.577933,2566.353266,2569.669263,0,1.99999999999996,0.0200000000000003,5.99999999999996,2,1,65,0.5
131,2571.593927,2570.509928,2570.796595,2571.593927,2571.94326,1,NaN,0,5.99999999999996,2,1,65,0.5
132,2580.422585,2579.427253,2579.528586,2580.422585,2580.981918,0,NaN,0,7.00000000000003,1,2,66,0.5
133,2592.218573,2591.253241,2591.504574,2592.218573,2592.656573,0,NaN,0,7.00000000000003,1,2,66,0.5
134,2599.907899,2598.8699,2599.127233,2599.907899,2601.281231,0,NaN,0,7.00000000000003,1,2,66,0.5
135,2616.766549,2615.763217,2615.957883,2616.713216,2623.351209,0,1.99999999999996,0.0200000000000003,5.99999999999996,2,1,65,0.5
136,2625.62254,2624.523874,2624.771208,2625.569207,2631.303201,1,1.99999999999996,0.0200000000000003,7.00000000000003,1,2,66,0.5
137,2633.208532,2632.210533,2632.264533,2633.208532,2635.327197,0,NaN,0,7.00000000000003,1,2,66,0.5
138,2639.921859,2638.933193,2639.087193,2639.869192,2648.52385,1,1.99999999999996,0.0200000000000003,7.00000000000003,1,2,66,0.5
139,2650.485848,2649.488516,2649.889182,2650.485848,2653.675179,1,NaN,0,5.99999999999996,2,1,65,0.5
140,2661.163838,2660.123839,2660.351172,2661.163838,2667.052499,0,NaN,0,7.00000000000003,1,2,66,0.5
141,2673.548492,2672.371827,2672.66916,2673.495159,2678.823153,1,1.99999999999996,0.0200000000000003,7.00000000000003,1,2,66,0.5
142,2680.245819,2679.464486,2679.526486,2680.245819,2687.073812,0,NaN,0,7.00000000000003,1,2,66,0.5
143,2691.364474,2690.261142,2690.593808,2691.364474,2696.766469,0,NaN,0,7.00000000000003,1,2,66,0.5
144,2699.155133,2698.016468,2698.4578,2699.155133,2700.763798,1,NaN,0,5.99999999999996,2,1,65,0.5
145,2709.321123,2707.064459,2707.269792,2709.321123,2713.112452,0,NaN,0,7.00000000000003,1,2,66,0.5
146,2720.219112,2718.725114,2719.258446,2720.219112,2720.473778,0,NaN,0,7.00000000000003,1,2,66,0.5
147,2727.924438,2726.801105,2726.998439,2727.871104,2735.287764,0,1.99999999999996,0.0200000000000003,5.99999999999996,2,1,65,0.5
148,2737.279762,2736.121096,2736.357763,2737.279762,2738.712427,1,NaN,0,5.99999999999996,2,1,65,0.5
149,2744.933087,2743.858422,2744.149755,2744.933087,2749.771082,0,NaN,0,7.00000000000003,1,2,66,0.5
150,2751.94108,2751.040415,2751.329748,2751.94108,2771.069061,1,NaN,0,5.99999999999996,2,1,65,0.5
151,2772.54706,2771.587061,2771.818394,2772.493726,2782.08905,1,1.99999999999996,0.0200000000000003,7.00000000000003,1,2,66,0.5
152,2784.315048,2783.131716,2783.163716,2784.261715,2793.329039,0,1.99999999999996,0.0200000000000003,5.99999999999996,2,1,65,0.5
153,2795.963036,2795.007704,2795.079704,2795.909703,2801.106365,1,1.99999999999996,0.0200000000000003,7.00000000000003,1,2,66,0.5
154,2803.270362,2802.194363,2802.22103,2803.267696,2811.903687,0,1.99999999999996,0.0200000000000003,5.99999999999996,2,1,65,0.5
155,2814.068352,2812.828353,2813.089019,2814.068352,2818.98368,1,NaN,0,5.99999999999996,2,1,65,0.5
156,2824.335675,2823.335009,2823.392342,2824.282341,2833.120333,0,1.99999999999996,0.0200000000000003,5.99999999999996,2,1,65,0.5
157,2835.54633,2834.520331,2834.653664,2835.543663,2840.022992,1,1.99999999999996,0.0200000000000003,7.00000000000003,1,2,66,0.5
158,2841.91699,2840.898991,2841.056991,2841.913657,2851.384314,0,1.99999999999996,0.0200000000000003,5.99999999999996,2,1,65,0.5
159,2853.744312,2852.949646,2853.037646,2853.744312,2860.731638,1,NaN,0,5.99999999999996,2,1,65,0.5
160,2863.717635,2862.60297,2862.871636,2863.717635,2865.059634,1,NaN,0,5.99999999999996,2,1,65,0.5
161,2871.226294,2869.897629,2870.420962,2871.226294,2884.907614,0,NaN,0,7.00000000000003,1,2,66,0.5
162,2886.927612,2885.830946,2886.099613,2886.874279,2891.795607,1,1.99999999999996,0.0200000000000003,7.00000000000003,1,2,66,0.5
163,2893.450272,2892.532273,2892.612273,2893.396939,2899.523599,0,1.99999999999996,0.0200000000000003,5.99999999999996,2,1,65,0.5
164,2901.516264,2900.494932,2900.662932,2901.462931,2904.402261,1,1.99999999999996,0.0200000000000003,7.00000000000003,1,2,66,0.5
165,2905.95426,2905.011594,2905.082261,2905.900926,2913.082919,0,1.99999999999996,0.0200000000000003,5.99999999999996,2,1,65,0.5
166,2915.058917,2913.969585,2914.185585,2915.058917,2934.126231,1,NaN,0,5.99999999999996,2,1,65,0.5
167,2935.960896,2934.978897,2935.041564,2935.960896,3133.966698,0,NaN,0,7.00000000000003,1,2,66,0.5
168,3136.00403,3134.966031,3135.097364,3135.950696,3139.42536,0,1.99999999999996,0.0200000000000003,5.99999999999996,2,1,65,0.5
169,3144.030688,3143.050689,3143.239356,3143.977355,3147.928018,1,1.99999999999996,0.0200000000000003,7.00000000000003,1,2,66,0.5
170,3149.458683,3148.664684,3148.740017,3149.458683,3156.221343,0,NaN,0,7.00000000000003,1,2,66,0.5
171,3158.412674,3157.263342,3157.475341,3158.412674,3161.769337,0,NaN,0,7.00000000000003,1,2,66,0.5
172,3166.263333,3165.112001,3165.643333,3166.263333,3173.268659,1,NaN,0,5.99999999999996,2,1,65,0.5
173,3177.305322,3175.980656,3176.335323,3177.302655,3181.288651,1,1.99999999999996,0.0200000000000003,7.00000000000003,1,2,66,0.5
174,3183.114649,3182.32665,3182.557316,3183.114649,3184.637314,0,NaN,0,7.00000000000003,1,2,66,0.5
175,3190.002642,3189.13131,3189.255976,3189.949309,3194.089972,1,1.99999999999996,0.0200000000000003,7.00000000000003,1,2,66,0.5
176,3195.857303,3194.753304,3194.823971,3195.80397,3201.93863,0,1.99999999999996,0.0200000000000003,5.99999999999996,2,1,65,0.5
177,3204.636628,3203.683962,3203.827962,3204.583294,3209.291956,1,1.99999999999996,0.0200000000000003,7.00000000000003,1,2,66,0.5
178,3211.237954,3210.237955,3210.275289,3211.184621,3216.453283,0,1.99999999999996,0.0200000000000003,5.99999999999996,2,1,65,0.5
179,3218.77328,3217.669948,3217.863948,3218.719947,3226.429273,1,1.99999999999996,0.0200000000000003,7.00000000000003,1,2,66,0.5
180,3228.221271,3227.234605,3227.560605,3228.221271,3239.35526,1,NaN,0,5.99999999999996,2,1,65,0.5
181,3240.785925,3239.952592,3240.241259,3240.785925,3247.637918,1,NaN,0,5.99999999999996,2,1,65,0.5
182,3252.53858,3251.570581,3251.961247,3252.53858,3259.794572,1,NaN,0,5.99999999999996,2,1,65,0.5
183,3262.385237,3261.363238,3261.626571,3262.385237,3279.799886,1,NaN,0,5.99999999999996,2,1,65,0.5
184,3284.575881,3283.448549,3283.622549,3284.575881,3285.432547,1,NaN,0,5.99999999999996,2,1,65,0.5
185,3300.701865,3299.849866,3299.947866,3300.648532,3308.981857,0,1.99999999999996,0.0200000000000003,5.99999999999996,2,1,65,0.5
186,3311.623854,3310.756522,3310.823855,3311.570521,3314.747184,1,1.99999999999996,0.0200000000000003,7.00000000000003,1,2,66,0.5
187,3316.395183,3315.449184,3315.50585,3316.341849,3322.541176,0,1.99999999999996,0.0200000000000003,5.99999999999996,2,1,65,0.5
188,3325.913173,3325.31784,3325.343174,3325.913173,3326.673172,0,NaN,0,7.00000000000003,1,2,66,0.5
189,3337.079162,3336.167163,3336.351163,3337.079162,3346.945152,0,NaN,0,7.00000000000003,1,2,66,0.5
190,3351.243814,3350.039816,3350.575148,3351.243814,3351.549814,0,NaN,0,7.00000000000003,1,2,66,0.5
191,3360.929138,3359.885806,3360.013806,3360.875805,3365.513133,1,1.99999999999996,0.0200000000000003,7.00000000000003,1,2,66,0.5
192,3367.321798,3366.405799,3366.433799,3367.305132,3373.544459,0,1.99999999999996,0.0200000000000003,5.99999999999996,2,1,65,0.5
193,3375.865123,3374.844457,3374.957124,3375.81179,3380.183119,1,1.99999999999996,0.0200000000000003,7.00000000000003,1,2,66,0.5
194,3382.075784,3381.282451,3381.343784,3382.075784,3389.048443,0,NaN,0,7.00000000000003,1,2,66,0.5
195,3395.72577,3390.595108,3390.761775,3395.174437,NaN,0,NaN,0,5.99999999999996,2,1,65,0.5
196,3409.216423,3407.716425,3408.139091,3409.16309,3418.567748,1,1.99999999999996,0.0200000000000003,7.00000000000003,1,2,66,0.5
197,3420.914411,3419.573746,3419.979079,3420.861078,3433.598399,1,1.99999999999996,0.0200000000000003,7.00000000000003,1,2,66,0.5
198,3435.591063,3434.402398,3434.611731,3435.591063,3462.679036,1,NaN,0,5.99999999999996,2,1,65,0.5
199,3478.326354,3477.220355,3477.437688,3478.273021,3489.910342,0,1.99999999999996,0.0200000000000003,5.99999999999996,2,1,65,0.5
200,3492.051007,3490.959008,3491.154341,3492.04834,3497.360335,0,1.99999999999996,0.0200000000000003,5.99999999999996,2,1,65,0.5
201,3500.199665,3499.249,3499.332333,3500.199665,3504.427661,1,NaN,0,5.99999999999996,2,1,65,0.5
202,3510.494322,3509.034323,3509.338323,3510.494322,3513.570985,1,NaN,0,5.99999999999996,2,1,65,0.5
203,3518.292314,3516.978982,3517.238982,3518.238981,3525.392974,0,1.99999999999996,0.0200000000000003,5.99999999999996,2,1,65,0.5
204,3527.648305,3526.732306,3526.932305,3527.648305,3535.774296,1,NaN,0,5.99999999999996,2,1,65,0.5
205,3538.025628,3536.942962,3537.361628,3538.025628,3540.929625,1,NaN,0,5.99999999999996,2,1,65,0.5
206,3554.488944,3553.493612,3553.570945,3554.488944,3558.959607,1,NaN,0,5.99999999999996,2,1,65,0.5
207,3562.402937,3561.224938,3561.487604,3562.402937,3571.484927,1,NaN,0,5.99999999999996,2,1,65,0.5
208,3573.812258,3572.55226,3572.912259,3573.812258,3596.493569,1,NaN,0,5.99999999999996,2,1,65,0.5
209,3598.378234,3597.240902,3597.434902,3598.324901,3606.056893,0,1.99999999999996,0.0200000000000003,5.99999999999996,2,1,65,0.5
210,3608.333557,3607.392892,3607.466225,3608.333557,3610.553555,1,NaN,0,5.99999999999996,2,1,65,0.5
211,3616.622216,3615.62355,3615.750217,3616.568882,3625.256874,0,1.99999999999996,0.0200000000000003,5.99999999999996,2,1,65,0.5
212,3627.611538,3626.444872,3626.671539,3627.611538,3637.147528,1,NaN,0,5.99999999999996,2,1,65,0.5
213,3639.132193,3637.826194,3638.068861,3639.132193,3639.21886,1,NaN,0,5.99999999999996,2,1,65,0.5
214,3706.218126,3705.066794,3705.316127,3706.218126,3707.474791,0,NaN,0,7.00000000000003,1,2,66,0.5
215,3718.947447,3717.889448,3718.006781,3718.894113,3722.814109,1,1.99999999999996,0.0200000000000003,7.00000000000003,1,2,66,0.5
216,3724.456108,3723.546109,3723.62011,3724.456108,3725.56744,0,NaN,0,7.00000000000003,1,2,66,0.5
217,3742.11209,3740.621425,3741.072091,3742.11209,3742.73609,1,NaN,0,5.99999999999996,2,1,65,0.5
218,3752.789413,3751.706747,3751.927414,3752.789413,3753.574745,0,NaN,0,7.00000000000003,1,2,66,0.5
219,4216.416283,4214.853617,4215.429617,4216.362949,4222.306943,0,1.99999999999996,0.0200000000000003,5.99999999999996,2,1,65,0.5
220,4225.120941,4223.542942,4224.234275,4225.118274,4231.922267,1,1.99999999999996,0.0200000000000003,7.00000000000003,1,2,66,0.5
221,4237.520261,4236.064263,4236.248263,4237.466928,4244.141588,0,1.99999999999996,0.0200000000000003,5.99999999999996,2,1,65,0.5
222,4246.606252,4245.589587,4245.940253,4246.606252,4254.308911,1,NaN,0,5.99999999999996,2,1,65,0.5
223,4258.49224,4257.650908,4257.761575,4258.438907,4262.943569,0,1.99999999999996,0.0200000000000003,5.99999999999996,2,1,65,0.5
224,4264.874234,4263.830902,4264.051568,4264.866901,4271.613561,0,1.99999999999996,0.0200000000000003,5.99999999999996,2,1,65,0.5
225,4273.709559,4272.382893,4272.780226,4273.706892,4280.272219,0,1.99999999999996,0.0200000000000003,5.99999999999996,2,1,65,0.5
226,4282.532216,4281.570217,4281.689551,4282.532216,4283.066216,1,NaN,0,5.99999999999996,2,1,65,0.5
227,4295.103537,4294.303538,4294.389538,4295.103537,4302.500863,0,NaN,0,7.00000000000003,1,2,66,0.5
228,4305.341527,4304.316861,4304.508861,4305.341527,4306.01686,1,NaN,0,5.99999999999996,2,1,65,0.5
229,4396.377436,4395.140104,4395.226771,4396.377436,4404.867427,0,NaN,0,7.00000000000003,1,2,66,0.5
230,4411.434754,4406.858759,4407.053425,4411.434754,4411.970087,0,NaN,0,7.00000000000003,1,2,66,0.5
231,4440.822725,4438.992727,4439.472726,4440.769392,4451.496047,0,1.99999999999996,0.0200000000000003,5.99999999999996,2,1,65,0.5
232,4454.712711,4452.568046,4452.58938,4454.659378,4460.204039,0,1.99999999999996,0.0200000000000003,5.99999999999996,2,1,65,0.5
233,4463.172036,4461.714704,4462.200037,4463.118702,4469.28003,0,1.99999999999996,0.0200000000000003,5.99999999999996,2,1,65,0.5
234,4473.192026,4471.567361,4472.018027,4473.192026,4473.548692,1,NaN,0,5.99999999999996,2,1,65,0.5
235,4521.690644,4520.593312,4520.814645,4521.690644,4523.179976,0,NaN,0,7.00000000000003,1,2,66,0.5
236,4535.743297,4533.115966,4533.335299,4535.743297,4801.608364,1,NaN,0,5.99999999999996,2,1,65,0.5
237,4808.751024,4807.579025,4807.820358,4808.751024,4810.193022,0,NaN,0,7.00000000000003,1,2,66,0.5
238,4816.498349,4815.267684,4815.577017,4816.445016,4823.315009,0,1.99999999999996,0.0200000000000003,5.99999999999996,2,1,65,0.5
239,4825.745673,4824.373675,4824.599674,4825.69234,4833.407666,0,1.99999999999996,0.0200000000000003,5.99999999999996,2,1,65,0.5
240,4836.440329,4834.708331,4835.28033,4836.440329,4837.576328,0,NaN,0,7.00000000000003,1,2,66,0.5
241,4847.310985,4845.83032,4846.154319,4847.310985,4847.883651,0,NaN,0,7.00000000000003,1,2,66,0.5
242,4870.330295,4869.166963,4869.21963,4870.276962,4874.893624,1,1.99999999999996,0.0200000000000003,7.00000000000003,1,2,66,0.5
243,4876.564956,4875.561623,4875.636957,4876.511622,4882.328283,0,1.99999999999996,0.0200000000000003,5.99999999999996,2,1,65,0.5
244,4884.838947,4883.355616,4883.711615,4884.838947,4885.43428,0,NaN,0,7.00000000000003,1,2,66,0.5
245,4896.588269,4895.57427,4895.74027,4896.588269,4897.093602,0,NaN,0,7.00000000000003,1,2,66,0.5
246,4903.492262,4902.399597,4902.53093,4903.489595,4908.260257,0,1.99999999999996,0.0200000000000003,5.99999999999996,2,1,65,0.5
247,4910.843588,4909.390923,4909.678923,4910.843588,4915.894916,0,NaN,0,7.00000000000003,1,2,66,0.5
248,4946.202886,4945.140887,4945.24022,4946.202886,4946.652219,0,NaN,0,7.00000000000003,1,2,66,0.5
249,4953.490879,4952.212214,4952.509546,4953.490879,4961.384204,0,NaN,0,7.00000000000003,1,2,66,0.5
250,4963.479535,4962.105537,4962.32287,4963.479535,4968.51953,0,NaN,0,7.00000000000003,1,2,66,0.5
251,4989.10351,4987.938178,4988.213511,4989.10351,5001.238164,0,NaN,0,7.00000000000003,1,2,66,0.5
252,5004.860161,5003.740829,5003.905495,5004.860161,5005.53216,0,NaN,0,7.00000000000003,1,2,66,0.5
253,5016.870815,5015.59015,5015.821483,5016.817482,5022.659476,0,1.99999999999996,0.0200000000000003,5.99999999999996,2,1,65,0.5
254,5026.332139,5023.971475,5024.580808,5026.332139,5048.65745,0,NaN,0,7.00000000000003,1,2,66,0.5
255,5061.89077,5051.274114,5051.364781,5061.89077,5062.075437,0,NaN,0,7.00000000000003,1,2,66,0.5
256,5116.676716,5115.69405,5115.82205,5116.676716,5116.991382,0,NaN,0,7.00000000000003,1,2,66,0.5
257,5124.042042,5123.041376,5123.172709,5124.042042,5127.342705,0,NaN,0,7.00000000000003,1,2,66,0.5
258,5839.940659,5838.479994,5838.555327,5839.940659,5840.704658,0,NaN,0,7.00000000000003,1,2,66,0.5
259,5852.18398,5850.948648,5850.991981,5852.18398,5857.641975,0,NaN,0,7.00000000000003,1,2,66,0.5
260,5941.760557,5940.553892,5940.843225,5941.760557,5942.318557,0,NaN,0,7.00000000000003,1,2,66,0.5
261,5948.95655,5947.574551,5947.994551,5948.95655,5949.697883,0,NaN,0,7.00000000000003,1,2,66,0.5
262,5956.783876,5954.844544,5955.537877,5956.730542,5967.673865,1,1.99999999999996,0.0200000000000003,7.00000000000003,1,2,66,0.5
263,5970.234529,5968.617864,5969.01053,5970.181195,5976.743856,1,1.99999999999996,0.0200000000000003,7.00000000000003,1,2,66,0.5
264,5979.401853,5978.239187,5978.505854,5979.401853,5980.702518,0,NaN,0,7.00000000000003,1,2,66,0.5
265,5990.851841,5989.145843,5989.29851,5990.851841,6013.357819,0,NaN,0,7.00000000000003,1,2,66,0.5
266,6016.995815,6015.848483,6016.08115,6016.995815,6017.767815,0,NaN,0,7.00000000000003,1,2,66,0.5
267,6035.199797,6034.015132,6034.319798,6035.199797,6056.693776,0,NaN,0,7.00000000000003,1,2,66,0.5
268,6058.669774,6057.551108,6057.907774,6058.669774,6061.622437,0,NaN,0,7.00000000000003,1,2,66,0.5
269,6066.456432,6064.580434,6065.1511,6066.403099,6071.578427,1,1.99999999999996,0.0200000000000003,7.00000000000003,1,2,66,0.5
270,6074.523758,6073.451092,6073.787758,6074.523758,6081.787084,0,NaN,0,7.00000000000003,1,2,66,0.5
271,6088.233744,6086.819745,6087.343078,6088.233744,6088.52241,0,NaN,0,7.00000000000003,1,2,66,0.5
272,6138.855693,6137.681695,6137.878361,6138.855693,6139.26836,0,NaN,0,7.00000000000003,1,2,66,0.5
273,6159.771006,6158.63034,6158.847673,6159.717673,6164.762334,1,1.99999999999996,0.0200000000000003,7.00000000000003,1,2,66,0.5
274,6166.768332,6165.649667,6165.826333,6166.714999,6171.754327,0,1.99999999999996,0.0200000000000003,5.99999999999996,2,1,65,0.5
275,6183.519649,6182.286317,6182.556316,6183.508315,6194.756971,0,1.99999999999996,0.0200000000000003,5.99999999999996,2,1,65,0.5
276,6199.212966,6198.028968,6198.314967,6199.159633,6206.902959,1,1.99999999999996,0.0200000000000003,7.00000000000003,1,2,66,0.5
277,6209.440956,6208.300957,6208.342291,6209.387623,6220.466278,0,1.99999999999996,0.0200000000000003,5.99999999999996,2,1,65,0.5
278,6222.69961,6221.578277,6221.758944,6222.646276,6235.02293,0,1.99999999999996,0.0200000000000003,5.99999999999996,2,1,65,0.5
279,6237.217595,6236.002263,6236.142263,6237.164262,6243.479589,0,1.99999999999996,0.0200000000000003,5.99999999999996,2,1,65,0.5
280,6246.466919,6245.35692,6245.49292,6246.464252,6253.312912,1,1.99999999999996,0.0200000000000003,7.00000000000003,1,2,66,0.5
281,6256.11091,6254.988911,6255.016244,6256.11091,6257.281575,0,NaN,0,7.00000000000003,1,2,66,0.5
282,6264.763568,6263.402236,6263.722903,6264.763568,6267.864231,1,NaN,0,5.99999999999996,2,1,65,0.5
283,6272.466893,6271.046895,6271.459561,6272.464226,6284.339548,0,1.99999999999996,0.0200000000000003,5.99999999999996,2,1,65,0.5
284,6286.779545,6285.26488,6285.481547,6286.726212,6300.476865,1,1.99999999999996,0.0200000000000003,7.00000000000003,1,2,66,0.5
285,6302.784196,6301.691531,6301.786197,6302.784196,6311.076188,0,NaN,0,7.00000000000003,1,2,66,0.5
286,6316.160183,6314.691518,6315.216184,6316.10685,6327.262172,0,1.99999999999996,0.0200000000000003,5.99999999999996,2,1,65,0.5
287,6330.164835,6328.964837,6329.13217,6330.111502,6340.729492,0,1.99999999999996,0.0200000000000003,5.99999999999996,2,1,65,0.5
288,6343.008823,6341.860824,6341.958824,6342.955489,6352.970146,1,1.99999999999996,0.0200000000000003,7.00000000000003,1,2,66,0.5
289,6355.277477,6353.756812,6354.341478,6355.224144,6360.386805,1,1.99999999999996,0.0200000000000003,7.00000000000003,1,2,66,0.5
290,6363.104136,6361.810137,6362.05947,6363.104136,6364.016135,0,NaN,0,7.00000000000003,1,2,66,0.5
291,6370.510795,6368.91413,6369.585463,6370.510795,6372.380793,1,NaN,0,5.99999999999996,2,1,65,0.5
292,6415.411417,6413.997418,6414.551418,6415.358084,6423.826742,0,1.99999999999996,0.0200000000000003,5.99999999999996,2,1,65,0.5
293,6427.339405,6426.397406,6426.566739,6427.339405,6431.079401,0,NaN,0,7.00000000000003,1,2,66,0.5
294,6436.990062,6435.721397,6436.00673,6436.990062,6437.532061,0,NaN,0,7.00000000000003,1,2,66,0.5
295,6486.981345,6486.044013,6486.195346,6486.978679,6494.383338,0,1.99999999999996,0.0200000000000003,5.99999999999996,2,1,65,0.5
296,6496.800669,6495.726003,6495.87667,6496.800669,6497.381335,0,NaN,0,7.00000000000003,1,2,66,0.5
297,6505.85666,6504.799327,6504.974661,6505.85666,6506.609992,0,NaN,0,7.00000000000003,1,2,66,0.5
298,6597.257235,6596.047903,6596.391236,6597.254568,6602.109897,0,1.99999999999996,0.0200000000000003,5.99999999999996,2,1,65,0.5
299,6605.885226,6604.672561,6604.905227,6605.831893,6610.206555,1,1.99999999999996,0.0200000000000003,7.00000000000003,1,2,66,0.5
300,6612.05322,6610.998555,6611.166554,6612.05322,7256.381243,0,NaN,0,7.00000000000003,1,2,66,0.5
301,7259.927906,7258.928573,7259.22324,7259.927906,7259.974572,0,NaN,0,7.00000000000003,1,2,66,0.5
302,7275.078557,7273.348559,7273.643225,7275.075891,7277.267222,0,1.99999999999996,0.0200000000000003,5.99999999999996,2,1,65,0.5
303,7279.07722,7277.921888,7278.331887,7279.07722,7279.588553,0,NaN,0,7.00000000000003,1,2,66,0.5
304,7288.293211,7287.185878,7287.529211,7288.293211,7301.743864,1,NaN,0,5.99999999999996,2,1,65,0.5
305,7309.541856,7308.675857,7308.849857,7309.488523,7312.721853,1,1.99999999999996,0.0200000000000003,7.00000000000003,1,2,66,0.5
306,7314.907184,7313.761185,7313.948518,7314.907184,7314.945184,0,NaN,0,7.00000000000003,1,2,66,0.5
307,7331.630501,7330.585168,7330.786502,7331.577167,7333.643832,1,1.99999999999996,0.0200000000000003,7.00000000000003,1,2,66,0.5
308,7335.872496,7334.641164,7334.924497,7335.872496,7336.527829,0,NaN,0,7.00000000000003,1,2,66,0.5
309,7353.155812,7351.995147,7352.16248,7353.153146,7357.955808,1,1.99999999999996,0.0200000000000003,7.00000000000003,1,2,66,0.5
310,7359.813806,7358.738474,7358.81114,7359.760472,7366.802465,0,1.99999999999996,0.0200000000000003,5.99999999999996,2,1,65,0.5
311,7368.761797,7367.857131,7368.038464,7368.761797,7369.309796,1,NaN,0,5.99999999999996,2,1,65,0.5
312,7377.531788,7376.313789,7376.638456,7377.478455,7385.785113,0,1.99999999999996,0.0200000000000003,5.99999999999996,2,1,65,0.5
313,7387.918444,7386.912445,7386.959112,7387.918444,7388.549777,0,NaN,0,7.00000000000003,1,2,66,0.5
314,7395.502437,7394.198438,7394.443771,7395.49977,7400.831765,1,1.99999999999996,0.0200000000000003,7.00000000000003,1,2,66,0.5
315,7403.112429,7402.215097,7402.301097,7403.059096,7411.489087,0,1.99999999999996,0.0200000000000003,5.99999999999996,2,1,65,0.5
316,7413.867085,7412.46842,7412.655086,7413.813752,7419.975079,1,1.99999999999996,0.0200000000000003,7.00000000000003,1,2,66,0.5
317,7421.879744,7420.878411,7420.965745,7421.879744,7423.021743,0,NaN,0,7.00000000000003,1,2,66,0.5
318,7430.665735,7429.680403,7429.931736,7430.665735,7431.593067,1,NaN,0,5.99999999999996,2,1,65,0.5
319,7492.701006,7491.329674,7491.564341,7492.701006,7493.152339,0,NaN,0,7.00000000000003,1,2,66,0.5
320,7508.233657,7507.158992,7507.366325,7508.180324,7519.193646,1,1.99999999999996,0.0200000000000003,7.00000000000003,1,2,66,0.5
321,7521.626311,7520.409645,7520.882311,7521.626311,7522.58831,1,NaN,0,5.99999999999996,2,1,65,0.5
322,7538.635627,7537.070962,7537.378295,7538.582294,7547.868284,1,1.99999999999996,0.0200000000000003,7.00000000000003,1,2,66,0.5
323,7550.088282,7548.917617,7549.028283,7550.034949,7557.203608,0,1.99999999999996,0.0200000000000003,5.99999999999996,2,1,65,0.5
324,7559.571606,7558.352274,7558.510274,7559.518273,7568.156264,1,1.99999999999996,0.0200000000000003,7.00000000000003,1,2,66,0.5
325,7570.396262,7569.06693,7569.11293,7570.393595,7579.400253,0,1.99999999999996,0.0200000000000003,5.99999999999996,2,1,65,0.5
326,7582.35825,7581.314251,7581.430918,7582.35825,7582.765583,1,NaN,0,5.99999999999996,2,1,65,0.5
327,7590.380242,7589.054243,7589.486243,7590.326909,7597.732235,0,1.99999999999996,0.0200000000000003,5.99999999999996,2,1,65,0.5
328,7600.228899,7598.822233,7599.103567,7600.175565,7612.32822,0,1.99999999999996,0.0200000000000003,5.99999999999996,2,1,65,0.5
329,7614.218218,7613.236886,7613.256886,7614.218218,7614.882884,0,NaN,0,7.00000000000003,1,2,66,0.5
330,7624.104875,7623.056876,7623.252209,7624.104875,7624.725541,0,NaN,0,7.00000000000003,1,2,66,0.5
331,7642.327523,7640.525525,7640.936191,7642.324857,7655.244177,1,1.99999999999996,0.0200000000000003,7.00000000000003,1,2,66,0.5
332,7657.597508,7656.034176,7656.582176,7657.594841,7665.374834,1,1.99999999999996,0.0200000000000003,7.00000000000003,1,2,66,0.5
333,7667.357498,7666.306166,7666.329499,7667.357498,7674.706158,0,NaN,0,7.00000000000003,1,2,66,0.5
334,7681.334151,7680.212819,7680.477485,7681.334151,7684.774147,0,NaN,0,7.00000000000003,1,2,66,0.5
335,7690.437475,7689.038143,7689.37681,7690.437475,7692.607473,0,NaN,0,7.00000000000003,1,2,66,0.5
336,7698.420134,7697.184135,7697.466801,7698.420134,7699.073467,0,NaN,0,7.00000000000003,1,2,66,0.5
337,7706.366126,7705.21946,7705.37146,7706.312793,7715.030784,1,1.99999999999996,0.0200000000000003,7.00000000000003,1,2,66,0.5
338,7717.332115,7716.157449,7716.245449,7717.332115,7718.088114,0,NaN,0,7.00000000000003,1,2,66,0.5
339,7725.390107,7723.884108,7724.376108,7725.38744,7735.974763,1,1.99999999999996,0.0200000000000003,7.00000000000003,1,2,66,0.5
340,7739.410093,7738.205427,7738.466094,7739.35676,7749.504749,0,1.99999999999996,0.0200000000000003,5.99999999999996,2,1,65,0.5
341,7752.071414,7751.009415,7751.180748,7752.01808,7759.660073,1,1.99999999999996,0.0200000000000003,7.00000000000003,1,2,66,0.5
342,7761.981404,7760.792071,7760.848071,7761.978737,7772.092727,0,1.99999999999996,0.0200000000000003,5.99999999999996,2,1,65,0.5
343,7775.13339,7773.786059,7773.860058,7775.13339,7780.098052,0,NaN,0,7.00000000000003,1,2,66,0.5
344,7798.304034,7797.330702,7797.642035,7798.304034,7812.934019,0,NaN,0,7.00000000000003,1,2,66,0.5
345,7815.226017,7813.721352,7814.063352,7815.226017,7834.692664,0,NaN,0,7.00000000000003,1,2,66,0.5
346,7836.283996,7835.14333,7835.368664,7836.230663,7843.999988,0,1.99999999999996,0.0200000000000003,5.99999999999996,2,1,65,0.5
347,7846.183986,7845.088654,7845.238654,7846.183986,7858.867973,0,NaN,0,7.00000000000003,1,2,66,0.5
348,7861.328638,7860.057972,7860.375305,7861.328638,7877.089955,0,NaN,0,7.00000000000003,1,2,66,0.5
349,7878.757954,7877.683288,7877.878621,7878.70462,7882.787283,1,1.99999999999996,0.0200000000000003,7.00000000000003,1,2,66,0.5
350,7884.516614,7883.851948,7883.871282,7884.516614,7885.67528,0,NaN,0,7.00000000000003,1,2,66,0.5
351,7895.493937,7894.121271,7894.452604,7895.440604,7905.667927,1,1.99999999999996,0.0200000000000003,7.00000000000003,1,2,66,0.5
352,7909.043923,7907.784591,7907.889924,7908.99059,7918.104581,0,1.99999999999996,0.0200000000000003,5.99999999999996,2,1,65,0.5
353,7920.642578,7919.275913,7919.614579,7920.642578,7921.251244,0,NaN,0,7.00000000000003,1,2,66,0.5
354,7927.771905,7926.419239,7926.751239,7927.771905,7935.34523,0,NaN,0,7.00000000000003,1,2,66,0.5
355,7941.415891,7939.863892,7940.147225,7941.415891,7941.500557,0,NaN,0,7.00000000000003,1,2,66,0.5
356,7949.709216,7948.001218,7948.605884,7949.655883,7956.365876,1,1.99999999999996,0.0200000000000003,7.00000000000003,1,2,66,0.5
357,7959.472539,7957.947208,7958.569207,7959.419206,7967.113865,0,1.99999999999996,0.0200000000000003,5.99999999999996,2,1,65,0.5
358,7969.961862,7968.525864,7968.933863,7969.961862,8457.432708,0,NaN,0,7.00000000000003,1,2,66,0.5
359,8459.472706,8458.183374,8458.388041,8459.419373,8465.5247,1,1.99999999999996,0.0200000000000003,7.00000000000003,1,2,66,0.5
360,8467.854031,8466.650032,8466.705366,8467.800698,8475.11269,0,1.99999999999996,0.0200000000000003,5.99999999999996,2,1,65,0.5
361,8478.152021,8476.913355,8477.267355,8478.152021,8486.846012,0,NaN,0,7.00000000000003,1,2,66,0.5
362,8489.808009,8488.61201,8488.832677,8489.808009,8490.798008,0,NaN,0,7.00000000000003,1,2,66,0.5
363,8520.315979,8519.14198,8519.582646,8520.315979,8525.725307,0,NaN,0,7.00000000000003,1,2,66,0.5
364,8529.119303,8528.024638,8528.191971,8529.06597,8537.022629,0,1.99999999999996,0.0200000000000003,5.99999999999996,2,1,65,0.5
365,8538.959293,8537.874628,8538.124627,8538.959293,8539.175293,0,NaN,0,7.00000000000003,1,2,66,0.5
366,8547.057285,8545.72862,8545.907287,8547.003952,8553.023946,1,1.99999999999996,0.0200000000000003,7.00000000000003,1,2,66,0.5
367,8555.057277,8553.831278,8554.017945,8555.057277,8562.31127,0,NaN,0,7.00000000000003,1,2,66,0.5
368,8566.0146,8564.557268,8564.840601,8566.0146,8572.996593,0,NaN,0,7.00000000000003,1,2,66,0.5
369,8594.923237,8594.050572,8594.249905,8594.923237,8595.173904,0,NaN,0,7.00000000000003,1,2,66,0.5
370,8607.460558,8606.159226,8606.556559,8607.407228,8613.285886,0,1.99999999999996,0.0200000000000003,5.99999999999996,2,1,65,0.5
371,8615.479217,8614.274551,8614.543218,8615.479217,8615.949216,0,NaN,0,7.00000000000003,1,2,66,0.5
372,8623.686542,8622.28921,8622.578543,8623.686542,8623.748542,0,NaN,0,7.00000000000003,1,2,66,0.5
373,8631.517867,8630.341202,8630.743868,8631.464534,8636.323196,1,1.99999999999996,0.0200000000000003,7.00000000000003,1,2,66,0.5
374,8638.416527,8637.144528,8637.409195,8638.416527,8657.229842,0,NaN,0,7.00000000000003,1,2,66,0.5
375,8660.109839,8658.73984,8659.202506,8660.109839,8668.633164,0,NaN,0,7.00000000000003,1,2,66,0.5
376,8671.521827,8670.483828,8670.651828,8671.468494,8677.194488,1,1.99999999999996,0.0200000000000003,7.00000000000003,1,2,66,0.5
377,8679.18982,8678.001154,8678.262487,8679.18982,8699.677799,0,NaN,0,7.00000000000003,1,2,66,0.5
378,8701.894464,8700.475132,8701.053798,8701.891797,8712.927119,0,1.99999999999996,0.0200000000000003,5.99999999999996,2,1,65,0.5
379,8715.135117,8714.067118,8714.248451,8715.135117,8718.577114,0,NaN,0,7.00000000000003,1,2,66,0.5
380,8818.816347,8817.608348,8817.755015,8818.816347,8819.152346,0,NaN,0,7.00000000000003,1,2,66,0.5
381,8842.37699,8841.084325,8841.277658,8842.37699,8849.17965,0,NaN,0,7.00000000000003,1,2,66,0.5
382,9287.087879,9285.17388,9285.637213,9287.087879,9287.337212,0,NaN,0,7.00000000000003,1,2,66,0.5
383,9296.660536,9295.31987,9295.67987,9296.660536,9457.590375,0,NaN,0,7.00000000000003,1,2,66,0.5
384,9461.259038,9459.751039,9460.341039,9461.205704,9463.701035,0,1.99999999999996,0.0200000000000003,5.99999999999996,2,1,65,0.5
385,9474.201025,9473.150359,9473.370359,9474.201025,9474.916357,0,NaN,0,7.00000000000003,1,2,66,0.5
386,9958.401874,9956.782542,9957.160542,9958.401874,9965.625867,0,NaN,0,7.00000000000003,1,2,66,0.5
387,9967.905864,9966.576532,9966.837199,9967.852531,9973.825192,1,1.99999999999996,0.0200000000000003,7.00000000000003,1,2,66,0.5
388,9977.500521,9975.79919,9976.177856,9977.447188,9986.02118,0,1.99999999999996,0.0200000000000003,5.99999999999996,2,1,65,0.5
389,9988.85851,9987.613845,9987.700511,9988.805177,9995.18317,0,1.99999999999996,0.0200000000000003,5.99999999999996,2,1,65,0.5
390,9999.023833,9996.815169,9997.145836,9998.9705,10004.034495,1,1.99999999999996,0.0200000000000003,7.00000000000003,1,2,66,0.5
391,10006.995159,10005.20916,10005.32916,10006.941825,10015.79915,0,1.99999999999996,0.0200000000000003,5.99999999999996,2,1,65,0.5
392,10025.39514,10023.793142,10024.049142,10025.392474,10030.144469,1,1.99999999999996,0.0200000000000003,7.00000000000003,1,2,66,0.5
393,10033.424466,10031.9378,10032.269133,10033.371132,10042.46979,0,1.99999999999996,0.0200000000000003,5.99999999999996,2,1,65,0.5
394,10046.930452,10045.71712,10045.89912,10046.930452,10047.567785,1,NaN,0,5.99999999999996,2,1,65,0.5
395,10062.569103,10060.605105,10061.056438,10062.569103,10063.147102,0,NaN,0,7.00000000000003,1,2,66,0.5
396,10073.810425,10072.357093,10072.827759,10073.810425,10074.115758,1,NaN,0,5.99999999999996,2,1,65,0.5
397,10109.245056,10108.136391,10108.235724,10109.245056,10109.927722,1,NaN,0,5.99999999999996,2,1,65,0.5
398,10117.264382,10116.104383,10116.425049,10117.261715,10126.857705,0,1.99999999999996,0.0200000000000003,5.99999999999996,2,1,65,0.5
399,10129.31637,10128.103038,10128.353037,10129.263036,10133.229032,1,1.99999999999996,0.0200000000000003,7.00000000000003,1,2,66,0.5
400,10135.095697,10134.050365,10134.155031,10135.09303,10140.714358,0,1.99999999999996,0.0200000000000003,5.99999999999996,2,1,65,0.5
401,10143.003023,10141.850357,10142.18969,10143.000356,10151.647014,0,1.99999999999996,0.0200000000000003,5.99999999999996,2,1,65,0.5
402,10153.815012,10152.42368,10152.745013,10153.815012,10154.070345,1,NaN,0,5.99999999999996,2,1,65,0.5
403,10161.119671,10159.913672,10160.195005,10161.119671,10161.535671,0,NaN,0,7.00000000000003,1,2,66,0.5
404,10169.929662,10168.677664,10168.776997,10169.876329,10173.482992,1,1.99999999999996,0.0200000000000003,7.00000000000003,1,2,66,0.5
405,10175.205657,10174.158325,10174.260991,10175.152324,10183.097649,0,1.99999999999996,0.0200000000000003,5.99999999999996,2,1,65,0.5
406,10185.43498,10184.406315,10184.599648,10185.432314,10195.720303,0,1.99999999999996,0.0200000000000003,5.99999999999996,2,1,65,0.5
407,10198.199634,10197.356968,10197.482301,10198.146301,10209.262956,0,1.99999999999996,0.0200000000000003,5.99999999999996,2,1,65,0.5
408,10211.519621,10210.033622,10210.537622,10211.466287,10221.337611,1,1.99999999999996,0.0200000000000003,7.00000000000003,1,2,66,0.5
409,10226.252939,10224.884941,10225.14494,10226.199606,10232.626266,1,1.99999999999996,0.0200000000000003,7.00000000000003,1,2,66,0.5
410,10234.244931,10233.343599,10233.441599,10234.242265,10248.652917,0,1.99999999999996,0.0200000000000003,5.99999999999996,2,1,65,0.5
411,10250.925581,10249.715583,10250.096916,10250.872248,10254.918911,1,1.99999999999996,0.0200000000000003,7.00000000000003,1,2,66,0.5
412,10257.207575,10256.178909,10256.27291,10257.207575,10272.62956,0,NaN,0,7.00000000000003,1,2,66,0.5
413,10275.29889,10273.934225,10274.445558,10275.296224,10283.962215,0,1.99999999999996,0.0200000000000003,5.99999999999996,2,1,65,0.5
414,10287.164878,10286.172879,10286.412213,10287.164878,10294.738204,0,NaN,0,7.00000000000003,1,2,66,0.5
415,10300.362199,10299.1642,10299.4282,10300.308865,10308.385524,0,1.99999999999996,0.0200000000000003,5.99999999999996,2,1,65,0.5
416,10310.158855,10309.049523,10309.258856,10310.156189,10318.682847,1,1.99999999999996,0.0200000000000003,7.00000000000003,1,2,66,0.5
417,10320.927511,10319.524846,10319.948179,10320.927511,10321.94151,1,NaN,0,5.99999999999996,2,1,65,0.5
418,10350.474148,10349.508149,10349.733483,10350.474148,10357.334142,0,NaN,0,7.00000000000003,1,2,66,0.5
419,10417.202748,10415.795416,10416.156083,10417.202748,10418.077414,0,NaN,0,7.00000000000003,1,2,66,0.5
420,10466.038033,10464.939367,10465.1727,10465.9847,10472.662026,0,1.99999999999996,0.0200000000000003,5.99999999999996,2,1,65,0.5
421,10474.819357,10473.730025,10474.068025,10474.766024,10479.844686,1,1.99999999999996,0.0200000000000003,7.00000000000003,1,2,66,0.5
422,10482.964683,10481.454684,10481.731351,10482.964683,10488.590677,0,NaN,0,7.00000000000003,1,2,66,0.5
423,10493.422006,10491.542674,10492.012674,10493.422006,10494.213338,0,NaN,0,7.00000000000003,1,2,66,0.5
424,10537.473961,10536.413296,10536.793295,10537.473961,10742.368423,1,NaN,0,5.99999999999996,2,1,65,0.5
425,10744.060422,10742.961756,10743.228422,10744.060422,10744.450421,1,NaN,0,5.99999999999996,2,1,65,0.5
426,11080.785418,11079.360086,11079.43742,11080.732085,11088.124744,0,1.99999999999996,0.0200000000000003,5.99999999999996,2,1,65,0.5
427,11090.926741,11089.845409,11090.150742,11090.873408,11096.900735,0,1.99999999999996,0.0200000000000003,5.99999999999996,2,1,65,0.5
428,11099.052067,11097.994734,11098.440067,11099.052067,11099.924732,0,NaN,0,7.00000000000003,1,2,66,0.5
429,11108.004724,11106.904059,11107.074725,11108.004724,11110.095389,1,NaN,0,5.99999999999996,2,1,65,0.5
430,11116.171383,11114.958717,11115.25005,11116.168716,11125.478707,0,1.99999999999996,0.0200000000000003,5.99999999999996,2,1,65,0.5
431,11127.810704,11126.761372,11127.065372,11127.810704,11128.068038,0,NaN,0,7.00000000000003,1,2,66,0.5
432,11135.119364,11133.434032,11133.623365,11135.066031,11137.931361,1,1.99999999999996,0.0200000000000003,7.00000000000003,1,2,66,0.5
433,11139.778026,11138.704027,11138.88936,11139.775359,11146.590019,0,1.99999999999996,0.0200000000000003,5.99999999999996,2,1,65,0.5
434,11148.674017,11147.682018,11147.924684,11148.674017,11149.14135,0,NaN,0,7.00000000000003,1,2,66,0.5
435,11156.04001,11154.874011,11155.068677,11155.986676,11161.246004,1,1.99999999999996,0.0200000000000003,7.00000000000003,1,2,66,0.5
436,11163.228002,11162.127337,11162.358003,11163.225337,11170.263995,0,1.99999999999996,0.0200000000000003,5.99999999999996,2,1,65,0.5
437,11172.565326,11171.572661,11171.747327,11172.511993,11178.160654,1,1.99999999999996,0.0200000000000003,7.00000000000003,1,2,66,0.5
438,11180.459985,11179.466653,11179.594653,11180.459985,11181.440651,0,NaN,0,7.00000000000003,1,2,66,0.5
439,11189.433309,11188.233977,11188.259311,11189.379976,11194.902637,1,1.99999999999996,0.0200000000000003,7.00000000000003,1,2,66,0.5
440,11196.913969,11196.04797,11196.298636,11196.913969,11198.097967,0,NaN,0,7.00000000000003,1,2,66,0.5
441,11211.94662,11210.736622,11210.942621,11211.893287,11217.327948,1,1.99999999999996,0.0200000000000003,7.00000000000003,1,2,66,0.5
442,11219.204613,11218.184614,11218.337281,11219.204613,11222.48461,0,NaN,0,7.00000000000003,1,2,66,0.5
443,11243.763255,11242.51459,11242.761256,11243.763255,11246.437253,0,NaN,0,7.00000000000003,1,2,66,0.5
444,11251.176581,11250.313249,11250.489915,11251.176581,11257.423242,0,NaN,0,7.00000000000003,1,2,66,0.5
445,11259.455906,11258.155241,11258.341907,11259.402573,11264.127235,1,1.99999999999996,0.0200000000000003,7.00000000000003,1,2,66,0.5
446,11266.0179,11264.973901,11265.037901,11266.0179,11278.926553,0,NaN,0,7.00000000000003,1,2,66,0.5
447,11281.223218,11279.875886,11280.443885,11281.169884,11287.164545,0,1.99999999999996,0.0200000000000003,5.99999999999996,2,1,65,0.5
448,11289.31721,11288.563877,11288.59521,11289.314543,11293.702539,1,1.99999999999996,0.0200000000000003,7.00000000000003,1,2,66,0.5
449,11296.219203,11294.917871,11295.391204,11296.165869,11303.335862,0,1.99999999999996,0.0200000000000003,5.99999999999996,2,1,65,0.5
450,11305.585193,11304.443861,11304.663194,11305.585193,11308.765857,0,NaN,0,7.00000000000003,1,2,66,0.5
451,11313.749852,11312.149853,11312.63852,11313.696519,11321.007178,0,1.99999999999996,0.0200000000000003,5.99999999999996,2,1,65,0.5
452,11325.427174,11324.362508,11324.665841,11325.37384,11330.491168,1,1.99999999999996,0.0200000000000003,7.00000000000003,1,2,66,0.5
453,11332.792499,11331.677167,11331.965834,11332.739166,11343.583822,0,1.99999999999996,0.0200000000000003,5.99999999999996,2,1,65,0.5
454,11346.028486,11344.741821,11344.906487,11346.028486,11348.85515,0,NaN,0,7.00000000000003,1,2,66,0.5
455,11361.881137,11360.505138,11360.807138,11361.881137,11365.6038,0,NaN,0,7.00000000000003,1,2,66,0.5
456,11370.476462,11369.047797,11369.36313,11370.423129,11380.322452,0,1.99999999999996,0.0200000000000003,5.99999999999996,2,1,65,0.5
457,11382.35245,11381.324451,11381.505784,11382.299117,11387.089779,1,1.99999999999996,0.0200000000000003,7.00000000000003,1,2,66,0.5
458,11388.849777,11387.865111,11387.928444,11388.84711,11396.273103,0,1.99999999999996,0.0200000000000003,5.99999999999996,2,1,65,0.5
459,11398.646434,11397.591768,11397.765768,11398.5931,11403.453762,1,1.99999999999996,0.0200000000000003,7.00000000000003,1,2,66,0.5
460,11405.062427,11404.268428,11404.346428,11405.062427,11412.695753,0,NaN,0,7.00000000000003,1,2,66,0.5
461,11417.684415,11416.048416,11416.592416,11417.631081,11428.48307,0,1.99999999999996,0.0200000000000003,5.99999999999996,2,1,65,0.5
462,11431.955067,11430.779735,11431.074401,11431.9024,11439.139726,1,1.99999999999996,0.0200000000000003,7.00000000000003,1,2,66,0.5
463,11440.907725,11439.961059,11440.012392,11440.907725,11442.32039,0,NaN,0,7.00000000000003,1,2,66,0.5
464,11448.417717,11447.094385,11447.357718,11448.417717,11450.126382,1,NaN,0,5.99999999999996,2,1,65,0.5
465,11459.294373,11458.043708,11458.397707,11459.291706,11464.303701,0,1.99999999999996,0.0200000000000003,5.99999999999996,2,1,65,0.5
466,11466.359699,11465.1977,11465.580367,11466.306366,11470.844361,1,1.99999999999996,0.0200000000000003,7.00000000000003,1,2,66,0.5
467,11472.665693,11471.669694,11471.745027,11472.61236,11480.486352,0,1.99999999999996,0.0200000000000003,5.99999999999996,2,1,65,0.5
468,11483.757015,11482.609016,11482.847016,11483.703682,11489.25501,1,1.99999999999996,0.0200000000000003,7.00000000000003,1,2,66,0.5
469,11491.135008,11490.226342,11490.289675,11491.135008,11497.611668,0,NaN,0,7.00000000000003,1,2,66,0.5
470,11500.988998,11499.744999,11499.955666,11500.988998,11505.174327,0,NaN,0,7.00000000000003,1,2,66,0.5
471,11508.74699,11507.690325,11508.089658,11508.74699,11508.92899,0,NaN,0,7.00000000000003,1,2,66,0.5
472,11516.106983,11515.182984,11515.386317,11516.106983,11516.389649,1,NaN,0,5.99999999999996,2,1,65,0.5
473,11535.038297,11533.998298,11534.301631,11535.035631,11541.877624,0,1.99999999999996,0.0200000000000003,5.99999999999996,2,1,65,0.5
474,11543.618955,11542.677623,11542.922289,11543.565622,11547.046952,1,1.99999999999996,0.0200000000000003,7.00000000000003,1,2,66,0.5
475,11548.704284,11547.830284,11547.976951,11548.704284,11549.638283,0,NaN,0,7.00000000000003,1,2,66,0.5
476,11595.800903,11594.345571,11594.546904,11595.74757,11601.662231,0,1.99999999999996,0.0200000000000003,5.99999999999996,2,1,65,0.5
477,11603.434229,11602.510896,11602.761563,11603.434229,11603.896228,1,NaN,0,5.99999999999996,2,1,65,0.5
478,11611.742887,11610.448888,11610.744222,11611.742887,11612.763553,0,NaN,0,7.00000000000003,1,2,66,0.5
479,11618.946213,11618.121547,11618.286214,11618.946213,11619.477546,1,NaN,0,5.99999999999996,2,1,65,0.5
480,11630.460202,11629.454869,11629.654869,11630.406869,11635.710863,0,1.99999999999996,0.0200000000000003,5.99999999999996,2,1,65,0.5
481,11637.638195,11636.650196,11636.871529,11637.584861,11642.59619,1,1.99999999999996,0.0200000000000003,7.00000000000003,1,2,66,0.5
482,11644.284188,11643.312856,11643.447522,11644.284188,11645.086854,0,NaN,0,7.00000000000003,1,2,66,0.5
483,11652.347513,11651.332181,11651.576181,11652.347513,11652.74618,1,NaN,0,5.99999999999996,2,1,65,0.5
484,11957.380542,11955.253877,11955.549877,11957.327208,11961.895204,0,1.99999999999996,0.0200000000000003,5.99999999999996,2,1,65,0.5
485,11965.962533,11964.288535,11964.364535,11965.9092,11972.03186,0,1.99999999999996,0.0200000000000003,5.99999999999996,2,1,65,0.5
486,11974.674524,11973.717192,11973.933192,11974.674524,11979.624519,0,NaN,0,7.00000000000003,1,2,66,0.5
487,11986.429179,11984.832514,11985.11918,11986.375846,11990.787841,1,1.99999999999996,0.0200000000000003,7.00000000000003,1,2,66,0.5
488,11993.430506,11992.316507,11992.717173,11993.377172,11998.093168,0,1.99999999999996,0.0200000000000003,5.99999999999996,2,1,65,0.5
489,12000.622498,11999.345833,11999.748499,12000.569165,12005.180494,1,1.99999999999996,0.0200000000000003,7.00000000000003,1,2,66,0.5
490,12006.911159,12005.964493,12006.091826,12006.911159,12012.05582,0,NaN,0,7.00000000000003,1,2,66,0.5
491,12016.758482,12015.180484,12015.70715,12016.758482,12017.805148,0,NaN,0,7.00000000000003,1,2,66,0.5
492,12092.063074,12091.103074,12091.333074,12092.063074,12092.49574,1,NaN,0,5.99999999999996,2,1,65,0.5
493,12106.205059,12104.970394,12105.23906,12106.205059,12124.415041,0,NaN,0,7.00000000000003,1,2,66,0.5
494,12129.323703,12128.250371,12128.52837,12129.323703,12130.905035,1,NaN,0,5.99999999999996,2,1,65,0.5
495,12148.487017,12147.434352,12147.697018,12148.487017,12148.75435,0,NaN,0,7.00000000000003,1,2,66,0.5
496,12166.722332,12165.351,12165.599,12166.722332,12168.64433,0,NaN,0,7.00000000000003,1,2,66,0.5
497,12183.416316,12182.370317,12182.566316,12183.416316,12190.347642,0,NaN,0,7.00000000000003,1,2,66,0.5
498,12193.456305,12192.054974,12192.54364,12193.453639,12198.935633,0,1.99999999999996,0.0200000000000003,5.99999999999996,2,1,65,0.5
499,12201.396298,12200.472965,12200.740965,12201.396298,12202.052297,1,NaN,0,5.99999999999996,2,1,65,0.5
500,12222.220277,12221.063611,12221.444277,12222.166943,12230.624935,0,1.99999999999996,0.0200000000000003,5.99999999999996,2,1,65,0.5
501,12233.972932,12232.968933,12233.237599,12233.972932,12242.983589,1,NaN,0,5.99999999999996,2,1,65,0.5
502,12246.411586,12245.074921,12245.317587,12246.358253,12253.249579,1,1.99999999999996,0.0200000000000003,7.00000000000003,1,2,66,0.5
503,12255.30291,12254.224911,12254.350911,12255.249577,12261.080238,0,1.99999999999996,0.0200000000000003,5.99999999999996,2,1,65,0.5
504,12263.452902,12262.072904,12262.49357,12263.399569,12271.562894,0,1.99999999999996,0.0200000000000003,5.99999999999996,2,1,65,0.5
505,12274.374891,12272.926226,12273.366892,12274.321558,12279.792219,1,1.99999999999996,0.0200000000000003,7.00000000000003,1,2,66,0.5
506,12281.765551,12280.791551,12280.849551,12281.765551,12282.860883,0,NaN,0,7.00000000000003,1,2,66,0.5
507,12289.12421,12287.569545,12288.155544,12289.12421,12289.939542,1,NaN,0,5.99999999999996,2,1,65,0.5
508,12297.418202,12296.07887,12296.649536,12297.418202,12298.475534,0,NaN,0,7.00000000000003,1,2,66,0.5
509,12305.202194,12303.942195,12304.166195,12305.202194,12305.720193,1,NaN,0,5.99999999999996,2,1,65,0.5
510,12312.904186,12311.445521,12311.95952,12312.904186,12319.29818,0,NaN,0,7.00000000000003,1,2,66,0.5
511,12323.230176,12321.908844,12322.376843,12323.176842,12329.661503,0,1.99999999999996,0.0200000000000003,5.99999999999996,2,1,65,0.5
512,12332.408833,12331.048168,12331.595501,12332.3555,12337.103495,1,1.99999999999996,0.0200000000000003,7.00000000000003,1,2,66,0.5
513,12338.916827,12337.766828,12337.871494,12338.916827,12343.627489,0,NaN,0,7.00000000000003,1,2,66,0.5
514,12347.466151,12346.336819,12346.485486,12347.463485,12355.89881,0,1.99999999999996,0.0200000000000003,5.99999999999996,2,1,65,0.5
515,12358.967473,12357.720141,12358.094141,12358.967473,12363.864802,0,NaN,0,7.00000000000003,1,2,66,0.5
516,12368.510797,12366.926799,12367.592798,12368.510797,12375.34079,0,NaN,0,7.00000000000003,1,2,66,0.5
517,12388.626777,12388.531444,12384.648115,NaN,12407.987424,NaN,NaN,0,7.00000000000003,1,2,66,0.5
518,12410.532088,12409.44009,12409.601423,12410.478755,12418.920747,0,1.99999999999996,0.0200000000000003,5.99999999999996,2,1,65,0.5
519,12421.362744,12420.275412,12420.556078,12421.309411,12425.789406,1,1.99999999999996,0.0200000000000003,7.00000000000003,1,2,66,0.5
520,12429.23807,12428.038071,12428.364071,12429.184736,12435.80873,0,1.99999999999996,0.0200000000000003,5.99999999999996,2,1,65,0.5
521,12438.297394,12437.246728,12437.492061,12438.244061,12443.813388,1,1.99999999999996,0.0200000000000003,7.00000000000003,1,2,66,0.5
522,12445.76072,12444.692054,12444.908721,12445.76072,12446.476719,0,NaN,0,7.00000000000003,1,2,66,0.5
523,12454.283378,12453.004046,12453.562045,12454.230045,12460.435372,1,1.99999999999996,0.0200000000000003,7.00000000000003,1,2,66,0.5
524,12463.130702,12461.730037,12462.270037,12463.128036,12470.990695,0,1.99999999999996,0.0200000000000003,5.99999999999996,2,1,65,0.5
525,12473.695359,12472.652026,12472.796693,12473.695359,12482.568683,0,NaN,0,7.00000000000003,1,2,66,0.5
526,12586.445912,12584.966581,12585.235247,12586.445912,12586.735246,0,NaN,0,7.00000000000003,1,2,66,0.5
527,12594.540571,12592.667906,12593.087239,12594.487238,12604.561894,0,1.99999999999996,0.0200000000000003,5.99999999999996,2,1,65,0.5
528,12609.605223,12608.440557,12608.730557,12609.551889,12616.914549,0,1.99999999999996,0.0200000000000003,5.99999999999996,2,1,65,0.5
529,12619.01988,12617.953881,12618.157881,12619.01988,12651.355848,0,NaN,0,7.00000000000003,1,2,66,0.5
530,12654.207845,12653.032513,12653.259182,12654.207845,12736.889762,0,NaN,0,7.00000000000003,1,2,66,0.5
531,12738.533094,12737.485761,12737.675095,12738.47976,12742.398423,1,1.99999999999996,0.0200000000000003,7.00000000000003,1,2,66,0.5
532,12744.774421,12743.677089,12743.949088,12744.774421,12749.27175,0,NaN,0,7.00000000000003,1,2,66,0.5
533,13063.382769,13062.281437,13062.53677,13063.382769,13071.588094,0,NaN,0,7.00000000000003,1,2,66,0.5
534,13077.366755,13075.74809,13075.964756,13077.366755,13082.49675,0,NaN,0,7.00000000000003,1,2,66,0.5
535,13089.282076,13087.181412,13087.518745,13089.282076,13089.41141,0,NaN,0,7.00000000000003,1,2,66,0.5
536,13188.80731,13187.903978,13188.029978,13188.80731,13450.347715,1,NaN,0,5.99999999999996,2,1,65,0.5
537,13452.66038,13451.403714,13451.720381,13452.66038,13453.075713,1,NaN,0,5.99999999999996,2,1,65,0.5
538,13461.561037,13460.292372,13460.448372,13461.561037,13479.255686,0,NaN,0,7.00000000000003,1,2,66,0.5
539,13482.289683,13480.947685,13481.194351,13482.287017,13484.151015,1,1.99999999999996,0.0200000000000003,7.00000000000003,1,2,66,0.5
540,13495.046337,13487.745011,13492.539006,13495.046337,13495.716337,0,NaN,0,7.00000000000003,1,2,66,0.5
541,13502.910996,13501.662331,13501.812997,13502.857663,13506.148326,1,1.99999999999996,0.0200000000000003,7.00000000000003,1,2,66,0.5
542,13514.814984,13513.453652,13513.566985,13514.761651,13520.874978,0,1.99999999999996,0.0200000000000003,5.99999999999996,2,1,65,0.5
543,13523.828975,13522.647643,13522.898309,13523.775642,13528.490304,0,1.99999999999996,0.0200000000000003,5.99999999999996,2,1,65,0.5
544,13535.812297,13534.514964,13534.665631,13535.758963,13540.283625,1,1.99999999999996,0.0200000000000003,7.00000000000003,1,2,66,0.5
545,13554.218278,13553.215612,13553.541612,NaN,13751.035415,NaN,NaN,0,7.00000000000003,1,2,66,0.5
546,13753.306079,13751.812747,13752.383413,13753.303412,13758.935407,0,1.99999999999996,0.0200000000000003,5.99999999999996,2,1,65,0.5
547,13762.687403,13761.566737,13761.676071,13762.63407,13767.271398,1,1.99999999999996,0.0200000000000003,7.00000000000003,1,2,66,0.5
548,13769.512729,13768.246731,13768.60073,13769.512729,13770.712728,0,NaN,0,7.00000000000003,1,2,66,0.5
549,13782.519383,13781.472051,13781.674051,13782.519383,13792.22404,0,NaN,0,7.00000000000003,1,2,66,0.5
550,13807.396025,13805.94736,13806.198026,13807.342692,13812.26002,0,1.99999999999996,0.0200000000000003,5.99999999999996,2,1,65,0.5
551,13816.702016,13815.40735,13815.704683,13816.702016,13817.362015,0,NaN,0,7.00000000000003,1,2,66,0.5
552,13826.518006,13825.254007,13825.53934,13826.518006,13826.598672,0,NaN,0,7.00000000000003,1,2,66,0.5
553,13833.868665,13832.145333,13832.69,13833.865998,13837.804661,1,1.99999999999996,0.0200000000000003,7.00000000000003,1,2,66,0.5
554,13840.084659,13838.929327,13839.149993,13840.084659,13853.011313,0,NaN,0,7.00000000000003,1,2,66,0.5
555,13856.308643,13855.085311,13855.38531,13856.255309,13864.457968,0,1.99999999999996,0.0200000000000003,5.99999999999996,2,1,65,0.5
556,13866.747966,13865.5033,13865.964633,13866.694632,13870.195295,1,1.99999999999996,0.0200000000000003,7.00000000000003,1,2,66,0.5
557,13872.63996,13871.406628,13871.704627,13872.586626,13879.271286,0,1.99999999999996,0.0200000000000003,5.99999999999996,2,1,65,0.5
558,13881.617951,13880.483285,13880.679285,13881.615284,13889.431276,0,1.99999999999996,0.0200000000000003,5.99999999999996,2,1,65,0.5
559,13892.27994,13891.216608,13891.383274,13892.27994,13892.774606,0,NaN,0,7.00000000000003,1,2,66,0.5
560,13901.717931,13899.483266,13899.895932,13901.715264,13903.669929,1,1.99999999999996,0.0200000000000003,7.00000000000003,1,2,66,0.5
561,13917.191248,13904.933927,13904.965261,NaN,NaN,NaN,NaN,0,7.00000000000003,1,2,66,0.5
562,13944.619888,13931.997234,13932.177233,NaN,NaN,NaN,NaN,0,7.00000000000003,1,2,66,0.5
563,14002.29383,14000.861831,14001.403831,14002.29383,14002.918496,1,NaN,0,5.99999999999996,2,1,65,0.5
564,14847.430985,14841.520991,14841.714324,14847.377652,14850.070316,1,1.99999999999996,0.0200000000000003,7.00000000000003,1,2,66,0.5
565,14852.59098,14851.446981,14851.715647,14852.537646,14857.291642,0,1.99999999999996,0.0200000000000003,5.99999999999996,2,1,65,0.5
566,14859.620973,14858.179641,14858.558307,14859.567639,14864.906301,1,1.99999999999996,0.0200000000000003,7.00000000000003,1,2,66,0.5
567,14866.995632,14865.6923,14865.9143,14866.992965,14875.61629,0,1.99999999999996,0.0200000000000003,5.99999999999996,2,1,65,0.5
568,14877.981621,14876.857622,14877.081622,14877.981621,14878.626954,0,NaN,0,7.00000000000003,1,2,66,0.5
569,14886.070946,14884.728948,14885.159614,14886.070946,14887.541611,1,NaN,0,5.99999999999996,2,1,65,0.5
570,14903.366929,14899.727599,14900.134932,14903.313596,14907.808924,1,1.99999999999996,0.0200000000000003,7.00000000000003,1,2,66,0.5
571,14921.398244,14908.77559,14909.040257,NaN,14925.364907,NaN,NaN,0,7.00000000000003,1,2,66,0.5
572,14929.400236,14927.823571,14928.314904,14929.400236,14930.706902,0,NaN,0,7.00000000000003,1,2,66,0.5
573,14938.136894,14936.810229,14937.384895,14938.136894,14938.680894,1,NaN,0,5.99999999999996,2,1,65,0.5
574,14948.062884,14946.861552,14947.160218,14948.009551,14953.307546,0,1.99999999999996,0.0200000000000003,5.99999999999996,2,1,65,0.5
575,14956.756209,14955.77621,14956.054876,14956.756209,14962.698203,0,NaN,0,7.00000000000003,1,2,66,0.5
576,14976.820189,14976.214189,14976.528856,NaN,14978.128187,NaN,NaN,0,7.00000000000003,1,2,66,0.5
577,14986.880845,14985.692847,14986.00418,14986.827512,14991.402174,1,1.99999999999996,0.0200000000000003,7.00000000000003,1,2,66,0.5
578,14993.672172,14992.634173,14992.903506,14993.669505,14997.744835,0,1.99999999999996,0.0200000000000003,5.99999999999996,2,1,65,0.5
579,15000.084832,14998.8415,14999.338166,15000.084832,15000.701498,1,NaN,0,5.99999999999996,2,1,65,0.5
580,15013.217486,15011.86882,15012.128153,15013.214819,15015.889483,0,1.99999999999996,0.0200000000000003,5.99999999999996,2,1,65,0.5
581,15018.018814,15016.840816,15017.176148,15017.965481,15022.027477,1,1.99999999999996,0.0200000000000003,7.00000000000003,1,2,66,0.5
582,15023.843475,15022.870809,15023.108809,15023.843475,15027.448805,0,NaN,0,7.00000000000003,1,2,66,0.5
583,15044.546121,15043.203456,15043.456122,15044.492788,15051.957447,0,1.99999999999996,0.0200000000000003,5.99999999999996,2,1,65,0.5
584,15054.364778,15053.130112,15053.622779,15054.311445,15058.500107,1,1.99999999999996,0.0200000000000003,7.00000000000003,1,2,66,0.5
585,15060.707438,15059.633439,15059.865439,15060.654105,15068.862763,0,1.99999999999996,0.0200000000000003,5.99999999999996,2,1,65,0.5
586,15071.238094,15070.054096,15070.380762,15071.184761,15075.573423,1,1.99999999999996,0.0200000000000003,7.00000000000003,1,2,66,0.5
587,15077.364755,15076.330756,15076.461422,15077.364755,15078.442754,0,NaN,0,7.00000000000003,1,2,66,0.5
588,15087.052079,15085.516747,15085.768746,15087.049412,15093.727405,0,1.99999999999996,0.0200000000000003,5.99999999999996,2,1,65,0.5
589,15095.54207,15094.445404,15094.854071,15095.54207,15095.96207,1,NaN,0,5.99999999999996,2,1,65,0.5
590,15105.864726,15104.885394,15105.097394,15105.864726,15112.57472,0,NaN,0,7.00000000000003,1,2,66,0.5
591,15115.097384,15113.544719,15113.731385,15115.097384,15115.138717,0,NaN,0,7.00000000000003,1,2,66,0.5
592,15127.884038,15126.660039,15126.867372,15127.830704,15131.763367,1,1.99999999999996,0.0200000000000003,7.00000000000003,1,2,66,0.5
593,15133.498032,15132.4287,15132.7047,15133.495365,15139.760026,0,1.99999999999996,0.0200000000000003,5.99999999999996,2,1,65,0.5
594,15142.308024,15140.993358,15141.587357,15142.308024,15142.670023,1,NaN,0,5.99999999999996,2,1,65,0.5
595,15150.594015,15149.15935,15149.699349,15150.594015,15151.317348,0,NaN,0,7.00000000000003,1,2,66,0.5
596,15160.058006,15159.09334,15159.30534,15160.058006,15160.241339,0,NaN,0,7.00000000000003,1,2,66,0.5
597,15180.042652,15179.070653,15179.36132,15179.989319,15183.901315,1,1.99999999999996,0.0200000000000003,7.00000000000003,1,2,66,0.5
598,15185.752647,15184.532648,15184.850647,15185.699313,15192.567973,0,1.99999999999996,0.0200000000000003,5.99999999999996,2,1,65,0.5
599,15194.693971,15193.807305,15194.035305,15194.640638,15199.444633,1,1.99999999999996,0.0200000000000003,7.00000000000003,1,2,66,0.5
600,15201.167964,15200.121299,15200.305299,15201.167964,15201.479297,0,NaN,0,7.00000000000003,1,2,66,0.5
601,15208.191291,15206.901959,15207.457958,15208.137957,15213.636619,1,1.99999999999996,0.0200000000000003,7.00000000000003,1,2,66,0.5
602,15215.613283,15214.496618,15214.730618,15215.613283,15216.05395,0,NaN,0,7.00000000000003,1,2,66,0.5
603,15225.56994,15224.475941,15224.695274,15225.56994,15246.153919,1,NaN,0,5.99999999999996,2,1,65,0.5
604,15248.249917,15247.059252,15247.328585,15248.249917,15248.469917,1,NaN,0,5.99999999999996,2,1,65,0.5
605,15365.545133,15364.386468,15364.425135,15365.4918,15371.813127,0,1.99999999999996,0.0200000000000003,5.99999999999996,2,1,65,0.5
606,15374.095125,15373.259126,15373.448459,15374.041792,15377.435788,1,1.99999999999996,0.0200000000000003,7.00000000000003,1,2,66,0.5
607,15379.425786,15378.340454,15378.58112,15379.42312,15386.090446,0,1.99999999999996,0.0200000000000003,5.99999999999996,2,1,65,0.5
608,15388.258444,15387.151778,15387.552445,15388.258444,15389.011777,1,NaN,0,5.99999999999996,2,1,65,0.5
609,15396.719769,15395.623103,15395.843103,15396.666436,15402.976429,0,1.99999999999996,0.0200000000000003,5.99999999999996,2,1,65,0.5
610,15404.507761,15403.639095,15403.879095,15404.507761,15414.907751,1,NaN,0,5.99999999999996,2,1,65,0.5
611,15417.911081,15416.997082,15417.117082,15417.911081,15422.357077,1,NaN,0,5.99999999999996,2,1,65,0.5
612,15431.393734,15429.805736,15430.039069,15431.340401,15435.54173,1,1.99999999999996,0.0200000000000003,7.00000000000003,1,2,66,0.5
613,15437.281062,15436.287063,15436.505729,15437.281062,15442.58039,0,NaN,0,7.00000000000003,1,2,66,0.5
614,15455.947043,15447.340385,15447.920384,NaN,NaN,NaN,NaN,0,7.00000000000003,1,2,66,0.5
615,15464.020368,15462.920369,15463.067703,15463.967035,15469.119696,0,1.99999999999996,0.0200000000000003,5.99999999999996,2,1,65,0.5
616,15470.739028,15469.868362,15470.126362,15470.739028,15471.055695,1,NaN,0,5.99999999999996,2,1,65,0.5
617,15477.937021,15476.673689,15477.104355,15477.937021,15478.610354,0,NaN,0,7.00000000000003,1,2,66,0.5
618,15486.757012,15485.857013,15486.170346,15486.703679,15488.90301,1,1.99999999999996,0.0200000000000003,7.00000000000003,1,2,66,0.5
619,15490.578342,15489.402343,15489.685676,15490.578342,15497.393002,0,NaN,0,7.00000000000003,1,2,66,0.5
620,15500.904998,15499.892332,15500.126999,15500.851665,15509.22299,0,1.99999999999996,0.0200000000000003,5.99999999999996,2,1,65,0.5
621,15511.075655,15510.079656,15510.273655,15511.022321,15512.74032,1,1.99999999999996,0.0200000000000003,7.00000000000003,1,2,66,0.5
622,15514.444318,15513.491652,15513.626985,15514.390985,15521.919644,0,1.99999999999996,0.0200000000000003,5.99999999999996,2,1,65,0.5
623,15523.784975,15522.813643,15523.048976,15523.731642,15527.451638,1,1.99999999999996,0.0200000000000003,7.00000000000003,1,2,66,0.5
624,15528.89697,15528.043638,15528.156304,15528.89697,15529.752969,0,NaN,0,7.00000000000003,1,2,66,0.5
625,15536.541629,15535.090297,15535.812963,15536.541629,15537.234295,1,NaN,0,5.99999999999996,2,1,65,0.5
626,15556.158943,15555.296277,15555.52161,15556.158943,15556.422276,0,NaN,0,7.00000000000003,1,2,66,0.5
627,15722.016777,15720.674112,15720.888111,15722.016777,15723.030776,0,NaN,0,7.00000000000003,1,2,66,0.5
628,15753.984078,15752.927413,15753.152746,15753.984078,15754.076078,0,NaN,0,7.00000000000003,1,2,66,0.5
629,15770.075396,15769.066063,15769.262063,15770.022062,15773.235392,1,1.99999999999996,0.0200000000000003,7.00000000000003,1,2,66,0.5
630,15774.702058,15773.935392,15774.131391,15774.702058,15775.55939,0,NaN,0,7.00000000000003,1,2,66,0.5
631,15782.533383,15781.266718,15781.432051,15782.48005,15786.348713,1,1.99999999999996,0.0200000000000003,7.00000000000003,1,2,66,0.5
632,15787.869378,15786.963379,15787.029379,15787.866711,15793.496705,0,1.99999999999996,0.0200000000000003,5.99999999999996,2,1,65,0.5
633,15795.622037,15794.610038,15794.869371,15795.568703,15802.18003,1,1.99999999999996,0.0200000000000003,7.00000000000003,1,2,66,0.5
634,15804.723361,15803.754695,15804.018028,15804.723361,15805.083361,1,NaN,0,5.99999999999996,2,1,65,0.5
635,15812.456686,15811.648687,15811.869354,15812.403353,15818.608014,0,1.99999999999996,0.0200000000000003,5.99999999999996,2,1,65,0.5
636,15820.768012,15819.394013,15820.002679,15820.714678,15824.306675,1,1.99999999999996,0.0200000000000003,7.00000000000003,1,2,66,0.5
637,15825.958006,15825.014007,15825.093341,15825.958006,15826.626006,0,NaN,0,7.00000000000003,1,2,66,0.5
638,15836.338663,15835.340664,15835.542663,15836.338663,15836.817329,1,NaN,0,5.99999999999996,2,1,65,0.5
639,15843.795322,15842.585323,15843.115989,15843.741989,15849.233983,0,1.99999999999996,0.0200000000000003,5.99999999999996,2,1,65,0.5
640,15850.933315,15849.960649,15850.330649,15850.879981,15854.485978,1,1.99999999999996,0.0200000000000003,7.00000000000003,1,2,66,0.5
641,15856.110643,15855.15531,15855.350644,15856.107976,15861.742637,0,1.99999999999996,0.0200000000000003,5.99999999999996,2,1,65,0.5
642,15863.771969,15862.591303,15863.067303,15863.718635,15867.803298,1,1.99999999999996,0.0200000000000003,7.00000000000003,1,2,66,0.5
643,15869.566629,15868.53863,15868.737964,15869.513296,15876.219956,0,1.99999999999996,0.0200000000000003,5.99999999999996,2,1,65,0.5
644,15878.306621,15877.155288,15877.675955,15878.306621,15878.689954,1,NaN,0,5.99999999999996,2,1,65,0.5
645,15888.077278,15886.819945,15887.173945,15888.077278,15888.122611,0,NaN,0,7.00000000000003,1,2,66,0.5
646,15894.833271,15893.799272,15894.287271,15894.833271,15894.875937,0,NaN,0,7.00000000000003,1,2,66,0.5
647,15901.673265,15900.790598,15900.963931,15901.673265,15902.175263,1,NaN,0,5.99999999999996,2,1,65,0.5
648,15914.347918,15913.392586,15913.619252,15914.347918,15914.769917,0,NaN,0,7.00000000000003,1,2,66,0.5
649,15922.893243,15921.899244,15922.013244,15922.839909,15929.606569,0,1.99999999999996,0.0200000000000003,5.99999999999996,2,1,65,0.5
650,15931.870567,15930.942568,15931.229901,15931.870567,15932.3699,1,NaN,0,5.99999999999996,2,1,65,0.5
651,15940.363892,15939.555226,15939.716559,15940.310559,15943.554555,1,1.99999999999996,0.0200000000000003,7.00000000000003,1,2,66,0.5
652,15944.955221,15944.185221,15944.289888,15944.955221,15945.408554,0,NaN,0,7.00000000000003,1,2,66,0.5
653,15952.664546,15951.585214,15951.924547,15952.611213,15956.378543,1,1.99999999999996,0.0200000000000003,7.00000000000003,1,2,66,0.5
654,15957.733208,15957.005875,15957.219208,15957.733208,15964.237201,0,NaN,0,7.00000000000003,1,2,66,0.5
655,15990.433842,15989.439843,15989.717843,15990.380509,15996.372503,0,1.99999999999996,0.0200000000000003,5.99999999999996,2,1,65,0.5
656,15998.309834,15997.373168,15997.738501,15998.309834,15998.587167,1,NaN,0,5.99999999999996,2,1,65,0.5
657,16007.981824,16006.987159,16007.160492,16007.928491,16014.978484,0,1.99999999999996,0.0200000000000003,5.99999999999996,2,1,65,0.5
658,16016.759149,16015.94915,16016.00915,16016.705816,16019.978479,1,1.99999999999996,0.0200000000000003,7.00000000000003,1,2,66,0.5
659,16021.539811,16020.735145,16020.984478,16021.539811,16022.555143,0,NaN,0,7.00000000000003,1,2,66,0.5
660,16030.555135,16029.515803,16029.716469,16030.552468,16038.167794,0,1.99999999999996,0.0200000000000003,5.99999999999996,2,1,65,0.5
661,16039.801126,16038.873127,16039.109126,16039.747793,16043.245122,1,1.99999999999996,0.0200000000000003,7.00000000000003,1,2,66,0.5
662,16044.905787,16043.981122,16044.136455,16044.905787,16051.380448,0,NaN,0,7.00000000000003,1,2,66,0.5
663,16053.715112,16052.857113,16053.062446,16053.715112,16053.732445,0,NaN,0,7.00000000000003,1,2,66,0.5
664,16060.399772,16059.500439,16059.701106,16060.399772,16061.155104,0,NaN,0,7.00000000000003,1,2,66,0.5
665,16073.407092,16072.520426,16072.67176,16073.407092,16073.789092,1,NaN,0,5.99999999999996,2,1,65,0.5
666,16372.71546,16371.202128,16371.522127,16372.71546,16381.596784,0,NaN,0,7.00000000000003,1,2,66,0.5
667,16384.330115,16383.152116,16383.420116,16384.327448,16388.43611,0,1.99999999999996,0.0200000000000003,5.99999999999996,2,1,65,0.5
668,16390.291442,16389.228776,16389.668776,16390.291442,16391.253441,1,NaN,0,5.99999999999996,2,1,65,0.5
669,16399.163433,16397.949434,16398.249434,16399.163433,16399.454766,0,NaN,0,7.00000000000003,1,2,66,0.5
670,16406.226093,16404.836761,16405.117427,16406.226093,16417.256748,0,NaN,0,7.00000000000003,1,2,66,0.5
671,16419.820746,16419.015413,16419.168746,16419.767413,16426.323406,1,1.99999999999996,0.0200000000000003,7.00000000000003,1,2,66,0.5
672,16428.007404,16427.037405,16427.130072,16427.954071,16432.821399,0,1.99999999999996,0.0200000000000003,5.99999999999996,2,1,65,0.5
673,16434.780064,16433.802732,16434.087398,16434.726731,16438.097394,1,1.99999999999996,0.0200000000000003,7.00000000000003,1,2,66,0.5
674,16439.908059,16438.911393,16439.13406,16439.908059,16440.749392,0,NaN,0,7.00000000000003,1,2,66,0.5
675,16486.134013,16484.511348,16484.951347,16486.134013,16486.657346,0,NaN,0,7.00000000000003,1,2,66,0.5
676,16494.308671,16493.202672,16493.421339,16494.308671,16497.580668,0,NaN,0,7.00000000000003,1,2,66,0.5
677,16501.819997,16500.029999,16500.299332,16501.819997,16508.89799,0,NaN,0,7.00000000000003,1,2,66,0.5
678,16515.23065,16510.327322,16510.589322,16515.177317,16518.995313,1,1.99999999999996,0.0200000000000003,7.00000000000003,1,2,66,0.5
679,16520.651978,16519.809312,16520.049312,16520.598645,16525.070641,0,1.99999999999996,0.0200000000000003,5.99999999999996,2,1,65,0.5
680,16527.112638,16526.075306,16526.289973,16527.109972,16529.779969,1,1.99999999999996,0.0200000000000003,7.00000000000003,1,2,66,0.5
681,16531.476634,16530.395969,16530.514635,16531.423301,16535.89063,0,1.99999999999996,0.0200000000000003,5.99999999999996,2,1,65,0.5
682,16537.836628,16536.881295,16537.129295,16537.783294,16542.18929,1,1.99999999999996,0.0200000000000003,7.00000000000003,1,2,66,0.5
683,16544.465954,16543.284622,16543.671289,16544.463288,16551.528614,0,1.99999999999996,0.0200000000000003,5.99999999999996,2,1,65,0.5
684,16553.484612,16552.492613,16552.69528,16553.431279,16557.603275,1,1.99999999999996,0.0200000000000003,7.00000000000003,1,2,66,0.5
685,16559.420606,16558.53994,16558.62394,16559.420606,16560.387272,0,NaN,0,7.00000000000003,1,2,66,0.5
686,16568.052598,16566.458599,16566.934599,16567.999264,16572.329927,1,1.99999999999996,0.0200000000000003,7.00000000000003,1,2,66,0.5
687,16574.799257,16573.441925,16573.572592,16574.745924,16581.940584,0,1.99999999999996,0.0200000000000003,5.99999999999996,2,1,65,0.5
688,16583.950582,16582.748583,16583.066583,16583.897248,16589.242576,1,1.99999999999996,0.0200000000000003,7.00000000000003,1,2,66,0.5
689,16591.296574,16590.206575,16590.354575,16591.243241,16598.6119,0,1.99999999999996,0.0200000000000003,5.99999999999996,2,1,65,0.5
690,16601.511897,16600.526565,16600.669898,16601.458564,16605.679893,1,1.99999999999996,0.0200000000000003,7.00000000000003,1,2,66,0.5
691,16607.718558,16606.668559,16606.714559,16607.665225,16615.40655,0,1.99999999999996,0.0200000000000003,5.99999999999996,2,1,65,0.5
692,16617.821881,16616.685216,16616.888549,16617.768548,16622.357877,1,1.99999999999996,0.0200000000000003,7.00000000000003,1,2,66,0.5
693,16624.522541,16623.527875,16623.622542,16624.469208,16630.278535,0,1.99999999999996,0.0200000000000003,5.99999999999996,2,1,65,0.5
694,16632.270533,16631.179868,16631.453867,16632.270533,16632.955199,1,NaN,0,5.99999999999996,2,1,65,0.5
695,16642.689856,16641.359858,16641.717857,16642.689856,16664.859167,0,NaN,0,7.00000000000003,1,2,66,0.5
696,16666.619166,16665.513167,16665.713833,16666.619166,16666.729166,1,NaN,0,5.99999999999996,2,1,65,0.5
697,16679.728486,16678.69982,16678.97582,16679.728486,16679.935819,1,NaN,0,5.99999999999996,2,1,65,0.5
698,16695.055137,16694.005138,16694.220471,16695.001804,16704.081128,0,1.99999999999996,0.0200000000000003,5.99999999999996,2,1,65,0.5
699,16706.019793,16704.768461,16705.343127,16705.96646,16709.727123,1,1.99999999999996,0.0200000000000003,7.00000000000003,1,2,66,0.5
700,16711.378454,16710.429789,16710.570455,16711.378454,16712.27512,0,NaN,0,7.00000000000003,1,2,66,0.5
701,16719.477779,16718.401114,16718.666447,16719.477779,16727.992438,1,NaN,0,5.99999999999996,2,1,65,0.5
702,16731.255101,16730.335769,16730.485768,16731.255101,16731.635101,1,NaN,0,5.99999999999996,2,1,65,0.5
703,16739.103093,16738.114427,16738.335761,16739.103093,16739.905759,0,NaN,0,7.00000000000003,1,2,66,0.5
704,16746.681086,16745.561087,16745.80642,16746.681086,16747.195752,1,NaN,0,5.99999999999996,2,1,65,0.5
705,16761.128404,16760.133072,16760.384405,16761.075071,16766.576399,0,1.99999999999996,0.0200000000000003,5.99999999999996,2,1,65,0.5
706,16768.519064,16767.661731,16767.840398,16768.519064,16769.151063,1,NaN,0,5.99999999999996,2,1,65,0.5
707,16778.923053,16777.960388,16778.074388,16778.86972,16785.40438,0,1.99999999999996,0.0200000000000003,5.99999999999996,2,1,65,0.5
708,16787.301045,16786.144379,16786.392379,16787.301045,16787.509045,1,NaN,0,5.99999999999996,2,1,65,0.5
709,16795.050371,16793.971705,16794.203705,16794.997037,16802.438363,0,1.99999999999996,0.0200000000000003,5.99999999999996,2,1,65,0.5
710,16804.183695,16803.251029,16803.497695,16804.130361,16807.485025,1,1.99999999999996,0.0200000000000003,7.00000000000003,1,2,66,0.5
711,16809.141023,16808.285691,16808.452357,16809.141023,16809.688356,0,NaN,0,7.00000000000003,1,2,66,0.5
712,16817.741015,16816.400349,16816.921682,16817.741015,16818.134347,1,NaN,0,5.99999999999996,2,1,65,0.5
713,17081.061418,17079.555419,17079.764086,17081.061418,17082.920083,0,NaN,0,7.00000000000003,1,2,66,0.5
714,17089.256743,17087.784078,17087.924078,17089.256743,17089.495409,1,NaN,0,5.99999999999996,2,1,65,0.5
715,17099.4114,17098.4374,17098.638067,17099.358066,17104.722061,1,1.99999999999996,0.0200000000000003,7.00000000000003,1,2,66,0.5
716,17106.956725,17105.815393,17105.996726,17106.903392,17110.599388,0,1.99999999999996,0.0200000000000003,5.99999999999996,2,1,65,0.5
717,17113.169386,17112.05672,17112.31072,17113.116052,17116.208049,1,1.99999999999996,0.0200000000000003,7.00000000000003,1,2,66,0.5
718,17117.728715,17116.938049,17117.004049,17117.728715,17118.950047,0,NaN,0,7.00000000000003,1,2,66,0.5
719,17124.935374,17123.613375,17124.168041,17124.935374,17125.518707,1,NaN,0,5.99999999999996,2,1,65,0.5
720,17132.949366,17131.189368,17131.287368,17132.946699,17136.856029,0,1.99999999999996,0.0200000000000003,5.99999999999996,2,1,65,0.5
721,17142.262023,17141.162691,17141.458691,17142.262023,17143.418689,0,NaN,0,7.00000000000003,1,2,66,0.5
722,17242.889256,17241.953924,17242.253923,17242.835923,17248.86525,1,1.99999999999996,0.0200000000000003,7.00000000000003,1,2,66,0.5
723,17255.207244,17254.345245,17254.515911,17255.20191,17257.009242,0,1.99999999999996,0.0200000000000003,5.99999999999996,2,1,65,0.5
724,17261.369904,17260.363905,17260.619238,17261.367238,17265.258567,1,1.99999999999996,0.0200000000000003,7.00000000000003,1,2,66,0.5
725,17266.954565,17266.0179,17266.0939,17266.901232,17270.108562,0,1.99999999999996,0.0200000000000003,5.99999999999996,2,1,65,0.5
726,17271.967894,17270.979228,17271.199894,17271.965227,17277.001222,1,1.99999999999996,0.0200000000000003,7.00000000000003,1,2,66,0.5
727,17278.81922,17277.799221,17277.911221,17278.765887,17282.949216,0,1.99999999999996,0.0200000000000003,5.99999999999996,2,1,65,0.5
728,17284.501214,17283.543215,17283.755215,17284.447881,17287.457211,1,1.99999999999996,0.0200000000000003,7.00000000000003,1,2,66,0.5
729,17288.85321,17288.206544,17288.273877,17288.85321,17289.827209,0,NaN,0,7.00000000000003,1,2,66,0.5
730,17296.727869,17295.705203,17295.987203,17296.727869,17307.686525,1,NaN,0,5.99999999999996,2,1,65,0.5
731,17309.192523,17308.280524,17308.519857,17309.192523,17309.427189,1,NaN,0,5.99999999999996,2,1,65,0.5
732,17324.566508,17322.569843,17322.869176,17324.513174,17328.044504,1,1.99999999999996,0.0200000000000003,7.00000000000003,1,2,66,0.5
733,17329.525836,17328.479837,17328.778503,17329.523169,17330.851168,0,1.99999999999996,0.0200000000000003,5.99999999999996,2,1,65,0.5
734,17335.20583,17333.930498,17334.096498,17335.152497,17337.990494,1,1.99999999999996,0.0200000000000003,7.00000000000003,1,2,66,0.5
735,17339.408493,17338.603827,17338.77716,17339.408493,17339.983159,0,NaN,0,7.00000000000003,1,2,66,0.5
736,17348.292484,17347.500485,17347.723818,17348.239151,17351.883147,1,1.99999999999996,0.0200000000000003,7.00000000000003,1,2,66,0.5
737,17353.682479,17352.53848,17352.743813,17353.682479,17354.416478,0,NaN,0,7.00000000000003,1,2,66,0.5
738,17360.607805,17359.783806,17359.917139,17360.554472,17364.829801,0,1.99999999999996,0.0200000000000003,5.99999999999996,2,1,65,0.5
739,17372.631126,17371.643128,17371.843794,17372.605793,17376.795789,0,1.99999999999996,0.0200000000000003,5.99999999999996,2,1,65,0.5
740,17381.179784,17380.097786,17380.351785,17381.126451,17385.301114,1,1.99999999999996,0.0200000000000003,7.00000000000003,1,2,66,0.5
741,17386.983779,17386.101113,17386.162446,17386.983779,17387.765778,0,NaN,0,7.00000000000003,1,2,66,0.5
742,17395.104437,17394.149771,17394.350438,17395.051104,17401.066431,1,1.99999999999996,0.0200000000000003,7.00000000000003,1,2,66,0.5
743,17403.328429,17402.189097,17402.335097,17403.328429,17403.703762,0,NaN,0,7.00000000000003,1,2,66,0.5
744,17411.024421,17410.027756,17410.361755,17411.024421,17411.443087,1,NaN,0,5.99999999999996,2,1,65,0.5
745,17424.646408,17423.746409,17423.927742,17424.646408,17424.961074,0,NaN,0,7.00000000000003,1,2,66,0.5
746,17433.387066,17432.591066,17432.807733,17433.333732,17437.260395,1,1.99999999999996,0.0200000000000003,7.00000000000003,1,2,66,0.5
747,17439.517726,17438.331727,17438.611727,17439.464393,17443.301056,0,1.99999999999996,0.0200000000000003,5.99999999999996,2,1,65,0.5
748,17444.997054,17443.938388,17444.173721,17444.943721,17449.921049,1,1.99999999999996,0.0200000000000003,7.00000000000003,1,2,66,0.5
749,17451.81238,17450.844381,17451.121714,17451.759047,17458.161707,0,1.99999999999996,0.0200000000000003,5.99999999999996,2,1,65,0.5
750,17460.244372,17459.19904,17459.39304,17460.191039,17463.937035,1,1.99999999999996,0.0200000000000003,7.00000000000003,1,2,66,0.5
751,17465.527033,17464.580368,17464.687701,17465.524367,17472.12836,0,1.99999999999996,0.0200000000000003,5.99999999999996,2,1,65,0.5
752,17473.775692,17472.919026,17473.117693,17473.775692,17474.264358,1,NaN,0,5.99999999999996,2,1,65,0.5
753,17481.321684,17480.370352,17480.562352,17481.321684,17482.063684,0,NaN,0,7.00000000000003,1,2,66,0.5
754,17488.662344,17487.577678,17487.744345,17488.662344,17505.74566,1,NaN,0,5.99999999999996,2,1,65,0.5
755,17507.064325,17506.214326,17506.474992,17507.064325,17507.216992,1,NaN,0,5.99999999999996,2,1,65,0.5
756,17515.662317,17514.940984,17515.031651,17515.662317,17516.318316,0,NaN,0,7.00000000000003,1,2,66,0.5
757,17522.553643,17521.586977,17521.78031,17522.50031,17528.765637,0,1.99999999999996,0.0200000000000003,5.99999999999996,2,1,65,0.5
758,17530.603635,17529.573636,17529.818969,17530.550302,17533.063633,1,1.99999999999996,0.0200000000000003,7.00000000000003,1,2,66,0.5
759,17534.388298,17533.698965,17533.866965,17534.388298,17542.029624,0,NaN,0,7.00000000000003,1,2,66,0.5
760,17545.830953,17544.954287,17545.110287,17545.77762,17549.636283,1,1.99999999999996,0.0200000000000003,7.00000000000003,1,2,66,0.5
761,17551.106281,17550.334949,17550.465615,17551.106281,17556.102276,0,NaN,0,7.00000000000003,1,2,66,0.5
762,17558.81094,17557.710941,17558.070941,17558.757607,17564.280268,1,1.99999999999996,0.0200000000000003,7.00000000000003,1,2,66,0.5
763,17566.218266,17565.1336,17565.342267,17566.164933,17572.986926,0,1.99999999999996,0.0200000000000003,5.99999999999996,2,1,65,0.5
764,17574.682924,17573.749592,17573.967592,17574.630258,17579.126253,1,1.99999999999996,0.0200000000000003,7.00000000000003,1,2,66,0.5
765,17580.908918,17580.010919,17580.171585,17580.908918,17581.306251,0,NaN,0,7.00000000000003,1,2,66,0.5
766,17587.705578,17586.824912,17587.013579,17587.705578,17588.319577,1,NaN,0,5.99999999999996,2,1,65,0.5
767,17600.764232,17599.674899,17599.940899,17600.710898,17604.787561,0,1.99999999999996,0.0200000000000003,5.99999999999996,2,1,65,0.5
768,17606.301559,17605.392894,17605.600893,17606.301559,17606.736226,1,NaN,0,5.99999999999996,2,1,65,0.5
769,17613.970218,17612.995553,17613.215552,17613.970218,17614.345551,0,NaN,0,7.00000000000003,1,2,66,0.5
770,17624.538874,17623.358209,17623.674209,17624.485541,17627.822204,1,1.99999999999996,0.0200000000000003,7.00000000000003,1,2,66,0.5
771,17629.613536,17628.734204,17628.981537,17629.613536,17630.016202,0,NaN,0,7.00000000000003,1,2,66,0.5
772,17706.484126,17705.58146,17705.612127,17706.430792,17710.024122,0,1.99999999999996,0.0200000000000003,5.99999999999996,2,1,65,0.5
773,17711.528787,17710.621455,17710.818788,17711.528787,17717.348782,1,NaN,0,5.99999999999996,2,1,65,0.5
774,17721.254778,17720.360779,17720.423445,17721.201444,17724.726108,0,1.99999999999996,0.0200000000000003,5.99999999999996,2,1,65,0.5
775,17726.240106,17725.38544,17725.59144,17726.186773,17729.378103,1,1.99999999999996,0.0200000000000003,7.00000000000003,1,2,66,0.5
776,17730.979435,17729.983436,17730.156102,17730.976768,17735.852096,0,1.99999999999996,0.0200000000000003,5.99999999999996,2,1,65,0.5
777,17737.634761,17736.773429,17736.962762,17737.581428,17740.997425,1,1.99999999999996,0.0200000000000003,7.00000000000003,1,2,66,0.5
778,17742.460756,17741.627424,17741.799424,17742.460756,17743.070756,0,NaN,0,7.00000000000003,1,2,66,0.5
779,17748.916083,17747.981418,17748.179417,17748.916083,17749.08475,1,NaN,0,5.99999999999996,2,1,65,0.5
780,17761.018738,17760.246739,17760.432739,17761.018738,17767.354065,0,NaN,0,7.00000000000003,1,2,66,0.5
781,17773.393392,17772.588726,17772.74406,17773.393392,17773.660059,1,NaN,0,5.99999999999996,2,1,65,0.5
782,17783.392049,17782.416717,17782.563383,17783.338716,17787.384712,0,1.99999999999996,0.0200000000000003,5.99999999999996,2,1,65,0.5
783,17788.790043,17787.954045,17788.215377,17788.790043,17788.94471,1,NaN,0,5.99999999999996,2,1,65,0.5
784,17795.952703,17795.066037,17795.184038,17795.89937,17800.673365,0,1.99999999999996,0.0200000000000003,5.99999999999996,2,1,65,0.5
785,17802.06603,17801.303364,17801.501364,17802.06603,17802.329363,1,NaN,0,5.99999999999996,2,1,65,0.5
786,17810.828688,17810.044689,17810.189355,17810.826021,17814.267351,0,1.99999999999996,0.0200000000000003,5.99999999999996,2,1,65,0.5
787,17816.143349,17815.12135,17815.290017,17816.143349,17822.33801,1,NaN,0,5.99999999999996,2,1,65,0.5
788,17831.651334,17830.726668,17830.901335,17831.598001,17836.624662,0,1.99999999999996,0.0200000000000003,5.99999999999996,2,1,65,0.5
789,17838.298661,17837.387995,17837.575328,17838.298661,17839.107326,1,NaN,0,5.99999999999996,2,1,65,0.5
790,17846.073989,17845.26532,17845.389987,17846.020653,17852.181313,0,1.99999999999996,0.0200000000000003,5.99999999999996,2,1,65,0.5
791,17853.831978,17852.776646,17853.009313,17853.778645,17855.89931,1,1.99999999999996,0.0200000000000003,7.00000000000003,1,2,66,0.5
792,17857.051975,17856.427309,17856.521976,17857.051975,17857.863308,0,NaN,0,7.00000000000003,1,2,66,0.5
793,17918.005914,17917.067249,17917.152582,17917.952581,17922.080577,0,1.99999999999996,0.0200000000000003,5.99999999999996,2,1,65,0.5
794,17924.064575,17923.220576,17923.305909,17924.064575,18080.353085,1,NaN,0,5.99999999999996,2,1,65,0.5
795,18090.619742,18089.682409,18089.887742,18090.619742,18090.959075,0,NaN,0,7.00000000000003,1,2,66,0.5
796,18097.383068,18096.451736,18096.639069,18097.383068,18098.060401,0,NaN,0,7.00000000000003,1,2,66,0.5
797,18105.284394,18104.131728,18104.319728,18105.281727,18110.201055,0,1.99999999999996,0.0200000000000003,5.99999999999996,2,1,65,0.5
798,18111.94572,18110.961055,18111.170388,18111.892387,18114.585051,1,1.99999999999996,0.0200000000000003,7.00000000000003,1,2,66,0.5
799,18116.191716,18115.159717,18115.333717,18116.138383,18120.936378,0,1.99999999999996,0.0200000000000003,5.99999999999996,2,1,65,0.5
800,18122.815043,18122.00971,18122.17371,18122.762376,18127.639705,1,1.99999999999996,0.0200000000000003,7.00000000000003,1,2,66,0.5
801,18129.31237,18128.391704,18128.583704,18129.31237,18129.741703,0,NaN,0,7.00000000000003,1,2,66,0.5
802,18144.224355,18143.361023,18143.617022,18144.224355,18144.493021,1,NaN,0,5.99999999999996,2,1,65,0.5
803,18152.38968,18151.315014,18151.418348,18152.38968,18158.701007,0,NaN,0,7.00000000000003,1,2,66,0.5
804,18160.976338,18159.881006,18160.065006,18160.923005,18164.577668,0,1.99999999999996,0.0200000000000003,5.99999999999996,2,1,65,0.5
805,18166.051,18165.283667,18165.481,18165.997666,18169.470329,1,1.99999999999996,0.0200000000000003,7.00000000000003,1,2,66,0.5
806,18171.257661,18170.298995,18170.456995,18171.254994,18177.160988,0,1.99999999999996,0.0200000000000003,5.99999999999996,2,1,65,0.5
807,18178.803653,18177.873654,18178.124321,18178.75032,18184.896314,1,1.99999999999996,0.0200000000000003,7.00000000000003,1,2,66,0.5
808,18188.434311,18187.456311,18187.647645,18188.434311,18203.984295,1,NaN,0,5.99999999999996,2,1,65,0.5
809,18205.37696,18204.472961,18204.658961,18205.37696,18206.027627,1,NaN,0,5.99999999999996,2,1,65,0.5
810,18226.601606,18225.670273,18225.759606,18226.598939,18230.527602,0,1.99999999999996,0.0200000000000003,5.99999999999996,2,1,65,0.5
811,18232.630933,18231.676267,18231.892267,18232.5776,18235.656263,1,1.99999999999996,0.0200000000000003,7.00000000000003,1,2,66,0.5
812,18236.968929,18236.181596,18236.260929,18236.966262,18241.832924,0,1.99999999999996,0.0200000000000003,5.99999999999996,2,1,65,0.5
813,18243.463589,18242.504256,18242.738256,18243.463589,18243.927588,1,NaN,0,5.99999999999996,2,1,65,0.5
814,18252.48758,18252.004914,18252.052914,18252.48758,18253.250912,0,NaN,0,7.00000000000003,1,2,66,0.5
815,18259.090907,18258.049574,18258.54224,18259.090907,18259.286906,1,NaN,0,5.99999999999996,2,1,65,0.5
816,18268.222231,18267.288232,18267.476898,18268.168897,18272.588893,0,1.99999999999996,0.0200000000000003,5.99999999999996,2,1,65,0.5
817,18274.823557,18273.873558,18274.069558,18274.823557,18275.583557,1,NaN,0,5.99999999999996,2,1,65,0.5
818,18283.282216,18282.57155,18282.698216,18283.282216,18283.928882,0,NaN,0,7.00000000000003,1,2,66,0.5
819,18293.122872,18292.332873,18292.53754,18293.122872,18293.147539,1,NaN,0,5.99999999999996,2,1,65,0.5
820,18300.374865,18299.633533,18299.792199,18300.321532,18302.822196,0,1.99999999999996,0.0200000000000003,5.99999999999996,2,1,65,0.5
821,18304.518861,18303.590195,18303.820195,18304.518861,18305.257527,1,NaN,0,5.99999999999996,2,1,65,0.5
822,18311.553521,18310.900188,18310.951521,18311.553521,18312.09152,0,NaN,0,7.00000000000003,1,2,66,0.5
823,18324.116175,18323.346176,18323.438842,18324.116175,18330.879501,0,NaN,0,7.00000000000003,1,2,66,0.5
824,18332.328167,18331.460167,18331.655501,18332.274833,18335.005497,1,1.99999999999996,0.0200000000000003,7.00000000000003,1,2,66,0.5
825,18336.502162,18335.68483,18335.88483,18336.502162,18344.471488,0,NaN,0,7.00000000000003,1,2,66,0.5
826,18348.751484,18347.728818,18347.788818,18348.748817,18352.02148,0,1.99999999999996,0.0200000000000003,5.99999999999996,2,1,65,0.5
827,18354.178145,18353.249479,18353.434812,18354.124811,18356.860809,1,1.99999999999996,0.0200000000000003,7.00000000000003,1,2,66,0.5
828,18359.377473,18358.594807,18358.798807,18359.377473,18359.972806,0,NaN,0,7.00000000000003,1,2,66,0.5
829,18368.192797,18367.326132,18367.492798,18368.139464,18369.967462,1,1.99999999999996,0.0200000000000003,7.00000000000003,1,2,66,0.5
830,18371.542127,18370.451462,18370.669462,18371.488794,18377.097455,0,1.99999999999996,0.0200000000000003,5.99999999999996,2,1,65,0.5
831,18379.364786,18378.458787,18378.643454,18379.311453,18382.720116,1,1.99999999999996,0.0200000000000003,7.00000000000003,1,2,66,0.5
832,18384.010782,18383.332116,18383.458782,18384.010782,18384.742781,0,NaN,0,7.00000000000003,1,2,66,0.5
833,18390.298775,18389.650109,18389.764776,18390.298775,18390.818775,0,NaN,0,7.00000000000003,1,2,66,0.5
834,18401.078098,18400.148099,18400.392099,18401.078098,18402.006764,0,NaN,0,7.00000000000003,1,2,66,0.5
835,18409.630756,18408.911423,18409.109423,18409.630756,18414.388085,0,NaN,0,7.00000000000003,1,2,66,0.5
836,18427.676738,18426.654739,18426.730072,18427.676738,18427.884738,0,NaN,0,7.00000000000003,1,2,66,0.5
837,18435.26073,18434.368065,18434.538731,18435.26073,18435.73273,0,NaN,0,7.00000000000003,1,2,66,0.5
838,18444.646054,18443.718055,18443.918055,18444.646054,18453.024713,0,NaN,0,7.00000000000003,1,2,66,0.5
839,18463.918035,18463.012703,18463.160702,18463.918035,18464.408035,0,NaN,0,7.00000000000003,1,2,66,0.5
840,18615.513217,18614.566551,18614.755218,18615.513217,18627.856538,0,NaN,0,7.00000000000003,1,2,66,0.5
841,18630.038536,18629.161203,18629.31187,18630.038536,18684.051815,0,NaN,0,7.00000000000003,1,2,66,0.5
842,18694.569804,18693.560472,18693.666472,18694.516471,18698.6238,1,1.99999999999996,0.0200000000000003,7.00000000000003,1,2,66,0.5
843,18700.143799,18699.296466,18699.420466,18700.143799,18706.799125,0,NaN,0,7.00000000000003,1,2,66,0.5
844,18708.47379,18707.503125,18707.650458,18708.420457,18712.56512,1,1.99999999999996,0.0200000000000003,7.00000000000003,1,2,66,0.5
845,18714.464451,18713.389119,18713.546452,18714.464451,18714.778451,0,NaN,0,7.00000000000003,1,2,66,0.5
846,18724.838441,18723.906442,18724.101775,18724.838441,18726.930439,0,NaN,0,7.00000000000003,1,2,66,0.5
847,18737.920428,18736.979762,18737.183095,18737.867094,18741.343091,0,1.99999999999996,0.0200000000000003,5.99999999999996,2,1,65,0.5
848,18742.663756,18741.87309,18742.100423,18742.610423,18746.529752,1,1.99999999999996,0.0200000000000003,7.00000000000003,1,2,66,0.5
849,18747.872418,18747.143752,18747.317085,18747.872418,18748.49975,0,NaN,0,7.00000000000003,1,2,66,0.5
850,18754.651744,18753.762412,18753.917745,18754.598411,18757.597075,1,1.99999999999996,0.0200000000000003,7.00000000000003,1,2,66,0.5
851,18759.501073,18758.586407,18758.74374,18759.447739,18765.285067,0,1.99999999999996,0.0200000000000003,5.99999999999996,2,1,65,0.5
852,18766.894399,18765.881733,18766.047066,18766.841065,18770.358395,1,1.99999999999996,0.0200000000000003,7.00000000000003,1,2,66,0.5
853,18771.958394,18771.093728,18771.216394,18771.90506,18778.987053,0,1.99999999999996,0.0200000000000003,5.99999999999996,2,1,65,0.5
854,18780.703718,18779.734386,18779.939052,18780.650385,18784.361715,1,1.99999999999996,0.0200000000000003,7.00000000000003,1,2,66,0.5
855,18785.95838,18785.042381,18785.183047,18785.95838,18787.075712,0,NaN,0,7.00000000000003,1,2,66,0.5
856,18793.411706,18792.09704,18792.537706,18793.358372,18797.419702,1,1.99999999999996,0.0200000000000003,7.00000000000003,1,2,66,0.5
857,18799.087033,18798.167034,18798.363701,18799.0337,18805.355694,0,1.99999999999996,0.0200000000000003,5.99999999999996,2,1,65,0.5
858,18806.965025,18806.06036,18806.260359,18806.965025,18807.562358,1,NaN,0,5.99999999999996,2,1,65,0.5
859,18817.914348,18816.850349,18816.938349,18817.911681,18823.852342,0,1.99999999999996,0.0200000000000003,5.99999999999996,2,1,65,0.5
860,18825.59634,18824.614341,18824.849674,18825.543007,18830.304335,1,1.99999999999996,0.0200000000000003,7.00000000000003,1,2,66,0.5
861,18831.883,18830.993001,18831.137668,18831.883,18832.872999,0,NaN,0,7.00000000000003,1,2,66,0.5
862,18838.750994,18837.687661,18837.936994,18838.748327,18843.328989,1,1.99999999999996,0.0200000000000003,7.00000000000003,1,2,66,0.5
863,18845.374987,18844.221655,18844.357655,18845.37232,18852.982313,0,1.99999999999996,0.0200000000000003,5.99999999999996,2,1,65,0.5
864,18854.948977,18854.073645,18854.152978,18854.948977,18855.460977,1,NaN,0,5.99999999999996,2,1,65,0.5
865,19123.660042,19122.62271,19122.830043,19123.606709,19134.205365,0,1.99999999999996,0.0200000000000003,5.99999999999996,2,1,65,0.5
866,19139.792692,19138.850027,19139.010027,19139.792692,19140.302692,1,NaN,0,5.99999999999996,2,1,65,0.5
867,19152.055347,19151.018681,19151.219348,19152.055347,19156.499342,0,NaN,0,7.00000000000003,1,2,66,0.5
868,19160.505338,19159.626006,19159.736006,19160.505338,19169.540663,1,NaN,0,5.99999999999996,2,1,65,0.5
869,19171.276661,19170.219329,19170.500662,19171.273994,19175.57399,1,1.99999999999996,0.0200000000000003,7.00000000000003,1,2,66,0.5
870,19177.463321,19176.471322,19176.615989,19177.409988,19181.297984,0,1.99999999999996,0.0200000000000003,5.99999999999996,2,1,65,0.5
871,19183.135316,19182.299317,19182.501983,19183.135316,19183.763982,1,NaN,0,5.99999999999996,2,1,65,0.5
872,19191.299308,19190.197975,19190.392642,19191.299308,19191.78864,0,NaN,0,7.00000000000003,1,2,66,0.5
873,19200.965298,19200.088632,19200.280632,19200.965298,19201.341964,1,NaN,0,5.99999999999996,2,1,65,0.5
874,19208.73129,19208.137291,19208.209291,19208.73129,19209.474623,1,NaN,0,5.99999999999996,2,1,65,0.5
875,19223.831942,19222.858609,19223.041943,19223.831942,19224.268608,0,NaN,0,7.00000000000003,1,2,66,0.5
876,19230.389935,19229.501936,19229.687269,19230.336602,19237.721261,0,1.99999999999996,0.0200000000000003,5.99999999999996,2,1,65,0.5
877,19239.621926,19238.790593,19239.014593,19239.621926,19240.113925,1,NaN,0,5.99999999999996,2,1,65,0.5
878,19255.622577,19254.620578,19254.893911,19255.569243,19260.693238,0,1.99999999999996,0.0200000000000003,5.99999999999996,2,1,65,0.5
879,19262.45057,19261.565237,19261.79657,19262.397237,19266.050566,1,1.99999999999996,0.0200000000000003,7.00000000000003,1,2,66,0.5
880,19267.713898,19266.747232,19266.791899,19267.713898,19268.350564,0,NaN,0,7.00000000000003,1,2,66,0.5
881,19274.715891,19273.804558,19273.988558,19274.662558,19277.431888,1,1.99999999999996,0.0200000000000003,7.00000000000003,1,2,66,0.5
882,19279.145886,19278.251887,19278.375887,19279.14322,19283.379216,0,1.99999999999996,0.0200000000000003,5.99999999999996,2,1,65,0.5
883,19285.46388,19284.575214,19284.797881,19285.410547,19289.673876,1,1.99999999999996,0.0200000000000003,7.00000000000003,1,2,66,0.5
884,19291.272541,19290.373209,19290.490542,19291.269874,19298.046534,0,1.99999999999996,0.0200000000000003,5.99999999999996,2,1,65,0.5
885,19299.821866,19298.857867,19299.020533,19299.821866,19366.059133,1,NaN,0,5.99999999999996,2,1,65,0.5
886,19367.848464,19366.689799,19366.789132,19367.795131,19370.414462,1,1.99999999999996,0.0200000000000003,7.00000000000003,1,2,66,0.5
887,19372.69446,19371.540461,19371.751127,19372.641126,19376.907789,0,1.99999999999996,0.0200000000000003,5.99999999999996,2,1,65,0.5
888,19379.651119,19378.297787,19378.72512,19379.651119,19380.185785,1,NaN,0,5.99999999999996,2,1,65,0.5
889,19387.370445,19386.540446,19386.590446,19387.370445,19387.674445,0,NaN,0,7.00000000000003,1,2,66,0.5
890,19401.245098,19400.225099,19400.345765,19401.191764,19406.857092,1,1.99999999999996,0.0200000000000003,7.00000000000003,1,2,66,0.5
891,19408.287757,19407.580425,19407.717758,19408.287757,19409.07109,0,NaN,0,7.00000000000003,1,2,66,0.5
892,19415.508417,19414.374418,19414.502418,19415.50575,19419.346413,1,1.99999999999996,0.0200000000000003,7.00000000000003,1,2,66,0.5
893,19420.903745,19419.973079,19420.078413,19420.850411,19427.197072,0,1.99999999999996,0.0200000000000003,5.99999999999996,2,1,65,0.5
894,19428.640404,19427.797738,19428.022404,19428.58707,19432.241733,1,1.99999999999996,0.0200000000000003,7.00000000000003,1,2,66,0.5
895,19434.064398,19433.144399,19433.229066,19434.064398,19434.747731,0,NaN,0,7.00000000000003,1,2,66,0.5
896,19441.309724,19440.306392,19440.476392,19441.256391,19444.536388,1,1.99999999999996,0.0200000000000003,7.00000000000003,1,2,66,0.5
897,19446.006386,19445.209054,19445.296387,19446.00372,19451.367714,0,1.99999999999996,0.0200000000000003,5.99999999999996,2,1,65,0.5
898,19453.645712,19452.851046,19453.037712,19453.645712,19454.515044,1,NaN,0,5.99999999999996,2,1,65,0.5
899,19461.136371,19460.179705,19460.283705,19461.136371,19466.445699,0,NaN,0,7.00000000000003,1,2,66,0.5
900,19469.909696,19469.03303,19469.152363,19469.907029,19472.139027,1,1.99999999999996,0.0200000000000003,7.00000000000003,1,2,66,0.5
901,19473.587692,19472.792359,19472.937693,19473.587692,19474.389691,0,NaN,0,7.00000000000003,1,2,66,0.5
902,19491.413674,19490.509008,19490.589675,19491.413674,19492.159007,0,NaN,0,7.00000000000003,1,2,66,0.5
903,19527.696971,19526.932972,19527.158972,19527.696971,19533.371632,0,NaN,0,7.00000000000003,1,2,66,0.5
904,19536.902962,19535.980963,19536.137629,19536.902962,19545.11362,0,NaN,0,7.00000000000003,1,2,66,0.5
905,19553.610945,19552.814279,19552.870279,19553.557612,19555.802943,1,1.99999999999996,0.0200000000000003,7.00000000000003,1,2,66,0.5
906,19557.414275,19556.482276,19556.564942,19557.414275,19557.799608,0,NaN,0,7.00000000000003,1,2,66,0.5
907,19564.756268,19563.832268,19564.084935,19564.742268,19568.297597,0,1.99999999999996,0.0200000000000003,5.99999999999996,2,1,65,0.5
908,19570.191595,19569.253596,19569.40893,19570.138929,19572.706926,1,1.99999999999996,0.0200000000000003,7.00000000000003,1,2,66,0.5
909,19574.502258,19573.662925,19573.856925,19574.502258,19578.660254,0,NaN,0,7.00000000000003,1,2,66,0.5
910,19588.866243,19587.999578,19588.144911,19588.866243,19609.192223,0,NaN,0,7.00000000000003,1,2,66,0.5
911,19610.820221,19609.755556,19610.000889,19610.766888,19615.306884,1,1.99999999999996,0.0200000000000003,7.00000000000003,1,2,66,0.5
912,19616.625549,19615.87955,19616.012216,19616.625549,19624.144208,0,NaN,0,7.00000000000003,1,2,66,0.5
913,19625.684207,19624.731541,19624.802874,19625.684207,19644.970187,0,NaN,0,7.00000000000003,1,2,66,0.5
914,19657.328175,19655.906176,19656.10551,19657.328175,19677.809488,1,NaN,0,5.99999999999996,2,1,65,0.5
915,19686.127479,19685.18548,19685.300814,19686.127479,19695.452137,0,NaN,0,7.00000000000003,1,2,66,0.5
916,19697.832134,19696.848802,19697.163468,19697.832134,19698.195467,0,NaN,0,7.00000000000003,1,2,66,0.5
917,19837.398662,19835.843996,19836.057996,19837.345328,19840.674658,1,1.99999999999996,0.0200000000000003,7.00000000000003,1,2,66,0.5
918,19844.218655,19843.057989,19843.304656,19844.165321,19846.114653,0,1.99999999999996,0.0200000000000003,5.99999999999996,2,1,65,0.5
919,19849.807982,19848.86465,19849.009317,19849.754649,19853.577979,1,1.99999999999996,0.0200000000000003,7.00000000000003,1,2,66,0.5
920,19855.599977,19854.574644,19854.661978,19855.59731,19860.537305,0,1.99999999999996,0.0200000000000003,5.99999999999996,2,1,65,0.5
921,19862.529303,19861.585304,19861.81197,19862.47597,19866.815965,1,1.99999999999996,0.0200000000000003,7.00000000000003,1,2,66,0.5
922,19868.57663,19867.611965,19867.741298,19868.523297,19873.853958,0,1.99999999999996,0.0200000000000003,5.99999999999996,2,1,65,0.5
923,19875.58129,19874.794624,19874.933957,19875.58129,19880.632618,1,NaN,0,5.99999999999996,2,1,65,0.5
924,19882.53595,19881.376618,19881.529284,19882.482616,19887.867278,0,1.99999999999996,0.0200000000000003,5.99999999999996,2,1,65,0.5
925,19889.569943,19888.797277,19888.985277,19889.569943,19896.722602,1,NaN,0,5.99999999999996,2,1,65,0.5
926,19898.018601,19897.168602,19897.230602,19898.018601,19898.407267,0,NaN,0,7.00000000000003,1,2,66,0.5
927,19994.171838,19993.153839,19993.341172,19994.118505,19998.547167,0,1.99999999999996,0.0200000000000003,5.99999999999996,2,1,65,0.5
928,20000.488498,19999.541833,19999.696499,20000.435165,20004.069162,1,1.99999999999996,0.0200000000000003,7.00000000000003,1,2,66,0.5
929,20005.776493,20004.947161,20005.069161,20005.72316,20012.293153,0,1.99999999999996,0.0200000000000003,5.99999999999996,2,1,65,0.5
930,20014.045152,20013.144486,20013.372486,20014.045152,20019.383146,1,NaN,0,5.99999999999996,2,1,65,0.5
931,20021.894477,20020.787811,20020.904478,20021.841144,20030.743802,0,1.99999999999996,0.0200000000000003,5.99999999999996,2,1,65,0.5
932,20032.335133,20031.348468,20031.522467,20032.2818,20035.844463,1,1.99999999999996,0.0200000000000003,7.00000000000003,1,2,66,0.5
933,20037.279128,20036.571129,20036.632462,20037.279128,20037.963128,0,NaN,0,7.00000000000003,1,2,66,0.5
934,20044.193121,20043.039789,20043.300456,20044.193121,20044.508454,1,NaN,0,5.99999999999996,2,1,65,0.5
935,20061.90377,20061.074438,20061.206438,20061.90377,20062.619103,0,NaN,0,7.00000000000003,1,2,66,0.5
936,20071.159761,20070.359095,20070.553095,20071.106428,20077.413755,0,1.99999999999996,0.0200000000000003,5.99999999999996,2,1,65,0.5
937,20079.611086,20078.437754,20078.679754,20079.558419,20083.966415,1,1.99999999999996,0.0200000000000003,7.00000000000003,1,2,66,0.5
938,20085.409747,20084.498414,20084.661081,20085.356414,20090.984408,0,1.99999999999996,0.0200000000000003,5.99999999999996,2,1,65,0.5
939,20092.807073,20091.940407,20092.115073,20092.807073,20093.097072,1,NaN,0,5.99999999999996,2,1,65,0.5
940,20105.26306,20104.161061,20104.351061,20105.260394,20109.808389,0,1.99999999999996,0.0200000000000003,5.99999999999996,2,1,65,0.5
941,20111.630387,20110.659722,20110.825055,20111.630387,20111.903054,1,NaN,0,5.99999999999996,2,1,65,0.5
942,20122.956376,20122.126377,20122.250377,20122.953709,20128.62237,0,1.99999999999996,0.0200000000000003,5.99999999999996,2,1,65,0.5
943,20130.442368,20129.35837,20129.606369,20130.389035,20134.371031,1,1.99999999999996,0.0200000000000003,7.00000000000003,1,2,66,0.5
944,20136.024363,20135.181697,20135.230364,20136.021696,20142.26969,0,1.99999999999996,0.0200000000000003,5.99999999999996,2,1,65,0.5
945,20143.757022,20142.950356,20143.136356,20143.757022,20144.260355,1,NaN,0,5.99999999999996,2,1,65,0.5
946,20153.029679,20152.09368,20152.260347,20152.976346,20156.183676,1,1.99999999999996,0.0200000000000003,7.00000000000003,1,2,66,0.5
947,20157.605675,20156.775676,20156.827009,20157.552341,20163.362336,0,1.99999999999996,0.0200000000000003,5.99999999999996,2,1,65,0.5
948,20165.147667,20164.197668,20164.351668,20165.147667,20165.362334,1,NaN,0,5.99999999999996,2,1,65,0.5
949,20172.968993,20172.116993,20172.322993,20172.915659,20177.272322,0,1.99999999999996,0.0200000000000003,5.99999999999996,2,1,65,0.5
950,20178.93832,20177.922988,20178.166987,20178.884987,20181.998984,1,1.99999999999996,0.0200000000000003,7.00000000000003,1,2,66,0.5
951,20184.066982,20183.193649,20183.309649,20184.064315,20189.821642,0,1.99999999999996,0.0200000000000003,5.99999999999996,2,1,65,0.5
952,20191.452307,20190.560308,20190.810308,20191.452307,20192.206307,1,NaN,0,5.99999999999996,2,1,65,0.5
953,20236.110929,20235.036931,20235.138264,20236.057596,20242.254257,0,1.99999999999996,0.0200000000000003,5.99999999999996,2,1,65,0.5
954,20248.74225,20247.680918,20247.860251,20248.688917,20250.848915,1,1.99999999999996,0.0200000000000003,7.00000000000003,1,2,66,0.5
955,20252.222247,20251.514247,20251.594247,20252.222247,20252.890246,0,NaN,0,7.00000000000003,1,2,66,0.5
956,20261.936237,20261.007571,20261.170238,20261.936237,20286.314213,0,NaN,0,7.00000000000003,1,2,66,0.5
957,20290.732208,20289.813542,20289.889542,20290.732208,20290.938208,1,NaN,0,5.99999999999996,2,1,65,0.5
958,20300.390199,20299.415533,20299.585533,20300.336865,20308.79819,0,1.99999999999996,0.0200000000000003,5.99999999999996,2,1,65,0.5
959,20310.582188,20309.660189,20309.789522,20310.528856,20313.914852,1,1.99999999999996,0.0200000000000003,7.00000000000003,1,2,66,0.5
960,20315.452183,20314.630851,20314.730851,20315.452183,20315.958183,0,NaN,0,7.00000000000003,1,2,66,0.5
961,20323.637509,20322.74151,20322.886176,20323.584175,20326.994172,1,1.99999999999996,0.0200000000000003,7.00000000000003,1,2,66,0.5
962,20328.672837,20327.822171,20327.978171,20328.619504,20334.460164,0,1.99999999999996,0.0200000000000003,5.99999999999996,2,1,65,0.5
963,20336.114829,20335.220164,20335.377497,20336.114829,20336.798162,1,NaN,0,5.99999999999996,2,1,65,0.5
964,20343.874155,20343.044823,20343.208156,20343.874155,20344.454154,0,NaN,0,7.00000000000003,1,2,66,0.5
965,20352.318147,20351.619481,20351.768814,20352.318147,20352.556146,1,NaN,0,5.99999999999996,2,1,65,0.5
966,20369.04213,20368.213464,20368.261464,20369.04213,20370.204795,0,NaN,0,7.00000000000003,1,2,66,0.5
967,20403.390762,20402.764096,20402.992763,20403.390762,20403.946095,0,NaN,0,7.00000000000003,1,2,66,0.5
968,20411.814087,20411.160088,20411.303421,20411.814087,20412.100087,0,NaN,0,7.00000000000003,1,2,66,0.5
969,20848.872317,20847.298985,20847.365652,20848.872317,20849.990316,0,NaN,0,7.00000000000003,1,2,66,0.5
970,20856.690976,20855.711643,20855.853643,20856.637642,20862.942303,1,1.99999999999996,0.0200000000000003,7.00000000000003,1,2,66,0.5
971,20865.201634,20864.235635,20864.444968,20865.201634,20865.7003,0,NaN,0,7.00000000000003,1,2,66,0.5
972,20878.848287,20878.049621,20878.129621,20878.794953,20881.064285,1,1.99999999999996,0.0200000000000003,7.00000000000003,1,2,66,0.5
973,20882.680283,20881.79095,20881.94495,20882.677616,20886.054946,0,1.99999999999996,0.0200000000000003,5.99999999999996,2,1,65,0.5
974,20887.754945,20886.821612,20886.998279,20887.701611,20890.500275,1,1.99999999999996,0.0200000000000003,7.00000000000003,1,2,66,0.5
975,20891.990274,20891.134941,20891.242274,20891.93694,20896.067603,0,1.99999999999996,0.0200000000000003,5.99999999999996,2,1,65,0.5
976,20898.384267,20897.551601,20897.728935,20898.384267,20907.546258,1,NaN,0,5.99999999999996,2,1,65,0.5
977,20908.868923,20908.192924,20908.244257,20908.868923,20909.386923,1,NaN,0,5.99999999999996,2,1,65,0.5
978,20917.419582,20916.473582,20916.720916,20917.366248,20921.544911,0,1.99999999999996,0.0200000000000003,5.99999999999996,2,1,65,0.5
979,20923.022243,20922.088244,20922.26291,20922.969576,20926.456906,1,1.99999999999996,0.0200000000000003,7.00000000000003,1,2,66,0.5
980,20927.922904,20927.098905,20927.215572,20927.920238,20931.8849,0,1.99999999999996,0.0200000000000003,5.99999999999996,2,1,65,0.5
981,20933.148899,20932.428233,20932.6029,20933.148899,20933.574232,1,NaN,0,5.99999999999996,2,1,65,0.5
982,20940.189559,20939.15556,20939.433559,20940.136225,20946.016886,0,1.99999999999996,0.0200000000000003,5.99999999999996,2,1,65,0.5
983,20949.044217,20948.195551,20948.306884,20948.990883,20952.50488,1,1.99999999999996,0.0200000000000003,7.00000000000003,1,2,66,0.5
984,20953.829545,20953.130879,20953.212212,20953.776212,20957.898874,0,1.99999999999996,0.0200000000000003,5.99999999999996,2,1,65,0.5
985,20959.501539,20958.514874,20958.75354,20959.501539,20982.194183,1,NaN,0,5.99999999999996,2,1,65,0.5
986,20983.426182,20982.64285,20982.864849,20983.372849,20987.726845,1,1.99999999999996,0.0200000000000003,7.00000000000003,1,2,66,0.5
987,20989.196176,20988.206177,20988.278177,20989.196176,20989.522843,0,NaN,0,7.00000000000003,1,2,66,0.5
988,21013.164152,21012.298153,21012.410153,21013.161486,21017.398815,0,1.99999999999996,0.0200000000000003,5.99999999999996,2,1,65,0.5
989,21019.04548,21018.008814,21018.205481,21018.992147,21021.663477,1,1.99999999999996,0.0200000000000003,7.00000000000003,1,2,66,0.5
990,21022.976143,21022.224143,21022.348143,21022.976143,21024.275475,0,NaN,0,7.00000000000003,1,2,66,0.5
991,21030.744802,21029.900802,21030.072802,21030.691468,21033.650799,0,1.99999999999996,0.0200000000000003,5.99999999999996,2,1,65,0.5
992,21035.15213,21034.255465,21034.494131,21035.149464,21036.350129,1,1.99999999999996,0.0200000000000003,7.00000000000003,1,2,66,0.5
993,21038.217461,21037.000129,21037.557461,21038.164127,21043.424122,0,1.99999999999996,0.0200000000000003,5.99999999999996,2,1,65,0.5
994,21045.056121,21044.186121,21044.382788,21045.056121,21045.61612,1,NaN,0,5.99999999999996,2,1,65,0.5
995,21053.650779,21052.68878,21052.766113,21053.648112,21057.626775,1,1.99999999999996,0.0200000000000003,7.00000000000003,1,2,66,0.5
996,21058.900773,21058.239441,21058.398107,21058.900773,21059.670773,0,NaN,0,7.00000000000003,1,2,66,0.5
997,21066.987432,21066.090766,21066.327433,21066.934099,21072.943426,0,1.99999999999996,0.0200000000000003,5.99999999999996,2,1,65,0.5
998,21074.784091,21073.900092,21074.004759,21074.730758,21078.426754,1,1.99999999999996,0.0200000000000003,7.00000000000003,1,2,66,0.5
999,21079.966752,21079.06942,21079.252753,21079.966752,21080.596085,0,NaN,0,7.00000000000003,1,2,66,0.5
1000,21092.133407,21091.489407,21091.592074,21092.133407,21092.575406,1,NaN,0,5.99999999999996,2,1,65,0.5
1001,21161.095338,21160.092672,21160.279339,21161.095338,21173.576659,0,NaN,0,7.00000000000003,1,2,66,0.5
1002,21180.603985,21179.659319,21179.896652,21180.601318,21184.172648,1,1.99999999999996,0.0200000000000003,7.00000000000003,1,2,66,0.5
1003,21185.705313,21184.794647,21184.976647,21185.705313,21186.101313,0,NaN,0,7.00000000000003,1,2,66,0.5
1004,21193.799305,21192.971306,21193.136639,21193.799305,21194.584638,0,NaN,0,7.00000000000003,1,2,66,0.5
1005,21210.331955,21209.31329,21209.487956,21210.331955,21210.795288,0,NaN,0,7.00000000000003,1,2,66,0.5
1006,21228.147271,21227.287938,21227.439938,21228.147271,21228.82327,0,NaN,0,7.00000000000003,1,2,66,0.5
1007,21236.544596,21235.738597,21235.769263,21236.544596,21236.614596,0,NaN,0,7.00000000000003,1,2,66,0.5
1008,21245.232587,21244.351255,21244.402588,21245.232587,21245.387254,0,NaN,0,7.00000000000003,1,2,66,0.5
1009,21263.101236,21251.641914,21251.847247,21263.101236,21263.143236,0,NaN,0,7.00000000000003,1,2,66,0.5
1010,21281.368551,21280.453885,21280.598552,21281.368551,21283.761882,1,NaN,0,5.99999999999996,2,1,65,0.5
1011,21291.071875,21290.182542,21290.317876,21291.018541,21294.453871,1,1.99999999999996,0.0200000000000003,7.00000000000003,1,2,66,0.5
1012,21295.931203,21295.064537,21295.113204,21295.87787,21305.233194,0,1.99999999999996,0.0200000000000003,5.99999999999996,2,1,65,0.5
1013,21307.769858,21306.731859,21306.942525,21307.716525,21310.846521,1,1.99999999999996,0.0200000000000003,7.00000000000003,1,2,66,0.5
1014,21312.273187,21311.562521,21311.595854,21312.219853,21318.207181,0,1.99999999999996,0.0200000000000003,5.99999999999996,2,1,65,0.5
1015,21320.282512,21319.466513,21319.642513,21320.229179,21324.732508,1,1.99999999999996,0.0200000000000003,7.00000000000003,1,2,66,0.5
1016,21326.625172,21325.630507,21325.773173,21326.625172,21334.555831,0,NaN,0,7.00000000000003,1,2,66,0.5
1017,21336.191829,21335.152497,21335.346497,21336.191829,21350.843815,0,NaN,0,7.00000000000003,1,2,66,0.5
1018,21352.427147,21351.395814,21351.579147,21352.427147,21353.251812,0,NaN,0,7.00000000000003,1,2,66,0.5
1019,21359.544473,21358.403141,21358.576474,21359.544473,21368.349797,0,NaN,0,7.00000000000003,1,2,66,0.5
1020,21370.278462,21369.35513,21369.597129,21370.278462,21370.719795,0,NaN,0,7.00000000000003,1,2,66,0.5
1021,21377.059789,21376.252456,21376.325123,21377.059789,21386.965112,1,NaN,0,5.99999999999996,2,1,65,0.5
1022,21394.665771,21394.041105,21394.129105,21394.655771,21397.812434,1,1.99999999999996,0.0200000000000003,7.00000000000003,1,2,66,0.5
1023,21399.649099,21398.7691,21398.953767,21399.649099,21405.817093,0,NaN,0,7.00000000000003,1,2,66,0.5
1024,21442.521056,21441.345058,21441.691724,21442.467723,21446.559719,1,1.99999999999996,0.0200000000000003,7.00000000000003,1,2,66,0.5
1025,21448.262384,21447.203052,21447.512385,21448.209051,21453.187712,0,1.99999999999996,0.0200000000000003,5.99999999999996,2,1,65,0.5
1026,21454.921711,21453.884378,21454.025712,21454.868377,21458.60904,1,1.99999999999996,0.0200000000000003,7.00000000000003,1,2,66,0.5
1027,21460.266372,21459.22904,21459.403706,21460.213039,21466.497032,0,1.99999999999996,0.0200000000000003,5.99999999999996,2,1,65,0.5
1028,21468.100364,21467.205698,21467.391032,21468.047031,21473.234359,1,1.99999999999996,0.0200000000000003,7.00000000000003,1,2,66,0.5
1029,21474.861024,21474.046358,21474.180358,21474.861024,21475.875023,0,NaN,0,7.00000000000003,1,2,66,0.5
1030,21484.441014,21483.257016,21483.464349,21484.438348,21489.23701,1,1.99999999999996,0.0200000000000003,7.00000000000003,1,2,66,0.5
1031,21491.138341,21490.258342,21490.477008,21491.085008,21494.307005,0,1.99999999999996,0.0200000000000003,5.99999999999996,2,1,65,0.5
1032,21496.453002,21495.543003,21495.827003,21496.453002,21497.397002,1,NaN,0,5.99999999999996,2,1,65,0.5
1033,21503.475662,21502.248997,21502.37233,21503.475662,21504.558328,0,NaN,0,7.00000000000003,1,2,66,0.5
1034,21568.116931,21567.004265,21567.246932,21568.063598,21569.532929,0,1.99999999999996,0.0200000000000003,5.99999999999996,2,1,65,0.5
1035,21570.810928,21570.039596,21570.232262,21570.810928,21571.336261,1,NaN,0,5.99999999999996,2,1,65,0.5
1036,21580.062252,21576.790255,21576.874255,21579.510919,NaN,1,NaN,0,7.00000000000003,1,2,66,0.5
1037,21744.848087,21743.552755,21743.824088,21744.848087,21745.056754,0,NaN,0,7.00000000000003,1,2,66,0.5
1038,21754.763411,21753.709412,21753.860745,21754.710078,21758.60674,0,1.99999999999996,0.0200000000000003,5.99999999999996,2,1,65,0.5
1039,21760.664738,21759.471406,21759.658073,21760.611405,21764.574068,1,1.99999999999996,0.0200000000000003,7.00000000000003,1,2,66,0.5
1040,21766.159399,21765.406067,21765.426733,21766.159399,21766.838732,0,NaN,0,7.00000000000003,1,2,66,0.5
1041,21774.488058,21773.400059,21773.671392,21774.488058,21775.774723,0,NaN,0,7.00000000000003,1,2,66,0.5
1042,21781.184718,21780.050052,21780.199385,21781.131384,21785.448047,1,1.99999999999996,0.0200000000000003,7.00000000000003,1,2,66,0.5
1043,21787.594046,21786.719379,21786.742046,21787.540711,21792.482706,0,1.99999999999996,0.0200000000000003,5.99999999999996,2,1,65,0.5
1044,21794.796704,21793.471372,21793.925372,21794.743371,21798.222701,1,1.99999999999996,0.0200000000000003,7.00000000000003,1,2,66,0.5
1045,21799.846699,21798.989367,21799.153366,21799.793366,21805.202027,0,1.99999999999996,0.0200000000000003,5.99999999999996,2,1,65,0.5
1046,21809.424023,21808.56269,21808.667357,21809.424023,21810.116689,1,NaN,0,5.99999999999996,2,1,65,0.5
1047,21818.176014,21816.982682,21817.296682,21818.176014,21818.82868,0,NaN,0,7.00000000000003,1,2,66,0.5
1048,21828.366004,21827.283338,21827.477338,21828.312671,21833.960665,0,1.99999999999996,0.0200000000000003,5.99999999999996,2,1,65,0.5
1049,21835.79733,21834.629998,21834.833331,21835.743997,21839.894659,1,1.99999999999996,0.0200000000000003,7.00000000000003,1,2,66,0.5
1050,21841.311324,21840.529325,21840.653992,21841.257991,21845.620653,0,1.99999999999996,0.0200000000000003,5.99999999999996,2,1,65,0.5
1051,21847.240652,21846.333986,21846.509319,21847.240652,21864.973301,1,NaN,0,5.99999999999996,2,1,65,0.5
1052,21866.610632,21865.6033,21865.820633,21866.607966,21871.407961,0,1.99999999999996,0.0200000000000003,5.99999999999996,2,1,65,0.5
1053,21873.341959,21872.356627,21872.701293,21873.288626,21877.468621,1,1.99999999999996,0.0200000000000003,7.00000000000003,1,2,66,0.5
1054,21878.83062,21878.107287,21878.228621,21878.83062,21879.519953,0,NaN,0,7.00000000000003,1,2,66,0.5
1055,21918.283914,21917.246582,21917.521248,21918.283914,21918.683914,0,NaN,0,7.00000000000003,1,2,66,0.5
1056,21984.963181,21984.101848,21984.305181,21984.963181,21986.287179,0,NaN,0,7.00000000000003,1,2,66,0.5
1057,21996.099836,21995.218504,21995.41717,21996.099836,22003.692495,0,NaN,0,7.00000000000003,1,2,66,0.5
1058,22007.153825,22006.491159,22006.639826,22007.153825,22007.711158,1,NaN,0,5.99999999999996,2,1,65,0.5
1059,22014.151151,22013.367819,22013.548485,22014.151151,22014.662484,0,NaN,0,7.00000000000003,1,2,66,0.5
1060,22024.795807,22023.776475,22023.933142,22024.795807,22025.55714,0,NaN,0,7.00000000000003,1,2,66,0.5
1061,22031.370468,22030.565802,22030.769801,22031.370468,22032.091133,0,NaN,0,7.00000000000003,1,2,66,0.5
1062,22043.646455,22042.719123,22042.861789,22043.593122,22046.212453,1,1.99999999999996,0.0200000000000003,7.00000000000003,1,2,66,0.5
1063,22047.735785,22046.864452,22046.991119,22047.733118,22052.17778,0,1.99999999999996,0.0200000000000003,5.99999999999996,2,1,65,0.5
1064,22053.837112,22052.841779,22052.993779,22053.783778,22055.066444,1,1.99999999999996,0.0200000000000003,7.00000000000003,1,2,66,0.5
1065,22057.112442,22056.030443,22056.315109,22057.112442,22057.579108,0,NaN,0,7.00000000000003,1,2,66,0.5
1066,22067.526431,22066.784432,22066.831765,22067.473098,22071.093094,1,1.99999999999996,0.0200000000000003,7.00000000000003,1,2,66,0.5
1067,22072.814426,22072.006427,22072.153093,22072.814426,22077.446421,0,NaN,0,7.00000000000003,1,2,66,0.5
1068,22080.992418,22080.041086,22080.247085,22080.939085,22084.463748,0,1.99999999999996,0.0200000000000003,5.99999999999996,2,1,65,0.5
1069,22085.90108,22085.11308,22085.341747,22085.90108,22094.035072,1,NaN,0,5.99999999999996,2,1,65,0.5
1070,22095.456403,22094.462404,22094.686404,22095.453737,22100.212399,0,1.99999999999996,0.0200000000000003,5.99999999999996,2,1,65,0.5
1071,22102.11573,22101.155731,22101.400398,22102.11573,22102.36973,1,NaN,0,5.99999999999996,2,1,65,0.5
1072,22141.291024,22140.303025,22140.414358,22141.237691,22147.248352,0,1.99999999999996,0.0200000000000003,5.99999999999996,2,1,65,0.5
1073,22148.79835,22148.031684,22148.228351,22148.79835,22149.775683,1,NaN,0,5.99999999999996,2,1,65,0.5
1074,22156.112343,22155.35901,22155.555677,22156.05901,22159.457673,0,1.99999999999996,0.0200000000000003,5.99999999999996,2,1,65,0.5
1075,22165.312334,22164.417668,22164.603001,22165.259667,22168.48033,1,1.99999999999996,0.0200000000000003,7.00000000000003,1,2,66,0.5
1076,22169.608996,22168.984997,22169.124996,22169.608996,22170.428995,0,NaN,0,7.00000000000003,1,2,66,0.5
1077,22342.442156,22341.557491,22341.665491,22342.442156,22343.511489,1,NaN,0,5.99999999999996,2,1,65,0.5
1078,22349.529483,22348.672817,22348.77615,22349.476149,22354.080145,0,1.99999999999996,0.0200000000000003,5.99999999999996,2,1,65,0.5
1079,22355.826143,22354.864811,22355.059477,22355.77281,22359.04414,1,1.99999999999996,0.0200000000000003,7.00000000000003,1,2,66,0.5
1080,22360.471472,22359.656806,22359.818806,22360.471472,22360.948138,0,NaN,0,7.00000000000003,1,2,66,0.5
1081,22367.082132,22365.983466,22366.396799,22367.082132,22367.713465,1,NaN,0,5.99999999999996,2,1,65,0.5
1082,22464.715368,22463.330702,22463.690702,22464.662034,22469.728696,0,1.99999999999996,0.0200000000000003,5.99999999999996,2,1,65,0.5
1083,22477.560021,22476.456022,22476.622022,22477.560021,22478.128687,0,NaN,0,7.00000000000003,1,2,66,0.5
1084,22484.868014,22484.159348,22484.263348,22484.868014,22489.296676,0,NaN,0,7.00000000000003,1,2,66,0.5
1085,22491.958007,22490.656008,22491.269341,22491.904674,22496.648669,0,1.99999999999996,0.0200000000000003,5.99999999999996,2,1,65,0.5
1086,22498.651334,22497.586001,22497.878001,22498.651334,22498.851333,1,NaN,0,5.99999999999996,2,1,65,0.5
1087,22508.795323,22507.821324,22508.031324,22508.792657,22511.902654,0,1.99999999999996,0.0200000000000003,5.99999999999996,2,1,65,0.5
1088,22513.826652,22512.870653,22513.082653,22513.773319,22516.235983,1,1.99999999999996,0.0200000000000003,7.00000000000003,1,2,66,0.5
1089,22518.025314,22517.134648,22517.430648,22517.971981,22520.995311,0,1.99999999999996,0.0200000000000003,5.99999999999996,2,1,65,0.5
1090,22523.001309,22521.978644,22522.273977,22522.998643,22526.726639,1,1.99999999999996,0.0200000000000003,7.00000000000003,1,2,66,0.5
1091,22528.100637,22527.344638,22527.469971,22528.100637,22528.833303,0,NaN,0,7.00000000000003,1,2,66,0.5
1092,22535.242631,22534.323965,22534.504631,22535.242631,22535.542631,1,NaN,0,5.99999999999996,2,1,65,0.5
1093,22548.047284,22547.154618,22547.363952,22548.047284,22595.57057,1,NaN,0,5.99999999999996,2,1,65,0.5
1094,22596.831902,22596.007903,22596.147236,22596.831902,22597.445235,1,NaN,0,5.99999999999996,2,1,65,0.5
1095,22606.699892,22605.45056,22605.681227,22606.699892,22607.099892,0,NaN,0,7.00000000000003,1,2,66,0.5
1096,22614.987217,22614.057218,22614.145218,22614.987217,22615.201217,1,NaN,0,5.99999999999996,2,1,65,0.5
1097,22629.192536,22628.057204,22628.233871,22629.192536,22632.822533,0,NaN,0,7.00000000000003,1,2,66,0.5
1098,22636.165863,22635.441197,22635.575863,22636.165863,22638.191861,1,NaN,0,5.99999999999996,2,1,65,0.5
1099,22650.617848,22649.255183,22649.43185,22650.617848,22650.760515,1,NaN,0,5.99999999999996,2,1,65,0.5
1100,22668.313164,22667.459831,22667.785831,22668.313164,22668.836497,1,NaN,0,5.99999999999996,2,1,65,0.5
1101,22713.169786,22712.131787,22712.426453,22713.116452,22716.462449,0,1.99999999999996,0.0200000000000003,5.99999999999996,2,1,65,0.5
1102,22726.190439,22724.986441,22725.387774,22726.190439,22726.359773,1,NaN,0,5.99999999999996,2,1,65,0.5
1103,22746.970419,22745.877753,22746.129086,22746.967752,22758.952407,1,1.99999999999996,0.0200000000000003,7.00000000000003,1,2,66,0.5
1104,22760.534405,22759.499739,22759.812406,22760.534405,22761.059738,1,NaN,0,5.99999999999996,2,1,65,0.5
1105,22783.357716,22782.30505,22782.59305,22783.304382,22786.843045,0,1.99999999999996,0.0200000000000003,5.99999999999996,2,1,65,0.5
1106,22788.429044,22787.482378,22787.697045,22788.429044,22788.713044,1,NaN,0,5.99999999999996,2,1,65,0.5
1107,22795.41637,22794.506371,22794.591704,22795.41637,22795.87837,0,NaN,0,7.00000000000003,1,2,66,0.5
1108,22807.548358,22806.575026,22806.812359,22807.495025,22811.795687,1,1.99999999999996,0.0200000000000003,7.00000000000003,1,2,66,0.5
1109,22813.215019,22812.366353,22812.50902,22813.215019,22813.601019,0,NaN,0,7.00000000000003,1,2,66,0.5
1110,22820.213679,22819.352346,22819.573679,22820.160345,22823.119676,0,1.99999999999996,0.0200000000000003,5.99999999999996,2,1,65,0.5
1111,22824.881007,22823.905675,22824.125675,22824.881007,22825.585007,1,NaN,0,5.99999999999996,2,1,65,0.5
1112,22859.465639,22858.372307,22858.650974,22859.465639,22859.618306,1,NaN,0,5.99999999999996,2,1,65,0.5
1113,22883.162949,22882.22495,22882.36695,22883.109616,22887.040945,1,1.99999999999996,0.0200000000000003,7.00000000000003,1,2,66,0.5
1114,22888.766277,22887.885611,22887.982278,22888.712944,22892.662273,0,1.99999999999996,0.0200000000000003,5.99999999999996,2,1,65,0.5
1115,22898.9836,22897.919601,22898.122268,22898.930267,22904.884927,1,1.99999999999996,0.0200000000000003,7.00000000000003,1,2,66,0.5
1116,22906.593592,22905.627593,22905.656927,22906.540259,22912.619586,0,1.99999999999996,0.0200000000000003,5.99999999999996,2,1,65,0.5
1117,22914.445584,22913.576919,22913.804918,22914.445584,22922.564243,1,NaN,0,5.99999999999996,2,1,65,0.5
1118,22924.680908,22923.481575,22923.910908,22924.680908,22930.354235,1,NaN,0,5.99999999999996,2,1,65,0.5
1119,22995.678837,22994.534838,22994.827504,22995.625503,23002.66883,0,1.99999999999996,0.0200000000000003,5.99999999999996,2,1,65,0.5
1120,23007.138825,23006.150159,23006.291493,23007.085492,23013.838818,1,1.99999999999996,0.0200000000000003,7.00000000000003,1,2,66,0.5
1121,23019.09348,23017.967481,23018.230814,23019.040147,23023.002143,1,1.99999999999996,0.0200000000000003,7.00000000000003,1,2,66,0.5
1122,23024.970141,23024.104141,23024.200141,23024.967474,23031.366801,0,1.99999999999996,0.0200000000000003,5.99999999999996,2,1,65,0.5
1123,23033.986798,23032.432133,23033.078133,23033.986798,23045.42812,1,NaN,0,5.99999999999996,2,1,65,0.5
1124,23047.131452,23046.220786,23046.485452,23047.078119,23051.422781,0,1.99999999999996,0.0200000000000003,5.99999999999996,2,1,65,0.5
1125,23053.628779,23052.659446,23052.865446,23053.626112,23057.033442,1,1.99999999999996,0.0200000000000003,7.00000000000003,1,2,66,0.5
1126,23058.630774,23057.663441,23057.914774,23058.630774,23059.29144,0,NaN,0,7.00000000000003,1,2,66,0.5
1127,23066.405433,23065.401434,23065.611433,23066.402766,23072.482093,0,1.99999999999996,0.0200000000000003,5.99999999999996,2,1,65,0.5
1128,23074.623424,23073.600759,23073.786758,23074.570091,23076.173423,1,1.99999999999996,0.0200000000000003,7.00000000000003,1,2,66,0.5
1129,23078.089421,23077.216088,23077.465421,23078.089421,23219.38528,0,NaN,0,7.00000000000003,1,2,66,0.5
1130,23370.227129,23369.218463,23369.470463,23370.227129,23370.519128,0,NaN,0,7.00000000000003,1,2,66,0.5
1131,23378.829787,23377.818454,23377.986454,23378.776453,23380.251119,1,1.99999999999996,0.0200000000000003,7.00000000000003,1,2,66,0.5
1132,23384.335115,23383.400449,23383.575115,23384.335115,23384.773781,0,NaN,0,7.00000000000003,1,2,66,0.5
1133,23396.395769,23395.494437,23395.677103,23396.395769,23407.159758,0,NaN,0,7.00000000000003,1,2,66,0.5
1134,23408.69309,23407.849758,23408.015091,23408.639757,23412.629086,1,1.99999999999996,0.0200000000000003,7.00000000000003,1,2,66,0.5
1135,23414.109085,23413.314419,23413.518419,23414.109085,23420.524412,0,NaN,0,7.00000000000003,1,2,66,0.5
1136,23423.519742,23422.725743,23422.984409,23423.519742,23424.361741,0,NaN,0,7.00000000000003,1,2,66,0.5
1137,23432.053734,23431.125068,23431.360401,23432.0004,23435.150397,1,1.99999999999996,0.0200000000000003,7.00000000000003,1,2,66,0.5
1138,23437.211728,23436.192396,23436.409063,23437.211728,23437.479728,0,NaN,0,7.00000000000003,1,2,66,0.5
1139,23457.351708,23456.088376,23456.315709,23457.351708,23542.153623,0,NaN,0,7.00000000000003,1,2,66,0.5
1140,23581.686917,23578.66492,23578.94692,23581.686917,23589.32291,0,NaN,0,7.00000000000003,1,2,66,0.5
1141,23599.0169,23597.257568,23597.308235,23598.963567,23601.386898,1,1.99999999999996,0.0200000000000003,7.00000000000003,1,2,66,0.5
1142,23612.669553,23610.624222,23610.919555,23612.61622,23640.652192,1,1.99999999999996,0.0200000000000003,7.00000000000003,1,2,66,0.5
1143,23646.750186,23645.89552,23646.016186,23646.696852,23647.994184,1,1.99999999999996,0.0200000000000003,7.00000000000003,1,2,66,0.5
1144,23663.981502,23651.358848,23651.458847,NaN,23667.816831,NaN,NaN,0,7.00000000000003,1,2,66,0.5
1145,23676.698156,23675.542823,23675.792823,23676.698156,23693.862138,1,NaN,0,5.99999999999996,2,1,65,0.5
1146,23695.446803,23694.493471,23694.946137,23695.446803,23695.76547,1,NaN,0,5.99999999999996,2,1,65,0.5
1147,23703.013463,23701.692131,23701.843464,23702.960129,23711.288121,0,1.99999999999996,0.0200000000000003,5.99999999999996,2,1,65,0.5
1148,23713.964785,23713.087452,23713.236119,23713.911452,23716.599449,1,1.99999999999996,0.0200000000000003,7.00000000000003,1,2,66,0.5
1149,23722.58011,23721.679444,23721.867444,23722.526776,23752.805413,0,1.99999999999996,0.0200000000000003,5.99999999999996,2,1,65,0.5
1150,23800.306699,23799.249366,23799.310033,23800.306699,23800.552032,1,NaN,0,5.99999999999996,2,1,65,0.5
1151,23809.596689,23808.366691,23808.54269,23809.543356,NaN,0,1.99999999999996,0.0200000000000003,5.99999999999996,2,1,65,0.5
