trial,outcome,center_in,center_out,side_in,last_side_out,actions,reward,trial_types,odors,port_side,schedule,odor_name,odor_dur
1,677.357774,675.732774,675.916274,676.807274,696.571774,1,NaN,0,7.00000000000003,1,2,66,0.5
2,709.117274,708.409774,708.679774,709.117274,725.378774,0,NaN,0,7.00000000000003,1,2,66,0.5
3,729.688774,728.571274,728.643774,729.636274,740.814274,1,2.99999999999994,0.0299999999999997,7.00000000000003,1,2,66,0.5
4,754.547274,753.984274,754.027774,754.547274,775.775774,1,NaN,0,5.99999999999996,2,1,65,0.5
5,777.551274,777.092274,777.152274,777.551274,794.749274,1,NaN,0,5.99999999999996,2,1,65,0.5
6,798.879274,798.169274,798.500274,798.879274,803.382774,1,NaN,0,5.99999999999996,2,1,65,0.5
7,806.083774,804.818274,805.596274,806.031774,855.016774,1,2.99999999999994,0.0299999999999997,7.00000000000003,1,2,66,0.5
8,856.553774,855.919774,856.102774,856.553774,859.678774,1,NaN,0,5.99999999999996,2,1,65,0.5
9,863.515774,862.909274,863.151774,863.515774,889.608774,1,NaN,0,5.99999999999996,2,1,65,0.5
10,900.376274,899.579274,899.664274,900.323274,902.746274,0,2.99999999999994,0.0299999999999997,5.99999999999996,2,1,65,0.5
11,904.464274,903.942274,904.026774,904.464274,913.646274,1,NaN,0,5.99999999999996,2,1,65,0.5
12,915.043274,914.367774,914.531274,915.040274,918.554278,0,2.99999999999994,0.0299999999999997,5.99999999999996,2,1,65,0.5
13,919.982275,919.482274,919.595274,919.982275,941.743774,1,NaN,0,5.99999999999996,2,1,65,0.5
14,942.739774,942.323274,942.378274,942.739774,948.528774,0,NaN,0,7.00000000000003,1,2,66,0.5
15,951.286774,950.572274,950.822274,951.233774,954.956278,1,2.99999999999994,0.0299999999999997,7.00000000000003,1,2,66,0.5
16,957.268274,956.644774,956.677274,957.234274,960.854774,0,2.99999999999994,0.0299999999999997,5.99999999999996,2,1,65,0.5
17,962.903274,962.206774,962.389774,962.850774,967.140274,1,2.99999999999994,0.0299999999999997,7.00000000000003,1,2,66,0.5
18,968.451774,967.796774,967.886774,968.398276,970.843274,0,2.99999999999994,0.0299999999999997,5.99999999999996,2,1,65,0.5
19,973.329274,972.698774,972.873274,973.329274,1007.736274,1,NaN,0,5.99999999999996,2,1,65,0.5
20,1008.583274,1008.092274,1008.225274,1008.583274,1015.920774,1,NaN,0,5.99999999999996,2,1,65,0.5
21,1018.476274,1017.896778,1018.045774,1018.423774,1027.352274,1,2.99999999999994,0.0299999999999997,7.00000000000003,1,2,66,0.5
22,1030.100274,1029.633774,1029.773275,1030.100274,1048.812774,1,NaN,0,5.99999999999996,2,1,65,0.5
23,1052.922274,1052.181274,1052.496275,1052.869274,1055.083774,1,2.99999999999994,0.0299999999999997,7.00000000000003,1,2,66,0.5
24,1056.646774,1055.868274,1056.157774,1056.593774,1059.774274,0,2.99999999999994,0.0299999999999997,5.99999999999996,2,1,65,0.5
25,1060.940774,1060.351274,1060.460274,1060.888274,1064.210774,1,2.99999999999994,0.0299999999999997,7.00000000000003,1,2,66,0.5
26,1065.550774,1064.978774,1065.043274,1065.550774,1065.854774,0,NaN,0,7.00000000000003,1,2,66,0.5
27,1110.658278,1109.601274,1109.950278,1110.606274,1114.557774,1,2.99999999999994,0.0299999999999997,7.00000000000003,1,2,66,0.5
28,1119.488774,1118.655774,1118.731274,1119.435774,1122.106774,0,2.99999999999994,0.0299999999999997,5.99999999999996,2,1,65,0.5
29,1123.427776,1122.807274,1122.945774,1123.374774,1125.807771,1,2.99999999999994,0.0299999999999997,7.00000000000003,1,2,66,0.5
30,1127.135274,1126.510774,1126.541274,1127.130774,1129.707274,0,2.99999999999994,0.0299999999999997,5.99999999999996,2,1,65,0.5
31,1131.709776,1131.026274,1131.183774,1131.656776,1134.116774,1,2.99999999999994,0.0299999999999997,7.00000000000003,1,2,66,0.5
32,1135.397274,1134.663774,1134.801274,1135.397274,1223.273274,0,NaN,0,7.00000000000003,1,2,66,0.5
33,1224.505274,1223.980274,1224.030274,1224.505274,1284.624274,0,NaN,0,7.00000000000003,1,2,66,0.5
34,1289.957774,1289.196774,1289.348278,1289.957774,1290.368274,1,NaN,0,5.99999999999996,2,1,65,0.5
35,1300.319274,1299.552774,1299.673274,1300.319274,1301.010274,0,NaN,0,7.00000000000003,1,2,66,0.5
36,1307.039774,1306.474274,1306.616774,1307.039774,1318.383778,1,NaN,0,5.99999999999996,2,1,65,0.5
37,1321.077274,1320.004274,1320.480774,1321.024274,1324.070774,0,2.99999999999994,0.0299999999999997,5.99999999999996,2,1,65,0.5
38,1325.303274,1324.687274,1324.838274,1325.300774,1328.717274,1,2.99999999999994,0.0299999999999997,7.00000000000003,1,2,66,0.5
39,1329.987774,1329.364278,1329.465774,1329.969274,1332.884274,0,2.99999999999994,0.0299999999999997,5.99999999999996,2,1,65,0.5
40,1334.023274,1333.451774,1333.602274,1334.023274,1346.905274,1,NaN,0,5.99999999999996,2,1,65,0.5
41,1349.721275,1349.095774,1349.176774,1349.721275,1355.336774,0,NaN,0,7.00000000000003,1,2,66,0.5
42,1358.009274,1357.146274,1357.413774,1358.006774,1360.077274,1,2.99999999999994,0.0299999999999997,7.00000000000003,1,2,66,0.5
43,1361.544774,1360.743274,1361.024774,1361.544774,1370.575274,0,NaN,0,7.00000000000003,1,2,66,0.5
44,1373.540274,1373.039274,1373.160768,1373.540274,1373.896777,1,NaN,0,5.99999999999996,2,1,65,0.5
45,1404.530774,1403.700274,1403.909774,1404.478274,1409.607274,0,2.99999999999994,0.0299999999999997,5.99999999999996,2,1,65,0.5
46,1410.912274,1410.317274,1410.407774,1410.912274,1421.297278,1,NaN,0,5.99999999999996,2,1,65,0.5
47,1422.808774,1422.094274,1422.223774,1422.808774,1437.308774,0,NaN,0,7.00000000000003,1,2,66,0.5
48,1439.089774,1438.125274,1438.361774,1439.036278,1443.647275,0,2.99999999999994,0.0299999999999997,5.99999999999996,2,1,65,0.5
49,1445.052274,1444.337274,1444.516774,1445.052274,1445.224775,1,NaN,0,5.99999999999996,2,1,65,0.5
50,1454.393774,1453.663775,1453.915774,1454.340774,1456.766274,1,2.99999999999994,0.0299999999999997,7.00000000000003,1,2,66,0.5
51,1458.224776,1457.354274,1457.669274,1458.172274,1461.574775,0,2.99999999999994,0.0299999999999997,5.99999999999996,2,1,65,0.5
52,1462.892275,1462.193774,1462.398274,1462.839774,1465.818274,1,2.99999999999994,0.0299999999999997,7.00000000000003,1,2,66,0.5
53,1515.899274,1514.755774,1515.092274,1515.846774,1519.524775,0,2.99999999999994,0.0299999999999997,5.99999999999996,2,1,65,0.5
54,1521.724276,1520.880774,1521.129274,1521.721276,1524.490773,1,2.99999999999994,0.0299999999999997,7.00000000000003,1,2,66,0.5
55,1526.698274,1525.928274,1526.048274,1526.698274,1533.204774,0,NaN,0,7.00000000000003,1,2,66,0.5
56,1541.693774,1540.843774,1541.051274,1541.691274,1546.502774,1,2.99999999999994,0.0299999999999997,7.00000000000003,1,2,66,0.5
57,1547.983774,1547.149774,1547.357278,1547.983774,1554.825774,0,NaN,0,7.00000000000003,1,2,66,0.5
58,1556.104274,1555.340774,1555.507774,1556.104274,1556.411274,1,NaN,0,5.99999999999996,2,1,65,0.5
59,1567.828274,1566.827274,1567.140274,1567.828274,1574.907774,0,NaN,0,7.00000000000003,1,2,66,0.5
60,1589.513274,1588.466274,1588.890774,1589.513274,1592.005774,0,NaN,0,7.00000000000003,1,2,66,0.5
61,1596.066274,1595.356774,1595.527779,1596.013774,1599.249274,1,2.99999999999994,0.0299999999999997,7.00000000000003,1,2,66,0.5
62,1601.217774,1600.662774,1600.801774,1601.217774,1609.256774,0,NaN,0,7.00000000000003,1,2,66,0.5
63,1612.870774,1611.816774,1612.230774,1612.817274,1615.361274,0,2.99999999999994,0.0299999999999997,5.99999999999996,2,1,65,0.5
64,1616.703774,1615.890774,1616.207774,1616.703774,1622.560274,1,NaN,0,5.99999999999996,2,1,65,0.5
65,1625.209274,1624.040274,1624.595774,1625.209274,1629.356274,0,NaN,0,7.00000000000003,1,2,66,0.5
66,1631.630774,1630.664774,1631.153774,1631.630774,1796.667274,0,NaN,0,7.00000000000003,1,2,66,0.5
67,1798.422774,1797.361274,1797.609274,1798.420774,1802.309774,0,2.99999999999994,0.0299999999999997,5.99999999999996,2,1,65,0.5
68,1803.829776,1803.024278,1803.219274,1803.826776,1809.093274,1,2.99999999999994,0.0299999999999997,7.00000000000003,1,2,66,0.5
69,1810.723274,1809.853274,1810.005774,1810.720774,1813.476774,0,2.99999999999994,0.0299999999999997,5.99999999999996,2,1,65,0.5
70,1814.943278,1814.168774,1814.367274,1814.890274,1818.199774,1,2.99999999999994,0.0299999999999997,7.00000000000003,1,2,66,0.5
71,1819.581274,1818.804274,1818.962774,1819.528774,1822.318774,0,2.99999999999994,0.0299999999999997,5.99999999999996,2,1,65,0.5
72,1823.730774,1823.002274,1823.167274,1823.677774,1824.827276,1,2.99999999999994,0.0299999999999997,7.00000000000003,1,2,66,0.5
73,1826.331774,1825.495274,1825.783274,1826.331774,1830.526774,0,NaN,0,7.00000000000003,1,2,66,0.5
74,1833.226774,1832.147773,1832.647774,1833.173274,1834.368774,0,2.99999999999994,0.0299999999999997,5.99999999999996,2,1,65,0.5
75,1839.593278,1838.539778,1838.935774,1839.590776,1842.316774,0,2.99999999999994,0.0299999999999997,5.99999999999996,2,1,65,0.5
76,1844.581774,1843.884274,1844.083774,1844.528275,1847.075774,1,2.99999999999994,0.0299999999999997,7.00000000000003,1,2,66,0.5
77,1848.668274,1847.923278,1848.162274,1848.668274,1854.591774,0,NaN,0,7.00000000000003,1,2,66,0.5
78,1857.669274,1856.823274,1857.133774,1857.666274,1861.231774,1,2.99999999999994,0.0299999999999997,7.00000000000003,1,2,66,0.5
79,1865.285274,1863.897774,1864.532274,1865.232274,1869.517774,0,2.99999999999994,0.0299999999999997,5.99999999999996,2,1,65,0.5
80,1870.886274,1870.032274,1870.208275,1870.883774,1874.193774,1,2.99999999999994,0.0299999999999997,7.00000000000003,1,2,66,0.5
81,1875.701274,1874.747274,1875.019273,1875.648774,1880.196274,0,2.99999999999994,0.0299999999999997,5.99999999999996,2,1,65,0.5
82,1881.323774,1880.716274,1880.864774,1881.323774,1888.541774,1,NaN,0,5.99999999999996,2,1,65,0.5
83,1891.331776,1890.017774,1890.614278,1891.279274,1895.028274,0,2.99999999999994,0.0299999999999997,5.99999999999996,2,1,65,0.5
84,1896.266274,1895.530274,1895.746274,1896.213774,1899.707774,1,2.99999999999994,0.0299999999999997,7.00000000000003,1,2,66,0.5
85,1901.238274,1900.391774,1900.584274,1901.184774,1904.117274,0,2.99999999999994,0.0299999999999997,5.99999999999996,2,1,65,0.5
86,1905.300774,1904.688774,1904.850274,1905.300774,1910.961274,1,NaN,0,5.99999999999996,2,1,65,0.5
87,1921.531274,1920.575774,1920.893774,1921.528774,1925.556774,0,2.99999999999994,0.0299999999999997,5.99999999999996,2,1,65,0.5
88,1926.708274,1926.091274,1926.256274,1926.708274,1929.162274,1,NaN,0,5.99999999999996,2,1,65,0.5
89,1933.622274,1933.031274,1933.208776,1933.569274,1936.272774,1,2.99999999999994,0.0299999999999997,7.00000000000003,1,2,66,0.5
90,1937.829274,1937.142774,1937.401274,1937.829274,1966.823773,0,NaN,0,7.00000000000003,1,2,66,0.5
91,1967.974274,1967.268275,1967.364274,1967.921274,1970.980274,0,2.99999999999994,0.0299999999999997,5.99999999999996,2,1,65,0.5
92,1972.197778,1971.507778,1971.712278,1972.145277,1975.112274,1,2.99999999999994,0.0299999999999997,7.00000000000003,1,2,66,0.5
93,1976.243778,1975.629274,1975.831774,1976.243778,1981.564774,0,NaN,0,7.00000000000003,1,2,66,0.5
94,1985.971774,1985.348774,1985.498274,1985.959274,1988.958274,1,2.99999999999994,0.0299999999999997,7.00000000000003,1,2,66,0.5
95,1990.547774,1989.453274,1989.931275,1990.495274,1994.165772,0,2.99999999999994,0.0299999999999997,5.99999999999996,2,1,65,0.5
96,1995.405775,1994.754274,1994.926274,1995.405775,2006.834274,1,NaN,0,5.99999999999996,2,1,65,0.5
97,2008.393274,2007.467778,2007.658278,2008.340774,2010.757777,0,2.99999999999994,0.0299999999999997,5.99999999999996,2,1,65,0.5
98,2012.030274,2011.305273,2011.532774,2011.977774,2014.613274,1,2.99999999999994,0.0299999999999997,7.00000000000003,1,2,66,0.5
99,2015.735275,2015.118274,2015.335774,2015.735275,2027.986774,0,NaN,0,7.00000000000003,1,2,66,0.5
100,2029.110274,2028.390274,2028.596774,2029.110274,2031.270274,1,NaN,0,5.99999999999996,2,1,65,0.5
101,2038.213774,2037.376274,2037.674774,2038.213774,2055.658778,1,NaN,0,5.99999999999996,2,1,65,0.5
102,2058.692274,2058.069274,2058.221774,2058.654274,2060.795774,1,2.99999999999994,0.0299999999999997,7.00000000000003,1,2,66,0.5
103,2062.610775,2061.264274,2062.147274,2062.610775,2302.146774,0,NaN,0,7.00000000000003,1,2,66,0.5
104,2303.728274,2302.722774,2302.785774,2303.728274,2360.868774,1,NaN,0,5.99999999999996,2,1,65,0.5
105,2362.115774,2361.400276,2361.440774,2362.063274,2365.631274,0,2.99999999999994,0.0299999999999997,5.99999999999996,2,1,65,0.5
106,2368.828274,2368.173274,2368.281774,2368.825274,2371.611274,1,2.99999999999994,0.0299999999999997,7.00000000000003,1,2,66,0.5
107,2374.322774,2373.505773,2373.652774,2374.270274,2376.934274,0,2.99999999999994,0.0299999999999997,5.99999999999996,2,1,65,0.5
108,2378.239274,2377.615275,2377.728774,2378.231274,2381.128774,1,2.99999999999994,0.0299999999999997,7.00000000000003,1,2,66,0.5
109,2382.474778,2381.853274,2381.987774,2382.422775,2385.345774,0,2.99999999999994,0.0299999999999997,5.99999999999996,2,1,65,0.5
110,2386.871274,2386.186774,2386.318274,2386.817774,2389.923773,1,2.99999999999994,0.0299999999999997,7.00000000000003,1,2,66,0.5
111,2391.137774,2390.533774,2390.641777,2391.137774,2394.860774,0,NaN,0,7.00000000000003,1,2,66,0.5
112,2397.852774,2396.983278,2397.039275,2397.852774,2400.926274,0,NaN,0,7.00000000000003,1,2,66,0.5
113,2407.740274,2406.800274,2407.044276,2407.738274,2410.181774,1,2.99999999999994,0.0299999999999997,7.00000000000003,1,2,66,0.5
114,2411.636774,2410.834774,2411.068274,2411.636774,2415.673274,0,NaN,0,7.00000000000003,1,2,66,0.5
115,2418.634274,2417.633274,2418.149274,2418.581274,2421.178274,1,2.99999999999994,0.0299999999999997,7.00000000000003,1,2,66,0.5
116,2422.607774,2421.713274,2421.928274,2422.605274,2425.705774,0,2.99999999999994,0.0299999999999997,5.99999999999996,2,1,65,0.5
117,2426.961274,2426.267774,2426.427774,2426.907774,2431.541774,1,2.99999999999994,0.0299999999999997,7.00000000000003,1,2,66,0.5
118,2432.914274,2432.215774,2432.337274,2432.914274,2440.381774,0,NaN,0,7.00000000000003,1,2,66,0.5
119,2444.005778,2443.195279,2443.538774,2444.005778,2451.438774,0,NaN,0,7.00000000000003,1,2,66,0.5
120,2454.989774,2454.148774,2454.594774,2454.989774,2460.330274,1,NaN,0,5.99999999999996,2,1,65,0.5
121,2464.842774,2463.878274,2464.355274,2464.842774,2474.523774,1,NaN,0,5.99999999999996,2,1,65,0.5
122,2478.088774,2477.492774,2477.676776,2478.088774,2478.581274,1,NaN,0,5.99999999999996,2,1,65,0.5
123,2491.210274,2489.989774,2490.587778,2491.210274,2496.735274,1,NaN,0,5.99999999999996,2,1,65,0.5
124,2513.031274,2512.350274,2512.536274,2512.978274,2515.339274,1,2.99999999999994,0.0299999999999997,7.00000000000003,1,2,66,0.5
125,2516.669278,2515.918778,2516.076779,2516.666769,2520.763774,0,2.99999999999994,0.0299999999999997,5.99999999999996,2,1,65,0.5
126,2522.288274,2521.589775,2521.734775,2522.235774,2525.282774,1,2.99999999999994,0.0299999999999997,7.00000000000003,1,2,66,0.5
127,2526.735274,2525.980274,2526.087274,2526.682274,2530.938274,0,2.99999999999994,0.0299999999999997,5.99999999999996,2,1,65,0.5
128,2532.194774,2531.587274,2531.730274,2532.194774,2535.845774,1,NaN,0,5.99999999999996,2,1,65,0.5
129,2538.518274,2537.865274,2538.125774,2538.518274,2541.221774,1,NaN,0,5.99999999999996,2,1,65,0.5
130,2546.604274,2545.948774,2545.991274,2546.604274,2553.961777,0,NaN,0,7.00000000000003,1,2,66,0.5
131,2556.665774,2555.878774,2556.078774,2556.612774,2559.232774,1,2.99999999999994,0.0299999999999997,7.00000000000003,1,2,66,0.5
132,2560.651274,2559.938274,2560.108274,2560.598774,2566.658274,0,2.99999999999994,0.0299999999999997,5.99999999999996,2,1,65,0.5
133,2569.000274,2568.231774,2568.412774,2568.997774,2573.741274,1,2.99999999999994,0.0299999999999997,7.00000000000003,1,2,66,0.5
134,2575.271774,2574.435774,2574.590774,2575.269274,2581.722274,0,2.99999999999994,0.0299999999999997,5.99999999999996,2,1,65,0.5
135,2582.858774,2582.234774,2582.376774,2582.834776,2586.765774,1,2.99999999999994,0.0299999999999997,7.00000000000003,1,2,66,0.5
136,2588.312274,2587.432774,2587.548278,2588.309778,2591.404774,0,2.99999999999994,0.0299999999999997,5.99999999999996,2,1,65,0.5
137,2592.875774,2592.193774,2592.317774,2592.823274,2595.909776,1,2.99999999999994,0.0299999999999997,7.00000000000003,1,2,66,0.5
138,2597.176774,2596.550274,2596.653774,2597.176774,2603.668773,0,NaN,0,7.00000000000003,1,2,66,0.5
139,2606.861774,2606.152774,2606.423774,2606.861774,2612.071775,1,NaN,0,5.99999999999996,2,1,65,0.5
140,2617.539274,2616.873774,2617.001278,2617.539274,2618.895274,1,NaN,0,5.99999999999996,2,1,65,0.5
141,2643.516774,2642.809774,2643.010274,2643.516774,2645.641774,0,NaN,0,7.00000000000003,1,2,66,0.5
142,2650.137274,2649.317774,2649.584774,2650.084278,2656.131274,0,2.99999999999994,0.0299999999999997,5.99999999999996,2,1,65,0.5
143,2658.000774,2657.348274,2657.450774,2658.000774,2658.369774,1,NaN,0,5.99999999999996,2,1,65,0.5
144,2667.822774,2667.205274,2667.235774,2667.822774,2673.403775,0,NaN,0,7.00000000000003,1,2,66,0.5
145,2676.573274,2675.972274,2676.089773,2676.521274,2678.837274,1,2.99999999999994,0.0299999999999997,7.00000000000003,1,2,66,0.5
146,2680.165774,2679.455774,2679.656274,2680.112774,2682.954274,0,2.99999999999994,0.0299999999999997,5.99999999999996,2,1,65,0.5
147,2684.377274,2683.684274,2683.822274,2684.323774,2686.976774,1,2.99999999999994,0.0299999999999997,7.00000000000003,1,2,66,0.5
148,2688.375774,2687.566774,2687.781774,2688.323274,2691.149774,0,2.99999999999994,0.0299999999999997,5.99999999999996,2,1,65,0.5
149,2692.594274,2691.947774,2692.094274,2692.594274,2694.988274,1,NaN,0,5.99999999999996,2,1,65,0.5
150,2714.690774,2713.997774,2714.237774,2714.690774,2734.681269,1,NaN,0,5.99999999999996,2,1,65,0.5
151,2736.054774,2735.390774,2735.534274,2736.054774,2759.647274,0,NaN,0,7.00000000000003,1,2,66,0.5
152,2761.615274,2760.839774,2761.082774,2761.615274,2765.798774,1,NaN,0,5.99999999999996,2,1,65,0.5
153,2768.279774,2767.653274,2767.791274,2768.279774,2774.366274,1,NaN,0,5.99999999999996,2,1,65,0.5
154,2777.340774,2776.865776,2776.972775,2777.340774,2783.527774,1,NaN,0,5.99999999999996,2,1,65,0.5
155,2786.312274,2785.509774,2785.791774,2786.312274,2799.079274,1,NaN,0,5.99999999999996,2,1,65,0.5
156,2805.798774,2805.120274,2805.294278,2805.746274,2808.190274,1,2.99999999999994,0.0299999999999997,7.00000000000003,1,2,66,0.5
157,2809.406274,2808.824774,2808.979274,2809.406274,2812.365775,0,NaN,0,7.00000000000003,1,2,66,0.5
158,2828.775774,2827.997774,2828.054774,2828.723274,2833.869274,0,2.99999999999994,0.0299999999999997,5.99999999999996,2,1,65,0.5
159,2835.685774,2835.047774,2835.204274,2835.685774,2836.164274,1,NaN,0,5.99999999999996,2,1,65,0.5
160,2844.640775,2843.731274,2843.920274,2844.588274,2847.784274,0,2.99999999999994,0.0299999999999997,5.99999999999996,2,1,65,0.5
161,2849.099274,2848.475274,2848.558774,2849.059273,2851.650774,1,2.99999999999994,0.0299999999999997,7.00000000000003,1,2,66,0.5
162,2853.253274,2852.416774,2852.534774,2853.199774,2856.241774,0,2.99999999999994,0.0299999999999997,5.99999999999996,2,1,65,0.5
163,2857.698775,2856.981774,2857.163274,2857.645775,2862.148774,1,2.99999999999994,0.0299999999999997,7.00000000000003,1,2,66,0.5
164,2863.593774,2862.854274,2862.982274,2863.593774,2877.594778,0,NaN,0,7.00000000000003,1,2,66,0.5
165,2879.758774,2878.850774,2878.983274,2879.705778,2884.732274,0,2.99999999999994,0.0299999999999997,5.99999999999996,2,1,65,0.5
166,2886.029274,2885.319774,2885.442774,2885.976774,2889.489774,1,2.99999999999994,0.0299999999999997,7.00000000000003,1,2,66,0.5
167,2890.883274,2890.089777,2890.204274,2890.830274,2895.325274,0,2.99999999999994,0.0299999999999997,5.99999999999996,2,1,65,0.5
168,2896.674774,2895.994774,2896.146274,2896.622274,2899.834774,1,2.99999999999994,0.0299999999999997,7.00000000000003,1,2,66,0.5
169,2901.284774,2900.533774,2900.606774,2901.284774,2905.959774,0,NaN,0,7.00000000000003,1,2,66,0.5
170,3316.297274,3315.029774,3315.185278,3316.294278,3324.742774,0,2.99999999999994,0.0299999999999997,5.99999999999996,2,1,65,0.5
171,3329.276774,3328.325778,3328.516274,3329.223778,3332.049273,1,2.99999999999994,0.0299999999999997,7.00000000000003,1,2,66,0.5
172,3334.985274,3334.008774,3334.065274,3334.932774,3336.350274,0,2.99999999999994,0.0299999999999997,5.99999999999996,2,1,65,0.5
173,3338.831774,3337.870274,3338.125278,3338.779774,3345.533274,1,2.99999999999994,0.0299999999999997,7.00000000000003,1,2,66,0.5
174,3348.231274,3347.360774,3347.526275,3348.178774,3357.485274,1,2.99999999999994,0.0299999999999997,7.00000000000003,1,2,66,0.5
175,3359.698274,3358.797274,3358.976774,3359.645774,3362.347774,1,2.99999999999994,0.0299999999999997,7.00000000000003,1,2,66,0.5
176,3365.266777,3364.070274,3364.290274,3365.213776,3369.787774,0,2.99999999999994,0.0299999999999997,5.99999999999996,2,1,65,0.5
177,3371.665775,3370.902274,3371.016274,3371.665775,3379.222774,1,NaN,0,5.99999999999996,2,1,65,0.5
178,3381.459274,3380.627774,3380.746274,3381.459274,3386.717274,1,NaN,0,5.99999999999996,2,1,65,0.5
179,3390.557274,3388.988774,3389.577274,3390.504274,3397.027774,1,2.99999999999994,0.0299999999999997,7.00000000000003,1,2,66,0.5
180,3399.080275,3398.387774,3398.578274,3399.080275,3410.992274,1,NaN,0,5.99999999999996,2,1,65,0.5
181,3413.676778,3412.648273,3412.910774,3413.674274,3419.040274,0,2.99999999999994,0.0299999999999997,5.99999999999996,2,1,65,0.5
182,3421.074274,3420.305274,3420.383774,3421.074274,3424.528774,1,NaN,0,5.99999999999996,2,1,65,0.5
183,3443.546274,3442.710274,3442.969774,3443.546274,3459.645274,1,NaN,0,5.99999999999996,2,1,65,0.5
184,3461.201274,3460.480774,3460.737778,3461.201274,3466.183774,1,NaN,0,5.99999999999996,2,1,65,0.5
185,3468.546776,3467.965274,3468.086274,3468.546776,3475.002274,1,NaN,0,5.99999999999996,2,1,65,0.5
186,3480.692274,3479.657274,3479.981275,3480.639774,3485.885774,0,2.99999999999994,0.0299999999999997,5.99999999999996,2,1,65,0.5
187,3487.560274,3486.846274,3487.007274,3487.560274,3493.263274,1,NaN,0,5.99999999999996,2,1,65,0.5
188,3497.620274,3496.781274,3496.841273,3497.567274,3501.476774,0,2.99999999999994,0.0299999999999997,5.99999999999996,2,1,65,0.5
189,3503.025274,3502.196773,3502.372774,3503.025274,3509.930274,1,NaN,0,5.99999999999996,2,1,65,0.5
190,3513.018774,3512.309275,3512.492774,3513.018774,3516.015774,1,NaN,0,5.99999999999996,2,1,65,0.5
191,3519.309274,3518.519774,3518.620275,3519.309274,3519.734274,1,NaN,0,5.99999999999996,2,1,65,0.5
192,3532.692774,3531.824275,3532.049778,3532.640274,3537.152774,0,2.99999999999994,0.0299999999999997,5.99999999999996,2,1,65,0.5
193,3538.607774,3537.896778,3538.098275,3538.607774,3538.978774,1,NaN,0,5.99999999999996,2,1,65,0.5
194,3549.639274,3548.416274,3548.666778,3549.636278,3552.953774,0,2.99999999999994,0.0299999999999997,5.99999999999996,2,1,65,0.5
195,3554.249274,3553.499774,3553.721774,3554.249274,3557.480278,1,NaN,0,5.99999999999996,2,1,65,0.5
196,3569.127774,3568.179274,3568.400274,3569.074774,3572.433774,0,2.99999999999994,0.0299999999999997,5.99999999999996,2,1,65,0.5
197,3574.518774,3573.750274,3573.980774,3574.466274,3580.232774,1,2.99999999999994,0.0299999999999997,7.00000000000003,1,2,66,0.5
198,3582.128274,3581.223274,3581.466774,3582.075774,3586.078274,1,2.99999999999994,0.0299999999999997,7.00000000000003,1,2,66,0.5
199,3588.232775,3587.267774,3587.376774,3588.180274,3591.979277,0,2.99999999999994,0.0299999999999997,5.99999999999996,2,1,65,0.5
200,3593.710274,3592.632774,3593.032274,3593.656774,3597.694274,1,2.99999999999994,0.0299999999999997,7.00000000000003,1,2,66,0.5
201,3599.048274,3598.205274,3598.267774,3598.995274,3602.336774,0,2.99999999999994,0.0299999999999997,5.99999999999996,2,1,65,0.5
202,3604.050274,3603.331774,3603.480774,3604.050274,3610.813274,1,NaN,0,5.99999999999996,2,1,65,0.5
203,3614.045274,3611.768774,3613.001774,3614.045274,3616.477274,0,NaN,0,7.00000000000003,1,2,66,0.5
204,3633.816274,3632.981274,3633.201774,3633.816274,3640.223774,1,NaN,0,5.99999999999996,2,1,65,0.5
205,3643.662774,3642.822274,3642.897274,3643.609768,3653.136274,0,2.99999999999994,0.0299999999999997,5.99999999999996,2,1,65,0.5
206,3654.711778,3653.879274,3653.968274,3654.709774,3657.150274,0,2.99999999999994,0.0299999999999997,5.99999999999996,2,1,65,0.5
207,3658.954774,3658.201274,3658.375274,3658.902274,3662.097774,1,2.99999999999994,0.0299999999999997,7.00000000000003,1,2,66,0.5
208,3663.673774,3662.959774,3663.057274,3663.620274,3667.665774,0,2.99999999999994,0.0299999999999997,5.99999999999996,2,1,65,0.5
209,3669.536274,3668.703774,3668.796276,3669.536274,3670.160774,1,NaN,0,5.99999999999996,2,1,65,0.5
210,3752.052778,3750.992778,3751.114774,3751.999774,3760.135774,0,2.99999999999994,0.0299999999999997,5.99999999999996,2,1,65,0.5
211,3761.823274,3760.846774,3761.003274,3761.770274,3764.475274,1,2.99999999999994,0.0299999999999997,7.00000000000003,1,2,66,0.5
212,3766.179274,3765.276274,3765.351274,3766.179274,3769.631774,0,NaN,0,7.00000000000003,1,2,66,0.5
213,3773.163274,3772.073274,3772.183274,3773.110774,3776.298274,0,2.99999999999994,0.0299999999999997,5.99999999999996,2,1,65,0.5
214,3779.376774,3778.446774,3778.647774,3779.323774,3782.472274,1,2.99999999999994,0.0299999999999997,7.00000000000003,1,2,66,0.5
215,3784.149274,3783.430774,3783.447274,3784.149274,3802.214774,0,NaN,0,7.00000000000003,1,2,66,0.5
216,3803.629274,3803.005274,3803.094274,3803.601274,3806.945274,1,2.99999999999994,0.0299999999999997,7.00000000000003,1,2,66,0.5
217,3808.331774,3807.632274,3807.704774,3808.278774,3811.112274,0,2.99999999999994,0.0299999999999997,5.99999999999996,2,1,65,0.5
218,3812.875778,3812.207774,3812.370774,3812.875778,3822.628774,1,NaN,0,5.99999999999996,2,1,65,0.5
219,3824.090274,3823.211274,3823.346774,3824.037274,3827.222774,1,2.99999999999994,0.0299999999999997,7.00000000000003,1,2,66,0.5
220,3828.601774,3827.747273,3827.822774,3828.549274,3831.895774,0,2.99999999999994,0.0299999999999997,5.99999999999996,2,1,65,0.5
221,3833.455274,3832.694274,3832.925274,3833.455274,3839.804773,1,NaN,0,5.99999999999996,2,1,65,0.5
222,3841.725774,3840.869274,3841.025774,3841.722774,3846.158774,0,2.99999999999994,0.0299999999999997,5.99999999999996,2,1,65,0.5
223,3847.604778,3846.873274,3846.999774,3847.552274,3850.394774,1,2.99999999999994,0.0299999999999997,7.00000000000003,1,2,66,0.5
224,3852.078774,3851.221774,3851.362774,3852.026274,3855.318274,0,2.99999999999994,0.0299999999999997,5.99999999999996,2,1,65,0.5
225,3856.770274,3856.101274,3856.228774,3856.770274,3874.739774,1,NaN,0,5.99999999999996,2,1,65,0.5
226,3876.284774,3875.574774,3875.609774,3876.231774,3879.151775,0,2.99999999999994,0.0299999999999997,5.99999999999996,2,1,65,0.5
227,3880.601774,3879.898774,3880.012274,3880.601774,3887.485268,1,NaN,0,5.99999999999996,2,1,65,0.5
228,3889.317774,3888.628273,3888.663774,3889.317774,3894.190774,0,NaN,0,7.00000000000003,1,2,66,0.5
229,3898.973274,3898.150774,3898.278274,3898.920774,3902.522774,0,2.99999999999994,0.0299999999999997,5.99999999999996,2,1,65,0.5
230,3904.736274,3904.033774,3904.223774,3904.736274,3910.999274,1,NaN,0,5.99999999999996,2,1,65,0.5
231,3914.084274,3913.102774,3913.483274,3914.084274,3918.604274,0,NaN,0,7.00000000000003,1,2,66,0.5
232,3921.606278,3919.968278,3920.967778,3921.606278,3926.574274,0,NaN,0,7.00000000000003,1,2,66,0.5
233,3930.324274,3929.528774,3929.557274,3930.271774,3934.107278,0,2.99999999999994,0.0299999999999997,5.99999999999996,2,1,65,0.5
234,3935.396774,3934.720274,3934.844774,3935.343774,3938.326774,1,2.99999999999994,0.0299999999999997,7.00000000000003,1,2,66,0.5
235,3939.834774,3938.980275,3939.113274,3939.782274,3943.516778,0,2.99999999999994,0.0299999999999997,5.99999999999996,2,1,65,0.5
236,3945.157278,3944.331774,3944.542274,3945.104274,3948.049274,1,2.99999999999994,0.0299999999999997,7.00000000000003,1,2,66,0.5
237,3949.572274,3948.770773,3948.838774,3949.569274,3952.223774,0,2.99999999999994,0.0299999999999997,5.99999999999996,2,1,65,0.5
238,3954.023774,3953.393274,3953.545777,3954.023774,3961.620274,1,NaN,0,5.99999999999996,2,1,65,0.5
239,3967.328274,3966.575774,3966.709774,3967.275274,3972.112274,0,2.99999999999994,0.0299999999999997,5.99999999999996,2,1,65,0.5
240,3973.833774,3973.110274,3973.241274,3973.830774,3976.711774,1,2.99999999999994,0.0299999999999997,7.00000000000003,1,2,66,0.5
241,3977.990774,3977.366274,3977.434774,3977.965274,3980.954774,0,2.99999999999994,0.0299999999999997,5.99999999999996,2,1,65,0.5
242,3982.335274,3981.681274,3981.771276,3982.335274,3986.930774,1,NaN,0,5.99999999999996,2,1,65,0.5
243,3990.756774,3989.908774,3990.168774,3990.756774,3994.915774,1,NaN,0,5.99999999999996,2,1,65,0.5
244,3998.385784,3997.594273,3997.877774,3998.385784,4000.965274,1,NaN,0,5.99999999999996,2,1,65,0.5
245,4012.229774,4011.572776,4011.697278,4012.229774,4035.287774,1,NaN,0,5.99999999999996,2,1,65,0.5
246,4040.418279,4039.665274,4039.794774,4040.418279,4058.717774,0,NaN,0,7.00000000000003,1,2,66,0.5
247,4060.437774,4059.781274,4059.939274,4060.437774,4065.567774,1,NaN,0,5.99999999999996,2,1,65,0.5
248,4067.560278,4066.842274,4067.097774,4067.560278,4071.278774,1,NaN,0,5.99999999999996,2,1,65,0.5
249,4079.260278,4078.372274,4078.553274,4079.208274,4082.510274,0,2.99999999999994,0.0299999999999997,5.99999999999996,2,1,65,0.5
250,4083.839774,4083.156774,4083.262274,4083.786274,4086.286274,1,2.99999999999994,0.0299999999999997,7.00000000000003,1,2,66,0.5
251,4087.497274,4086.880774,4086.978774,4087.444274,4090.658274,0,2.99999999999994,0.0299999999999997,5.99999999999996,2,1,65,0.5
252,4092.088772,4091.362774,4091.448274,4092.088772,4095.030274,1,NaN,0,5.99999999999996,2,1,65,0.5
253,4098.522774,4097.675774,4097.846774,4098.519774,4101.420274,1,2.99999999999994,0.0299999999999997,7.00000000000003,1,2,66,0.5
254,4102.818274,4102.052274,4102.142274,4102.765274,4105.515774,0,2.99999999999994,0.0299999999999997,5.99999999999996,2,1,65,0.5
255,4107.050774,4106.262774,4106.371274,4106.998275,4111.193774,1,2.99999999999994,0.0299999999999997,7.00000000000003,1,2,66,0.5
256,4112.898774,4112.088778,4112.114774,4112.846274,4117.363274,0,2.99999999999994,0.0299999999999997,5.99999999999996,2,1,65,0.5
257,4119.001274,4118.110274,4118.227774,4118.998774,4122.537274,1,2.99999999999994,0.0299999999999997,7.00000000000003,1,2,66,0.5
258,4123.905774,4123.383774,4123.404274,4123.905774,4135.576274,0,NaN,0,7.00000000000003,1,2,66,0.5
259,4137.317774,4136.564274,4136.808774,4137.317774,4149.039774,1,NaN,0,5.99999999999996,2,1,65,0.5
260,4155.974274,4155.023274,4155.187774,4155.920774,4158.705275,0,2.99999999999994,0.0299999999999997,5.99999999999996,2,1,65,0.5
261,4160.332274,4159.518774,4159.690274,4160.332274,4167.162774,1,NaN,0,5.99999999999996,2,1,65,0.5
262,4169.334774,4168.614274,4168.735274,4169.281774,4173.102776,1,2.99999999999994,0.0299999999999997,7.00000000000003,1,2,66,0.5
263,4174.478274,4173.700274,4173.761774,4174.478274,4178.207277,0,NaN,0,7.00000000000003,1,2,66,0.5
264,4182.284774,4181.228774,4181.581774,4182.232274,4187.041778,0,2.99999999999994,0.0299999999999997,5.99999999999996,2,1,65,0.5
265,4188.364274,4187.718774,4187.855276,4188.364274,4191.186773,1,NaN,0,5.99999999999996,2,1,65,0.5
266,4194.778274,4194.184274,4194.284774,4194.778274,4198.082274,1,NaN,0,5.99999999999996,2,1,65,0.5
267,4201.171271,4200.310774,4200.668774,4201.171271,4204.889774,1,NaN,0,5.99999999999996,2,1,65,0.5
268,4208.226274,4207.470774,4207.608774,4208.226274,4213.680275,1,NaN,0,5.99999999999996,2,1,65,0.5
269,4215.452774,4214.580274,4214.726276,4215.400274,4219.044274,0,2.99999999999994,0.0299999999999997,5.99999999999996,2,1,65,0.5
270,4220.538774,4219.843774,4219.989774,4220.538774,4222.861774,1,NaN,0,5.99999999999996,2,1,65,0.5
271,4227.754274,4227.008274,4227.223774,4227.754274,4228.290274,1,NaN,0,5.99999999999996,2,1,65,0.5
272,4236.468274,4235.883278,4235.984278,4236.468274,4244.130274,1,NaN,0,5.99999999999996,2,1,65,0.5
273,4249.545274,4248.678774,4248.822778,4249.545274,4253.114774,0,NaN,0,7.00000000000003,1,2,66,0.5
274,4255.786274,4255.212774,4255.243774,4255.786274,4259.977274,0,NaN,0,7.00000000000003,1,2,66,0.5
275,4263.982274,4263.271274,4263.360274,4263.929274,4267.449274,0,2.99999999999994,0.0299999999999997,5.99999999999996,2,1,65,0.5
276,4269.178274,4268.457774,4268.603774,4269.178274,4533.003774,1,NaN,0,5.99999999999996,2,1,65,0.5
277,4536.399274,4535.494774,4535.605274,4536.346774,4539.062774,1,2.99999999999994,0.0299999999999997,7.00000000000003,1,2,66,0.5
278,4541.695778,4541.027774,4541.055274,4541.695778,4546.081274,0,NaN,0,7.00000000000003,1,2,66,0.5
279,4548.195274,4547.184274,4547.341274,4548.143274,4554.162775,0,2.99999999999994,0.0299999999999997,5.99999999999996,2,1,65,0.5
280,4556.246774,4555.338774,4555.457774,4556.193774,4559.149774,1,2.99999999999994,0.0299999999999997,7.00000000000003,1,2,66,0.5
281,4560.734274,4559.840774,4559.905774,4560.731274,4571.425274,0,2.99999999999994,0.0299999999999997,5.99999999999996,2,1,65,0.5
282,4573.835274,4572.889774,4573.038774,4573.781778,4576.513274,1,2.99999999999994,0.0299999999999997,7.00000000000003,1,2,66,0.5
283,4578.010774,4577.337775,4577.394778,4578.010774,4581.273274,0,NaN,0,7.00000000000003,1,2,66,0.5
284,4585.436277,4583.831274,4584.665274,4585.433277,4589.404774,0,2.99999999999994,0.0299999999999997,5.99999999999996,2,1,65,0.5
285,4591.203774,4590.410773,4590.508774,4591.201274,4593.951774,1,2.99999999999994,0.0299999999999997,7.00000000000003,1,2,66,0.5
286,4595.792274,4595.168276,4595.224774,4595.743279,4599.134774,0,2.99999999999994,0.0299999999999997,5.99999999999996,2,1,65,0.5
287,4600.636774,4599.884274,4600.020278,4600.636774,4606.154774,1,NaN,0,5.99999999999996,2,1,65,0.5
288,4607.831274,4606.891774,4607.106274,4607.778274,4610.813774,0,2.99999999999994,0.0299999999999997,5.99999999999996,2,1,65,0.5
289,4612.382774,4611.640278,4611.806276,4612.329274,4616.005274,1,2.99999999999994,0.0299999999999997,7.00000000000003,1,2,66,0.5
290,4617.294774,4616.580774,4616.633274,4617.241774,4620.569774,0,2.99999999999994,0.0299999999999997,5.99999999999996,2,1,65,0.5
291,4622.097774,4621.325274,4621.453774,4622.097774,4624.897774,1,NaN,0,5.99999999999996,2,1,65,0.5
292,4629.694774,4628.424774,4629.163274,4629.694774,4638.432274,1,NaN,0,5.99999999999996,2,1,65,0.5
293,4640.421274,4639.580274,4639.868274,4640.421274,4644.913774,1,NaN,0,5.99999999999996,2,1,65,0.5
294,4646.864774,4645.968774,4646.292778,4646.864774,4651.953274,1,NaN,0,5.99999999999996,2,1,65,0.5
295,4653.760774,4652.981274,4653.215275,4653.760774,4658.312778,1,NaN,0,5.99999999999996,2,1,65,0.5
296,4668.737774,4667.889274,4668.014774,4668.685274,4671.284778,0,2.99999999999994,0.0299999999999997,5.99999999999996,2,1,65,0.5
297,4672.964774,4672.213274,4672.343774,4672.964774,4676.731774,1,NaN,0,5.99999999999996,2,1,65,0.5
298,4679.742774,4678.707774,4678.883776,4679.742774,4682.973274,1,NaN,0,5.99999999999996,2,1,65,0.5
299,4686.448774,4685.691273,4685.853774,4686.448774,4689.749774,1,NaN,0,5.99999999999996,2,1,65,0.5
300,4692.875274,4692.190774,4692.417274,4692.875274,4695.728274,1,NaN,0,5.99999999999996,2,1,65,0.5
301,4716.115774,4715.491774,4715.519774,4716.092274,4719.521775,0,2.99999999999994,0.0299999999999997,5.99999999999996,2,1,65,0.5
302,4720.968274,4720.301274,4720.426274,4720.968274,4733.478774,1,NaN,0,5.99999999999996,2,1,65,0.5
303,4738.938274,4737.964274,4738.209274,4738.885274,4741.716768,0,2.99999999999994,0.0299999999999997,5.99999999999996,2,1,65,0.5
304,4743.327274,4742.562274,4742.727274,4743.327274,4750.337774,1,NaN,0,5.99999999999996,2,1,65,0.5
305,4752.443774,4751.492774,4751.751274,4752.390778,4756.494774,1,2.99999999999994,0.0299999999999997,7.00000000000003,1,2,66,0.5
306,4758.093278,4757.362274,4757.412274,4758.040774,4761.459774,0,2.99999999999994,0.0299999999999997,5.99999999999996,2,1,65,0.5
307,4762.861778,4762.242274,4762.344774,4762.861778,4830.000274,1,NaN,0,5.99999999999996,2,1,65,0.5
308,4840.193774,4839.424774,4839.462774,4840.140774,4842.607778,0,2.99999999999994,0.0299999999999997,5.99999999999996,2,1,65,0.5
309,4849.333774,4848.241274,4848.430774,4849.333774,4860.233274,0,NaN,0,7.00000000000003,1,2,66,0.5
310,4862.816274,4861.994774,4862.071274,4862.816274,4869.378774,0,NaN,0,7.00000000000003,1,2,66,0.5
311,4870.734274,4869.806274,4870.006774,4870.734274,4885.272774,0,NaN,0,7.00000000000003,1,2,66,0.5
312,4887.604274,4886.517774,4886.892774,4887.604274,4898.655772,1,NaN,0,5.99999999999996,2,1,65,0.5
313,4900.176776,4899.382274,4899.598274,4900.176776,4902.490774,0,NaN,0,7.00000000000003,1,2,66,0.5
314,4915.089274,4914.087278,4914.386279,4915.089274,4920.647274,0,NaN,0,7.00000000000003,1,2,66,0.5
315,4924.316274,4923.354774,4923.803774,4924.263774,4927.010774,1,2.99999999999994,0.0299999999999997,7.00000000000003,1,2,66,0.5
316,4928.513274,4927.701274,4927.885774,4928.513274,4944.395274,0,NaN,0,7.00000000000003,1,2,66,0.5
317,4949.976769,4949.281774,4949.484274,4949.976769,4956.830774,1,NaN,0,5.99999999999996,2,1,65,0.5
318,4958.031774,4957.330274,4957.490274,4958.031774,4987.145774,1,NaN,0,5.99999999999996,2,1,65,0.5
319,4989.139274,4988.160274,4988.252274,4989.086274,4994.764774,1,2.99999999999994,0.0299999999999997,7.00000000000003,1,2,66,0.5
320,4996.080774,4995.391274,4995.542274,4996.080774,5004.510274,1,NaN,0,5.99999999999996,2,1,65,0.5
321,5006.164274,5005.472774,5005.668274,5006.111274,5009.603274,1,2.99999999999994,0.0299999999999997,7.00000000000003,1,2,66,0.5
322,5011.056274,5010.238778,5010.294774,5011.003274,5014.065274,0,2.99999999999994,0.0299999999999997,5.99999999999996,2,1,65,0.5
323,5015.679774,5014.878774,5015.063774,5015.679774,5019.648774,1,NaN,0,5.99999999999996,2,1,65,0.5
324,5023.220778,5022.537774,5022.686774,5023.168775,5031.940274,1,2.99999999999994,0.0299999999999997,7.00000000000003,1,2,66,0.5
325,5033.716774,5033.032774,5033.171774,5033.716774,5036.660274,1,NaN,0,5.99999999999996,2,1,65,0.5
326,5043.708274,5042.996774,5043.198774,5043.708274,5043.928274,1,NaN,0,5.99999999999996,2,1,65,0.5
327,5056.137774,5055.097274,5055.297274,5056.085274,5057.375774,0,2.99999999999994,0.0299999999999997,5.99999999999996,2,1,65,0.5
328,5058.703274,5057.956274,5058.088774,5058.650278,5061.795774,1,2.99999999999994,0.0299999999999997,7.00000000000003,1,2,66,0.5
329,5063.581276,5062.888274,5062.962774,5063.528274,5065.608774,0,2.99999999999994,0.0299999999999997,5.99999999999996,2,1,65,0.5
330,5066.998774,5066.293774,5066.400274,5066.946275,5070.503774,1,2.99999999999994,0.0299999999999997,7.00000000000003,1,2,66,0.5
331,5071.805775,5071.173774,5071.257774,5071.805775,5095.890774,0,NaN,0,7.00000000000003,1,2,66,0.5
332,5097.111774,5096.487774,5096.592278,5097.081778,5101.808774,1,2.99999999999994,0.0299999999999997,7.00000000000003,1,2,66,0.5
333,5103.200274,5102.509774,5102.695774,5103.200274,5329.918274,1,NaN,0,5.99999999999996,2,1,65,0.5
334,5333.959274,5331.964275,5332.026274,5333.906774,5340.915274,1,2.99999999999994,0.0299999999999997,7.00000000000003,1,2,66,0.5
335,5343.120774,5342.072774,5342.244774,5343.120774,5348.613774,1,NaN,0,5.99999999999996,2,1,65,0.5
336,5350.486278,5349.640274,5349.779775,5350.486278,5356.715274,1,NaN,0,5.99999999999996,2,1,65,0.5
337,5358.162774,5357.337274,5357.444274,5358.110274,5360.927773,1,2.99999999999994,0.0299999999999997,7.00000000000003,1,2,66,0.5
338,5363.180274,5362.153274,5362.195275,5363.160774,5365.847775,0,2.99999999999994,0.0299999999999997,5.99999999999996,2,1,65,0.5
339,5367.550274,5366.706274,5366.872274,5367.550274,5374.084774,1,NaN,0,5.99999999999996,2,1,65,0.5
340,5375.856278,5374.982774,5375.173774,5375.803774,5378.895775,1,2.99999999999994,0.0299999999999997,7.00000000000003,1,2,66,0.5
341,5380.392276,5379.674274,5379.747274,5380.339274,5383.145274,0,2.99999999999994,0.0299999999999997,5.99999999999996,2,1,65,0.5
342,5385.407274,5384.451274,5384.752774,5385.354774,5387.812274,1,2.99999999999994,0.0299999999999997,7.00000000000003,1,2,66,0.5
343,5389.839774,5388.858774,5388.998774,5389.786774,5392.410274,0,2.99999999999994,0.0299999999999997,5.99999999999996,2,1,65,0.5
344,5393.959274,5393.136274,5393.309774,5393.959274,5398.361273,1,NaN,0,5.99999999999996,2,1,65,0.5
345,5400.277774,5399.363774,5399.639274,5400.277774,5406.202774,1,NaN,0,5.99999999999996,2,1,65,0.5
346,5409.847774,5408.388774,5409.155274,5409.794774,5413.421274,0,2.99999999999994,0.0299999999999997,5.99999999999996,2,1,65,0.5
347,5415.438274,5414.671274,5414.783774,5415.438274,5421.555274,1,NaN,0,5.99999999999996,2,1,65,0.5
348,5424.289774,5422.918278,5423.597778,5424.286775,5427.705274,0,2.99999999999994,0.0299999999999997,5.99999999999996,2,1,65,0.5
349,5429.191274,5428.419774,5428.641774,5429.191274,5435.195274,1,NaN,0,5.99999999999996,2,1,65,0.5
350,5436.623774,5435.802274,5435.855774,5436.570774,5440.663274,0,2.99999999999994,0.0299999999999997,5.99999999999996,2,1,65,0.5
351,5442.18027,5441.362774,5441.483274,5442.177774,5445.097274,1,2.99999999999994,0.0299999999999997,7.00000000000003,1,2,66,0.5
352,5446.318278,5445.710274,5445.798778,5446.318278,5450.945774,0,NaN,0,7.00000000000003,1,2,66,0.5
353,5456.905774,5456.084774,5456.304274,5456.905774,5459.070774,0,NaN,0,7.00000000000003,1,2,66,0.5
354,5463.539774,5462.618774,5462.904274,5463.539774,5470.165774,0,NaN,0,7.00000000000003,1,2,66,0.5
355,5473.441774,5472.665775,5472.800775,5473.389274,5475.856774,1,2.99999999999994,0.0299999999999997,7.00000000000003,1,2,66,0.5
356,5477.206274,5476.607274,5476.724774,5477.206274,5492.690774,0,NaN,0,7.00000000000003,1,2,66,0.5
357,5493.925274,5493.301274,5493.441774,5493.896274,5496.815275,1,2.99999999999994,0.0299999999999997,7.00000000000003,1,2,66,0.5
358,5498.188274,5497.585774,5497.655774,5498.188274,5508.318778,0,NaN,0,7.00000000000003,1,2,66,0.5
359,5509.663274,5508.818286,5509.001274,5509.609774,5513.538274,1,2.99999999999994,0.0299999999999997,7.00000000000003,1,2,66,0.5
360,5514.793774,5513.992774,5514.121274,5514.740778,5517.712274,0,2.99999999999994,0.0299999999999997,5.99999999999996,2,1,65,0.5
361,5519.308278,5518.529778,5518.630778,5519.255274,5522.179274,1,2.99999999999994,0.0299999999999997,7.00000000000003,1,2,66,0.5
362,5523.686774,5522.841275,5522.927274,5523.634274,5526.257774,0,2.99999999999994,0.0299999999999997,5.99999999999996,2,1,65,0.5
363,5528.142773,5527.286274,5527.433775,5528.089274,5531.186774,1,2.99999999999994,0.0299999999999997,7.00000000000003,1,2,66,0.5
364,5532.699278,5531.977274,5532.013274,5532.646774,5535.702276,0,2.99999999999994,0.0299999999999997,5.99999999999996,2,1,65,0.5
365,5537.568774,5536.770274,5536.886774,5537.516274,5540.921774,1,2.99999999999994,0.0299999999999997,7.00000000000003,1,2,66,0.5
366,5542.677774,5541.752274,5541.868774,5542.674774,5546.984274,0,2.99999999999994,0.0299999999999997,5.99999999999996,2,1,65,0.5
367,5549.164274,5548.377274,5548.542776,5549.164274,5549.690774,1,NaN,0,5.99999999999996,2,1,65,0.5
368,5555.655274,5554.752774,5554.844274,5555.655274,5557.262774,0,NaN,0,7.00000000000003,1,2,66,0.5
369,5563.502774,5562.602274,5562.661774,5563.449774,5566.269274,1,2.99999999999994,0.0299999999999997,7.00000000000003,1,2,66,0.5
370,5568.613274,5567.884774,5567.995774,5568.560778,5571.128774,0,2.99999999999994,0.0299999999999997,5.99999999999996,2,1,65,0.5
371,5572.668274,5571.866774,5572.010274,5572.615774,5575.795274,1,2.99999999999994,0.0299999999999997,7.00000000000003,1,2,66,0.5
372,5577.201774,5576.469774,5576.598274,5577.198774,5580.222774,0,2.99999999999994,0.0299999999999997,5.99999999999996,2,1,65,0.5
373,5581.781778,5580.981278,5581.127274,5581.729769,5587.160774,1,2.99999999999994,0.0299999999999997,7.00000000000003,1,2,66,0.5
374,5588.596774,5587.712274,5587.813774,5588.543774,5591.330279,0,2.99999999999994,0.0299999999999997,5.99999999999996,2,1,65,0.5
375,5593.800774,5593.007774,5593.174274,5593.800774,5600.358774,1,NaN,0,5.99999999999996,2,1,65,0.5
376,5605.468774,5604.674274,5604.880774,5605.468774,5616.887778,1,NaN,0,5.99999999999996,2,1,65,0.5
377,5618.501774,5617.720274,5617.807774,5618.501774,5626.262774,0,NaN,0,7.00000000000003,1,2,66,0.5
378,5628.495774,5627.741775,5627.832775,5628.442774,5633.136274,1,2.99999999999994,0.0299999999999997,7.00000000000003,1,2,66,0.5
379,5635.046274,5634.157274,5634.386274,5635.046274,5635.684774,1,NaN,0,5.99999999999996,2,1,65,0.5
380,5690.180774,5689.234775,5689.292279,5690.128274,5692.950774,0,2.99999999999994,0.0299999999999997,5.99999999999996,2,1,65,0.5
381,5694.796774,5693.822274,5694.147276,5694.744774,5700.321274,1,2.99999999999994,0.0299999999999997,7.00000000000003,1,2,66,0.5
382,5702.441274,5701.611774,5701.737774,5702.441274,5702.703774,1,NaN,0,5.99999999999996,2,1,65,0.5
383,5709.447774,5708.677775,5708.831774,5709.447774,5716.140778,0,NaN,0,7.00000000000003,1,2,66,0.5
384,5718.517274,5717.187774,5717.614274,5718.465274,5721.274274,1,2.99999999999994,0.0299999999999997,7.00000000000003,1,2,66,0.5
385,5722.792774,5721.973774,5722.050774,5722.790274,5726.035278,0,2.99999999999994,0.0299999999999997,5.99999999999996,2,1,65,0.5
386,5727.565774,5726.718774,5726.892274,5727.565774,5728.401774,1,NaN,0,5.99999999999996,2,1,65,0.5
387,5737.532774,5736.242274,5736.488774,5737.532774,5812.551273,0,NaN,0,7.00000000000003,1,2,66,0.5
388,5814.272274,5813.320774,5813.508274,5814.272274,5814.544774,1,NaN,0,5.99999999999996,2,1,65,0.5
389,5822.501774,5821.622274,5821.708775,5822.501774,5825.881274,0,NaN,0,7.00000000000003,1,2,66,0.5
390,5829.985274,5829.303274,5829.354774,5829.932274,5832.358774,0,2.99999999999994,0.0299999999999997,5.99999999999996,2,1,65,0.5
391,5834.474774,5833.666278,5833.866278,5834.474774,5838.147774,1,NaN,0,5.99999999999996,2,1,65,0.5
392,5842.006774,5840.565274,5840.745273,5841.953774,5844.895774,0,2.99999999999994,0.0299999999999997,5.99999999999996,2,1,65,0.5
393,5847.081274,5845.903275,5846.138774,5847.081274,5850.520274,0,NaN,0,7.00000000000003,1,2,66,0.5
394,5853.444274,5852.533275,5852.688274,5853.444274,5860.196774,0,NaN,0,7.00000000000003,1,2,66,0.5
395,5861.672274,5860.782774,5860.979774,5861.669274,5866.596274,1,2.99999999999994,0.0299999999999997,7.00000000000003,1,2,66,0.5
396,5868.475774,5867.632773,5867.777274,5868.422774,5873.087274,1,2.99999999999994,0.0299999999999997,7.00000000000003,1,2,66,0.5
397,5874.590274,5873.805774,5873.929778,5874.537774,5877.692776,0,2.99999999999994,0.0299999999999997,5.99999999999996,2,1,65,0.5
398,5879.458774,5878.593774,5878.722276,5879.405774,5888.954274,1,2.99999999999994,0.0299999999999997,7.00000000000003,1,2,66,0.5
399,5891.934274,5891.022774,5891.187274,5891.881774,5898.393278,1,2.99999999999994,0.0299999999999997,7.00000000000003,1,2,66,0.5
400,5900.784774,5899.831274,5899.896774,5900.731774,5903.596274,0,2.99999999999994,0.0299999999999997,5.99999999999996,2,1,65,0.5
401,5905.315274,5904.401774,5904.562774,5905.262774,5910.844774,1,2.99999999999994,0.0299999999999997,7.00000000000003,1,2,66,0.5
402,5912.534774,5911.625274,5911.854774,5912.534774,5918.451774,1,NaN,0,5.99999999999996,2,1,65,0.5
403,5922.530774,5920.947778,5921.657274,5922.477774,5928.035274,1,2.99999999999994,0.0299999999999997,7.00000000000003,1,2,66,0.5
404,5929.435774,5928.639774,5928.809274,5929.435774,5936.291774,1,NaN,0,5.99999999999996,2,1,65,0.5
405,5938.183775,5936.887274,5937.338774,5938.181274,5944.990274,1,2.99999999999994,0.0299999999999997,7.00000000000003,1,2,66,0.5
406,5946.979274,5946.161275,5946.305774,5946.977274,5954.852274,0,2.99999999999994,0.0299999999999997,5.99999999999996,2,1,65,0.5
407,5956.982274,5955.998778,5956.160774,5956.982274,5963.494774,1,NaN,0,5.99999999999996,2,1,65,0.5
408,5965.834774,5964.636274,5965.162274,5965.834774,5969.088274,0,NaN,0,7.00000000000003,1,2,66,0.5
409,5974.162774,5973.060774,5973.317274,5974.110274,5978.096774,0,2.99999999999994,0.0299999999999997,5.99999999999996,2,1,65,0.5
410,5979.815774,5979.022774,5979.197274,5979.762774,5985.314774,1,2.99999999999994,0.0299999999999997,7.00000000000003,1,2,66,0.5
411,5987.181774,5986.175774,5986.415774,5987.128774,5991.409778,1,2.99999999999994,0.0299999999999997,7.00000000000003,1,2,66,0.5
412,5993.408778,5992.590778,5992.622774,5993.355774,5998.999774,0,2.99999999999994,0.0299999999999997,5.99999999999996,2,1,65,0.5
413,6000.366274,5999.490775,5999.715274,6000.366274,6005.324274,1,NaN,0,5.99999999999996,2,1,65,0.5
414,6008.951774,6008.087774,6008.258274,6008.951774,6015.789775,1,NaN,0,5.99999999999996,2,1,65,0.5
415,6017.944774,6016.552274,6017.079274,6017.891778,6022.913273,0,2.99999999999994,0.0299999999999997,5.99999999999996,2,1,65,0.5
416,6025.227774,6024.268274,6024.612274,6025.227774,6042.360774,1,NaN,0,5.99999999999996,2,1,65,0.5
417,6043.835774,6043.033274,6043.224275,6043.835774,6044.272274,1,NaN,0,5.99999999999996,2,1,65,0.5
418,6059.077774,6058.191274,6058.231274,6059.024774,6062.897274,0,2.99999999999994,0.0299999999999997,5.99999999999996,2,1,65,0.5
419,6064.358274,6063.599274,6063.748274,6064.358274,6067.080774,1,NaN,0,5.99999999999996,2,1,65,0.5
420,6071.027774,6069.920774,6070.035274,6070.974774,6074.759274,0,2.99999999999994,0.0299999999999997,5.99999999999996,2,1,65,0.5
421,6076.493774,6075.578774,6075.816774,6076.493774,6346.973774,1,NaN,0,5.99999999999996,2,1,65,0.5
422,6350.563774,6349.712774,6349.751274,6350.563774,6359.831274,1,NaN,0,5.99999999999996,2,1,65,0.5
423,6361.910774,6361.150774,6361.309274,6361.910774,6370.066274,1,NaN,0,5.99999999999996,2,1,65,0.5
424,6372.214774,6371.355774,6371.487774,6372.162774,6377.457774,1,2.99999999999994,0.0299999999999997,7.00000000000003,1,2,66,0.5
425,6379.553274,6378.548774,6378.687274,6379.500274,6383.632274,1,2.99999999999994,0.0299999999999997,7.00000000000003,1,2,66,0.5
426,6385.486774,6384.420274,6384.715274,6385.433774,6388.660774,1,2.99999999999994,0.0299999999999997,7.00000000000003,1,2,66,0.5
427,6390.399274,6389.604273,6389.693774,6390.345774,6392.434274,0,2.99999999999994,0.0299999999999997,5.99999999999996,2,1,65,0.5
428,6394.095774,6393.149273,6393.384274,6394.095774,6398.106274,1,NaN,0,5.99999999999996,2,1,65,0.5
429,6400.344274,6399.526274,6399.760273,6400.344274,6401.003274,1,NaN,0,5.99999999999996,2,1,65,0.5
430,6408.127274,6407.161774,6407.244774,6408.074774,6412.145774,0,2.99999999999994,0.0299999999999997,5.99999999999996,2,1,65,0.5
431,6414.310774,6413.524774,6413.743774,6414.310774,6417.272774,1,NaN,0,5.99999999999996,2,1,65,0.5
432,6423.089774,6421.410275,6421.934774,6423.036776,6426.145776,1,2.99999999999994,0.0299999999999997,7.00000000000003,1,2,66,0.5
433,6428.106774,6427.269774,6427.429274,6428.103774,6431.183774,0,2.99999999999994,0.0299999999999997,5.99999999999996,2,1,65,0.5
434,6433.011274,6432.144274,6432.370774,6433.011274,6436.838774,1,NaN,0,5.99999999999996,2,1,65,0.5
435,6495.084274,6494.018774,6494.315274,6495.084274,6501.280278,1,NaN,0,5.99999999999996,2,1,65,0.5
436,6508.910274,6508.069774,6508.089274,6508.857774,6511.519778,0,2.99999999999994,0.0299999999999997,5.99999999999996,2,1,65,0.5
437,6512.910268,6512.165774,6512.364274,6512.910268,6517.368275,1,NaN,0,5.99999999999996,2,1,65,0.5
438,6519.433774,6518.503274,6518.713774,6519.380274,6523.221274,1,2.99999999999994,0.0299999999999997,7.00000000000003,1,2,66,0.5
439,6524.753274,6523.980274,6524.026274,6524.750275,6528.934774,0,2.99999999999994,0.0299999999999997,5.99999999999996,2,1,65,0.5
440,6530.699274,6529.800274,6529.974274,6530.699274,6540.408274,1,NaN,0,5.99999999999996,2,1,65,0.5
441,6542.033274,6541.125274,6541.258274,6542.033274,6545.219774,1,NaN,0,5.99999999999996,2,1,65,0.5
442,6549.867774,6548.749274,6549.211278,6549.815274,6552.593773,1,2.99999999999994,0.0299999999999997,7.00000000000003,1,2,66,0.5
443,6554.083274,6553.286274,6553.341274,6554.029774,6557.394274,0,2.99999999999994,0.0299999999999997,5.99999999999996,2,1,65,0.5
444,6559.002774,6558.175274,6558.346774,6559.002774,6561.734274,1,NaN,0,5.99999999999996,2,1,65,0.5
445,6569.281274,6568.314274,6568.498274,6569.228774,6572.360774,0,2.99999999999994,0.0299999999999997,5.99999999999996,2,1,65,0.5
446,6574.260277,6573.352276,6573.506774,6574.258274,6577.629274,1,2.99999999999994,0.0299999999999997,7.00000000000003,1,2,66,0.5
447,6579.054778,6578.279274,6578.334274,6579.054778,6581.849774,0,NaN,0,7.00000000000003,1,2,66,0.5
448,6586.447774,6584.938274,6585.765774,6586.447774,6591.224774,0,NaN,0,7.00000000000003,1,2,66,0.5
449,6593.937774,6593.024774,6593.327774,6593.937774,6598.142278,0,NaN,0,7.00000000000003,1,2,66,0.5
450,6602.947274,6601.950774,6602.275275,6602.947274,6605.913774,0,NaN,0,7.00000000000003,1,2,66,0.5
451,6609.853774,6609.128774,6609.193774,6609.853774,6613.289274,0,NaN,0,7.00000000000003,1,2,66,0.5
452,6637.176774,6636.201274,6636.378274,6637.123274,6642.661774,1,2.99999999999994,0.0299999999999997,7.00000000000003,1,2,66,0.5
453,6644.545774,6643.576774,6643.622774,6644.492274,6647.686774,0,2.99999999999994,0.0299999999999997,5.99999999999996,2,1,65,0.5
454,6649.306274,6648.465274,6648.595774,6649.253775,6652.426774,1,2.99999999999994,0.0299999999999997,7.00000000000003,1,2,66,0.5
455,6655.366274,6654.367774,6654.477274,6655.366274,6660.788774,0,NaN,0,7.00000000000003,1,2,66,0.5
456,6668.431778,6667.673274,6667.731274,6668.431778,6675.111274,0,NaN,0,7.00000000000003,1,2,66,0.5
457,6676.636774,6675.684274,6676.019774,6676.636774,6677.008774,1,NaN,0,5.99999999999996,2,1,65,0.5
458,6683.097774,6682.158274,6682.221274,6683.045278,6686.768274,0,2.99999999999994,0.0299999999999997,5.99999999999996,2,1,65,0.5
459,6688.144774,6687.295274,6687.490774,6688.144774,6717.834274,1,NaN,0,5.99999999999996,2,1,65,0.5
460,6719.943774,6719.057274,6719.230274,6719.891274,6724.234274,1,2.99999999999994,0.0299999999999997,7.00000000000003,1,2,66,0.5
461,6725.672774,6724.765274,6724.890274,6725.620274,6728.659274,0,2.99999999999994,0.0299999999999997,5.99999999999996,2,1,65,0.5
462,6730.317274,6729.367774,6729.546273,6730.264278,6736.868774,1,2.99999999999994,0.0299999999999997,7.00000000000003,1,2,66,0.5
463,6738.606774,6737.671274,6737.913276,6738.606774,6739.030774,1,NaN,0,5.99999999999996,2,1,65,0.5
464,6747.602774,6746.409274,6746.715274,6747.602774,6763.770774,0,NaN,0,7.00000000000003,1,2,66,0.5
465,6765.058274,6764.256274,6764.374774,6765.058274,6765.507775,1,NaN,0,5.99999999999996,2,1,65,0.5
466,6775.091274,6774.118774,6774.302774,6775.091274,6777.346278,0,NaN,0,7.00000000000003,1,2,66,0.5
467,6785.217274,6784.491274,6784.565774,6785.217274,6788.159274,0,NaN,0,7.00000000000003,1,2,66,0.5
468,6801.805778,6801.040775,6801.270774,6801.805778,6802.301274,1,NaN,0,5.99999999999996,2,1,65,0.5
469,6818.915774,6818.035774,6818.121274,6818.912774,6821.829274,0,2.99999999999994,0.0299999999999997,5.99999999999996,2,1,65,0.5
470,6823.383274,6822.514774,6822.633274,6823.330274,6829.461774,1,2.99999999999994,0.0299999999999997,7.00000000000003,1,2,66,0.5
471,6831.156774,6830.252274,6830.391774,6831.156774,6831.647274,1,NaN,0,5.99999999999996,2,1,65,0.5
472,6840.773773,6839.802775,6839.967278,6840.773773,6986.105774,0,NaN,0,7.00000000000003,1,2,66,0.5
473,6989.048274,6988.288774,6988.372274,6989.048274,7000.949274,1,NaN,0,5.99999999999996,2,1,65,0.5
474,7002.678774,7001.751274,7001.828274,7002.625774,7007.855774,1,2.99999999999994,0.0299999999999997,7.00000000000003,1,2,66,0.5
475,7010.227274,7008.938774,7009.287774,7010.174774,7014.797774,1,2.99999999999994,0.0299999999999997,7.00000000000003,1,2,66,0.5
476,7017.034274,7016.151774,7016.358274,7017.034274,7027.410778,1,NaN,0,5.99999999999996,2,1,65,0.5
477,7029.233774,7028.280774,7028.432774,7029.233774,7039.719274,1,NaN,0,5.99999999999996,2,1,65,0.5
478,7041.805774,7040.925774,7041.015774,7041.805774,7051.498274,1,NaN,0,5.99999999999996,2,1,65,0.5
479,7054.563774,7053.689274,7053.842774,7054.563774,7055.052275,1,NaN,0,5.99999999999996,2,1,65,0.5
480,7064.014774,7063.023274,7063.251278,7064.014774,7066.502274,1,NaN,0,5.99999999999996,2,1,65,0.5
481,7073.906274,7072.975274,7073.087274,7073.906274,7074.772774,1,NaN,0,5.99999999999996,2,1,65,0.5
482,7086.288274,7085.313273,7085.488775,7086.288274,7086.589274,1,NaN,0,5.99999999999996,2,1,65,0.5
483,7093.045774,7092.154774,7092.391778,7093.045774,7096.157778,1,NaN,0,5.99999999999996,2,1,65,0.5
484,7121.357274,7120.494274,7120.638273,7121.357274,7121.646274,1,NaN,0,5.99999999999996,2,1,65,0.5
485,7381.844774,7369.222774,7369.341274,NaN,NaN,NaN,NaN,0,5.99999999999996,2,1,65,0.5
486,7652.415774,7650.959274,7651.132274,7652.363278,7655.220274,0,2.99999999999994,0.0299999999999997,5.99999999999996,2,1,65,0.5
487,7657.080274,7656.160774,7656.345776,7657.080274,7663.299774,1,NaN,0,5.99999999999996,2,1,65,0.5
488,7665.706774,7664.655774,7664.857274,7665.706774,7677.043774,1,NaN,0,5.99999999999996,2,1,65,0.5
489,7679.856274,7678.243274,7679.040774,7679.802774,7683.686274,1,2.99999999999994,0.0299999999999997,7.00000000000003,1,2,66,0.5
490,7685.498774,7684.646774,7684.723774,7685.496274,7689.048774,0,2.99999999999994,0.0299999999999997,5.99999999999996,2,1,65,0.5
491,7691.033274,7689.778774,7690.307274,7691.033274,8397.441774,1,NaN,0,5.99999999999996,2,1,65,0.5
492,8399.763274,8398.702274,8398.875274,8399.763274,8419.975274,1,NaN,0,5.99999999999996,2,1,65,0.5
493,8422.256276,8421.317274,8421.477774,8422.203774,8429.612774,1,2.99999999999994,0.0299999999999997,7.00000000000003,1,2,66,0.5
494,8431.842774,8430.708274,8430.939774,8431.839774,8434.472274,0,2.99999999999994,0.0299999999999997,5.99999999999996,2,1,65,0.5
495,8436.519774,8435.510774,8435.699274,8436.466274,8441.979774,1,2.99999999999994,0.0299999999999997,7.00000000000003,1,2,66,0.5
496,8443.299274,8442.592774,8442.772274,8443.299274,8443.660774,1,NaN,0,5.99999999999996,2,1,65,0.5
497,8454.637774,8453.762774,8454.004274,8454.635274,8457.204274,1,2.99999999999994,0.0299999999999997,7.00000000000003,1,2,66,0.5
498,8458.721774,8457.845774,8458.009772,8458.668774,8461.712774,0,2.99999999999994,0.0299999999999997,5.99999999999996,2,1,65,0.5
499,8463.734774,8462.664774,8463.020774,8463.681778,8466.703274,1,2.99999999999994,0.0299999999999997,7.00000000000003,1,2,66,0.5
500,8469.188774,8468.378274,8468.450273,8469.186774,8474.262274,0,2.99999999999994,0.0299999999999997,5.99999999999996,2,1,65,0.5
501,8475.846774,8474.946274,8475.177774,8475.846774,8484.441774,1,NaN,0,5.99999999999996,2,1,65,0.5
502,8486.692774,8485.531274,8486.003774,8486.640274,8490.473274,1,2.99999999999994,0.0299999999999997,7.00000000000003,1,2,66,0.5
503,8491.909774,8491.150274,8491.225274,8491.909774,8499.007774,0,NaN,0,7.00000000000003,1,2,66,0.5
504,8500.764274,8499.814774,8500.017774,8500.764274,8503.544274,0,NaN,0,7.00000000000003,1,2,66,0.5
505,8509.194274,8508.327774,8508.649274,8509.194274,8509.654774,1,NaN,0,5.99999999999996,2,1,65,0.5
506,8518.547274,8517.726274,8517.939274,8518.493774,8522.889274,1,2.99999999999994,0.0299999999999997,7.00000000000003,1,2,66,0.5
507,8524.454774,8523.578274,8523.643274,8524.401778,8527.317774,0,2.99999999999994,0.0299999999999997,5.99999999999996,2,1,65,0.5
508,8528.703278,8527.933274,8528.070274,8528.703278,8539.519274,1,NaN,0,5.99999999999996,2,1,65,0.5
509,8543.525274,8542.657774,8542.966274,8543.525274,8553.288274,1,NaN,0,5.99999999999996,2,1,65,0.5
510,8554.780275,8553.965274,8554.135274,8554.780275,8617.855775,1,NaN,0,5.99999999999996,2,1,65,0.5
511,8619.657774,8618.867278,8619.049274,8619.657774,8631.119774,1,NaN,0,5.99999999999996,2,1,65,0.5
512,8633.425774,8632.642768,8632.947774,8633.425774,8633.930776,1,NaN,0,5.99999999999996,2,1,65,0.5
513,8649.843774,8648.644774,8648.914774,8649.790274,8655.724774,0,2.99999999999994,0.0299999999999997,5.99999999999996,2,1,65,0.5
514,8657.584278,8656.714274,8656.951275,8657.584278,8658.192773,1,NaN,0,5.99999999999996,2,1,65,0.5
515,8665.406774,8664.582774,8664.694774,8665.406774,8667.823274,0,NaN,0,7.00000000000003,1,2,66,0.5
516,8680.023274,8678.993775,8679.225273,8680.023274,8680.285274,1,NaN,0,5.99999999999996,2,1,65,0.5
517,8688.519774,8687.654774,8687.745774,8688.466774,8692.133774,0,2.99999999999994,0.0299999999999997,5.99999999999996,2,1,65,0.5
518,8693.894778,8692.921274,8693.013774,8693.842274,8697.134274,1,2.99999999999994,0.0299999999999997,7.00000000000003,1,2,66,0.5
519,8698.556775,8697.789274,8697.834774,8698.556775,8699.464274,0,NaN,0,7.00000000000003,1,2,66,0.5
520,8706.455278,8705.454778,8705.569774,8706.402774,8710.250274,0,2.99999999999994,0.0299999999999997,5.99999999999996,2,1,65,0.5
521,8712.012774,8711.212274,8711.377774,8711.959774,8714.906274,1,2.99999999999994,0.0299999999999997,7.00000000000003,1,2,66,0.5
522,8716.577774,8715.657774,8715.714779,8716.525278,8720.606274,0,2.99999999999994,0.0299999999999997,5.99999999999996,2,1,65,0.5
523,8723.441774,8721.921774,8722.079774,8723.388774,8726.679274,1,2.99999999999994,0.0299999999999997,7.00000000000003,1,2,66,0.5
524,8728.201774,8727.430274,8727.455774,8728.199274,8730.702274,0,2.99999999999994,0.0299999999999997,5.99999999999996,2,1,65,0.5
525,8732.268774,8731.406274,8731.524274,8732.268774,8736.538774,1,NaN,0,5.99999999999996,2,1,65,0.5
526,8740.468274,8739.319774,8739.449774,8740.415279,8743.464278,0,2.99999999999994,0.0299999999999997,5.99999999999996,2,1,65,0.5
527,8745.086774,8744.165274,8744.281274,8745.033274,8748.976274,1,2.99999999999994,0.0299999999999997,7.00000000000003,1,2,66,0.5
528,8750.436774,8749.682774,8749.741774,8750.423274,8752.809774,0,2.99999999999994,0.0299999999999997,5.99999999999996,2,1,65,0.5
529,8754.492274,8753.510274,8753.686274,8754.439774,8761.980274,1,2.99999999999994,0.0299999999999997,7.00000000000003,1,2,66,0.5
530,8763.954274,8762.807274,8763.193775,8763.901774,8767.452274,1,2.99999999999994,0.0299999999999997,7.00000000000003,1,2,66,0.5
531,8769.088274,8768.272774,8768.347774,8769.035774,8770.305274,0,2.99999999999994,0.0299999999999997,5.99999999999996,2,1,65,0.5
532,8772.542774,8771.633274,8771.823774,8772.542774,8772.867776,1,NaN,0,5.99999999999996,2,1,65,0.5
533,8780.377774,8779.158278,8779.347274,8780.324774,8784.642774,0,2.99999999999994,0.0299999999999997,5.99999999999996,2,1,65,0.5
534,8786.479774,8785.580274,8785.802775,8786.479774,8792.711274,1,NaN,0,5.99999999999996,2,1,65,0.5
535,8794.781274,8793.567774,8794.010275,8794.728274,8800.424774,1,2.99999999999994,0.0299999999999997,7.00000000000003,1,2,66,0.5
536,8802.142774,8801.147274,8801.388274,8802.142774,8806.858774,1,NaN,0,5.99999999999996,2,1,65,0.5
537,8818.319775,8817.183774,8817.406774,8818.319775,8825.240774,0,NaN,0,7.00000000000003,1,2,66,0.5
538,8827.142274,8826.301774,8826.462774,8827.142274,8830.460274,1,NaN,0,5.99999999999996,2,1,65,0.5
539,8835.070274,8834.135274,8834.447774,8835.018274,8837.969774,1,2.99999999999994,0.0299999999999997,7.00000000000003,1,2,66,0.5
540,8839.658778,8838.766774,8838.827274,8839.656774,8844.696774,0,2.99999999999994,0.0299999999999997,5.99999999999996,2,1,65,0.5
541,8846.591274,8845.739275,8845.911274,8846.538274,8849.862774,1,2.99999999999994,0.0299999999999997,7.00000000000003,1,2,66,0.5
542,8851.851774,8850.937273,8850.996274,8851.798778,8856.351274,0,2.99999999999994,0.0299999999999997,5.99999999999996,2,1,65,0.5
543,8858.109773,8857.195274,8857.351274,8858.109773,8892.162274,1,NaN,0,5.99999999999996,2,1,65,0.5
544,8894.440274,8893.352774,8893.696274,8894.440274,8907.437774,1,NaN,0,5.99999999999996,2,1,65,0.5
545,8973.812774,8972.874274,8972.929274,8973.760274,8978.012774,0,2.99999999999994,0.0299999999999997,5.99999999999996,2,1,65,0.5
546,8980.213273,8979.312774,8979.506274,8980.213273,8984.413774,1,NaN,0,5.99999999999996,2,1,65,0.5
547,8987.369774,8986.163274,8986.354774,8987.369774,8994.039274,1,NaN,0,5.99999999999996,2,1,65,0.5
548,8996.094774,8994.803273,8995.279774,8996.041278,9001.557274,1,2.99999999999994,0.0299999999999997,7.00000000000003,1,2,66,0.5
549,9006.143274,9005.079274,9005.254774,9006.143274,9010.518274,0,NaN,0,7.00000000000003,1,2,66,0.5
550,9013.257274,9011.935274,9012.301274,9013.204773,9017.052774,0,2.99999999999994,0.0299999999999997,5.99999999999996,2,1,65,0.5
551,9018.808774,9017.975274,9018.081274,9018.808774,9024.203274,1,NaN,0,5.99999999999996,2,1,65,0.5
552,9027.267774,9025.455774,9026.012774,9027.214774,9032.607774,1,2.99999999999994,0.0299999999999997,7.00000000000003,1,2,66,0.5
553,9034.785274,9033.838274,9034.054274,9034.732274,9037.825274,1,2.99999999999994,0.0299999999999997,7.00000000000003,1,2,66,0.5
554,9039.640275,9038.714774,9038.746774,9039.587774,9043.726775,0,2.99999999999994,0.0299999999999997,5.99999999999996,2,1,65,0.5
555,9045.970276,9045.153778,9045.340774,9045.970276,9052.206274,1,NaN,0,5.99999999999996,2,1,65,0.5
556,9054.637274,9053.616274,9053.805774,9054.584774,9060.658274,1,2.99999999999994,0.0299999999999997,7.00000000000003,1,2,66,0.5
557,9062.703274,9061.695274,9061.910774,9062.703274,9069.352278,1,NaN,0,5.99999999999996,2,1,65,0.5
558,9072.196774,9071.360774,9071.572274,9072.196774,9077.688274,1,NaN,0,5.99999999999996,2,1,65,0.5
559,9079.591774,9078.577774,9078.891274,9079.591774,9090.607774,1,NaN,0,5.99999999999996,2,1,65,0.5
560,9092.873778,9091.985274,9092.115778,9092.873778,9093.199274,1,NaN,0,5.99999999999996,2,1,65,0.5
561,9122.442274,9121.652274,9121.742774,9122.442274,9122.722774,1,NaN,0,5.99999999999996,2,1,65,0.5
562,9387.680274,9385.789274,9386.279774,9387.680274,9392.636774,0,NaN,0,7.00000000000003,1,2,66,0.5
563,9398.493774,9395.55877,9395.914274,9398.493774,9404.564274,0,NaN,0,7.00000000000003,1,2,66,0.5
564,9407.820278,9407.005274,9407.028768,9407.820278,9421.089274,0,NaN,0,7.00000000000003,1,2,66,0.5
565,9438.621274,9437.561774,9437.817274,9438.621274,9442.807774,0,NaN,0,7.00000000000003,1,2,66,0.5
566,9451.951274,9450.939274,9451.214774,9451.899274,9455.233774,1,2.99999999999994,0.0299999999999997,7.00000000000003,1,2,66,0.5
567,9457.500274,9456.605274,9456.798268,9457.500274,9464.293274,0,NaN,0,7.00000000000003,1,2,66,0.5
568,9466.429275,9465.434773,9465.676274,9466.376274,9473.121274,1,2.99999999999994,0.0299999999999997,7.00000000000003,1,2,66,0.5
569,9474.813774,9473.913274,9474.082774,9474.813774,9482.001274,1,NaN,0,5.99999999999996,2,1,65,0.5
570,9483.816274,9482.916274,9483.023774,9483.816274,9484.313774,1,NaN,0,5.99999999999996,2,1,65,0.5
571,9495.056274,9494.278774,9494.371274,9495.056274,9495.442274,1,NaN,0,5.99999999999996,2,1,65,0.5
572,9503.572274,9502.577274,9502.656774,9503.519774,9507.480274,1,2.99999999999994,0.0299999999999997,7.00000000000003,1,2,66,0.5
573,9509.318774,9508.421774,9508.504274,9509.316274,9513.517274,0,2.99999999999994,0.0299999999999997,5.99999999999996,2,1,65,0.5
574,9515.399273,9514.501278,9514.601279,9515.396274,9518.725774,1,2.99999999999994,0.0299999999999997,7.00000000000003,1,2,66,0.5
575,9520.448274,9519.628274,9519.673774,9520.445774,9523.774274,0,2.99999999999994,0.0299999999999997,5.99999999999996,2,1,65,0.5
576,9525.842774,9524.996274,9525.119274,9525.842774,9554.998274,1,NaN,0,5.99999999999996,2,1,65,0.5
577,9558.696274,9557.542774,9557.985774,9558.696274,9583.737274,1,NaN,0,5.99999999999996,2,1,65,0.5
578,9587.216274,9586.353774,9586.453274,9587.216274,9622.882774,1,NaN,0,5.99999999999996,2,1,65,0.5
579,9633.158774,9632.239274,9632.262274,9633.158774,9636.944268,1,NaN,0,5.99999999999996,2,1,65,0.5
580,9644.200774,9643.323274,9643.408774,9644.200774,9644.628774,1,NaN,0,5.99999999999996,2,1,65,0.5
581,9656.342274,9655.380274,9655.582774,9656.342274,9656.790274,1,NaN,0,5.99999999999996,2,1,65,0.5
582,9665.311274,9664.277774,9664.344774,9665.308774,9669.600274,0,2.99999999999994,0.0299999999999997,5.99999999999996,2,1,65,0.5
583,9671.340774,9670.370774,9670.584774,9671.340774,9680.550274,1,NaN,0,5.99999999999996,2,1,65,0.5
584,9682.456774,9681.429274,9681.610774,9682.456774,9682.935774,1,NaN,0,5.99999999999996,2,1,65,0.5
585,9726.703774,9725.386274,9725.563274,9726.703774,9732.189774,0,NaN,0,7.00000000000003,1,2,66,0.5
586,9736.217278,9735.354774,9735.401274,9736.165274,9739.842774,0,2.99999999999994,0.0299999999999997,5.99999999999996,2,1,65,0.5
587,9742.203774,9741.275774,9741.452774,9742.203774,9753.829275,1,NaN,0,5.99999999999996,2,1,65,0.5
588,9766.784274,9765.533274,9765.856274,9766.784274,9952.207774,1,NaN,0,5.99999999999996,2,1,65,0.5
589,9955.869274,9953.981274,9954.117774,9955.869274,9961.817774,1,NaN,0,5.99999999999996,2,1,65,0.5
590,9966.711273,9965.600775,9965.714274,9966.658774,9974.336274,1,2.99999999999994,0.0299999999999997,7.00000000000003,1,2,66,0.5
591,9976.708274,9975.407274,9975.681778,9976.708274,9982.079774,1,NaN,0,5.99999999999996,2,1,65,0.5
592,9989.759774,9988.493774,9988.657774,9989.759774,9997.624274,1,NaN,0,5.99999999999996,2,1,65,0.5
593,9999.618774,9998.714774,9998.839274,9999.618774,10000.311778,1,NaN,0,5.99999999999996,2,1,65,0.5
594,10006.988774,10006.002774,10006.039774,10006.988774,10014.555774,0,NaN,0,7.00000000000003,1,2,66,0.5
595,10033.272274,10032.242774,10032.385274,10033.219774,10037.491768,1,2.99999999999994,0.0299999999999997,7.00000000000003,1,2,66,0.5
596,10040.143775,10039.040274,10039.323774,10040.090774,10044.842274,1,2.99999999999994,0.0299999999999997,7.00000000000003,1,2,66,0.5
597,10046.609274,10045.749774,10045.800774,10046.609274,10087.819774,0,NaN,0,7.00000000000003,1,2,66,0.5
598,10225.493274,10223.811774,10224.068774,10225.493274,10226.156274,1,NaN,0,5.99999999999996,2,1,65,0.5
599,10239.814274,10238.530274,10238.765276,10239.761274,10242.997778,0,2.99999999999994,0.0299999999999997,5.99999999999996,2,1,65,0.5
600,10257.018774,10244.397274,10244.475274,NaN,NaN,NaN,NaN,0,7.00000000000003,1,2,66,0.5
601,10524.690775,10523.657774,10523.794274,10524.690775,10525.106274,0,NaN,0,7.00000000000003,1,2,66,0.5
602,10543.588774,10530.967273,10531.223775,NaN,10846.895274,NaN,NaN,0,5.99999999999996,2,1,65,0.5
603,10849.130274,10848.273274,10848.379278,10849.130274,10867.619274,1,NaN,0,5.99999999999996,2,1,65,0.5
604,10876.398274,10875.329274,10875.422275,10876.345774,10883.622777,1,2.99999999999994,0.0299999999999997,7.00000000000003,1,2,66,0.5
605,10886.635274,10885.277275,10885.807774,10886.632775,10893.396774,1,2.99999999999994,0.0299999999999997,7.00000000000003,1,2,66,0.5
606,10896.456775,10895.188774,10895.557774,10896.456775,10905.804274,1,NaN,0,5.99999999999996,2,1,65,0.5
607,10957.051274,10955.969774,10956.019774,10957.051274,11092.549774,0,NaN,0,7.00000000000003,1,2,66,0.5
608,11099.025274,11097.531274,11098.005774,11099.025274,11110.827774,0,NaN,0,7.00000000000003,1,2,66,0.5
609,11119.869774,11118.697274,11118.751774,11119.869774,11128.253274,1,NaN,0,5.99999999999996,2,1,65,0.5
610,11130.822774,11129.634275,11129.864278,11130.822774,11132.335274,1,NaN,0,5.99999999999996,2,1,65,0.5
611,11137.948274,11136.685774,11136.724274,11137.948274,11138.278774,0,NaN,0,7.00000000000003,1,2,66,0.5
612,11377.649774,11376.551774,11376.761274,11377.649774,11378.001775,1,NaN,0,5.99999999999996,2,1,65,0.5
613,11530.044774,11528.458774,11528.719274,11530.041775,11533.003274,1,2.99999999999994,0.0299999999999997,7.00000000000003,1,2,66,0.5
614,11536.356774,11534.724774,11534.792774,11536.303774,11539.471274,0,2.99999999999994,0.0299999999999997,5.99999999999996,2,1,65,0.5
615,11542.216774,11541.252274,11541.409277,11542.216774,11582.182274,1,NaN,0,5.99999999999996,2,1,65,0.5
616,11584.564274,11583.372274,11583.887274,11584.511274,11588.581774,1,2.99999999999994,0.0299999999999997,7.00000000000003,1,2,66,0.5
617,11590.796274,11589.701774,11589.785774,11590.796274,11601.998774,0,NaN,0,7.00000000000003,1,2,66,0.5
618,11605.350272,11603.820774,11604.010774,11605.297274,11611.514276,1,2.99999999999994,0.0299999999999997,7.00000000000003,1,2,66,0.5
619,11615.150774,11613.948274,11614.086274,11615.150774,11616.062774,1,NaN,0,5.99999999999996,2,1,65,0.5
620,11634.389774,11621.768274,11621.816778,NaN,12101.274274,NaN,NaN,0,7.00000000000003,1,2,66,0.5
621,12104.325774,12103.289774,12103.576278,12104.325774,12104.876274,1,NaN,0,5.99999999999996,2,1,65,0.5
622,12127.559774,12126.205274,12126.510774,12127.559774,12132.013274,0,NaN,0,7.00000000000003,1,2,66,0.5
623,12138.016274,12136.508774,12136.815774,12137.963274,12142.243774,0,2.99999999999994,0.0299999999999997,5.99999999999996,2,1,65,0.5
624,12145.243274,12144.175775,12144.485778,12145.243274,12145.732275,1,NaN,0,5.99999999999996,2,1,65,0.5
625,12169.626278,12168.286274,12168.619274,12169.573774,12176.174274,1,2.99999999999994,0.0299999999999997,7.00000000000003,1,2,66,0.5
626,12178.633774,12177.330274,12177.814274,12178.581274,12184.276274,1,2.99999999999994,0.0299999999999997,7.00000000000003,1,2,66,0.5
627,12186.702274,12185.581274,12185.774774,12186.702274,12193.863274,1,NaN,0,5.99999999999996,2,1,65,0.5
628,12481.923774,12480.477775,12480.925274,12481.923774,12488.159274,1,NaN,0,5.99999999999996,2,1,65,0.5
629,12490.444274,12489.442774,12489.644774,12490.444274,12495.427774,1,NaN,0,5.99999999999996,2,1,65,0.5
630,12851.931274,12850.940774,12850.990774,12851.931274,12857.358774,0,NaN,0,7.00000000000003,1,2,66,0.5
631,12860.513274,12859.071778,12859.091278,12860.460774,12863.804774,0,2.99999999999994,0.0299999999999997,5.99999999999996,2,1,65,0.5
632,12866.753274,12865.753774,12865.963274,12866.753274,12872.211274,1,NaN,0,5.99999999999996,2,1,65,0.5
633,12874.340774,12873.206776,12873.414774,12874.340774,12879.047774,1,NaN,0,5.99999999999996,2,1,65,0.5
634,12882.810275,12881.221278,12881.439774,12882.810275,12887.120774,1,NaN,0,5.99999999999996,2,1,65,0.5
635,12912.777274,12911.593274,12911.891774,12912.777274,12916.799774,1,NaN,0,5.99999999999996,2,1,65,0.5
636,12920.195774,12918.803274,12919.039274,12920.195774,12924.286274,1,NaN,0,5.99999999999996,2,1,65,0.5
637,12929.230274,12927.878774,12928.292274,12929.177274,12933.305274,1,2.99999999999994,0.0299999999999997,7.00000000000003,1,2,66,0.5
638,12935.315274,12934.257774,12934.311274,12935.261774,12941.434274,0,2.99999999999994,0.0299999999999997,5.99999999999996,2,1,65,0.5
639,12944.164278,12943.158774,12943.331775,12944.164278,13381.042778,1,NaN,0,5.99999999999996,2,1,65,0.5
640,13465.277274,13463.234278,13463.383778,13465.274778,13467.045774,0,2.99999999999994,0.0299999999999997,5.99999999999996,2,1,65,0.5
641,13469.653774,13468.677774,13468.866774,13469.653774,13469.874774,1,NaN,0,5.99999999999996,2,1,65,0.5
642,13480.770774,13479.758774,13479.839774,13480.768276,13483.439774,0,2.99999999999994,0.0299999999999997,5.99999999999996,2,1,65,0.5
643,13486.021274,13484.936274,13485.218274,13485.968274,13489.885274,1,2.99999999999994,0.0299999999999997,7.00000000000003,1,2,66,0.5
644,13492.317774,13491.242774,13491.308274,13492.264774,13498.463274,0,2.99999999999994,0.0299999999999997,5.99999999999996,2,1,65,0.5
645,13501.100774,13500.169275,13500.257274,13501.100774,13513.198774,1,NaN,0,5.99999999999996,2,1,65,0.5
646,13516.034774,13514.976774,13515.124774,13516.034774,13516.483275,1,NaN,0,5.99999999999996,2,1,65,0.5
647,13594.486774,13593.352274,13593.478774,13594.433774,13685.851774,0,2.99999999999994,0.0299999999999997,5.99999999999996,2,1,65,0.5
648,13695.948778,13694.727269,13694.844274,13695.895774,13700.186774,0,2.99999999999994,0.0299999999999997,5.99999999999996,2,1,65,0.5
649,13702.423774,13701.518274,13701.626774,13702.423774,13709.256774,1,NaN,0,5.99999999999996,2,1,65,0.5
650,13711.466274,13710.423774,13710.869274,13711.466274,13719.154774,1,NaN,0,5.99999999999996,2,1,65,0.5
651,13727.909274,13726.560774,13726.984274,13727.856274,13734.573774,1,2.99999999999994,0.0299999999999997,7.00000000000003,1,2,66,0.5
652,13736.459774,13735.343274,13735.612774,13736.459774,13740.975274,1,NaN,0,5.99999999999996,2,1,65,0.5
653,13745.971774,13744.842774,13745.068774,13745.919274,13750.054774,0,2.99999999999994,0.0299999999999997,5.99999999999996,2,1,65,0.5
654,13752.666774,13751.542774,13751.688774,13752.666774,13777.895274,1,NaN,0,5.99999999999996,2,1,65,0.5
655,13781.447774,13780.229778,13780.342274,13781.445774,13791.213774,1,2.99999999999994,0.0299999999999997,7.00000000000003,1,2,66,0.5
656,13794.668774,13793.229774,13793.830774,13794.615274,13797.944774,1,2.99999999999994,0.0299999999999997,7.00000000000003,1,2,66,0.5
657,13800.700274,13799.681774,13799.795274,13800.700274,13811.256774,0,NaN,0,7.00000000000003,1,2,66,0.5
658,13813.568274,13812.696274,13812.805774,13813.568274,13878.181778,1,NaN,0,5.99999999999996,2,1,65,0.5
659,13881.407774,13880.403274,13880.621774,13881.407774,13888.387774,1,NaN,0,5.99999999999996,2,1,65,0.5
660,13891.975274,13889.904274,13890.083276,13891.975274,13893.604774,0,NaN,0,7.00000000000003,1,2,66,0.5
661,13903.995274,13902.695774,13902.780775,13903.995274,13968.923274,0,NaN,0,7.00000000000003,1,2,66,0.5
662,13972.335774,13971.143774,13971.498774,13972.282774,13976.495274,0,2.99999999999994,0.0299999999999997,5.99999999999996,2,1,65,0.5
663,13978.647774,13977.509274,13977.785274,13978.647774,13985.247274,1,NaN,0,5.99999999999996,2,1,65,0.5
664,13991.399276,13990.272774,13990.607774,13991.399276,13995.153274,1,NaN,0,5.99999999999996,2,1,65,0.5
665,14070.491274,14069.389274,14069.512778,14070.438273,14082.128774,1,2.99999999999994,0.0299999999999997,7.00000000000003,1,2,66,0.5
666,14084.831274,14083.739774,14083.793274,14084.778774,14090.429774,1,2.99999999999994,0.0299999999999997,7.00000000000003,1,2,66,0.5
667,14093.336278,14092.109273,14092.527778,14093.284274,14098.895774,1,2.99999999999994,0.0299999999999997,7.00000000000003,1,2,66,0.5
668,14101.138274,14099.795776,14100.300774,14101.138274,14101.530774,1,NaN,0,5.99999999999996,2,1,65,0.5
669,14180.395774,14178.904774,14179.542774,14180.395774,14187.130274,0,NaN,0,7.00000000000003,1,2,66,0.5
670,14190.085774,14188.633774,14189.214274,14190.085774,14191.014274,1,NaN,0,5.99999999999996,2,1,65,0.5
671,14242.138775,14240.792274,14241.056774,14242.135774,14246.445274,0,2.99999999999994,0.0299999999999997,5.99999999999996,2,1,65,0.5
672,14249.039274,14247.610774,14248.031774,14249.036774,14251.745273,1,2.99999999999994,0.0299999999999997,7.00000000000003,1,2,66,0.5
673,14253.847776,14252.859774,14253.024774,14253.845276,14257.754274,0,2.99999999999994,0.0299999999999997,5.99999999999996,2,1,65,0.5
674,14260.030274,14258.860274,14259.062774,14260.030274,14264.538775,1,NaN,0,5.99999999999996,2,1,65,0.5
675,14326.706274,14325.627774,14325.948274,14326.706274,14517.383774,1,NaN,0,5.99999999999996,2,1,65,0.5
676,14528.468274,14527.191274,14527.599774,14528.468274,14528.700774,1,NaN,0,5.99999999999996,2,1,65,0.5
677,14553.518274,14552.402774,14552.802774,14553.518274,14558.805274,0,NaN,0,7.00000000000003,1,2,66,0.5
678,14561.811774,14560.812774,14561.066774,14561.811774,14562.994274,0,NaN,0,7.00000000000003,1,2,66,0.5
679,14578.972774,14577.930774,14578.163776,14578.972774,14596.798274,0,NaN,0,7.00000000000003,1,2,66,0.5
680,14598.713274,14597.645774,14597.847774,14598.660274,14604.619274,1,2.99999999999994,0.0299999999999997,7.00000000000003,1,2,66,0.5
681,14606.458774,14605.368274,14605.587275,14606.458774,14617.413774,1,NaN,0,5.99999999999996,2,1,65,0.5
682,14620.865774,14619.750774,14620.292774,14620.813274,14628.604274,1,2.99999999999994,0.0299999999999997,7.00000000000003,1,2,66,0.5
683,14630.076774,14629.259274,14629.472274,14630.076774,14644.259774,1,NaN,0,5.99999999999996,2,1,65,0.5
684,14646.062274,14645.039774,14645.334774,14646.010274,14650.941774,1,2.99999999999994,0.0299999999999997,7.00000000000003,1,2,66,0.5
685,14653.782774,14652.368778,14652.549274,14653.232774,14663.771774,0,NaN,0,5.99999999999996,2,1,65,0.5
686,14666.163774,14665.010774,14665.294775,14666.163774,14666.767774,1,NaN,0,5.99999999999996,2,1,65,0.5
687,14697.400274,14696.153275,14696.292274,14697.347274,14702.330774,0,2.99999999999994,0.0299999999999997,5.99999999999996,2,1,65,0.5
688,14704.809774,14703.799274,14703.958274,14704.807274,14708.696274,1,2.99999999999994,0.0299999999999997,7.00000000000003,1,2,66,0.5
689,14710.439774,14709.528774,14709.565774,14710.387274,14714.989274,0,2.99999999999994,0.0299999999999997,5.99999999999996,2,1,65,0.5
690,14717.205774,14715.806774,14716.240274,14717.153274,14723.937274,1,2.99999999999994,0.0299999999999997,7.00000000000003,1,2,66,0.5
691,14726.373274,14725.099278,14725.641774,14726.319774,14732.906774,1,2.99999999999994,0.0299999999999997,7.00000000000003,1,2,66,0.5
692,14734.753274,14733.644774,14733.902774,14734.753274,14796.200778,1,NaN,0,5.99999999999996,2,1,65,0.5
693,14799.119778,14797.609774,14797.822774,14799.067274,14805.388774,1,2.99999999999994,0.0299999999999997,7.00000000000003,1,2,66,0.5
694,14807.869274,14806.918274,14807.136274,14807.869274,14816.342274,1,NaN,0,5.99999999999996,2,1,65,0.5
695,14821.318774,14820.128774,14820.323274,14821.265774,14827.450276,1,2.99999999999994,0.0299999999999997,7.00000000000003,1,2,66,0.5
696,14841.033274,14829.822774,14829.958774,NaN,14849.122774,NaN,NaN,0,5.99999999999996,2,1,65,0.5
697,14851.219276,14850.180773,14850.248774,14851.219276,14860.815774,0,NaN,0,7.00000000000003,1,2,66,0.5
698,14868.801778,14866.718274,14867.251774,14868.749774,14873.786774,1,2.99999999999994,0.0299999999999997,7.00000000000003,1,2,66,0.5
699,14875.588274,14874.628274,14874.705774,14875.586274,14882.261274,0,2.99999999999994,0.0299999999999997,5.99999999999996,2,1,65,0.5
700,14885.004775,14883.921774,14884.138774,14884.985774,14891.256274,0,2.99999999999994,0.0299999999999997,5.99999999999996,2,1,65,0.5
701,14893.697774,14892.568774,14892.758274,14893.695774,14901.562274,1,2.99999999999994,0.0299999999999997,7.00000000000003,1,2,66,0.5
702,14904.726274,14903.854774,14903.998774,14904.673774,14913.166274,1,2.99999999999994,0.0299999999999997,7.00000000000003,1,2,66,0.5
703,14915.220274,14914.087274,14914.468274,14915.220274,14915.704774,1,NaN,0,5.99999999999996,2,1,65,0.5
704,14954.454278,14953.285274,14953.368768,14954.451774,14957.258274,0,2.99999999999994,0.0299999999999997,5.99999999999996,2,1,65,0.5
705,14959.313774,14958.375274,14958.556774,14959.313774,14959.752774,1,NaN,0,5.99999999999996,2,1,65,0.5
706,15216.107774,15214.786774,15215.148274,15216.107774,15216.538275,0,NaN,0,7.00000000000003,1,2,66,0.5
707,15374.684274,15373.334774,15373.604274,15374.684274,15397.521274,0,NaN,0,7.00000000000003,1,2,66,0.5
708,15400.767275,15399.621774,15399.762274,15400.715274,15404.192774,0,2.99999999999994,0.0299999999999997,5.99999999999996,2,1,65,0.5
709,15407.114275,15405.604274,15405.898274,15407.111774,15413.188274,1,2.99999999999994,0.0299999999999997,7.00000000000003,1,2,66,0.5
710,15415.723774,15414.011274,15414.580274,15415.721274,15421.695274,1,2.99999999999994,0.0299999999999997,7.00000000000003,1,2,66,0.5
711,15423.546274,15422.556274,15422.672774,15423.546274,15651.701774,0,NaN,0,7.00000000000003,1,2,66,0.5
712,15668.592774,15667.153274,15667.405274,15668.540774,15677.553274,0,2.99999999999994,0.0299999999999997,5.99999999999996,2,1,65,0.5
713,15679.913774,15678.819276,15679.071274,15679.913774,15689.825774,1,NaN,0,5.99999999999996,2,1,65,0.5
714,15692.001774,15690.695774,15691.083274,15692.001774,16156.314274,0,NaN,0,7.00000000000003,1,2,66,0.5
715,16159.173774,16157.812274,16158.024274,16159.173774,16159.631274,0,NaN,0,7.00000000000003,1,2,66,0.5
716,16166.580778,16164.901274,16165.243274,16166.580778,16177.127274,0,NaN,0,7.00000000000003,1,2,66,0.5
717,16183.087774,16182.262274,16182.465774,16183.034774,16185.999274,1,2.99999999999994,0.0299999999999997,7.00000000000003,1,2,66,0.5
718,16187.760774,16186.983774,16187.069774,16187.760774,16193.878274,0,NaN,0,7.00000000000003,1,2,66,0.5
719,16198.432774,16196.735274,16197.520274,16198.379774,16205.433774,0,2.99999999999994,0.0299999999999997,5.99999999999996,2,1,65,0.5
720,16207.748774,16206.914274,16207.077274,16207.696274,16214.540278,1,2.99999999999994,0.0299999999999997,7.00000000000003,1,2,66,0.5
721,16217.136775,16216.220274,16216.367274,16217.083774,16221.305774,1,2.99999999999994,0.0299999999999997,7.00000000000003,1,2,66,0.5
722,16223.399776,16222.365774,16222.444274,16223.399776,16226.219274,0,NaN,0,7.00000000000003,1,2,66,0.5
723,16235.763774,16234.465274,16234.490774,16235.711274,16240.224274,1,2.99999999999994,0.0299999999999997,7.00000000000003,1,2,66,0.5
724,16243.701274,16242.648274,16242.905774,16243.648774,16249.251778,0,2.99999999999994,0.0299999999999997,5.99999999999996,2,1,65,0.5
725,16251.056774,16250.179774,16250.420269,16251.056774,16251.906774,1,NaN,0,5.99999999999996,2,1,65,0.5
726,16260.393274,16259.128274,16259.546274,16260.393274,16264.114774,0,NaN,0,7.00000000000003,1,2,66,0.5
727,16275.623774,16274.554774,16274.565774,16275.621274,16280.574774,1,2.99999999999994,0.0299999999999997,7.00000000000003,1,2,66,0.5
728,16282.793774,16281.599776,16281.975774,16282.741274,16288.046775,0,2.99999999999994,0.0299999999999997,5.99999999999996,2,1,65,0.5
729,16289.926774,16288.979274,16289.395274,16289.926774,16299.461778,0,NaN,0,7.00000000000003,1,2,66,0.5
730,16302.689274,16301.584274,16301.901774,16302.636274,16306.414274,1,2.99999999999994,0.0299999999999997,7.00000000000003,1,2,66,0.5
731,16308.347774,16307.486274,16307.537274,16308.295274,16312.892274,0,2.99999999999994,0.0299999999999997,5.99999999999996,2,1,65,0.5
732,16315.385274,16314.276774,16314.586274,16315.332274,16319.099274,1,2.99999999999994,0.0299999999999997,7.00000000000003,1,2,66,0.5
733,16320.949774,16319.965774,16320.170274,16320.949774,16323.744774,0,NaN,0,7.00000000000003,1,2,66,0.5
734,16327.953274,16326.909777,16327.063776,16327.953274,16332.452274,0,NaN,0,7.00000000000003,1,2,66,0.5
735,16350.374274,16349.275774,16349.607774,16350.321774,16352.629274,0,2.99999999999994,0.0299999999999997,5.99999999999996,2,1,65,0.5
736,16354.231274,16353.274774,16353.464774,16354.177774,16357.142774,1,2.99999999999994,0.0299999999999997,7.00000000000003,1,2,66,0.5
737,16358.862774,16358.115274,16358.306274,16358.862774,16361.892275,0,NaN,0,7.00000000000003,1,2,66,0.5
738,16366.581274,16365.846274,16365.887274,16366.581274,16371.394278,0,NaN,0,7.00000000000003,1,2,66,0.5
739,16375.356274,16374.425774,16374.451773,16375.356274,16375.827774,0,NaN,0,7.00000000000003,1,2,66,0.5
740,16388.125774,16386.969273,16387.396774,16388.125774,16390.727274,0,NaN,0,7.00000000000003,1,2,66,0.5
741,16402.151274,16401.042775,16401.386778,16402.151274,16404.766274,0,NaN,0,7.00000000000003,1,2,66,0.5
742,16473.039774,16471.774774,16472.013774,16473.039774,16473.228774,0,NaN,0,7.00000000000003,1,2,66,0.5
743,16479.831274,16478.580776,16479.083774,16479.831274,16488.095274,0,NaN,0,7.00000000000003,1,2,66,0.5
744,16489.886774,16488.594774,16489.147274,16489.884774,16496.584774,1,2.99999999999994,0.0299999999999997,7.00000000000003,1,2,66,0.5
745,16498.616278,16497.634774,16497.676774,16498.616278,16521.538774,0,NaN,0,7.00000000000003,1,2,66,0.5
746,16523.204278,16522.298275,16522.491774,16523.204278,16531.088774,0,NaN,0,7.00000000000003,1,2,66,0.5
747,16533.495274,16532.647774,16532.769274,16533.495274,16546.772774,1,NaN,0,5.99999999999996,2,1,65,0.5
748,16548.507774,16547.535274,16547.588274,16548.505274,16550.868274,1,2.99999999999994,0.0299999999999997,7.00000000000003,1,2,66,0.5
749,16552.478778,16551.544774,16551.682774,16552.426774,16553.779774,0,2.99999999999994,0.0299999999999997,5.99999999999996,2,1,65,0.5
750,16599.659274,16598.449273,16598.746774,16599.606774,16601.15727,0,2.99999999999994,0.0299999999999997,5.99999999999996,2,1,65,0.5
751,16602.993277,16601.744274,16602.223274,16602.941269,16607.897272,1,2.99999999999994,0.0299999999999997,7.00000000000003,1,2,66,0.5
752,16609.590275,16608.631774,16608.708774,16609.538274,16616.054274,0,2.99999999999994,0.0299999999999997,5.99999999999996,2,1,65,0.5
753,16617.703776,16616.783774,16616.896774,16617.651274,16620.380774,1,2.99999999999994,0.0299999999999997,7.00000000000003,1,2,66,0.5
754,16622.040774,16621.119774,16621.290774,16622.040774,16626.007768,0,NaN,0,7.00000000000003,1,2,66,0.5
755,16629.871774,16628.853275,16629.167774,16629.871774,16638.070278,0,NaN,0,7.00000000000003,1,2,66,0.5
756,16640.222778,16639.306274,16639.503776,16640.222778,16642.351273,0,NaN,0,7.00000000000003,1,2,66,0.5
757,16647.698774,16646.894774,16647.007774,16647.698774,16653.003774,0,NaN,0,7.00000000000003,1,2,66,0.5
758,16657.343774,16656.716274,16656.744274,16657.343774,16661.315774,0,NaN,0,7.00000000000003,1,2,66,0.5
759,16664.506275,16663.629274,16663.850274,16664.506275,16675.760274,0,NaN,0,7.00000000000003,1,2,66,0.5
760,16689.551774,16688.501274,16688.715773,16689.499274,16693.116774,0,2.99999999999994,0.0299999999999997,5.99999999999996,2,1,65,0.5
761,16696.579774,16695.697274,16695.841274,16696.577774,16701.454274,1,2.99999999999994,0.0299999999999997,7.00000000000003,1,2,66,0.5
762,16703.635274,16702.834274,16702.964274,16703.635274,16706.834774,0,NaN,0,7.00000000000003,1,2,66,0.5
763,16766.274274,16765.376274,16765.474774,16766.274274,16766.514274,0,NaN,0,7.00000000000003,1,2,66,0.5
764,16777.526772,16776.756774,16777.005774,16777.526772,16791.262274,0,NaN,0,7.00000000000003,1,2,66,0.5
765,16792.924774,16791.767274,16792.158274,16792.871778,16796.545774,1,2.99999999999994,0.0299999999999997,7.00000000000003,1,2,66,0.5
766,16798.132774,16797.441275,16797.558274,16798.132774,16821.450274,0,NaN,0,7.00000000000003,1,2,66,0.5
767,16823.239774,16822.495774,16822.645774,16823.239774,16827.125274,0,NaN,0,7.00000000000003,1,2,66,0.5
768,16859.062774,16857.960774,16858.274774,16859.060274,16861.712774,1,2.99999999999994,0.0299999999999997,7.00000000000003,1,2,66,0.5
769,16863.475274,16862.548274,16862.682774,16863.475274,16866.119774,0,NaN,0,7.00000000000003,1,2,66,0.5
770,16870.918774,16869.678274,16870.001774,16870.866274,16875.028274,0,2.99999999999994,0.0299999999999997,5.99999999999996,2,1,65,0.5
771,16876.573774,16875.653776,16876.043274,16876.573774,16877.042774,1,NaN,0,5.99999999999996,2,1,65,0.5
772,16884.558774,16883.878274,16883.909274,16884.558774,16891.180274,0,NaN,0,7.00000000000003,1,2,66,0.5
773,16894.625774,16893.662774,16893.876275,16894.573274,16898.246774,1,2.99999999999994,0.0299999999999997,7.00000000000003,1,2,66,0.5
774,16899.878274,16898.922274,16899.059273,16899.878274,16914.066274,0,NaN,0,7.00000000000003,1,2,66,0.5
775,16916.102774,16915.260274,16915.505274,16916.102774,16917.849774,1,NaN,0,5.99999999999996,2,1,65,0.5
776,16924.590274,16923.714274,16923.839278,16924.587774,16929.875275,0,2.99999999999994,0.0299999999999997,5.99999999999996,2,1,65,0.5
777,16932.395274,16931.237776,16931.533278,16932.343274,16936.592274,1,2.99999999999994,0.0299999999999997,7.00000000000003,1,2,66,0.5
778,16938.311774,16937.422274,16937.505774,16938.311774,16941.308274,0,NaN,0,7.00000000000003,1,2,66,0.5
779,16952.271275,16951.194768,16951.229774,16952.271275,16964.605278,0,NaN,0,7.00000000000003,1,2,66,0.5
780,16968.777274,16967.127774,16967.762774,16968.777274,16973.358273,0,NaN,0,7.00000000000003,1,2,66,0.5
781,16976.100774,16974.973276,16975.205778,16976.100774,16979.384774,0,NaN,0,7.00000000000003,1,2,66,0.5
782,16983.543774,16982.356774,16982.598774,16983.543774,16983.918274,0,NaN,0,7.00000000000003,1,2,66,0.5
783,16993.890774,16992.789274,16993.305774,16993.890774,16995.385774,1,NaN,0,5.99999999999996,2,1,65,0.5
784,17004.917274,17003.710274,17003.983774,17004.864774,17014.382274,0,2.99999999999994,0.0299999999999997,5.99999999999996,2,1,65,0.5
785,17017.599274,17016.562774,17016.587274,17017.546774,17021.086274,1,2.99999999999994,0.0299999999999997,7.00000000000003,1,2,66,0.5
786,17022.829274,17021.873774,17021.956274,17022.826774,17026.443774,0,2.99999999999994,0.0299999999999997,5.99999999999996,2,1,65,0.5
787,17029.561274,17028.566774,17028.924274,17029.561274,17030.434274,1,NaN,0,5.99999999999996,2,1,65,0.5
788,17038.241774,17037.328778,17037.498274,17038.238778,17040.810274,0,2.99999999999994,0.0299999999999997,5.99999999999996,2,1,65,0.5
789,17042.669275,17041.700274,17041.912274,17042.616274,17046.072773,1,2.99999999999994,0.0299999999999997,7.00000000000003,1,2,66,0.5
790,17047.577278,17046.724274,17046.817274,17047.577278,17050.336274,0,NaN,0,7.00000000000003,1,2,66,0.5
791,17251.304274,17250.530774,17250.710774,17251.304274,17252.098774,0,NaN,0,7.00000000000003,1,2,66,0.5
792,17258.695274,17257.644274,17257.863774,17258.695274,17267.533278,1,NaN,0,5.99999999999996,2,1,65,0.5
793,17269.972274,17268.861274,17269.121774,17269.972274,17280.152274,0,NaN,0,7.00000000000003,1,2,66,0.5
794,17283.357274,17282.286274,17282.757274,17283.357274,17290.545774,1,NaN,0,5.99999999999996,2,1,65,0.5
795,17292.611274,17291.194274,17291.670275,17292.558774,17296.340274,1,2.99999999999994,0.0299999999999997,7.00000000000003,1,2,66,0.5
796,17298.308774,17297.154774,17297.450274,17298.255774,17304.877774,0,2.99999999999994,0.0299999999999997,5.99999999999996,2,1,65,0.5
797,17306.734274,17305.960274,17306.113774,17306.734274,17307.217274,1,NaN,0,5.99999999999996,2,1,65,0.5
798,17314.114274,17312.616274,17313.019274,17314.061774,17317.522774,0,2.99999999999994,0.0299999999999997,5.99999999999996,2,1,65,0.5
799,17320.286774,17319.380774,17319.579275,17320.286774,17325.724274,1,NaN,0,5.99999999999996,2,1,65,0.5
800,17327.608274,17326.348274,17326.884274,17327.608274,17350.355274,1,NaN,0,5.99999999999996,2,1,65,0.5
801,17351.795274,17351.105273,17351.263776,17351.795274,17352.423774,1,NaN,0,5.99999999999996,2,1,65,0.5
802,17358.982774,17357.933775,17358.166774,17358.929774,17363.896274,0,2.99999999999994,0.0299999999999997,5.99999999999996,2,1,65,0.5
803,17365.896274,17364.664778,17365.039274,17365.896274,17371.567274,1,NaN,0,5.99999999999996,2,1,65,0.5
804,17372.966274,17372.179774,17372.373275,17372.966274,17376.183774,1,NaN,0,5.99999999999996,2,1,65,0.5
805,17383.353774,17382.456773,17382.755774,17383.353774,17384.552774,0,NaN,0,7.00000000000003,1,2,66,0.5
806,17391.925276,17391.008274,17391.070774,17391.925276,17398.881774,0,NaN,0,7.00000000000003,1,2,66,0.5
807,17401.889774,17400.861274,17401.004778,17401.887274,17405.631774,1,2.99999999999994,0.0299999999999997,7.00000000000003,1,2,66,0.5
808,17407.688274,17406.446274,17406.546774,17407.680774,17412.413774,0,2.99999999999994,0.0299999999999997,5.99999999999996,2,1,65,0.5
809,17414.304778,17413.314778,17413.507774,17414.252274,17418.219274,1,2.99999999999994,0.0299999999999997,7.00000000000003,1,2,66,0.5
810,17419.941274,17419.084274,17419.130774,17419.939274,17425.770774,0,2.99999999999994,0.0299999999999997,5.99999999999996,2,1,65,0.5
811,17427.713774,17426.808773,17426.953774,17427.660774,17431.577774,1,2.99999999999994,0.0299999999999997,7.00000000000003,1,2,66,0.5
812,17433.317274,17432.402774,17432.437774,17433.264774,17438.435274,0,2.99999999999994,0.0299999999999997,5.99999999999996,2,1,65,0.5
813,17440.879774,17439.850774,17440.113274,17440.877274,17448.844274,1,2.99999999999994,0.0299999999999997,7.00000000000003,1,2,66,0.5
814,17451.583274,17450.586779,17450.788274,17451.530774,17458.371774,1,2.99999999999994,0.0299999999999997,7.00000000000003,1,2,66,0.5
815,17460.210274,17459.092274,17459.523774,17460.210274,17462.722274,1,NaN,0,5.99999999999996,2,1,65,0.5
816,17487.631774,17486.584274,17486.678774,17487.631774,17490.431274,0,NaN,0,7.00000000000003,1,2,66,0.5
817,17494.528774,17493.323274,17493.609274,17494.528774,17496.803775,0,NaN,0,7.00000000000003,1,2,66,0.5
818,17505.026277,17504.080274,17504.225274,17505.026277,17505.514274,0,NaN,0,7.00000000000003,1,2,66,0.5
819,17517.370274,17516.370774,17516.741274,17517.317274,17520.712774,1,2.99999999999994,0.0299999999999997,7.00000000000003,1,2,66,0.5
820,17522.641274,17521.602774,17521.672774,17522.641274,17523.144774,0,NaN,0,7.00000000000003,1,2,66,0.5
821,17530.503774,17529.430274,17529.773274,17530.503774,17530.865279,1,NaN,0,5.99999999999996,2,1,65,0.5
822,17550.750274,17549.604774,17549.818774,17550.750274,17568.232274,0,NaN,0,7.00000000000003,1,2,66,0.5
823,17593.487776,17592.450774,17592.681274,17593.487776,17594.026774,0,NaN,0,7.00000000000003,1,2,66,0.5
824,17614.357774,17613.444774,17613.555274,17614.304774,17618.321774,0,2.99999999999994,0.0299999999999997,5.99999999999996,2,1,65,0.5
825,17619.732776,17618.905274,17619.069778,17619.732776,17620.102774,1,NaN,0,5.99999999999996,2,1,65,0.5
826,17627.144774,17626.265775,17626.359274,17627.144774,17632.501274,0,NaN,0,7.00000000000003,1,2,66,0.5
827,17639.513275,17638.466774,17638.679774,17639.511274,17643.461774,1,2.99999999999994,0.0299999999999997,7.00000000000003,1,2,66,0.5
828,17645.060774,17644.245774,17644.292274,17645.060774,17648.359274,0,NaN,0,7.00000000000003,1,2,66,0.5
829,17660.290274,17659.217274,17659.492274,17660.238274,17664.030274,0,2.99999999999994,0.0299999999999997,5.99999999999996,2,1,65,0.5
830,17665.727274,17664.651274,17665.087774,17665.674274,17668.232274,1,2.99999999999994,0.0299999999999997,7.00000000000003,1,2,66,0.5
831,17669.887277,17669.006274,17669.122274,17669.887277,17680.268774,0,NaN,0,7.00000000000003,1,2,66,0.5
832,17686.736774,17685.479274,17686.018774,17686.736774,17687.339274,1,NaN,0,5.99999999999996,2,1,65,0.5
833,17696.453274,17695.604774,17695.803773,17696.453274,17713.043774,1,NaN,0,5.99999999999996,2,1,65,0.5
834,17719.161274,17718.361275,17718.574274,17719.161274,17726.587274,1,NaN,0,5.99999999999996,2,1,65,0.5
835,17734.438774,17733.602274,17733.824274,17734.438774,17734.687275,1,NaN,0,5.99999999999996,2,1,65,0.5
836,17929.126274,17928.098274,17928.222268,17929.073274,17935.696774,0,2.99999999999994,0.0299999999999997,5.99999999999996,2,1,65,0.5
837,17941.301774,17939.643774,17940.568774,17941.301774,17948.868274,0,NaN,0,7.00000000000003,1,2,66,0.5
838,17951.965774,17949.965774,17950.157274,17951.912774,17963.204274,1,2.99999999999994,0.0299999999999997,7.00000000000003,1,2,66,0.5
839,17965.541774,17964.438774,17964.768274,17965.488774,17969.691774,1,2.99999999999994,0.0299999999999997,7.00000000000003,1,2,66,0.5
840,17972.092775,17971.219774,17971.279774,17972.040274,17975.734274,0,2.99999999999994,0.0299999999999997,5.99999999999996,2,1,65,0.5
841,17978.224774,17977.274774,17977.411274,17978.171774,17981.256274,1,2.99999999999994,0.0299999999999997,7.00000000000003,1,2,66,0.5
842,17982.908274,17982.086274,17982.169274,17982.905274,17986.751274,0,2.99999999999994,0.0299999999999997,5.99999999999996,2,1,65,0.5
843,17988.476774,17987.737774,17987.851774,17988.476774,17989.482774,1,NaN,0,5.99999999999996,2,1,65,0.5
844,17997.767274,17996.807274,17996.931278,17997.767274,17997.797274,1,NaN,0,5.99999999999996,2,1,65,0.5
845,18008.870774,18006.548278,18006.754774,18008.818274,18013.733274,0,2.99999999999994,0.0299999999999997,5.99999999999996,2,1,65,0.5
846,18015.775274,18014.872274,18015.234274,18015.775274,18023.730776,1,NaN,0,5.99999999999996,2,1,65,0.5
847,18025.325774,18024.421274,18024.676274,18025.325774,18025.579774,1,NaN,0,5.99999999999996,2,1,65,0.5
848,18034.310774,18033.355775,18033.597274,18034.257274,18041.010774,0,2.99999999999994,0.0299999999999997,5.99999999999996,2,1,65,0.5
849,18043.556274,18042.572774,18042.777778,18043.502774,18046.489274,1,2.99999999999994,0.0299999999999997,7.00000000000003,1,2,66,0.5
850,18047.779274,18047.177274,18047.243774,18047.779274,18048.446778,0,NaN,0,7.00000000000003,1,2,66,0.5
851,18056.119778,18054.671774,18055.381274,18056.113274,18059.911274,0,2.99999999999994,0.0299999999999997,5.99999999999996,2,1,65,0.5
852,18062.310274,18061.633774,18061.771274,18062.257774,18065.699778,1,2.99999999999994,0.0299999999999997,7.00000000000003,1,2,66,0.5
853,18067.354274,18066.679278,18066.752774,18067.354274,18081.248274,0,NaN,0,7.00000000000003,1,2,66,0.5
854,18082.988774,18082.071274,18082.329774,18082.985774,18087.416274,1,2.99999999999994,0.0299999999999997,7.00000000000003,1,2,66,0.5
855,18089.034274,18088.222274,18088.279774,18088.982274,18094.289774,0,2.99999999999994,0.0299999999999997,5.99999999999996,2,1,65,0.5
856,18095.818274,18095.023774,18095.171274,18095.765274,18097.790274,1,2.99999999999994,0.0299999999999997,7.00000000000003,1,2,66,0.5
857,18099.202774,18098.521274,18098.637774,18099.202774,18102.557274,0,NaN,0,7.00000000000003,1,2,66,0.5
858,18107.020774,18106.270277,18106.318774,18107.020774,18121.261274,0,NaN,0,7.00000000000003,1,2,66,0.5
859,18123.035274,18121.874774,18122.327275,18122.982774,18126.091274,1,2.99999999999994,0.0299999999999997,7.00000000000003,1,2,66,0.5
860,18127.659278,18126.851774,18126.951774,18127.657274,18131.733774,0,2.99999999999994,0.0299999999999997,5.99999999999996,2,1,65,0.5
861,18133.341774,18132.344274,18132.725274,18133.289774,18141.749276,1,2.99999999999994,0.0299999999999997,7.00000000000003,1,2,66,0.5
862,18143.524274,18142.632774,18142.789774,18143.471774,18146.419774,0,2.99999999999994,0.0299999999999997,5.99999999999996,2,1,65,0.5
863,18148.049276,18147.134274,18147.350274,18147.996774,18155.845774,1,2.99999999999994,0.0299999999999997,7.00000000000003,1,2,66,0.5
864,18157.785774,18156.868274,18157.115774,18157.783274,18162.925274,1,2.99999999999994,0.0299999999999997,7.00000000000003,1,2,66,0.5
865,18164.847274,18163.878274,18164.063274,18164.847274,18199.651774,0,NaN,0,7.00000000000003,1,2,66,0.5
866,18202.999274,18202.110272,18202.339274,18202.996774,18205.450274,0,2.99999999999994,0.0299999999999997,5.99999999999996,2,1,65,0.5
867,18207.074774,18205.988274,18206.436774,18207.022274,18212.315274,1,2.99999999999994,0.0299999999999997,7.00000000000003,1,2,66,0.5
868,18213.908274,18213.052278,18213.140274,18213.855274,18219.627774,0,2.99999999999994,0.0299999999999997,5.99999999999996,2,1,65,0.5
869,18221.437274,18220.420774,18220.826274,18221.384774,18229.856774,1,2.99999999999994,0.0299999999999997,7.00000000000003,1,2,66,0.5
870,18231.524274,18230.522774,18230.694274,18231.471774,18236.435774,1,2.99999999999994,0.0299999999999997,7.00000000000003,1,2,66,0.5
871,18237.789274,18237.152278,18237.196274,18237.789274,18241.518274,0,NaN,0,7.00000000000003,1,2,66,0.5
872,18245.516273,18244.511274,18244.628774,18245.463274,18252.992774,0,2.99999999999994,0.0299999999999997,5.99999999999996,2,1,65,0.5
873,18254.955274,18254.049274,18254.183774,18254.955274,18259.573778,1,NaN,0,5.99999999999996,2,1,65,0.5
874,18268.320774,18267.154274,18267.373774,18268.267774,18273.930274,0,2.99999999999994,0.0299999999999997,5.99999999999996,2,1,65,0.5
875,18275.562274,18274.645274,18274.840774,18275.509274,18279.173274,1,2.99999999999994,0.0299999999999997,7.00000000000003,1,2,66,0.5
876,18281.050774,18280.116274,18280.170274,18280.997774,18285.264278,0,2.99999999999994,0.0299999999999997,5.99999999999996,2,1,65,0.5
877,18286.751274,18285.921274,18286.121774,18286.698774,18290.531774,1,2.99999999999994,0.0299999999999997,7.00000000000003,1,2,66,0.5
878,18291.927776,18291.254274,18291.303774,18291.927776,18300.278774,0,NaN,0,7.00000000000003,1,2,66,0.5
879,18301.942775,18300.957274,18301.351274,18301.890274,18306.367274,1,2.99999999999994,0.0299999999999997,7.00000000000003,1,2,66,0.5
880,18307.771774,18306.970774,18307.066274,18307.719274,18312.251274,0,2.99999999999994,0.0299999999999997,5.99999999999996,2,1,65,0.5
881,18314.086274,18313.054774,18313.359274,18314.086274,18314.450273,1,NaN,0,5.99999999999996,2,1,65,0.5
882,18328.707274,18327.746774,18327.792274,18328.653774,18333.965774,0,2.99999999999994,0.0299999999999997,5.99999999999996,2,1,65,0.5
883,18336.777274,18335.855275,18336.055774,18336.777274,18337.414774,1,NaN,0,5.99999999999996,2,1,65,0.5
884,18540.743774,18539.704274,18539.834274,18540.690774,18546.677274,0,2.99999999999994,0.0299999999999997,5.99999999999996,2,1,65,0.5
885,18549.221774,18548.590274,18548.613274,18549.221774,18558.763774,1,NaN,0,5.99999999999996,2,1,65,0.5
886,18560.704774,18559.717774,18559.999774,18560.704774,18561.068274,1,NaN,0,5.99999999999996,2,1,65,0.5
887,18569.000774,18567.794274,18568.132774,18569.000774,18569.720274,1,NaN,0,5.99999999999996,2,1,65,0.5
888,18608.624774,18607.683274,18607.880774,18608.624774,18609.015774,0,NaN,0,7.00000000000003,1,2,66,0.5
889,18620.025275,18618.765274,18619.057274,18619.972274,18625.860774,0,2.99999999999994,0.0299999999999997,5.99999999999996,2,1,65,0.5
890,18627.773774,18626.451774,18626.644275,18627.771274,18636.911778,1,2.99999999999994,0.0299999999999997,7.00000000000003,1,2,66,0.5
891,18638.461274,18637.689774,18637.871274,18638.461274,18638.888274,1,NaN,0,5.99999999999996,2,1,65,0.5
892,18646.388274,18645.478774,18645.577774,18646.335274,18651.303774,0,2.99999999999994,0.0299999999999997,5.99999999999996,2,1,65,0.5
893,18652.879274,18651.975274,18652.313774,18652.879274,18653.547774,0,NaN,0,7.00000000000003,1,2,66,0.5
894,18659.886774,18659.210774,18659.390774,18659.886774,18661.529771,0,NaN,0,7.00000000000003,1,2,66,0.5
895,18669.893274,18668.825274,18669.278774,18669.840274,18673.193774,1,2.99999999999994,0.0299999999999997,7.00000000000003,1,2,66,0.5
896,18674.634774,18673.816774,18673.961274,18674.581774,18678.162274,0,2.99999999999994,0.0299999999999997,5.99999999999996,2,1,65,0.5
897,18679.556774,18678.758274,18678.939774,18679.556774,18679.777274,1,NaN,0,5.99999999999996,2,1,65,0.5
898,18687.086774,18686.117774,18686.236776,18687.034274,18690.612774,0,2.99999999999994,0.0299999999999997,5.99999999999996,2,1,65,0.5
899,18691.810774,18691.190774,18691.316277,18691.810774,18700.208274,1,NaN,0,5.99999999999996,2,1,65,0.5
900,18701.485274,18700.715274,18700.995774,18701.485274,18702.071274,1,NaN,0,5.99999999999996,2,1,65,0.5
901,18712.089274,18710.962274,18711.380274,18712.036275,18716.700274,1,2.99999999999994,0.0299999999999997,7.00000000000003,1,2,66,0.5
902,18718.220274,18717.442774,18717.524274,18718.167274,18722.347774,0,2.99999999999994,0.0299999999999997,5.99999999999996,2,1,65,0.5
903,18723.992274,18723.022774,18723.243274,18723.939774,18727.040274,1,2.99999999999994,0.0299999999999997,7.00000000000003,1,2,66,0.5
904,18728.628774,18727.940274,18728.054274,18728.620274,18733.224774,0,2.99999999999994,0.0299999999999997,5.99999999999996,2,1,65,0.5
905,18734.861775,18733.907274,18734.218774,18734.861775,18749.680774,1,NaN,0,5.99999999999996,2,1,65,0.5
906,18750.913774,18750.199774,18750.415274,18750.913774,18764.928774,1,NaN,0,5.99999999999996,2,1,65,0.5
907,18773.580774,18772.543774,18772.774274,18773.580774,18808.526268,0,NaN,0,7.00000000000003,1,2,66,0.5
908,18815.840774,18815.033774,18815.288774,18815.840774,18816.265278,1,NaN,0,5.99999999999996,2,1,65,0.5
909,18832.167274,18831.220774,18831.291274,18832.164774,18836.292274,0,2.99999999999994,0.0299999999999997,5.99999999999996,2,1,65,0.5
910,18839.328274,18838.435774,18838.640274,18839.275274,18842.553273,1,2.99999999999994,0.0299999999999997,7.00000000000003,1,2,66,0.5
911,18844.061774,18843.095774,18843.125274,18844.009773,18848.327274,0,2.99999999999994,0.0299999999999997,5.99999999999996,2,1,65,0.5
912,18850.491278,18849.613774,18849.794274,18850.488774,18853.697774,1,2.99999999999994,0.0299999999999997,7.00000000000003,1,2,66,0.5
913,18854.939274,18854.315278,18854.347776,18854.909776,18858.121774,0,2.99999999999994,0.0299999999999997,5.99999999999996,2,1,65,0.5
914,18859.895274,18858.980274,18859.198275,18859.842274,18863.084774,1,2.99999999999994,0.0299999999999997,7.00000000000003,1,2,66,0.5
915,18864.560274,18863.738273,18863.871274,18864.531774,18866.830274,0,2.99999999999994,0.0299999999999997,5.99999999999996,2,1,65,0.5
916,18868.691274,18867.835774,18868.062774,18868.637774,18871.643274,1,2.99999999999994,0.0299999999999997,7.00000000000003,1,2,66,0.5
917,18872.930774,18872.307774,18872.356275,18872.914774,18876.640274,0,2.99999999999994,0.0299999999999997,5.99999999999996,2,1,65,0.5
918,18878.689774,18877.793274,18877.983274,18878.687274,18882.908274,1,2.99999999999994,0.0299999999999997,7.00000000000003,1,2,66,0.5
919,18884.862774,18883.855774,18883.937774,18884.810274,18889.394274,0,2.99999999999994,0.0299999999999997,5.99999999999996,2,1,65,0.5
920,18891.449274,18890.593774,18890.782274,18891.449274,18892.387274,1,NaN,0,5.99999999999996,2,1,65,0.5
921,18898.859274,18897.925274,18898.069275,18898.807274,18904.111774,0,2.99999999999994,0.0299999999999997,5.99999999999996,2,1,65,0.5
922,18905.680774,18904.853274,18905.109274,18905.680774,18914.502774,1,NaN,0,5.99999999999996,2,1,65,0.5
923,18917.437774,18916.573774,18916.883774,18917.437774,18918.068274,1,NaN,0,5.99999999999996,2,1,65,0.5
924,18924.827774,18923.918275,18924.175774,18924.827774,18927.147275,1,NaN,0,5.99999999999996,2,1,65,0.5
925,19161.608775,19160.854774,19161.062774,19161.608775,19162.156274,1,NaN,0,5.99999999999996,2,1,65,0.5
926,19168.977774,19168.175274,19168.243274,19168.977774,19177.745776,0,NaN,0,7.00000000000003,1,2,66,0.5
927,19180.599274,19179.434275,19179.796774,19180.597274,19184.149775,1,2.99999999999994,0.0299999999999997,7.00000000000003,1,2,66,0.5
928,19185.737774,19184.853274,19184.981774,19185.684276,19191.706774,0,2.99999999999994,0.0299999999999997,5.99999999999996,2,1,65,0.5
929,19194.000268,19193.163274,19193.301778,19194.000268,19201.501774,1,NaN,0,5.99999999999996,2,1,65,0.5
930,19203.404274,19202.248774,19202.581774,19203.350774,19207.348274,1,2.99999999999994,0.0299999999999997,7.00000000000003,1,2,66,0.5
931,19211.453774,19208.073774,19208.115274,19211.453774,19211.802774,0,NaN,0,7.00000000000003,1,2,66,0.5
932,19299.446274,19298.165274,19298.548274,19299.446274,19311.322774,1,NaN,0,5.99999999999996,2,1,65,0.5
933,19315.625274,19314.623778,19314.760774,19315.572274,19319.017274,1,2.99999999999994,0.0299999999999997,7.00000000000003,1,2,66,0.5
934,19324.912774,19323.518274,19323.704774,19324.860276,19328.897274,0,2.99999999999994,0.0299999999999997,5.99999999999996,2,1,65,0.5
935,19333.515774,19332.364274,19332.601274,19333.462774,19336.688274,1,2.99999999999994,0.0299999999999997,7.00000000000003,1,2,66,0.5
936,19338.649774,19337.689275,19337.749274,19338.597274,19341.871774,0,2.99999999999994,0.0299999999999997,5.99999999999996,2,1,65,0.5
937,19346.629774,19345.312274,19345.925273,19346.629774,NaN,1,NaN,0,5.99999999999996,2,1,65,0.5
