trial,outcome,center_in,center_out,side_in,last_side_out,actions,reward,trial_types,odors,port_side,schedule,odor_name,odor_dur
1,120.755025,119.959692,120.035025,120.701691,130.571015,0,2.99999999999994,0.0299999999999997,5.99999999999996,2,1,65,0.5
2,132.086347,131.461681,131.622347,132.060347,141.321671,0,2.99999999999994,0.0299999999999997,5.99999999999996,2,1,65,0.5
3,142.940336,141.798337,142.03167,142.940336,148.759663,1,NaN,0,5.99999999999996,2,1,65,0.5
4,150.994994,150.292328,150.651661,150.994994,154.971657,1,NaN,0,5.99999999999996,2,1,65,0.5
5,160.724318,157.028322,157.235655,160.721651,184.814294,0,2.99999999999994,0.0299999999999997,5.99999999999996,2,1,65,0.5
6,186.568959,185.291627,186.090959,186.568959,211.8176,0,NaN,0,7.00000000000003,1,2,66,0.5
7,215.826263,214.947597,215.35693,215.77293,221.227591,1,2.99999999999994,0.0299999999999997,7.00000000000003,1,2,66,0.5
8,223.275589,222.358923,222.788256,223.275589,236.726242,0,NaN,0,7.00000000000003,1,2,66,0.5
9,241.976237,241.214904,241.576904,241.976237,246.992232,1,NaN,0,5.99999999999996,2,1,65,0.5
10,248.949563,247.550898,248.309564,248.946896,252.539559,1,2.99999999999994,0.0299999999999997,7.00000000000003,1,2,66,0.5
11,254.012891,253.138225,253.548225,253.959558,263.374215,0,2.99999999999994,0.0299999999999997,5.99999999999996,2,1,65,0.5
12,264.89288,263.874215,264.432214,264.839547,280.146865,1,2.99999999999994,0.0299999999999997,7.00000000000003,1,2,66,0.5
13,281.181531,280.504865,280.844864,281.181531,285.531526,1,NaN,0,5.99999999999996,2,1,65,0.5
14,290.485521,289.476856,290.094855,290.485521,296.398182,1,NaN,0,5.99999999999996,2,1,65,0.5
15,302.860842,301.974177,302.458176,302.807509,305.26284,0,2.99999999999994,0.0299999999999997,5.99999999999996,2,1,65,0.5
16,312.2075,310.980834,311.592834,312.154166,315.448163,1,2.99999999999994,0.0299999999999997,7.00000000000003,1,2,66,0.5
17,316.806162,315.912163,316.371496,316.752829,326.598819,0,2.99999999999994,0.0299999999999997,5.99999999999996,2,1,65,0.5
18,328.067484,327.092152,327.612818,328.014151,332.042147,1,2.99999999999994,0.0299999999999997,7.00000000000003,1,2,66,0.5
19,333.803478,332.747479,333.323484,333.750145,335.328143,1,2.99999999999994,0.0299999999999997,7.00000000000003,1,2,66,0.5
20,336.858808,335.766143,336.410142,336.805475,340.264805,0,2.99999999999994,0.0299999999999997,5.99999999999996,2,1,65,0.5
21,341.912137,341.044138,341.47547,341.858803,345.512133,0,2.99999999999994,0.0299999999999997,5.99999999999996,2,1,65,0.5
22,346.716132,345.991466,346.317466,346.663465,350.496795,0,2.99999999999994,0.0299999999999997,5.99999999999996,2,1,65,0.5
23,352.054127,351.028794,351.54546,352.036793,356.348122,1,2.99999999999994,0.0299999999999997,7.00000000000003,1,2,66,0.5
24,357.784788,356.880122,357.285455,357.731454,360.554785,0,2.99999999999994,0.0299999999999997,5.99999999999996,2,1,65,0.5
25,361.808117,361.102118,361.386784,361.754784,367.328778,0,2.99999999999994,0.0299999999999997,5.99999999999996,2,1,65,0.5
26,368.931443,367.696111,368.37811,368.928776,372.396106,1,2.99999999999994,0.0299999999999997,7.00000000000003,1,2,66,0.5
27,373.915438,372.876106,373.376772,373.862105,376.606769,1,2.99999999999994,0.0299999999999997,7.00000000000003,1,2,66,0.5
28,377.977434,377.028768,377.468101,377.924767,382.834762,0,2.99999999999994,0.0299999999999997,5.99999999999996,2,1,65,0.5
29,384.190094,383.457429,383.740762,384.136761,388.100757,0,2.99999999999994,0.0299999999999997,5.99999999999996,2,1,65,0.5
30,389.768089,388.580757,389.135423,389.768089,395.60875,0,NaN,0,7.00000000000003,1,2,66,0.5
31,397.269415,396.228749,396.732082,397.216081,400.498078,1,2.99999999999994,0.0299999999999997,7.00000000000003,1,2,66,0.5
32,401.696744,400.914744,401.262744,401.64341,404.834074,0,2.99999999999994,0.0299999999999997,5.99999999999996,2,1,65,0.5
33,406.926738,406.077406,406.488739,406.926738,412.784066,0,NaN,0,7.00000000000003,1,2,66,0.5
34,416.503395,415.59473,415.952063,416.500729,419.582059,0,2.99999999999994,0.0299999999999997,5.99999999999996,2,1,65,0.5
35,421.442724,420.560725,420.968058,421.440057,425.36472,1,2.99999999999994,0.0299999999999997,7.00000000000003,1,2,66,0.5
36,426.961385,426.000719,426.478052,426.958718,429.387383,1,2.99999999999994,0.0299999999999997,7.00000000000003,1,2,66,0.5
37,430.714715,429.728049,430.176715,430.712048,434.93071,1,2.99999999999994,0.0299999999999997,7.00000000000003,1,2,66,0.5
38,436.269376,435.321377,435.757376,436.266709,438.571373,1,2.99999999999994,0.0299999999999997,7.00000000000003,1,2,66,0.5
39,439.818039,438.958706,439.292706,439.764706,442.848702,0,2.99999999999994,0.0299999999999997,5.99999999999996,2,1,65,0.5
40,443.937368,443.312702,443.540702,443.902035,446.638032,0,2.99999999999994,0.0299999999999997,5.99999999999996,2,1,65,0.5
41,447.758698,447.186698,447.376698,447.705364,449.973362,0,2.99999999999994,0.0299999999999997,5.99999999999996,2,1,65,0.5
42,452.244693,451.48336,451.704027,452.242026,462.212683,1,2.99999999999994,0.0299999999999997,7.00000000000003,1,2,66,0.5
43,465.46068,464.564681,465.013347,465.458013,469.912675,1,2.99999999999994,0.0299999999999997,7.00000000000003,1,2,66,0.5
44,471.180007,470.442008,470.790008,471.126674,474.492671,1,2.99999999999994,0.0299999999999997,7.00000000000003,1,2,66,0.5
45,475.601336,474.868671,475.097337,475.548003,478.138667,0,2.99999999999994,0.0299999999999997,5.99999999999996,2,1,65,0.5
46,479.222666,478.674667,478.868666,479.169333,481.99533,0,2.99999999999994,0.0299999999999997,5.99999999999996,2,1,65,0.5
47,483.107329,482.572663,482.726663,483.107329,488.316657,0,NaN,0,7.00000000000003,1,2,66,0.5
48,491.533987,490.658655,491.054654,491.480654,495.21065,1,2.99999999999994,0.0299999999999997,7.00000000000003,1,2,66,0.5
49,496.340649,495.65265,495.857983,496.287316,498.59198,0,2.99999999999994,0.0299999999999997,5.99999999999996,2,1,65,0.5
50,499.702646,499.187313,499.378646,499.649312,501.944643,0,2.99999999999994,0.0299999999999997,5.99999999999996,2,1,65,0.5
51,503.405975,502.496643,502.927309,503.403309,505.611306,1,2.99999999999994,0.0299999999999997,7.00000000000003,1,2,66,0.5
52,507.333971,506.511972,506.793305,507.333971,521.256624,0,NaN,0,7.00000000000003,1,2,66,0.5
53,522.665956,521.750624,522.179956,522.663289,526.311952,1,2.99999999999994,0.0299999999999997,7.00000000000003,1,2,66,0.5
54,527.538618,526.699285,527.096619,527.535951,530.443282,1,2.99999999999994,0.0299999999999997,7.00000000000003,1,2,66,0.5
55,531.547947,530.809281,531.129281,531.494614,533.926611,0,2.99999999999994,0.0299999999999997,5.99999999999996,2,1,65,0.5
56,535.011944,534.436611,534.656611,534.95861,537.215941,0,2.99999999999994,0.0299999999999997,5.99999999999996,2,1,65,0.5
57,539.600606,538.59794,539.003273,539.547272,542.05127,1,2.99999999999994,0.0299999999999997,7.00000000000003,1,2,66,0.5
58,543.287935,542.459936,542.836602,543.234602,545.361267,1,2.99999999999994,0.0299999999999997,7.00000000000003,1,2,66,0.5
59,546.517932,545.7206,546.077266,546.515265,548.896596,0,2.99999999999994,0.0299999999999997,5.99999999999996,2,1,65,0.5
60,550.078595,549.489929,549.706596,550.025262,552.034593,0,2.99999999999994,0.0299999999999997,5.99999999999996,2,1,65,0.5
61,553.462592,552.623926,553.037926,553.409259,556.119922,1,2.99999999999994,0.0299999999999997,7.00000000000003,1,2,66,0.5
62,557.384588,556.509255,556.947255,557.369921,559.596586,1,2.99999999999994,0.0299999999999997,7.00000000000003,1,2,66,0.5
63,560.694585,559.929919,560.270585,560.641251,564.001248,0,2.99999999999994,0.0299999999999997,5.99999999999996,2,1,65,0.5
64,565.41658,564.490581,564.921247,565.413914,568.233244,1,2.99999999999994,0.0299999999999997,7.00000000000003,1,2,66,0.5
65,569.321243,568.59791,568.872576,569.318576,571.363907,0,2.99999999999994,0.0299999999999997,5.99999999999996,2,1,65,0.5
66,572.777906,571.866573,572.33724,572.777906,578.860566,0,NaN,0,7.00000000000003,1,2,66,0.5
67,581.449231,580.406565,580.871898,581.395897,583.508562,1,2.99999999999994,0.0299999999999997,7.00000000000003,1,2,66,0.5
68,584.577227,583.871895,584.177894,584.523894,586.723892,0,2.99999999999994,0.0299999999999997,5.99999999999996,2,1,65,0.5
69,587.826557,587.232558,587.464558,587.773224,589.922555,0,2.99999999999994,0.0299999999999997,5.99999999999996,2,1,65,0.5
70,591.069888,590.493221,590.699221,591.016554,594.296551,0,2.99999999999994,0.0299999999999997,5.99999999999996,2,1,65,0.5
71,595.71255,594.823217,595.23255,595.659216,597.877881,1,2.99999999999994,0.0299999999999997,7.00000000000003,1,2,66,0.5
72,598.93388,598.22388,598.480547,598.880546,601.331877,0,2.99999999999994,0.0299999999999997,5.99999999999996,2,1,65,0.5
73,602.745209,601.79121,602.29121,602.691876,604.927874,1,2.99999999999994,0.0299999999999997,7.00000000000003,1,2,66,0.5
74,606.025873,605.28854,605.635873,606.023206,608.027204,1,2.99999999999994,0.0299999999999997,7.00000000000003,1,2,66,0.5
75,609.046536,608.33587,608.607203,608.993203,611.049201,0,2.99999999999994,0.0299999999999997,5.99999999999996,2,1,65,0.5
76,612.686533,611.9492,612.2712,612.633199,615.195863,1,2.99999999999994,0.0299999999999997,7.00000000000003,1,2,66,0.5
77,616.299196,615.533196,615.853196,616.245862,618.935193,1,2.99999999999994,0.0299999999999997,7.00000000000003,1,2,66,0.5
78,620.020525,619.241859,619.555192,620.017859,622.157856,1,2.99999999999994,0.0299999999999997,7.00000000000003,1,2,66,0.5
79,623.269189,622.497856,622.762523,623.216522,633.221845,0,2.99999999999994,0.0299999999999997,5.99999999999996,2,1,65,0.5
80,634.497844,633.873178,634.072511,634.480511,643.885168,0,2.99999999999994,0.0299999999999997,5.99999999999996,2,1,65,0.5
81,645.6685,644.801167,645.215167,645.615166,647.497164,1,2.99999999999994,0.0299999999999997,7.00000000000003,1,2,66,0.5
82,650.064495,649.259829,649.589829,650.061829,652.487159,1,2.99999999999994,0.0299999999999997,7.00000000000003,1,2,66,0.5
83,653.505825,652.890492,653.116492,653.505825,658.117821,1,NaN,0,5.99999999999996,2,1,65,0.5
84,660.531818,659.507152,660.036485,660.529151,670.603808,1,2.99999999999994,0.0299999999999997,7.00000000000003,1,2,66,0.5
85,671.941807,671.317141,671.545807,671.892473,674.405138,0,2.99999999999994,0.0299999999999997,5.99999999999996,2,1,65,0.5
86,675.65647,675.031137,675.28047,675.653803,677.768468,0,2.99999999999994,0.0299999999999997,5.99999999999996,2,1,65,0.5
87,678.9058,678.367134,678.5638,678.852467,681.450464,0,2.99999999999994,0.0299999999999997,5.99999999999996,2,1,65,0.5
88,682.933796,682.18713,682.439796,682.880462,685.079794,1,2.99999999999994,0.0299999999999997,7.00000000000003,1,2,66,0.5
89,686.186459,685.417793,685.691126,686.133126,688.197124,0,2.99999999999994,0.0299999999999997,5.99999999999996,2,1,65,0.5
90,689.232456,688.649123,688.829123,689.179123,692.43712,0,2.99999999999994,0.0299999999999997,5.99999999999996,2,1,65,0.5
91,693.640452,692.743119,693.159119,693.637785,695.653783,1,2.99999999999994,0.0299999999999997,7.00000000000003,1,2,66,0.5
92,696.800448,695.987783,696.375782,696.747115,698.79978,1,2.99999999999994,0.0299999999999997,7.00000000000003,1,2,66,0.5
93,699.813779,699.128446,699.433113,699.760446,703.086442,0,2.99999999999994,0.0299999999999997,5.99999999999996,2,1,65,0.5
94,704.255774,703.517775,703.756442,704.202441,706.210439,0,2.99999999999994,0.0299999999999997,5.99999999999996,2,1,65,0.5
95,707.989104,707.095105,707.542438,707.935771,710.519101,1,2.99999999999994,0.0299999999999997,7.00000000000003,1,2,66,0.5
96,711.672434,710.870434,711.243767,711.6191,713.339099,1,2.99999999999994,0.0299999999999997,7.00000000000003,1,2,66,0.5
97,714.739764,713.655098,713.891098,714.686431,716.903762,0,2.99999999999994,0.0299999999999997,5.99999999999996,2,1,65,0.5
98,718.150427,717.476428,717.713094,718.14776,719.999759,0,2.99999999999994,0.0299999999999997,5.99999999999996,2,1,65,0.5
99,722.04509,721.331091,721.63709,721.991757,723.439755,1,2.99999999999994,0.0299999999999997,7.00000000000003,1,2,66,0.5
100,724.475754,723.723088,724.057088,724.457754,728.174417,1,2.99999999999994,0.0299999999999997,7.00000000000003,1,2,66,0.5
101,729.341083,728.56775,728.880416,729.287749,731.339081,1,2.99999999999994,0.0299999999999997,7.00000000000003,1,2,66,0.5
102,732.248413,731.623747,731.867747,732.202413,734.947077,0,2.99999999999994,0.0299999999999997,5.99999999999996,2,1,65,0.5
103,736.141743,735.483076,735.68441,736.139076,738.119741,0,2.99999999999994,0.0299999999999997,5.99999999999996,2,1,65,0.5
104,739.145073,738.56574,738.744407,739.145073,743.305735,0,NaN,0,7.00000000000003,1,2,66,0.5
105,746.567732,745.5724,745.985066,746.514399,747.604398,1,2.99999999999994,0.0299999999999997,7.00000000000003,1,2,66,0.5
106,748.683063,747.906397,748.237064,748.62973,750.587728,0,2.99999999999994,0.0299999999999997,5.99999999999996,2,1,65,0.5
107,752.770393,751.852393,752.327726,752.717059,754.551057,1,2.99999999999994,0.0299999999999997,7.00000000000003,1,2,66,0.5
108,755.68239,754.877057,755.317723,755.679723,757.890387,1,2.99999999999994,0.0299999999999997,7.00000000000003,1,2,66,0.5
109,758.949053,758.178387,758.579053,758.89572,760.915718,1,2.99999999999994,0.0299999999999997,7.00000000000003,1,2,66,0.5
110,761.911717,761.235051,761.48505,761.858383,764.027048,0,2.99999999999994,0.0299999999999997,5.99999999999996,2,1,65,0.5
111,765.12838,764.503714,764.737714,765.111047,766.817712,0,2.99999999999994,0.0299999999999997,5.99999999999996,2,1,65,0.5
112,768.58571,767.842377,768.164377,768.532377,775.589703,1,2.99999999999994,0.0299999999999997,7.00000000000003,1,2,66,0.5
113,776.686369,775.922369,776.169036,776.633035,781.072364,0,2.99999999999994,0.0299999999999997,5.99999999999996,2,1,65,0.5
114,782.38303,781.67103,781.92103,782.329696,785.373693,0,2.99999999999994,0.0299999999999997,5.99999999999996,2,1,65,0.5
115,790.142355,789.192356,789.615689,790.139689,792.618353,1,2.99999999999994,0.0299999999999997,7.00000000000003,1,2,66,0.5
116,793.652352,792.883686,793.250352,793.599018,795.515016,1,2.99999999999994,0.0299999999999997,7.00000000000003,1,2,66,0.5
117,796.597015,795.813683,796.193016,796.543682,798.873013,1,2.99999999999994,0.0299999999999997,7.00000000000003,1,2,66,0.5
118,800.017012,799.241679,799.520346,799.963679,802.989009,0,2.99999999999994,0.0299999999999997,5.99999999999996,2,1,65,0.5
119,804.074341,803.349675,803.690342,804.021008,805.971006,1,2.99999999999994,0.0299999999999997,7.00000000000003,1,2,66,0.5
120,806.985672,806.287672,806.597672,806.932338,808.995003,1,2.99999999999994,0.0299999999999997,7.00000000000003,1,2,66,0.5
121,810.032335,809.291003,809.646336,809.979002,812.420333,1,2.99999999999994,0.0299999999999997,7.00000000000003,1,2,66,0.5
122,813.489665,812.736333,813.008999,813.436332,815.334997,0,2.99999999999994,0.0299999999999997,5.99999999999996,2,1,65,0.5
123,816.434329,815.833663,816.043663,816.380996,818.054327,0,2.99999999999994,0.0299999999999997,5.99999999999996,2,1,65,0.5
124,819.042993,818.426994,818.63966,819.042993,827.451651,0,NaN,0,7.00000000000003,1,2,66,0.5
125,828.59365,827.894317,828.164984,828.59365,837.142975,1,NaN,0,5.99999999999996,2,1,65,0.5
126,838.59164,837.566308,838.136974,838.588973,840.448972,1,2.99999999999994,0.0299999999999997,7.00000000000003,1,2,66,0.5
127,841.604304,840.809638,841.114971,841.551637,843.579635,0,2.99999999999994,0.0299999999999997,5.99999999999996,2,1,65,0.5
128,844.633634,844.065635,844.278301,844.580301,846.444965,0,2.99999999999994,0.0299999999999997,5.99999999999996,2,1,65,0.5
129,848.346297,847.589631,847.889631,848.34363,858.14562,1,2.99999999999994,0.0299999999999997,7.00000000000003,1,2,66,0.5
130,859.386953,858.478287,858.882953,859.384286,862.399616,1,2.99999999999994,0.0299999999999997,7.00000000000003,1,2,66,0.5
131,863.378282,862.753616,863.058949,863.359615,865.811613,1,2.99999999999994,0.0299999999999997,7.00000000000003,1,2,66,0.5
132,866.866945,866.164279,866.428946,866.814278,868.92961,0,2.99999999999994,0.0299999999999997,5.99999999999996,2,1,65,0.5
133,870.309608,869.622942,869.862275,870.256275,872.484273,0,2.99999999999994,0.0299999999999997,5.99999999999996,2,1,65,0.5
134,873.498938,872.968939,873.168272,873.446272,877.271601,0,2.99999999999994,0.0299999999999997,5.99999999999996,2,1,65,0.5
135,879.224266,878.350934,878.700267,879.221599,881.084931,1,2.99999999999994,0.0299999999999997,7.00000000000003,1,2,66,0.5
136,882.003597,881.378931,881.626264,881.968263,883.968261,0,2.99999999999994,0.0299999999999997,5.99999999999996,2,1,65,0.5
137,885.037594,884.455594,884.661594,884.98426,887.950924,0,2.99999999999994,0.0299999999999997,5.99999999999996,2,1,65,0.5
138,888.94359,888.32359,888.55759,888.940923,890.229588,0,2.99999999999994,0.0299999999999997,5.99999999999996,2,1,65,0.5
139,891.784254,890.840254,891.351587,891.73092,893.578252,1,2.99999999999994,0.0299999999999997,7.00000000000003,1,2,66,0.5
140,895.22025,894.561584,894.741584,895.166917,897.130248,0,2.99999999999994,0.0299999999999997,5.99999999999996,2,1,65,0.5
141,898.592247,897.865581,898.110247,898.58958,901.44691,0,2.99999999999994,0.0299999999999997,5.99999999999996,2,1,65,0.5
142,902.902909,901.948243,902.453576,902.849576,905.231573,1,2.99999999999994,0.0299999999999997,7.00000000000003,1,2,66,0.5
143,906.344906,905.55824,905.906239,906.342239,908.266237,1,2.99999999999994,0.0299999999999997,7.00000000000003,1,2,66,0.5
144,909.273569,908.584904,908.80357,909.220236,911.784234,0,2.99999999999994,0.0299999999999997,5.99999999999996,2,1,65,0.5
145,912.796233,912.171566,912.353566,912.765566,915.339563,0,2.99999999999994,0.0299999999999997,5.99999999999996,2,1,65,0.5
146,916.714896,915.848896,916.246896,916.712229,919.411559,1,2.99999999999994,0.0299999999999997,7.00000000000003,1,2,66,0.5
147,920.430892,919.754892,920.060225,920.377558,922.250223,1,2.99999999999994,0.0299999999999997,7.00000000000003,1,2,66,0.5
148,923.182889,922.558223,922.796889,923.160222,924.944887,0,2.99999999999994,0.0299999999999997,5.99999999999996,2,1,65,0.5
149,926.156219,925.531553,925.736886,926.126886,928.24755,0,2.99999999999994,0.0299999999999997,5.99999999999996,2,1,65,0.5
150,929.353549,928.728883,928.912216,929.324216,931.65888,0,2.99999999999994,0.0299999999999997,5.99999999999996,2,1,65,0.5
151,932.864212,932.072213,932.273546,932.810879,934.856877,1,2.99999999999994,0.0299999999999997,7.00000000000003,1,2,66,0.5
152,935.910209,935.20021,935.435543,935.856876,937.832874,0,2.99999999999994,0.0299999999999997,5.99999999999996,2,1,65,0.5
153,939.816205,939.050873,939.388206,939.762872,941.378871,1,2.99999999999994,0.0299999999999997,7.00000000000003,1,2,66,0.5
154,942.324203,941.699537,941.946203,942.303536,944.512201,0,2.99999999999994,0.0299999999999997,5.99999999999996,2,1,65,0.5
155,948.36953,947.463531,947.866864,948.316197,950.018862,1,2.99999999999994,0.0299999999999997,7.00000000000003,1,2,66,0.5
156,950.966861,950.342195,950.565528,950.952194,952.866859,0,2.99999999999994,0.0299999999999997,5.99999999999996,2,1,65,0.5
157,954.632191,954.007525,954.311524,954.622191,956.782188,1,2.99999999999994,0.0299999999999997,7.00000000000003,1,2,66,0.5
158,957.769521,957.134855,957.322188,957.769521,974.892837,0,NaN,0,7.00000000000003,1,2,66,0.5
159,976.298836,975.29217,975.703503,976.296169,978.032167,1,2.99999999999994,0.0299999999999997,7.00000000000003,1,2,66,0.5
160,979.380833,978.428834,978.724833,979.378166,982.01083,0,2.99999999999994,0.0299999999999997,5.99999999999996,2,1,65,0.5
161,983.701495,982.842162,983.271495,983.648162,985.947493,1,2.99999999999994,0.0299999999999997,7.00000000000003,1,2,66,0.5
162,986.916158,986.291492,986.512159,986.888158,990.338155,0,2.99999999999994,0.0299999999999997,5.99999999999996,2,1,65,0.5
163,992.571486,991.857487,992.09682,992.518153,994.79415,0,2.99999999999994,0.0299999999999997,5.99999999999996,2,1,65,0.5
164,1001.323477,1000.436812,1000.803478,1001.320811,1003.080809,1,2.99999999999994,0.0299999999999997,7.00000000000003,1,2,66,0.5
165,1004.164808,1003.401475,1003.652808,1004.111475,1006.134139,1,2.99999999999994,0.0299999999999997,7.00000000000003,1,2,66,0.5
166,1007.160805,1006.467472,1006.761472,1007.107472,1009.360136,1,2.99999999999994,0.0299999999999997,7.00000000000003,1,2,66,0.5
167,1011.261467,1010.536135,1010.734135,1011.208134,1013.194799,0,2.99999999999994,0.0299999999999997,5.99999999999996,2,1,65,0.5
168,1014.555464,1013.859465,1014.102131,1014.502131,1016.502795,0,2.99999999999994,0.0299999999999997,5.99999999999996,2,1,65,0.5
169,1017.996127,1017.032128,1017.526794,1017.993461,1020.798791,1,2.99999999999994,0.0299999999999997,7.00000000000003,1,2,66,0.5
170,1021.90079,1021.163457,1021.481457,1021.898123,1023.785455,1,2.99999999999994,0.0299999999999997,7.00000000000003,1,2,66,0.5
171,1024.745454,1024.120788,1024.333454,1024.692787,1026.771452,0,2.99999999999994,0.0299999999999997,5.99999999999996,2,1,65,0.5
172,1027.991451,1027.278118,1027.455451,1027.991451,1090.038055,0,NaN,0,7.00000000000003,1,2,66,0.5
173,1091.665387,1090.523388,1090.855388,1091.612054,1096.114716,0,2.99999999999994,0.0299999999999997,5.99999999999996,2,1,65,0.5
174,1097.690048,1096.586049,1096.980048,1097.636714,1099.209379,1,2.99999999999994,0.0299999999999997,7.00000000000003,1,2,66,0.5
175,1108.530037,1107.659371,1107.872037,1108.476703,1141.888003,0,2.99999999999994,0.0299999999999997,5.99999999999996,2,1,65,0.5
176,1146.220666,1145.43,1145.680666,1146.220666,1155.414657,1,NaN,0,5.99999999999996,2,1,65,0.5
177,1163.408649,1160.987984,1161.219984,1163.355315,1170.095975,0,2.99999999999994,0.0299999999999997,5.99999999999996,2,1,65,0.5
178,1171.591307,1170.555975,1170.971974,1171.537974,1174.185971,1,2.99999999999994,0.0299999999999997,7.00000000000003,1,2,66,0.5
179,1175.465303,1174.664637,1175.030637,1175.462637,1177.615968,1,2.99999999999994,0.0299999999999997,7.00000000000003,1,2,66,0.5
180,1178.885966,1178.011967,1178.404634,1178.832633,1180.999298,1,2.99999999999994,0.0299999999999997,7.00000000000003,1,2,66,0.5
181,1182.24263,1181.461297,1181.701964,1182.189296,1183.697962,0,2.99999999999994,0.0299999999999997,5.99999999999996,2,1,65,0.5
182,1185.312627,1184.380628,1184.857294,1185.259293,1187.861957,1,2.99999999999994,0.0299999999999997,7.00000000000003,1,2,66,0.5
183,1188.955956,1188.241957,1188.501957,1188.902623,1191.201954,0,2.99999999999994,0.0299999999999997,5.99999999999996,2,1,65,0.5
184,1192.712619,1192.13062,1192.367953,1192.659286,1194.433284,0,2.99999999999994,0.0299999999999997,5.99999999999996,2,1,65,0.5
185,1196.089949,1195.34595,1195.60795,1196.037283,1198.64928,1,2.99999999999994,0.0299999999999997,7.00000000000003,1,2,66,0.5
186,1199.834612,1199.057946,1199.307946,1199.781279,1202.011277,0,2.99999999999994,0.0299999999999997,5.99999999999996,2,1,65,0.5
187,1203.129276,1202.595943,1202.763276,1203.129276,1208.74927,0,NaN,0,7.00000000000003,1,2,66,0.5
188,1209.731936,1209.061936,1209.333269,1209.731936,1218.614593,1,NaN,0,5.99999999999996,2,1,65,0.5
189,1219.652592,1219.027926,1219.271926,1219.639259,1227.841917,0,2.99999999999994,0.0299999999999997,5.99999999999996,2,1,65,0.5
190,1229.803915,1228.753917,1229.195916,1229.750582,1232.544579,1,2.99999999999994,0.0299999999999997,7.00000000000003,1,2,66,0.5
191,1233.689912,1232.911246,1233.245246,1233.636578,1235.576576,1,2.99999999999994,0.0299999999999997,7.00000000000003,1,2,66,0.5
192,1236.672575,1235.925909,1236.169909,1236.669909,1237.981241,0,2.99999999999994,0.0299999999999997,5.99999999999996,2,1,65,0.5
193,1239.07724,1238.452574,1238.667907,1239.04124,1241.009904,0,2.99999999999994,0.0299999999999997,5.99999999999996,2,1,65,0.5
194,1242.685236,1241.939237,1242.16257,1242.682569,1244.8659,1,2.99999999999994,0.0299999999999997,7.00000000000003,1,2,66,0.5
195,1246.033899,1245.298567,1245.625233,1245.980566,1247.964564,1,2.99999999999994,0.0299999999999997,7.00000000000003,1,2,66,0.5
196,1249.024563,1248.34123,1248.538564,1248.97123,1251.177227,0,2.99999999999994,0.0299999999999997,5.99999999999996,2,1,65,0.5
197,1252.491226,1251.70456,1252.017893,1252.437893,1254.297224,1,2.99999999999994,0.0299999999999997,7.00000000000003,1,2,66,0.5
198,1255.499223,1254.657891,1255.012557,1255.44589,1257.088555,1,2.99999999999994,0.0299999999999997,7.00000000000003,1,2,66,0.5
199,1258.041887,1257.451221,1257.611888,1258.041887,1270.665875,0,NaN,0,7.00000000000003,1,2,66,0.5
200,1271.981207,1271.038541,1271.527874,1271.927873,1272.920539,1,2.99999999999994,0.0299999999999997,7.00000000000003,1,2,66,0.5
201,1274.125205,1273.299872,1273.600538,1274.071871,1276.647202,0,2.99999999999994,0.0299999999999997,5.99999999999996,2,1,65,0.5
202,1278.073867,1277.449201,1277.697868,1278.027867,1279.438533,0,2.99999999999994,0.0299999999999997,5.99999999999996,2,1,65,0.5
203,1284.018528,1283.211862,1283.547862,1283.965861,1284.848527,1,2.99999999999994,0.0299999999999997,7.00000000000003,1,2,66,0.5
204,1285.868526,1285.13786,1285.44786,1285.815193,1293.503185,0,2.99999999999994,0.0299999999999997,5.99999999999996,2,1,65,0.5
205,1296.128516,1295.221183,1295.55985,1296.125849,1298.476514,1,2.99999999999994,0.0299999999999997,7.00000000000003,1,2,66,0.5
206,1299.630512,1298.841846,1299.10318,1299.577179,1302.11651,0,2.99999999999994,0.0299999999999997,5.99999999999996,2,1,65,0.5
207,1303.418509,1302.733843,1302.981176,1303.415842,1305.685173,0,2.99999999999994,0.0299999999999997,5.99999999999996,2,1,65,0.5
208,1306.953172,1306.159172,1306.542505,1306.950505,1309.315169,1,2.99999999999994,0.0299999999999997,7.00000000000003,1,2,66,0.5
209,1310.526501,1309.693836,1310.046502,1310.473168,1312.621166,1,2.99999999999994,0.0299999999999997,7.00000000000003,1,2,66,0.5
210,1313.693165,1312.985166,1313.301165,1313.690498,1315.396497,1,2.99999999999994,0.0299999999999997,7.00000000000003,1,2,66,0.5
211,1316.493162,1315.76383,1316.000496,1316.439829,1318.55316,0,2.99999999999994,0.0299999999999997,5.99999999999996,2,1,65,0.5
212,1319.801826,1319.03716,1319.359826,1319.748492,1322.153823,1,2.99999999999994,0.0299999999999997,7.00000000000003,1,2,66,0.5
213,1323.098489,1322.473823,1322.689156,1323.093822,1325.202487,0,2.99999999999994,0.0299999999999997,5.99999999999996,2,1,65,0.5
214,1326.626485,1325.807819,1326.148486,1326.573152,1328.103151,1,2.99999999999994,0.0299999999999997,7.00000000000003,1,2,66,0.5
215,1329.113816,1328.48915,1328.68915,1329.068483,1331.171814,0,2.99999999999994,0.0299999999999997,5.99999999999996,2,1,65,0.5
216,1332.265813,1331.641147,1331.867147,1332.23648,1334.138478,0,2.99999999999994,0.0299999999999997,5.99999999999996,2,1,65,0.5
217,1335.403143,1334.703811,1334.95781,1335.400477,1337.377141,0,2.99999999999994,0.0299999999999997,5.99999999999996,2,1,65,0.5
218,1338.773807,1337.885141,1338.151807,1338.77114,1340.653805,1,2.99999999999994,0.0299999999999997,7.00000000000003,1,2,66,0.5
219,1342.147136,1341.353137,1341.667137,1342.093803,1343.763135,1,2.99999999999994,0.0299999999999997,7.00000000000003,1,2,66,0.5
220,1344.675134,1344.097801,1344.236468,1344.621801,1346.616465,0,2.99999999999994,0.0299999999999997,5.99999999999996,2,1,65,0.5
221,1347.843797,1347.169131,1347.371131,1347.790464,1349.889129,0,2.99999999999994,0.0299999999999997,5.99999999999996,2,1,65,0.5
222,1350.963794,1350.367795,1350.555795,1350.910461,1354.697124,0,2.99999999999994,0.0299999999999997,5.99999999999996,2,1,65,0.5
223,1355.847123,1355.066457,1355.429123,1355.79379,1357.242455,1,2.99999999999994,0.0299999999999997,7.00000000000003,1,2,66,0.5
224,1358.323787,1357.595788,1357.940454,1358.270454,1373.571772,1,2.99999999999994,0.0299999999999997,7.00000000000003,1,2,66,0.5
225,1374.787771,1373.986438,1374.250438,1374.734437,1376.622435,0,2.99999999999994,0.0299999999999997,5.99999999999996,2,1,65,0.5
226,1377.741101,1377.116435,1377.328435,1377.724434,1381.102431,0,2.99999999999994,0.0299999999999997,5.99999999999996,2,1,65,0.5
227,1382.305096,1381.68043,1381.901097,1382.299096,1384.161094,0,2.99999999999994,0.0299999999999997,5.99999999999996,2,1,65,0.5
228,1385.586426,1384.607094,1385.01776,1385.533093,1387.547758,1,2.99999999999994,0.0299999999999997,7.00000000000003,1,2,66,0.5
229,1388.659757,1387.864424,1388.24509,1388.606423,1390.687755,1,2.99999999999994,0.0299999999999997,7.00000000000003,1,2,66,0.5
230,1391.717087,1390.985754,1391.283754,1391.663754,1393.198419,1,2.99999999999994,0.0299999999999997,7.00000000000003,1,2,66,0.5
231,1394.164418,1393.479085,1393.701752,1394.111751,1396.042416,0,2.99999999999994,0.0299999999999997,5.99999999999996,2,1,65,0.5
232,1397.597081,1396.893082,1397.136415,1397.594414,1399.666412,1,2.99999999999994,0.0299999999999997,7.00000000000003,1,2,66,0.5
233,1400.877078,1400.035745,1400.422412,1400.823744,1402.782409,1,2.99999999999994,0.0299999999999997,7.00000000000003,1,2,66,0.5
234,1403.749742,1403.125076,1403.304409,1403.741075,1406.063073,0,2.99999999999994,0.0299999999999997,5.99999999999996,2,1,65,0.5
235,1407.152405,1406.521739,1406.704405,1407.152405,1742.635403,0,NaN,0,7.00000000000003,1,2,66,0.5
236,1746.392066,1744.8894,1745.518066,1746.338732,1750.808061,1,2.99999999999994,0.0299999999999997,7.00000000000003,1,2,66,0.5
237,1758.274054,1757.230721,1757.634721,1758.274054,1762.619383,0,NaN,0,7.00000000000003,1,2,66,0.5
238,1764.609381,1763.810715,1764.046715,1764.556047,1765.57938,0,2.99999999999994,0.0299999999999997,5.99999999999996,2,1,65,0.5
239,1834.983977,1833.731312,1834.149312,1834.983977,1835.308643,0,NaN,0,7.00000000000003,1,2,66,0.5
240,1843.155969,1841.901303,1842.199303,1843.155969,1929.591216,1,NaN,0,5.99999999999996,2,1,65,0.5
241,1931.221214,1930.244548,1930.505881,1931.167881,1932.077213,0,2.99999999999994,0.0299999999999997,5.99999999999996,2,1,65,0.5
242,2027.922451,2026.970452,2027.109118,2027.922451,2034.001111,0,NaN,0,7.00000000000003,1,2,66,0.5
243,2036.473109,2035.393777,2035.74711,2036.458442,2041.271104,1,2.99999999999994,0.0299999999999997,7.00000000000003,1,2,66,0.5
244,2043.511102,2042.33177,2042.727103,2043.508435,2044.302434,1,2.99999999999994,0.0299999999999997,7.00000000000003,1,2,66,0.5
245,2045.797766,2044.8951,2045.3131,2045.744433,2048.783763,1,2.99999999999994,0.0299999999999997,7.00000000000003,1,2,66,0.5
246,2050.242428,2049.243096,2049.565762,2050.189095,2050.969094,0,2.99999999999994,0.0299999999999997,5.99999999999996,2,1,65,0.5
247,2052.794426,2051.729094,2052.11576,2052.791759,2056.400422,1,2.99999999999994,0.0299999999999997,7.00000000000003,1,2,66,0.5
248,2057.803754,2056.870422,2057.153755,2057.750422,2058.54842,0,2.99999999999994,0.0299999999999997,5.99999999999996,2,1,65,0.5
249,2060.105752,2059.119086,2059.481086,2060.052419,2062.334416,1,2.99999999999994,0.0299999999999997,7.00000000000003,1,2,66,0.5
250,2063.677748,2062.825082,2063.232415,2063.675082,2066.126413,1,2.99999999999994,0.0299999999999997,7.00000000000003,1,2,66,0.5
251,2067.527744,2066.571079,2066.941745,2067.474411,2068.299077,0,2.99999999999994,0.0299999999999997,5.99999999999996,2,1,65,0.5
252,2069.871742,2068.925076,2069.288409,2069.869075,2072.495073,1,2.99999999999994,0.0299999999999997,7.00000000000003,1,2,66,0.5
253,2073.639072,2072.919072,2073.206405,2073.636405,2074.82707,1,2.99999999999994,0.0299999999999997,7.00000000000003,1,2,66,0.5
254,2076.053736,2075.241737,2075.614403,2076.051069,2077.964401,1,2.99999999999994,0.0299999999999997,7.00000000000003,1,2,66,0.5
255,2079.465732,2078.355734,2078.669733,2079.463066,2081.934397,0,2.99999999999994,0.0299999999999997,5.99999999999996,2,1,65,0.5
256,2083.177062,2082.340396,2082.695063,2083.123729,2083.957061,1,2.99999999999994,0.0299999999999997,7.00000000000003,1,2,66,0.5
257,2085.18706,2084.328394,2084.623727,2085.184393,2088.005724,0,2.99999999999994,0.0299999999999997,5.99999999999996,2,1,65,0.5
258,2092.623719,2091.755054,2092.01572,2092.623719,2121.417024,1,NaN,0,5.99999999999996,2,1,65,0.5
259,2125.01502,2123.981021,2124.439021,2125.012354,2127.355018,1,2.99999999999994,0.0299999999999997,7.00000000000003,1,2,66,0.5
260,2128.613683,2127.808351,2128.183017,2128.56035,2130.977014,1,2.99999999999994,0.0299999999999997,7.00000000000003,1,2,66,0.5
261,2132.596346,2131.399014,2131.726347,2132.543013,2134.97101,0,2.99999999999994,0.0299999999999997,5.99999999999996,2,1,65,0.5
262,2136.207009,2135.447677,2135.685676,2136.204342,2138.567007,0,2.99999999999994,0.0299999999999997,5.99999999999996,2,1,65,0.5
263,2139.866339,2139.075006,2139.308339,2139.813005,2142.08967,0,2.99999999999994,0.0299999999999997,5.99999999999996,2,1,65,0.5
264,2143.585002,2142.583003,2143.006336,2143.582335,2146.114999,1,2.99999999999994,0.0299999999999997,7.00000000000003,1,2,66,0.5
265,2147.284331,2146.543665,2146.894332,2147.230998,2149.546996,1,2.99999999999994,0.0299999999999997,7.00000000000003,1,2,66,0.5
266,2150.780328,2149.974995,2150.220995,2150.726995,2153.140325,0,2.99999999999994,0.0299999999999997,5.99999999999996,2,1,65,0.5
267,2154.361658,2153.603658,2153.903658,2154.308324,2156.908322,1,2.99999999999994,0.0299999999999997,7.00000000000003,1,2,66,0.5
268,2158.038321,2157.328988,2157.632988,2158.038321,2171.311641,1,NaN,0,5.99999999999996,2,1,65,0.5
269,2173.588972,2172.628973,2172.862972,2173.535638,2175.957636,1,2.99999999999994,0.0299999999999997,7.00000000000003,1,2,66,0.5
270,2177.403635,2176.522302,2176.842968,2177.350301,2179.513632,0,2.99999999999994,0.0299999999999997,5.99999999999996,2,1,65,0.5
271,2180.994298,2180.116965,2180.527631,2180.940964,2182.766963,1,2.99999999999994,0.0299999999999997,7.00000000000003,1,2,66,0.5
272,2183.956295,2183.143629,2183.459628,2183.902961,2186.555625,0,2.99999999999994,0.0299999999999997,5.99999999999996,2,1,65,0.5
273,2187.828291,2187.084292,2187.296291,2187.774958,2189.859622,0,2.99999999999994,0.0299999999999997,5.99999999999996,2,1,65,0.5
274,2191.255621,2190.314955,2190.743621,2191.252954,2193.146285,1,2.99999999999994,0.0299999999999997,7.00000000000003,1,2,66,0.5
275,2194.302951,2193.543618,2193.856951,2194.249618,2197.154281,1,2.99999999999994,0.0299999999999997,7.00000000000003,1,2,66,0.5
276,2198.318947,2197.584948,2197.936947,2198.265614,2200.462278,1,2.99999999999994,0.0299999999999997,7.00000000000003,1,2,66,0.5
277,2201.668277,2200.839611,2201.124944,2201.614944,2203.935608,0,2.99999999999994,0.0299999999999997,5.99999999999996,2,1,65,0.5
278,2205.044274,2204.419608,2204.618941,2205.020274,2207.296271,0,2.99999999999994,0.0299999999999997,5.99999999999996,2,1,65,0.5
279,2208.485603,2207.763604,2207.961604,2208.43227,2210.344935,0,2.99999999999994,0.0299999999999997,5.99999999999996,2,1,65,0.5
280,2211.744934,2210.867601,2211.228267,2211.734934,2213.997598,1,2.99999999999994,0.0299999999999997,7.00000000000003,1,2,66,0.5
281,2215.096264,2214.340264,2214.630264,2215.04293,2217.354928,1,2.99999999999994,0.0299999999999997,7.00000000000003,1,2,66,0.5
282,2218.39626,2217.748261,2217.972927,2218.39626,2230.086249,1,NaN,0,5.99999999999996,2,1,65,0.5
283,2232.04958,2230.600248,2230.999581,2231.996913,2234.598911,0,2.99999999999994,0.0299999999999997,5.99999999999996,2,1,65,0.5
284,2236.135576,2235.188243,2235.46891,2236.082243,2238.305574,0,2.99999999999994,0.0299999999999997,5.99999999999996,2,1,65,0.5
285,2240.065572,2239.162239,2239.484906,2240.062905,2242.00957,1,2.99999999999994,0.0299999999999997,7.00000000000003,1,2,66,0.5
286,2243.417569,2242.610236,2242.947569,2243.364235,2245.952899,1,2.99999999999994,0.0299999999999997,7.00000000000003,1,2,66,0.5
287,2247.290898,2246.426232,2246.716232,2247.237565,2249.572896,0,2.99999999999994,0.0299999999999997,5.99999999999996,2,1,65,0.5
288,2250.919561,2250.089562,2250.318895,2250.866228,2252.916226,0,2.99999999999994,0.0299999999999997,5.99999999999996,2,1,65,0.5
289,2254.488224,2253.471558,2253.905558,2254.485558,2256.336889,1,2.99999999999994,0.0299999999999997,7.00000000000003,1,2,66,0.5
290,2257.506888,2256.802222,2256.999555,2257.504221,2259.902885,0,2.99999999999994,0.0299999999999997,5.99999999999996,2,1,65,0.5
291,2261.556217,2260.614218,2260.938218,2261.502884,2263.923548,1,2.99999999999994,0.0299999999999997,7.00000000000003,1,2,66,0.5
292,2266.042879,2265.32888,2265.54688,2265.989546,2268.25021,0,2.99999999999994,0.0299999999999997,5.99999999999996,2,1,65,0.5
293,2269.705542,2268.797543,2269.155543,2269.652209,2272.030207,1,2.99999999999994,0.0299999999999997,7.00000000000003,1,2,66,0.5
294,2273.384205,2272.524206,2272.883539,2273.330872,2275.51887,1,2.99999999999994,0.0299999999999997,7.00000000000003,1,2,66,0.5
295,2277.010202,2276.206202,2276.466202,2277.007535,2279.261533,1,2.99999999999994,0.0299999999999997,7.00000000000003,1,2,66,0.5
296,2280.604865,2279.726199,2280.048199,2280.551531,2282.43353,0,2.99999999999994,0.0299999999999997,5.99999999999996,2,1,65,0.5
297,2283.746195,2282.934196,2283.130862,2283.746195,2287.344858,0,NaN,0,7.00000000000003,1,2,66,0.5
298,2290.772188,2290.010189,2290.338855,2290.772188,2291.51552,1,NaN,0,5.99999999999996,2,1,65,0.5
299,2327.509484,2326.468819,2326.760819,2327.506818,2331.65348,0,2.99999999999994,0.0299999999999997,5.99999999999996,2,1,65,0.5
300,2333.413479,2332.326813,2332.745479,2333.413479,2336.599475,0,NaN,0,7.00000000000003,1,2,66,0.5
301,2340.942804,2339.834805,2339.980805,2340.942804,2350.633461,1,NaN,0,5.99999999999996,2,1,65,0.5
302,2353.022792,2352.058127,2352.410793,2353.020126,2355.742123,1,2.99999999999994,0.0299999999999997,7.00000000000003,1,2,66,0.5
303,2357.022122,2356.191456,2356.416789,2356.968788,2359.166786,0,2.99999999999994,0.0299999999999997,5.99999999999996,2,1,65,0.5
304,2360.668785,2359.694119,2360.072119,2360.615451,2363.117449,1,2.99999999999994,0.0299999999999997,7.00000000000003,1,2,66,0.5
305,2364.311448,2363.584115,2363.786115,2364.258114,2366.236779,0,2.99999999999994,0.0299999999999997,5.99999999999996,2,1,65,0.5
306,2368.041444,2367.366778,2367.561444,2367.988111,2370.062775,1,2.99999999999994,0.0299999999999997,7.00000000000003,1,2,66,0.5
307,2371.238774,2370.513441,2370.728775,2371.185441,2373.594772,0,2.99999999999994,0.0299999999999997,5.99999999999996,2,1,65,0.5
308,2375.32677,2374.616771,2374.785437,2375.324103,2377.555434,1,2.99999999999994,0.0299999999999997,7.00000000000003,1,2,66,0.5
309,2378.676767,2377.987434,2378.2121,2378.623433,2380.458765,1,2.99999999999994,0.0299999999999997,7.00000000000003,1,2,66,0.5
310,2381.63143,2380.851431,2381.049431,2381.578097,2382.836096,0,2.99999999999994,0.0299999999999997,5.99999999999996,2,1,65,0.5
311,2383.946761,2383.322095,2383.522095,2383.904095,2386.025426,0,2.99999999999994,0.0299999999999997,5.99999999999996,2,1,65,0.5
312,2387.560758,2386.849425,2387.026758,2387.560758,2393.784752,0,NaN,0,7.00000000000003,1,2,66,0.5
313,2394.930084,2394.305418,2394.542751,2394.911417,2397.206748,0,2.99999999999994,0.0299999999999997,5.99999999999996,2,1,65,0.5
314,2398.693413,2397.752748,2398.097414,2398.64008,2401.141411,1,2.99999999999994,0.0299999999999997,7.00000000000003,1,2,66,0.5
315,2402.26741,2401.566077,2401.81941,2402.214076,2404.074741,1,2.99999999999994,0.0299999999999997,7.00000000000003,1,2,66,0.5
316,2405.143407,2404.443408,2404.730074,2405.090074,2407.144071,1,2.99999999999994,0.0299999999999997,7.00000000000003,1,2,66,0.5
317,2408.160737,2407.526738,2407.726738,2408.160737,2436.868708,1,NaN,0,5.99999999999996,2,1,65,0.5
318,2438.64204,2437.538041,2437.945374,2438.588707,2439.588706,1,2.99999999999994,0.0299999999999997,7.00000000000003,1,2,66,0.5
319,2440.980038,2440.092705,2440.350038,2440.977371,2442.856702,0,2.99999999999994,0.0299999999999997,5.99999999999996,2,1,65,0.5
320,2444.480034,2443.625368,2443.970035,2444.426701,2446.568699,1,2.99999999999994,0.0299999999999997,7.00000000000003,1,2,66,0.5
321,2447.929364,2447.060698,2447.311365,2447.876031,2449.872029,0,2.99999999999994,0.0299999999999997,5.99999999999996,2,1,65,0.5
322,2451.242027,2450.451361,2450.712695,2451.239361,2453.340025,0,2.99999999999994,0.0299999999999997,5.99999999999996,2,1,65,0.5
323,2454.834024,2453.923358,2454.246024,2454.831357,2455.943357,1,2.99999999999994,0.0299999999999997,7.00000000000003,1,2,66,0.5
324,2457.152021,2456.365356,2456.585355,2457.098688,2459.377353,0,2.99999999999994,0.0299999999999997,5.99999999999996,2,1,65,0.5
325,2460.956684,2460.011352,2460.369352,2460.903351,2462.575349,1,2.99999999999994,0.0299999999999997,7.00000000000003,1,2,66,0.5
326,2463.749348,2462.968016,2463.284682,2463.696015,2465.70068,1,2.99999999999994,0.0299999999999997,7.00000000000003,1,2,66,0.5
327,2466.866012,2466.082013,2466.332679,2466.812678,2469.054676,0,2.99999999999994,0.0299999999999997,5.99999999999996,2,1,65,0.5
328,2470.656008,2469.950009,2470.116008,2470.656008,2481.042664,0,NaN,0,7.00000000000003,1,2,66,0.5
329,2489.942655,2489.075323,2489.331989,2489.939989,2492.340653,0,2.99999999999994,0.0299999999999997,5.99999999999996,2,1,65,0.5
330,2493.712652,2492.875986,2493.106652,2493.709985,2496.594649,0,2.99999999999994,0.0299999999999997,5.99999999999996,2,1,65,0.5
331,2498.018647,2497.027315,2497.372648,2497.965314,2499.439979,1,2.99999999999994,0.0299999999999997,7.00000000000003,1,2,66,0.5
332,2500.705978,2499.878645,2500.139978,2500.652645,2502.745309,1,2.99999999999994,0.0299999999999997,7.00000000000003,1,2,66,0.5
333,2503.893308,2503.129975,2503.332642,2503.890641,2505.567973,1,2.99999999999994,0.0299999999999997,7.00000000000003,1,2,66,0.5
334,2506.767972,2505.925973,2506.185306,2506.765305,2509.00997,1,2.99999999999994,0.0299999999999997,7.00000000000003,1,2,66,0.5
335,2510.154635,2509.448636,2509.707969,2510.154635,2520.230625,1,NaN,0,5.99999999999996,2,1,65,0.5
336,2521.575957,2520.611958,2520.861958,2521.522624,2524.248621,0,2.99999999999994,0.0299999999999997,5.99999999999996,2,1,65,0.5
337,2525.823286,2524.837287,2525.217287,2525.820619,2528.27795,1,2.99999999999994,0.0299999999999997,7.00000000000003,1,2,66,0.5
338,2529.531949,2528.692617,2528.970616,2529.478616,2531.575947,0,2.99999999999994,0.0299999999999997,5.99999999999996,2,1,65,0.5
339,2532.957946,2532.147946,2532.44728,2532.957946,2543.727935,0,NaN,0,7.00000000000003,1,2,66,0.5
340,2545.1286,2544.299934,2544.565267,2545.125933,2547.289931,0,2.99999999999994,0.0299999999999997,5.99999999999996,2,1,65,0.5
341,2548.59393,2547.940597,2548.141264,2548.591263,2552.208593,0,2.99999999999994,0.0299999999999997,5.99999999999996,2,1,65,0.5
342,2553.826591,2552.827259,2553.210592,2553.773258,2555.919256,1,2.99999999999994,0.0299999999999997,7.00000000000003,1,2,66,0.5
343,2557.052588,2556.278589,2556.561255,2557.049922,2559.542586,1,2.99999999999994,0.0299999999999997,7.00000000000003,1,2,66,0.5
344,2560.847918,2559.943252,2560.265919,2560.794584,2563.255249,0,2.99999999999994,0.0299999999999997,5.99999999999996,2,1,65,0.5
345,2564.597247,2563.816581,2564.126581,2564.597247,2573.390572,0,NaN,0,7.00000000000003,1,2,66,0.5
346,2575.565903,2574.664571,2574.877904,2575.563236,2577.844567,0,2.99999999999994,0.0299999999999997,5.99999999999996,2,1,65,0.5
347,2579.060566,2578.4359,2578.638567,2579.012566,2581.059898,0,2.99999999999994,0.0299999999999997,5.99999999999996,2,1,65,0.5
348,2582.508563,2581.713897,2581.917897,2582.45523,2584.607227,0,2.99999999999994,0.0299999999999997,5.99999999999996,2,1,65,0.5
349,2586.192559,2585.294564,2585.61256,2586.189892,2588.565223,1,2.99999999999994,0.0299999999999997,7.00000000000003,1,2,66,0.5
350,2589.712556,2589.01189,2589.289889,2589.712556,2965.561513,1,NaN,0,5.99999999999996,2,1,65,0.5
351,2968.854843,2966.112846,2966.330179,2968.854843,2969.246843,1,NaN,0,5.99999999999996,2,1,65,0.5
352,2980.136832,2979.080833,2979.322833,2980.083499,2981.078164,0,2.99999999999994,0.0299999999999997,5.99999999999996,2,1,65,0.5
353,2984.750827,2983.952161,2984.152828,2984.746161,2985.615493,0,2.99999999999994,0.0299999999999997,5.99999999999996,2,1,65,0.5
354,2991.981487,2990.605488,2990.805488,2991.981487,3005.832139,1,NaN,0,5.99999999999996,2,1,65,0.5
355,3010.830801,3009.954802,3010.246135,3010.777468,3011.757467,0,2.99999999999994,0.0299999999999997,5.99999999999996,2,1,65,0.5
356,3013.963465,3012.562133,3013.100799,3013.960798,3017.415461,1,2.99999999999994,0.0299999999999997,7.00000000000003,1,2,66,0.5
357,3019.727459,3018.870126,3019.066793,3019.674126,3020.570125,0,2.99999999999994,0.0299999999999997,5.99999999999996,2,1,65,0.5
358,3022.18479,3021.180791,3021.585457,3022.182123,3024.98212,1,2.99999999999994,0.0299999999999997,7.00000000000003,1,2,66,0.5
359,3026.384786,3025.494786,3025.815453,3026.331452,3028.68945,0,2.99999999999994,0.0299999999999997,5.99999999999996,2,1,65,0.5
360,3030.122115,3029.296783,3029.548783,3030.068782,3032.207446,0,2.99999999999994,0.0299999999999997,5.99999999999996,2,1,65,0.5
361,3033.576778,3032.815446,3033.020779,3033.574112,3035.54811,0,2.99999999999994,0.0299999999999997,5.99999999999996,2,1,65,0.5
362,3037.165441,3036.139442,3036.492775,3037.112108,3038.972773,1,2.99999999999994,0.0299999999999997,7.00000000000003,1,2,66,0.5
363,3040.218105,3039.392773,3039.684106,3040.164772,3041.82277,0,2.99999999999994,0.0299999999999997,5.99999999999996,2,1,65,0.5
364,3043.090769,3042.377436,3042.612103,3043.037436,3045.439433,0,2.99999999999994,0.0299999999999997,5.99999999999996,2,1,65,0.5
365,3047.032765,3046.064766,3046.508099,3047.032765,3061.463417,0,NaN,0,7.00000000000003,1,2,66,0.5
366,3062.882083,3061.916083,3062.270083,3062.828749,3065.46408,0,2.99999999999994,0.0299999999999997,5.99999999999996,2,1,65,0.5
367,3066.843412,3066.003413,3066.274079,3066.840745,3068.91741,0,2.99999999999994,0.0299999999999997,5.99999999999996,2,1,65,0.5
368,3070.339408,3069.412076,3069.770742,3070.336742,3071.768074,1,2.99999999999994,0.0299999999999997,7.00000000000003,1,2,66,0.5
369,3073.018739,3072.179406,3072.534073,3072.965406,3075.22007,1,2.99999999999994,0.0299999999999997,7.00000000000003,1,2,66,0.5
370,3076.450736,3075.609403,3075.900736,3076.397402,3078.618067,0,2.99999999999994,0.0299999999999997,5.99999999999996,2,1,65,0.5
371,3079.863399,3079.178066,3079.388066,3079.810065,3081.805397,0,2.99999999999994,0.0299999999999997,5.99999999999996,2,1,65,0.5
372,3083.346729,3082.40273,3082.796729,3083.344062,3084.768061,1,2.99999999999994,0.0299999999999997,7.00000000000003,1,2,66,0.5
373,3085.998059,3085.24006,3085.530726,3085.995393,3087.975391,1,2.99999999999994,0.0299999999999997,7.00000000000003,1,2,66,0.5
374,3089.191389,3088.40339,3088.716723,3089.138056,3091.390721,1,2.99999999999994,0.0299999999999997,7.00000000000003,1,2,66,0.5
375,3092.744053,3091.847387,3092.14872,3092.741386,3094.88805,0,2.99999999999994,0.0299999999999997,5.99999999999996,2,1,65,0.5
376,3096.535382,3095.73205,3096.071383,3096.482049,3098.602714,1,2.99999999999994,0.0299999999999997,7.00000000000003,1,2,66,0.5
377,3099.821379,3099.038046,3099.382046,3099.768712,3102.422043,1,2.99999999999994,0.0299999999999997,7.00000000000003,1,2,66,0.5
378,3103.662042,3102.860709,3103.100709,3103.608708,3105.73204,0,2.99999999999994,0.0299999999999997,5.99999999999996,2,1,65,0.5
379,3107.095372,3106.232039,3106.588039,3107.095372,3116.046696,0,NaN,0,7.00000000000003,1,2,66,0.5
380,3117.704694,3116.449362,3116.873362,3117.702028,3119.625359,1,2.99999999999994,0.0299999999999997,7.00000000000003,1,2,66,0.5
381,3120.976024,3120.074025,3120.348692,3120.922691,3122.531356,0,2.99999999999994,0.0299999999999997,5.99999999999996,2,1,65,0.5
382,3123.974021,3123.076689,3123.460022,3123.974021,3129.026683,0,NaN,0,7.00000000000003,1,2,66,0.5
383,3130.617348,3129.556682,3129.888015,3130.564015,3132.497346,0,2.99999999999994,0.0299999999999997,5.99999999999996,2,1,65,0.5
384,3134.006678,3133.023346,3133.438012,3134.004011,3135.962009,1,2.99999999999994,0.0299999999999997,7.00000000000003,1,2,66,0.5
385,3137.128675,3136.434009,3136.737342,3137.075342,3139.628006,1,2.99999999999994,0.0299999999999997,7.00000000000003,1,2,66,0.5
386,3140.808004,3140.044005,3140.382672,3140.805338,3142.873336,1,2.99999999999994,0.0299999999999997,7.00000000000003,1,2,66,0.5
387,3144.209334,3143.328002,3143.674668,3144.209334,3148.377997,1,NaN,0,5.99999999999996,2,1,65,0.5
388,3150.665995,3149.595329,3150.059995,3150.663328,3152.745326,1,2.99999999999994,0.0299999999999997,7.00000000000003,1,2,66,0.5
389,3154.149324,3153.205992,3153.495325,3154.146658,3156.115989,0,2.99999999999994,0.0299999999999997,5.99999999999996,2,1,65,0.5
390,3157.546654,3156.616655,3157.022655,3157.546654,3163.916648,0,NaN,0,7.00000000000003,1,2,66,0.5
391,3165.338647,3164.358648,3164.684647,3165.285313,3167.134645,0,2.99999999999994,0.0299999999999997,5.99999999999996,2,1,65,0.5
392,3168.785977,3167.739311,3168.185977,3168.732643,3171.007974,1,2.99999999999994,0.0299999999999997,7.00000000000003,1,2,66,0.5
393,3172.29464,3171.461974,3171.821307,3172.241306,3174.363304,1,2.99999999999994,0.0299999999999997,7.00000000000003,1,2,66,0.5
394,3175.641303,3174.761304,3175.054637,3175.58797,3177.521301,0,2.99999999999994,0.0299999999999997,5.99999999999996,2,1,65,0.5
395,3178.905966,3178.014634,3178.350634,3178.905966,3189.567956,0,NaN,0,7.00000000000003,1,2,66,0.5
396,3190.950621,3190.068622,3190.369955,3190.897288,3199.720612,0,2.99999999999994,0.0299999999999997,5.99999999999996,2,1,65,0.5
397,3201.336611,3200.393945,3200.777945,3201.336611,3272.149873,0,NaN,0,7.00000000000003,1,2,66,0.5
398,3279.875865,3278.4812,3278.930533,3279.873199,3287.357858,1,2.99999999999994,0.0299999999999997,7.00000000000003,1,2,66,0.5
399,3288.81519,3287.791191,3288.057191,3288.761857,3289.571189,0,2.99999999999994,0.0299999999999997,5.99999999999996,2,1,65,0.5
400,3293.515852,3292.435186,3292.874519,3293.513185,3296.727182,1,2.99999999999994,0.0299999999999997,7.00000000000003,1,2,66,0.5
401,3298.17118,3297.255848,3297.455182,3298.168514,3299.854512,0,2.99999999999994,0.0299999999999997,5.99999999999996,2,1,65,0.5
402,3301.973177,3300.766511,3301.196511,3301.92051,3304.275174,1,2.99999999999994,0.0299999999999997,7.00000000000003,1,2,66,0.5
403,3305.63984,3304.81584,3305.18384,3305.586506,3308.33517,1,2.99999999999994,0.0299999999999997,7.00000000000003,1,2,66,0.5
404,3309.731169,3308.788503,3309.068503,3309.677836,3310.826501,0,2.99999999999994,0.0299999999999997,5.99999999999996,2,1,65,0.5
405,3312.385833,3311.391167,3311.751834,3312.383166,3314.528497,1,2.99999999999994,0.0299999999999997,7.00000000000003,1,2,66,0.5
406,3315.716496,3314.993164,3315.27783,3315.663163,3317.594494,1,2.99999999999994,0.0299999999999997,7.00000000000003,1,2,66,0.5
407,3318.91716,3318.119827,3318.436494,3318.914493,3320.967158,1,2.99999999999994,0.0299999999999997,7.00000000000003,1,2,66,0.5
408,3322.333823,3321.425824,3321.671824,3322.28049,3324.189154,0,2.99999999999994,0.0299999999999997,5.99999999999996,2,1,65,0.5
409,3325.454487,3324.705154,3324.94782,3325.401153,3327.147151,0,2.99999999999994,0.0299999999999997,5.99999999999996,2,1,65,0.5
410,3328.436484,3327.655818,3327.964484,3328.436484,3331.615814,0,NaN,0,7.00000000000003,1,2,66,0.5
411,3347.685798,3346.722465,3347.021132,3347.632464,3351.95046,0,2.99999999999994,0.0299999999999997,5.99999999999996,2,1,65,0.5
412,3353.441792,3352.605126,3352.855126,3353.439125,3354.442458,0,2.99999999999994,0.0299999999999997,5.99999999999996,2,1,65,0.5
413,3355.76779,3354.948457,3355.18179,3355.714456,3357.724454,0,2.99999999999994,0.0299999999999997,5.99999999999996,2,1,65,0.5
414,3359.243786,3358.471787,3358.69512,3359.243786,3365.561113,0,NaN,0,7.00000000000003,1,2,66,0.5
415,3367.054445,3366.103779,3366.417779,3367.054445,3374.276438,1,NaN,0,5.99999999999996,2,1,65,0.5
416,3375.765103,3374.776437,3375.068437,3375.71177,3377.115101,0,2.99999999999994,0.0299999999999997,5.99999999999996,2,1,65,0.5
417,3378.675767,3377.644434,3378.061101,3378.6731,3380.978431,1,2.99999999999994,0.0299999999999997,7.00000000000003,1,2,66,0.5
418,3382.111097,3381.357764,3381.651097,3382.10843,3384.515094,1,2.99999999999994,0.0299999999999997,7.00000000000003,1,2,66,0.5
419,3385.721093,3384.918427,3385.212427,3385.66776,3387.915091,1,2.99999999999994,0.0299999999999997,7.00000000000003,1,2,66,0.5
420,3389.294423,3388.36509,3388.67909,3389.241089,3391.51242,0,2.99999999999994,0.0299999999999997,5.99999999999996,2,1,65,0.5
421,3392.719753,3391.997087,3392.22642,3392.666419,3395.758416,0,2.99999999999994,0.0299999999999997,5.99999999999996,2,1,65,0.5
422,3397.148415,3396.295749,3396.690416,3397.148415,3401.889077,0,NaN,0,7.00000000000003,1,2,66,0.5
423,3403.571742,3402.612409,3403.011076,3403.518408,3405.089074,1,2.99999999999994,0.0299999999999997,7.00000000000003,1,2,66,0.5
424,3406.427739,3405.596406,3405.912406,3406.425072,3408.942403,1,2.99999999999994,0.0299999999999997,7.00000000000003,1,2,66,0.5
425,3410.422402,3409.429736,3409.729069,3410.419735,3412.668399,0,2.99999999999994,0.0299999999999997,5.99999999999996,2,1,65,0.5
426,3413.941065,3413.175732,3413.405065,3413.938398,3416.072396,0,2.99999999999994,0.0299999999999997,5.99999999999996,2,1,65,0.5
427,3417.502394,3416.603729,3416.919728,3417.499728,3419.746392,1,2.99999999999994,0.0299999999999997,7.00000000000003,1,2,66,0.5
428,3420.908391,3420.177058,3420.478391,3420.905724,3423.099722,1,2.99999999999994,0.0299999999999997,7.00000000000003,1,2,66,0.5
429,3424.288388,3423.537055,3423.817055,3424.285721,3426.829718,1,2.99999999999994,0.0299999999999997,7.00000000000003,1,2,66,0.5
430,3428.208384,3427.274385,3427.575051,3428.15505,3430.150382,0,2.99999999999994,0.0299999999999997,5.99999999999996,2,1,65,0.5
431,3431.561047,3430.805048,3431.051714,3431.507714,3433.943045,0,2.99999999999994,0.0299999999999997,5.99999999999996,2,1,65,0.5
432,3435.146377,3434.521711,3434.737044,3435.136377,3437.203708,0,2.99999999999994,0.0299999999999997,5.99999999999996,2,1,65,0.5
433,3438.794373,3437.865041,3438.283707,3438.777707,3440.759705,1,2.99999999999994,0.0299999999999997,7.00000000000003,1,2,66,0.5
434,3441.949703,3441.184371,3441.467037,3441.89637,3443.866368,1,2.99999999999994,0.0299999999999997,7.00000000000003,1,2,66,0.5
435,3445.0317,3444.281034,3444.553701,3444.978367,3447.055032,1,2.99999999999994,0.0299999999999997,7.00000000000003,1,2,66,0.5
436,3448.247697,3447.453031,3447.698364,3448.194364,3450.233028,0,2.99999999999994,0.0299999999999997,5.99999999999996,2,1,65,0.5
437,3451.90436,3451.083028,3451.385027,3451.90436,3454.602357,0,NaN,0,7.00000000000003,1,2,66,0.5
438,3459.495686,3458.297687,3458.600353,3459.495686,3461.537017,1,NaN,0,5.99999999999996,2,1,65,0.5
439,3466.281012,3465.310347,3465.622346,3466.227679,3471.358341,0,2.99999999999994,0.0299999999999997,5.99999999999996,2,1,65,0.5
440,3472.857006,3471.917673,3472.35234,3472.857006,3494.896317,0,NaN,0,7.00000000000003,1,2,66,0.5
441,3500.628311,3499.646312,3499.899645,3500.574978,3504.106308,0,2.99999999999994,0.0299999999999997,5.99999999999996,2,1,65,0.5
442,3505.37364,3504.608974,3504.92164,3505.37364,3512.608966,0,NaN,0,7.00000000000003,1,2,66,0.5
443,3514.022965,3513.033632,3513.337632,3514.020298,3516.380296,0,2.99999999999994,0.0299999999999997,5.99999999999996,2,1,65,0.5
444,3517.813627,3516.926962,3517.267628,3517.813627,3527.229618,0,NaN,0,7.00000000000003,1,2,66,0.5
445,3529.202949,3528.044951,3528.341617,3529.149616,3531.64028,0,2.99999999999994,0.0299999999999997,5.99999999999996,2,1,65,0.5
446,3533.103612,3532.144946,3532.498279,3533.100945,3535.24161,1,2.99999999999994,0.0299999999999997,7.00000000000003,1,2,66,0.5
447,3536.546275,3535.62961,3535.867609,3536.546275,3543.214269,1,NaN,0,5.99999999999996,2,1,65,0.5
448,3544.560267,3543.643602,3543.956935,3544.506934,3547.142265,0,2.99999999999994,0.0299999999999997,5.99999999999996,2,1,65,0.5
449,3548.372264,3547.626264,3547.868264,3548.31893,3550.792928,0,2.99999999999994,0.0299999999999997,5.99999999999996,2,1,65,0.5
450,3552.233593,3551.248261,3551.575594,3552.230926,3554.434924,1,2.99999999999994,0.0299999999999997,7.00000000000003,1,2,66,0.5
451,3555.55559,3554.80959,3555.08959,3555.55559,3557.336255,1,NaN,0,5.99999999999996,2,1,65,0.5
452,3562.44025,3561.45225,3561.779584,3562.437583,3565.638913,0,2.99999999999994,0.0299999999999997,5.99999999999996,2,1,65,0.5
453,3567.014912,3566.184912,3566.420246,3567.014912,3869.458609,0,NaN,0,7.00000000000003,1,2,66,0.5
454,3873.408605,3872.12194,3872.693273,3873.408605,3874.132604,0,NaN,0,7.00000000000003,1,2,66,0.5
455,3898.022581,3885.399927,3885.64126,NaN,3917.333228,NaN,NaN,0,5.99999999999996,2,1,65,0.5
456,3921.293891,3920.436558,3920.637225,3921.293891,3928.76455,1,NaN,0,5.99999999999996,2,1,65,0.5
457,3939.414539,3938.265874,3938.695206,3939.361206,3944.594534,1,2.99999999999994,0.0299999999999997,7.00000000000003,1,2,66,0.5
458,3946.744532,3945.957866,3946.160532,3946.691199,3947.502531,0,2.99999999999994,0.0299999999999997,5.99999999999996,2,1,65,0.5
459,3949.490529,3948.415864,3948.82053,3949.437196,3950.971861,1,2.99999999999994,0.0299999999999997,7.00000000000003,1,2,66,0.5
460,3952.360526,3951.439194,3951.753194,3952.307193,3953.165859,0,2.99999999999994,0.0299999999999997,5.99999999999996,2,1,65,0.5
461,3954.467857,3953.677192,3953.915858,3954.414524,3955.218523,0,2.99999999999994,0.0299999999999997,5.99999999999996,2,1,65,0.5
462,3956.543855,3955.921189,3956.185189,3956.490522,3957.223188,0,2.99999999999994,0.0299999999999997,5.99999999999996,2,1,65,0.5
463,3958.997853,3957.824521,3958.339854,3958.94452,3962.591183,1,2.99999999999994,0.0299999999999997,7.00000000000003,1,2,66,0.5
464,3964.053181,3963.122515,3963.550515,3963.999848,3966.140512,1,2.99999999999994,0.0299999999999997,7.00000000000003,1,2,66,0.5
465,3967.555844,3966.640512,3967.033845,3967.502511,3969.806509,1,2.99999999999994,0.0299999999999997,7.00000000000003,1,2,66,0.5
466,3971.170508,3970.234508,3970.543841,3971.117174,3972.793172,0,2.99999999999994,0.0299999999999997,5.99999999999996,2,1,65,0.5
467,3974.226504,3973.203839,3973.457838,3974.173171,3976.396502,0,2.99999999999994,0.0299999999999997,5.99999999999996,2,1,65,0.5
468,3978.075167,3976.954502,3977.333168,3978.021834,3980.502498,1,2.99999999999994,0.0299999999999997,7.00000000000003,1,2,66,0.5
469,3981.90983,3980.897831,3981.230497,3981.856497,3983.943161,0,2.99999999999994,0.0299999999999997,5.99999999999996,2,1,65,0.5
470,3985.338493,3984.495827,3984.87116,3985.338493,3999.782479,0,NaN,0,7.00000000000003,1,2,66,0.5
471,4001.201144,4000.235812,4000.525811,4001.147811,4002.973142,0,2.99999999999994,0.0299999999999997,5.99999999999996,2,1,65,0.5
472,4004.79514,4003.707808,4004.177808,4004.741807,4006.989138,1,2.99999999999994,0.0299999999999997,7.00000000000003,1,2,66,0.5
473,4008.273804,4007.407138,4007.689138,4008.265137,4009.865135,0,2.99999999999994,0.0299999999999997,5.99999999999996,2,1,65,0.5
474,4011.721134,4010.637135,4011.025801,4011.6678,4013.864465,1,2.99999999999994,0.0299999999999997,7.00000000000003,1,2,66,0.5
475,4015.40513,4014.366464,4014.709131,4015.351797,4017.935794,0,2.99999999999994,0.0299999999999997,5.99999999999996,2,1,65,0.5
476,4019.214459,4018.415127,4018.63246,4019.161126,4021.217124,0,2.99999999999994,0.0299999999999997,5.99999999999996,2,1,65,0.5
477,4022.575789,4021.665124,4021.99379,4022.522456,4025.611786,1,2.99999999999994,0.0299999999999997,7.00000000000003,1,2,66,0.5
478,4026.939785,4026.027786,4026.322452,4026.886452,4028.983783,0,2.99999999999994,0.0299999999999997,5.99999999999996,2,1,65,0.5
479,4030.204448,4029.505116,4029.702449,4030.151115,4032.895779,0,2.99999999999994,0.0299999999999997,5.99999999999996,2,1,65,0.5
480,4034.250444,4033.419779,4033.655112,4034.247778,4036.662442,0,2.99999999999994,0.0299999999999997,5.99999999999996,2,1,65,0.5
481,4038.521107,4037.626441,4037.854441,4038.467774,4040.980438,1,2.99999999999994,0.0299999999999997,7.00000000000003,1,2,66,0.5
482,4042.260436,4041.444437,4041.75177,4042.207103,4044.336434,1,2.99999999999994,0.0299999999999997,7.00000000000003,1,2,66,0.5
483,4045.628433,4044.8211,4045.148433,4045.5751,4047.643098,1,2.99999999999994,0.0299999999999997,7.00000000000003,1,2,66,0.5
484,4049.083763,4048.067097,4048.357097,4049.03043,4051.194427,0,2.99999999999994,0.0299999999999997,5.99999999999996,2,1,65,0.5
485,4052.447093,4051.691094,4051.90376,4052.444426,4054.220424,0,2.99999999999994,0.0299999999999997,5.99999999999996,2,1,65,0.5
486,4055.62109,4054.669757,4054.920424,4055.618423,4057.423088,1,2.99999999999994,0.0299999999999997,7.00000000000003,1,2,66,0.5
487,4058.747753,4057.854421,4058.175754,4058.69442,4060.653751,1,2.99999999999994,0.0299999999999997,7.00000000000003,1,2,66,0.5
488,4061.90175,4061.087084,4061.350417,4061.848417,4064.202414,0,2.99999999999994,0.0299999999999997,5.99999999999996,2,1,65,0.5
489,4065.78508,4065.171747,4065.220413,4065.78508,4072.737739,0,NaN,0,7.00000000000003,1,2,66,0.5
490,4143.975001,4142.655669,4143.146335,4143.972335,4148.571663,1,2.99999999999994,0.0299999999999997,7.00000000000003,1,2,66,0.5
491,4150.796328,4149.559662,4149.844995,4150.742995,4152.204326,0,2.99999999999994,0.0299999999999997,5.99999999999996,2,1,65,0.5
492,4154.225658,4153.126325,4153.516992,4154.172324,4155.410323,1,2.99999999999994,0.0299999999999997,7.00000000000003,1,2,66,0.5
493,4156.788322,4155.855656,4156.212322,4156.785655,4159.03832,1,2.99999999999994,0.0299999999999997,7.00000000000003,1,2,66,0.5
494,4160.452318,4159.510986,4159.890985,4160.449652,4163.975648,1,2.99999999999994,0.0299999999999997,7.00000000000003,1,2,66,0.5
495,4165.504313,4164.456314,4164.744314,4165.45098,4167.853644,0,2.99999999999994,0.0299999999999997,5.99999999999996,2,1,65,0.5
496,4169.397643,4168.509643,4168.814976,4169.397643,4184.980296,0,NaN,0,7.00000000000003,1,2,66,0.5
497,4186.615625,4185.536293,4185.924959,4186.562292,4188.645623,1,2.99999999999994,0.0299999999999997,7.00000000000003,1,2,66,0.5
498,4189.828289,4189.05629,4189.368289,4189.809622,4191.934953,1,2.99999999999994,0.0299999999999997,7.00000000000003,1,2,66,0.5
499,4193.279619,4192.32362,4192.620953,4193.226285,4195.059617,0,2.99999999999994,0.0299999999999997,5.99999999999996,2,1,65,0.5
500,4196.368949,4195.557617,4195.786283,4196.315616,4198.240947,0,2.99999999999994,0.0299999999999997,5.99999999999996,2,1,65,0.5
501,4199.452946,4198.709613,4199.006946,4199.452946,4205.872939,0,NaN,0,7.00000000000003,1,2,66,0.5
502,4436.898708,4434.962044,4435.631376,4436.896042,4441.77337,1,2.99999999999994,0.0299999999999997,7.00000000000003,1,2,66,0.5
503,4443.544035,4442.55137,4442.939369,4443.490702,4444.810034,1,2.99999999999994,0.0299999999999997,7.00000000000003,1,2,66,0.5
504,4446.237366,4445.2987,4445.617366,4446.234699,4449.302029,1,2.99999999999994,0.0299999999999997,7.00000000000003,1,2,66,0.5
505,4450.920694,4449.890029,4450.183366,4450.867361,4451.95536,0,2.99999999999994,0.0299999999999997,5.99999999999996,2,1,65,0.5
506,4453.642692,4452.586026,4452.956026,4453.589358,4456.092689,1,2.99999999999994,0.0299999999999997,7.00000000000003,1,2,66,0.5
507,4457.515354,4456.639355,4456.951355,4457.462021,4459.548686,1,2.99999999999994,0.0299999999999997,7.00000000000003,1,2,66,0.5
508,4460.795351,4460.011352,4460.325352,4460.792684,4462.910682,1,2.99999999999994,0.0299999999999997,7.00000000000003,1,2,66,0.5
509,4464.353348,4463.434015,4463.708015,4464.300014,4465.032014,0,2.99999999999994,0.0299999999999997,5.99999999999996,2,1,65,0.5
510,4466.340012,4465.49268,4465.725346,4466.286679,4466.844678,0,2.99999999999994,0.0299999999999997,5.99999999999996,2,1,65,0.5
511,4479.871332,4467.248678,4467.459344,NaN,4482.385996,NaN,NaN,0,5.99999999999996,2,1,65,0.5
512,4549.857929,4548.55193,4548.955263,4549.804595,4568.63791,1,2.99999999999994,0.0299999999999997,7.00000000000003,1,2,66,0.5
513,4572.201906,4570.795908,4571.116574,4572.148573,4575.51457,0,2.99999999999994,0.0299999999999997,5.99999999999996,2,1,65,0.5
514,4578.253234,4577.355901,4577.545901,4578.250567,4578.8239,0,2.99999999999994,0.0299999999999997,5.99999999999996,2,1,65,0.5
515,4580.457231,4579.357899,4579.783899,4580.403898,4582.42923,1,2.99999999999994,0.0299999999999997,7.00000000000003,1,2,66,0.5
516,4583.898561,4582.983229,4583.345229,4583.895895,4584.695894,1,2.99999999999994,0.0299999999999997,7.00000000000003,1,2,66,0.5
517,4586.103893,4585.14256,4585.44256,4586.050559,4586.519892,0,2.99999999999994,0.0299999999999997,5.99999999999996,2,1,65,0.5
518,4589.347889,4588.24189,4588.649223,4589.294556,4591.365887,1,2.99999999999994,0.0299999999999997,7.00000000000003,1,2,66,0.5
519,4592.769886,4591.817221,4592.117887,4592.716553,4594.79255,0,2.99999999999994,0.0299999999999997,5.99999999999996,2,1,65,0.5
520,4596.353882,4595.545216,4595.76655,4596.300549,4597.709214,0,2.99999999999994,0.0299999999999997,5.99999999999996,2,1,65,0.5
521,4599.355879,4598.526547,4598.744547,4599.302546,4601.527877,0,2.99999999999994,0.0299999999999997,5.99999999999996,2,1,65,0.5
522,4603.370542,4602.27921,4602.645209,4603.317209,4605.273207,1,2.99999999999994,0.0299999999999997,7.00000000000003,1,2,66,0.5
523,4606.634539,4605.77454,4606.010539,4606.581205,4608.610537,0,2.99999999999994,0.0299999999999997,5.99999999999996,2,1,65,0.5
524,4609.802535,4609.107203,4609.314536,4609.802535,4610.737868,0,NaN,0,7.00000000000003,1,2,66,0.5
525,4616.953195,4615.997863,4616.259862,4616.899862,4619.261193,0,2.99999999999994,0.0299999999999997,5.99999999999996,2,1,65,0.5
526,4620.465191,4619.812525,4619.987859,4620.465191,4625.591853,0,NaN,0,7.00000000000003,1,2,66,0.5
527,4627.381851,4626.435186,4626.712519,4627.328518,4630.399848,0,2.99999999999994,0.0299999999999997,5.99999999999996,2,1,65,0.5
528,4631.82318,4630.921181,4631.256514,4631.791847,4633.944511,1,2.99999999999994,0.0299999999999997,7.00000000000003,1,2,66,0.5
529,4635.125843,4634.322511,4634.616511,4635.123177,4637.208508,1,2.99999999999994,0.0299999999999997,7.00000000000003,1,2,66,0.5
530,4638.540507,4637.651841,4637.907174,4638.487173,4640.741171,0,2.99999999999994,0.0299999999999997,5.99999999999996,2,1,65,0.5
531,4642.008503,4641.309837,4641.551837,4642.008503,4648.326497,0,NaN,0,7.00000000000003,1,2,66,0.5
532,4650.189828,4649.05983,4649.518496,4650.136495,4652.528493,1,2.99999999999994,0.0299999999999997,7.00000000000003,1,2,66,0.5
533,4653.747825,4652.956492,4653.272492,4653.745158,4655.63049,1,2.99999999999994,0.0299999999999997,7.00000000000003,1,2,66,0.5
534,4657.853821,4656.931155,4657.187155,4657.800488,4659.953819,0,2.99999999999994,0.0299999999999997,5.99999999999996,2,1,65,0.5
535,4661.51715,4660.628485,4660.971818,4661.51315,4663.847148,1,2.99999999999994,0.0299999999999997,7.00000000000003,1,2,66,0.5
536,4665.103147,4664.293148,4664.610481,4665.049814,4667.248478,1,2.99999999999994,0.0299999999999997,7.00000000000003,1,2,66,0.5
537,4668.397144,4667.649144,4667.957144,4668.394477,4670.177808,1,2.99999999999994,0.0299999999999997,7.00000000000003,1,2,66,0.5
538,4671.46914,4670.579808,4670.878474,4671.415807,4673.551138,0,2.99999999999994,0.0299999999999997,5.99999999999996,2,1,65,0.5
539,4674.89047,4674.139138,4674.445804,4674.89047,4680.293132,0,NaN,0,7.00000000000003,1,2,66,0.5
540,4681.936463,4680.727798,4681.289797,4681.933797,4683.872461,1,2.99999999999994,0.0299999999999997,7.00000000000003,1,2,66,0.5
541,4685.09446,4684.335128,4684.642461,4685.091794,4687.199125,1,2.99999999999994,0.0299999999999997,7.00000000000003,1,2,66,0.5
542,4689.082456,4688.25779,4688.449124,4689.02979,4691.011788,0,2.99999999999994,0.0299999999999997,5.99999999999996,2,1,65,0.5
543,4692.344453,4691.449121,4691.811787,4692.334453,4694.417784,1,2.99999999999994,0.0299999999999997,7.00000000000003,1,2,66,0.5
544,4695.57845,4694.819117,4695.139117,4695.525116,4697.389781,1,2.99999999999994,0.0299999999999997,7.00000000000003,1,2,66,0.5
545,4698.64378,4697.812447,4698.172447,4698.590447,4700.494445,1,2.99999999999994,0.0299999999999997,7.00000000000003,1,2,66,0.5
546,4701.728444,4700.889111,4701.186444,4701.67511,4703.651108,0,2.99999999999994,0.0299999999999997,5.99999999999996,2,1,65,0.5
547,4704.861774,4704.117108,4704.398441,4704.861774,4718.12976,0,NaN,0,7.00000000000003,1,2,66,0.5
548,4719.827092,4718.72776,4719.116426,4719.774426,4725.233753,1,2.99999999999994,0.0299999999999997,7.00000000000003,1,2,66,0.5
549,4726.655085,4725.719753,4726.049753,4726.652419,4728.450417,1,2.99999999999994,0.0299999999999997,7.00000000000003,1,2,66,0.5
550,4729.813749,4728.870416,4729.124416,4729.811082,4731.466414,0,2.99999999999994,0.0299999999999997,5.99999999999996,2,1,65,0.5
551,4732.844412,4732.016413,4732.23308,4732.791079,4734.589744,0,2.99999999999994,0.0299999999999997,5.99999999999996,2,1,65,0.5
552,4735.973743,4735.12641,4735.361077,4735.971076,4737.844407,0,2.99999999999994,0.0299999999999997,5.99999999999996,2,1,65,0.5
553,4739.315073,4738.361074,4738.69574,4739.312406,4741.147737,1,2.99999999999994,0.0299999999999997,7.00000000000003,1,2,66,0.5
554,4742.584403,4741.659737,4741.91707,4742.584403,4748.54973,1,NaN,0,5.99999999999996,2,1,65,0.5
555,4750.041729,4749.159063,4749.409729,4749.988395,4751.725727,0,2.99999999999994,0.0299999999999997,5.99999999999996,2,1,65,0.5
556,4753.185725,4752.24706,4752.582393,4753.183059,4755.075057,1,2.99999999999994,0.0299999999999997,7.00000000000003,1,2,66,0.5
557,4756.373722,4755.473056,4755.834389,4756.371056,4758.27972,1,2.99999999999994,0.0299999999999997,7.00000000000003,1,2,66,0.5
558,4759.541719,4758.677053,4759.00372,4759.531719,4761.586384,0,2.99999999999994,0.0299999999999997,5.99999999999996,2,1,65,0.5
559,4763.169049,4762.20105,4762.517049,4763.115716,4764.873714,1,2.99999999999994,0.0299999999999997,7.00000000000003,1,2,66,0.5
560,4766.212379,4765.27638,4765.55838,4766.209712,4768.187044,0,2.99999999999994,0.0299999999999997,5.99999999999996,2,1,65,0.5
561,4769.549709,4768.74371,4768.988376,4769.547042,4771.417041,0,2.99999999999994,0.0299999999999997,5.99999999999996,2,1,65,0.5
562,4772.625706,4772.00104,4772.215706,4772.589706,4774.243038,0,2.99999999999994,0.0299999999999997,5.99999999999996,2,1,65,0.5
563,4775.823036,4774.753704,4775.095037,4775.769703,4777.656368,1,2.99999999999994,0.0299999999999997,7.00000000000003,1,2,66,0.5
564,4778.8317,4778.051701,4778.2937,4778.829033,4780.890364,0,2.99999999999994,0.0299999999999997,5.99999999999996,2,1,65,0.5
565,4782.13303,4781.367031,4781.580364,4782.079697,4783.978361,0,2.99999999999994,0.0299999999999997,5.99999999999996,2,1,65,0.5
566,4785.367693,4784.585027,4784.867027,4785.367693,4797.336348,0,NaN,0,7.00000000000003,1,2,66,0.5
567,4798.773013,4797.763014,4798.116347,4798.71968,4800.551679,1,2.99999999999994,0.0299999999999997,7.00000000000003,1,2,66,0.5
568,4801.792343,4800.959678,4801.265011,4801.789677,4803.445675,1,2.99999999999994,0.0299999999999997,7.00000000000003,1,2,66,0.5
569,4804.696341,4803.817008,4804.085008,4804.643007,4806.404339,0,2.99999999999994,0.0299999999999997,5.99999999999996,2,1,65,0.5
570,4807.591004,4806.899005,4807.113672,4807.591004,4816.996328,0,NaN,0,7.00000000000003,1,2,66,0.5
571,4818.894326,4817.553661,4817.909661,4818.894326,4826.346986,1,NaN,0,5.99999999999996,2,1,65,0.5
572,4827.762318,4826.942318,4827.191651,4827.708984,4831.701647,0,2.99999999999994,0.0299999999999997,5.99999999999996,2,1,65,0.5
573,4832.936979,4832.201646,4832.413646,4832.883646,4834.971646,0,2.99999999999994,0.0299999999999997,5.99999999999996,2,1,65,0.5
574,4836.198976,4835.48831,4835.685643,4836.145642,4838.096974,0,2.99999999999994,0.0299999999999997,5.99999999999996,2,1,65,0.5
575,4839.525639,4838.674307,4838.878306,4839.472306,4841.282304,0,2.99999999999994,0.0299999999999997,5.99999999999996,2,1,65,0.5
576,4842.908302,4841.83897,4842.21697,4842.854969,4844.749634,1,2.99999999999994,0.0299999999999997,7.00000000000003,1,2,66,0.5
577,4845.977633,4845.093634,4845.349633,4845.924299,4847.900297,0,2.99999999999994,0.0299999999999997,5.99999999999996,2,1,65,0.5
578,4849.160963,4848.37563,4848.618963,4849.160963,4849.619629,0,NaN,0,7.00000000000003,1,2,66,0.5
579,4857.848287,4856.882288,4857.098288,4857.845621,4859.413619,0,2.99999999999994,0.0299999999999997,5.99999999999996,2,1,65,0.5
580,4860.743618,4859.968952,4860.162952,4860.690285,4862.201616,0,2.99999999999994,0.0299999999999997,5.99999999999996,2,1,65,0.5
581,4863.608948,4862.917616,4863.120282,4863.608948,4866.232279,1,NaN,0,5.99999999999996,2,1,65,0.5
582,4888.548923,4887.465591,4887.820924,4888.49559,4892.048253,1,2.99999999999994,0.0299999999999997,7.00000000000003,1,2,66,0.5
583,4893.910252,4893.224919,4893.340252,4893.857585,4895.042917,0,2.99999999999994,0.0299999999999997,5.99999999999996,2,1,65,0.5
584,4897.114248,4896.084916,4896.452249,4897.060915,4897.896247,1,2.99999999999994,0.0299999999999997,7.00000000000003,1,2,66,0.5
585,4899.187579,4898.314247,4898.654247,4899.134246,4901.53691,1,2.99999999999994,0.0299999999999997,7.00000000000003,1,2,66,0.5
586,4902.864909,4901.993577,4902.272243,4902.812242,4904.720907,0,2.99999999999994,0.0299999999999997,5.99999999999996,2,1,65,0.5
587,4907.259571,4906.308239,4906.628905,4907.206238,4909.152236,1,2.99999999999994,0.0299999999999997,7.00000000000003,1,2,66,0.5
588,4910.398235,4909.540903,4909.796236,4910.395568,4912.200233,0,2.99999999999994,0.0299999999999997,5.99999999999996,2,1,65,0.5
589,4913.814231,4913.050899,4913.256899,4913.760898,4915.613563,0,2.99999999999994,0.0299999999999997,5.99999999999996,2,1,65,0.5
590,4926.092219,4925.044887,4925.29822,4926.038886,4928.19155,0,2.99999999999994,0.0299999999999997,5.99999999999996,2,1,65,0.5
591,4932.952212,4931.89688,4932.278213,4932.949546,4935.188877,1,2.99999999999994,0.0299999999999997,7.00000000000003,1,2,66,0.5
592,4936.388209,4935.575543,4935.796209,4936.385542,4938.099541,0,2.99999999999994,0.0299999999999997,5.99999999999996,2,1,65,0.5
593,4939.684872,4938.872206,4939.22154,4939.684872,4945.0822,0,NaN,0,7.00000000000003,1,2,66,0.5
594,4948.030864,4947.096198,4947.348198,4948.030864,4948.336197,1,NaN,0,5.99999999999996,2,1,65,0.5
595,4957.455521,4956.488189,4956.848188,4957.452854,4959.064853,1,2.99999999999994,0.0299999999999997,7.00000000000003,1,2,66,0.5
596,4960.354852,4959.486853,4959.701519,4960.301518,4962.231516,0,2.99999999999994,0.0299999999999997,5.99999999999996,2,1,65,0.5
597,4964.747514,4963.964848,4964.229514,4964.694181,4978.1815,0,2.99999999999994,0.0299999999999997,5.99999999999996,2,1,65,0.5
598,4979.660832,4978.688833,4979.048166,4979.607499,4981.591497,1,2.99999999999994,0.0299999999999997,7.00000000000003,1,2,66,0.5
599,4982.802162,4981.94083,4982.19683,4982.748829,4984.594827,0,2.99999999999994,0.0299999999999997,5.99999999999996,2,1,65,0.5
600,4985.990826,4985.302827,4985.51016,4985.990826,4990.099489,0,NaN,0,7.00000000000003,1,2,66,0.5
601,4994.660817,4993.923485,4994.108818,4994.658151,4996.626815,0,2.99999999999994,0.0299999999999997,5.99999999999996,2,1,65,0.5
602,4998.078814,4997.340815,4997.552814,4998.078814,5016.207462,0,NaN,0,7.00000000000003,1,2,66,0.5
603,5017.734794,5016.824128,5017.098128,5017.732128,5020.544125,0,2.99999999999994,0.0299999999999997,5.99999999999996,2,1,65,0.5
604,5021.81079,5020.928124,5021.177457,5021.757457,5023.562788,0,2.99999999999994,0.0299999999999997,5.99999999999996,2,1,65,0.5
605,5024.785454,5024.036121,5024.230788,5024.732121,5040.592771,0,2.99999999999994,0.0299999999999997,5.99999999999996,2,1,65,0.5
606,5042.219436,5041.190104,5041.569437,5042.21677,5044.784767,1,2.99999999999994,0.0299999999999997,7.00000000000003,1,2,66,0.5
607,5045.920099,5045.148767,5045.4321,5045.866766,5047.622764,1,2.99999999999994,0.0299999999999997,7.00000000000003,1,2,66,0.5
608,5048.852763,5047.999431,5048.20943,5048.850096,5050.668761,0,2.99999999999994,0.0299999999999997,5.99999999999996,2,1,65,0.5
609,5207.823271,5206.736605,5207.090605,5207.769938,5210.942601,1,2.99999999999994,0.0299999999999997,7.00000000000003,1,2,66,0.5
610,5212.3406,5211.455934,5211.7006,5212.287266,5213.006599,0,2.99999999999994,0.0299999999999997,5.99999999999996,2,1,65,0.5
611,5219.269259,5218.366594,5218.577927,5219.215926,5220.911258,1,2.99999999999994,0.0299999999999997,7.00000000000003,1,2,66,0.5
612,5222.229923,5221.353257,5221.65859,5222.17659,5223.903922,1,2.99999999999994,0.0299999999999997,7.00000000000003,1,2,66,0.5
613,5225.130587,5224.339254,5224.632587,5225.12792,5227.735251,1,2.99999999999994,0.0299999999999997,7.00000000000003,1,2,66,0.5
614,5229.145916,5228.249917,5228.495917,5229.092583,5229.846582,0,2.99999999999994,0.0299999999999997,5.99999999999996,2,1,65,0.5
615,5231.547247,5230.653248,5230.976581,5231.54458,5233.883911,1,2.99999999999994,0.0299999999999997,7.00000000000003,1,2,66,0.5
616,5235.218577,5234.333244,5234.588577,5235.21591,5235.992576,0,2.99999999999994,0.0299999999999997,5.99999999999996,2,1,65,0.5
617,5237.155241,5236.461242,5236.685242,5237.101908,5239.125906,0,2.99999999999994,0.0299999999999997,5.99999999999996,2,1,65,0.5
618,5240.441238,5239.835239,5240.044572,5240.441238,5245.841899,0,NaN,0,7.00000000000003,1,2,66,0.5
619,5247.572564,5246.721899,5246.967232,5247.519232,5249.543896,0,2.99999999999994,0.0299999999999997,5.99999999999996,2,1,65,0.5
620,5251.007894,5250.074562,5250.375228,5250.954561,5252.824559,1,2.99999999999994,0.0299999999999997,7.00000000000003,1,2,66,0.5
621,5254.750557,5253.884558,5254.057891,5254.697224,5256.852555,0,2.99999999999994,0.0299999999999997,5.99999999999996,2,1,65,0.5
622,5258.136554,5257.321221,5257.561888,5258.083221,5259.902552,0,2.99999999999994,0.0299999999999997,5.99999999999996,2,1,65,0.5
623,5261.075884,5260.403885,5260.599885,5261.075884,5266.611212,0,NaN,0,7.00000000000003,1,2,66,0.5
624,5268.194544,5267.179878,5267.551211,5268.14121,5269.798542,1,2.99999999999994,0.0299999999999997,7.00000000000003,1,2,66,0.5
625,5271.067874,5270.211208,5270.488541,5271.065208,5273.113206,0,2.99999999999994,0.0299999999999997,5.99999999999996,2,1,65,0.5
626,5274.483871,5273.642538,5273.897871,5274.431204,5276.160536,0,2.99999999999994,0.0299999999999997,5.99999999999996,2,1,65,0.5
627,5277.760534,5277.034535,5277.283868,5277.757868,5279.623199,1,2.99999999999994,0.0299999999999997,7.00000000000003,1,2,66,0.5
628,5280.784531,5280.035865,5280.315865,5280.781865,5282.795862,1,2.99999999999994,0.0299999999999997,7.00000000000003,1,2,66,0.5
629,5283.949861,5283.237862,5283.527195,5283.896528,5286.219192,1,2.99999999999994,0.0299999999999997,7.00000000000003,1,2,66,0.5
630,5287.591191,5286.653192,5286.906525,5287.537858,5289.395856,0,2.99999999999994,0.0299999999999997,5.99999999999996,2,1,65,0.5
631,5290.593855,5289.896522,5290.175855,5290.593855,5297.365181,0,NaN,0,7.00000000000003,1,2,66,0.5
632,5298.97318,5298.21118,5298.53118,5298.956513,5300.845844,1,2.99999999999994,0.0299999999999997,7.00000000000003,1,2,66,0.5
633,5301.955177,5301.223844,5301.517177,5301.955177,5312.3165,1,NaN,0,5.99999999999996,2,1,65,0.5
634,5313.823165,5312.827832,5313.193165,5313.769832,5317.221161,1,2.99999999999994,0.0299999999999997,7.00000000000003,1,2,66,0.5
635,5318.39716,5317.605828,5317.937827,5318.394494,5320.144492,1,2.99999999999994,0.0299999999999997,7.00000000000003,1,2,66,0.5
636,5321.413824,5320.528491,5320.846491,5321.360491,5322.347156,1,2.99999999999994,0.0299999999999997,7.00000000000003,1,2,66,0.5
637,5323.443822,5322.703823,5323.014489,5323.441155,5324.930487,1,2.99999999999994,0.0299999999999997,7.00000000000003,1,2,66,0.5
638,5326.239152,5325.35382,5325.675153,5326.185819,5327.843817,0,2.99999999999994,0.0299999999999997,5.99999999999996,2,1,65,0.5
639,5329.122483,5328.28515,5328.59515,5329.06915,5330.843814,1,2.99999999999994,0.0299999999999997,7.00000000000003,1,2,66,0.5
640,5332.19248,5331.216481,5331.469147,5332.19248,5334.136478,1,NaN,0,5.99999999999996,2,1,65,0.5
641,5338.744473,5337.809807,5338.14914,5338.741807,5340.348472,1,2.99999999999994,0.0299999999999997,7.00000000000003,1,2,66,0.5
642,5341.54647,5340.732471,5341.065138,5341.493137,5343.359135,1,2.99999999999994,0.0299999999999997,7.00000000000003,1,2,66,0.5
643,5344.533801,5343.755135,5344.044468,5344.480467,5345.794466,1,2.99999999999994,0.0299999999999997,7.00000000000003,1,2,66,0.5
644,5347.045798,5346.171799,5346.439799,5346.992465,5348.72513,0,2.99999999999994,0.0299999999999997,5.99999999999996,2,1,65,0.5
645,5349.799796,5349.175129,5349.409129,5349.769796,5351.49046,0,2.99999999999994,0.0299999999999997,5.99999999999996,2,1,65,0.5
646,5352.769793,5351.993127,5352.231126,5352.716459,5354.587124,0,2.99999999999994,0.0299999999999997,5.99999999999996,2,1,65,0.5
647,5355.893123,5355.075124,5355.377123,5355.839789,5357.584454,1,2.99999999999994,0.0299999999999997,7.00000000000003,1,2,66,0.5
648,5358.740453,5357.968454,5358.21712,5358.737787,5360.639118,0,2.99999999999994,0.0299999999999997,5.99999999999996,2,1,65,0.5
649,5361.759784,5361.113784,5361.316451,5361.759784,5366.781112,0,NaN,0,7.00000000000003,1,2,66,0.5
650,5368.337777,5367.540444,5367.763778,5368.28511,5369.823109,0,2.99999999999994,0.0299999999999997,5.99999999999996,2,1,65,0.5
651,5371.063774,5370.245775,5370.563775,5371.055774,5372.692439,1,2.99999999999994,0.0299999999999997,7.00000000000003,1,2,66,0.5
652,5373.899771,5373.087106,5373.361772,5373.846438,5375.621103,0,2.99999999999994,0.0299999999999997,5.99999999999996,2,1,65,0.5
653,5376.915768,5376.213103,5376.446436,5376.862435,5378.288434,0,2.99999999999994,0.0299999999999997,5.99999999999996,2,1,65,0.5
654,5379.626432,5378.751767,5379.062433,5379.623766,5381.249097,1,2.99999999999994,0.0299999999999997,7.00000000000003,1,2,66,0.5
655,5382.39443,5381.63443,5381.89243,5382.341096,5383.972428,0,2.99999999999994,0.0299999999999997,5.99999999999996,2,1,65,0.5
656,5385.117093,5384.492427,5384.661094,5385.086427,5386.730425,0,2.99999999999994,0.0299999999999997,5.99999999999996,2,1,65,0.5
657,5387.877757,5387.169091,5387.389758,5387.825091,5389.490422,0,2.99999999999994,0.0299999999999997,5.99999999999996,2,1,65,0.5
658,5390.598421,5389.953755,5390.169755,5390.598421,5391.217087,0,NaN,0,7.00000000000003,1,2,66,0.5
659,5400.653745,5399.633746,5399.883079,5400.600411,5402.163743,0,2.99999999999994,0.0299999999999997,5.99999999999996,2,1,65,0.5
660,5403.580408,5402.587076,5402.938409,5403.527075,5404.963074,1,2.99999999999994,0.0299999999999997,7.00000000000003,1,2,66,0.5
661,5406.016406,5405.28374,5405.479073,5406.013739,5415.144397,0,2.99999999999994,0.0299999999999997,5.99999999999996,2,1,65,0.5
662,5466.935678,5465.940346,5466.359012,5466.935678,5467.376345,0,NaN,0,7.00000000000003,1,2,66,0.5
663,5487.100992,5474.478337,5474.656337,NaN,5495.158983,NaN,NaN,0,7.00000000000003,1,2,66,0.5
664,5569.759576,5557.136921,5557.383588,NaN,NaN,NaN,NaN,0,5.99999999999996,2,1,65,0.5
665,6307.047505,6304.998174,6305.59684,6307.044838,6310.160168,1,2.99999999999994,0.0299999999999997,7.00000000000003,1,2,66,0.5
666,6317.056162,6316.325496,6316.534829,6317.056162,6337.214808,0,NaN,0,7.00000000000003,1,2,66,0.5
667,6344.642134,6342.824802,6342.998136,6344.588801,6346.922132,1,2.99999999999994,0.0299999999999997,7.00000000000003,1,2,66,0.5
668,6348.49813,6347.532131,6347.806131,6348.444797,6375.671436,0,2.99999999999994,0.0299999999999997,5.99999999999996,2,1,65,0.5
669,6389.864756,6388.84809,6389.066756,6389.811422,6390.642088,0,2.99999999999994,0.0299999999999997,5.99999999999996,2,1,65,0.5
670,6393.348752,6392.180753,6392.648086,6393.295419,6394.900084,1,2.99999999999994,0.0299999999999997,7.00000000000003,1,2,66,0.5
671,6396.600749,6395.60875,6395.844749,6396.547415,6397.356748,0,2.99999999999994,0.0299999999999997,5.99999999999996,2,1,65,0.5
672,6398.84208,6397.968747,6398.183414,6398.788746,6401.92741,0,2.99999999999994,0.0299999999999997,5.99999999999996,2,1,65,0.5
673,6403.498075,6402.444076,6402.834743,6403.444742,6406.420072,1,2.99999999999994,0.0299999999999997,7.00000000000003,1,2,66,0.5
674,6408.93007,6407.878071,6408.096071,6408.876736,6409.703402,0,2.99999999999994,0.0299999999999997,5.99999999999996,2,1,65,0.5
675,6411.474734,6410.422068,6410.804735,6411.421401,6414.218064,1,2.99999999999994,0.0299999999999997,7.00000000000003,1,2,66,0.5
676,6415.637396,6414.686731,6415.00273,6415.584063,6416.194062,0,2.99999999999994,0.0299999999999997,5.99999999999996,2,1,65,0.5
677,6417.768728,6416.854062,6417.164729,6417.766061,6418.44206,0,2.99999999999994,0.0299999999999997,5.99999999999996,2,1,65,0.5
678,6422.977389,6419.490059,6419.795392,6422.977389,6429.681382,1,NaN,0,5.99999999999996,2,1,65,0.5
679,6435.69871,6434.679377,6435.113377,6435.696043,6436.689375,1,2.99999999999994,0.0299999999999997,7.00000000000003,1,2,66,0.5
680,6438.480707,6437.446708,6437.940041,6438.427374,6441.300037,1,2.99999999999994,0.0299999999999997,7.00000000000003,1,2,66,0.5
681,6442.695369,6441.746037,6442.15337,6442.692703,6445.696033,1,2.99999999999994,0.0299999999999997,7.00000000000003,1,2,66,0.5
682,6447.317365,6446.131366,6446.497365,6447.264031,6448.743363,0,2.99999999999994,0.0299999999999997,5.99999999999996,2,1,65,0.5
683,6450.004696,6449.233363,6449.472696,6450.002029,6452.470026,0,2.99999999999994,0.0299999999999997,5.99999999999996,2,1,65,0.5
684,6454.044025,6452.974692,6453.324025,6453.990691,6456.108023,1,2.99999999999994,0.0299999999999997,7.00000000000003,1,2,66,0.5
685,6459.256019,6458.085354,6458.399354,6459.253353,6460.925351,1,2.99999999999994,0.0299999999999997,7.00000000000003,1,2,66,0.5
686,6462.282683,6461.419351,6461.742017,6462.22935,6464.622681,1,2.99999999999994,0.0299999999999997,7.00000000000003,1,2,66,0.5
687,6465.997346,6465.051347,6465.356013,6465.944679,6467.829344,0,2.99999999999994,0.0299999999999997,5.99999999999996,2,1,65,0.5
688,6469.166009,6468.39601,6468.637343,6469.112676,6471.069341,0,2.99999999999994,0.0299999999999997,5.99999999999996,2,1,65,0.5
689,6473.054672,6472.090007,6472.398673,6473.001339,6475.19867,1,2.99999999999994,0.0299999999999997,7.00000000000003,1,2,66,0.5
690,6476.572002,6475.70267,6476.024669,6476.518669,6479.511999,1,2.99999999999994,0.0299999999999997,7.00000000000003,1,2,66,0.5
691,6480.959998,6480.031332,6480.291998,6480.906664,6482.821329,0,2.99999999999994,0.0299999999999997,5.99999999999996,2,1,65,0.5
692,6484.291994,6483.491328,6483.782661,6484.238661,6486.381326,1,2.99999999999994,0.0299999999999997,7.00000000000003,1,2,66,0.5
693,6487.763324,6486.839992,6487.088658,6487.709991,6489.987322,0,2.99999999999994,0.0299999999999997,5.99999999999996,2,1,65,0.5
694,6491.193321,6490.451322,6490.664655,6491.193321,6493.627318,0,NaN,0,7.00000000000003,1,2,66,0.5
695,6504.133974,6502.981976,6503.356642,6504.080641,6508.041971,1,2.99999999999994,0.0299999999999997,7.00000000000003,1,2,66,0.5
696,6509.548636,6508.528637,6508.846636,6509.495302,6511.202634,0,2.99999999999994,0.0299999999999997,5.99999999999996,2,1,65,0.5
697,6512.542633,6511.6653,6511.893967,6512.489299,6515.139964,0,2.99999999999994,0.0299999999999997,5.99999999999996,2,1,65,0.5
698,6516.392629,6515.625963,6515.831296,6516.392629,6522.369956,0,NaN,0,7.00000000000003,1,2,66,0.5
699,6524.334622,6523.407289,6523.699288,6524.281288,6526.394619,0,2.99999999999994,0.0299999999999997,5.99999999999996,2,1,65,0.5
700,6527.621284,6526.829952,6527.071952,6527.618618,6529.573949,0,2.99999999999994,0.0299999999999997,5.99999999999996,2,1,65,0.5
701,6530.821281,6530.049949,6530.301948,6530.818614,6533.192612,0,2.99999999999994,0.0299999999999997,5.99999999999996,2,1,65,0.5
702,6534.474611,6533.669278,6533.861945,6534.471944,6536.246609,1,2.99999999999994,0.0299999999999997,7.00000000000003,1,2,66,0.5
703,6537.421275,6536.636609,6536.940608,6537.367941,6538.269274,1,2.99999999999994,0.0299999999999997,7.00000000000003,1,2,66,0.5
704,6539.443939,6538.665273,6538.94794,6539.390606,6541.250604,0,2.99999999999994,0.0299999999999997,5.99999999999996,2,1,65,0.5
705,6542.813936,6541.831937,6542.157936,6542.760603,6544.623267,1,2.99999999999994,0.0299999999999997,7.00000000000003,1,2,66,0.5
706,6545.804599,6545.019934,6545.3426,6545.751266,6547.870597,1,2.99999999999994,0.0299999999999997,7.00000000000003,1,2,66,0.5
707,6549.021263,6548.262597,6548.575263,6548.96793,6551.093261,1,2.99999999999994,0.0299999999999997,7.00000000000003,1,2,66,0.5
708,6552.45126,6551.507927,6551.78926,6552.448593,6554.837924,0,2.99999999999994,0.0299999999999997,5.99999999999996,2,1,65,0.5
709,6556.112589,6555.271257,6555.479256,6556.059256,6557.979254,0,2.99999999999994,0.0299999999999997,5.99999999999996,2,1,65,0.5
710,6559.293919,6558.53992,6558.745253,6559.240586,6561.200584,0,2.99999999999994,0.0299999999999997,5.99999999999996,2,1,65,0.5
711,6562.673249,6561.688584,6561.996583,6562.619916,6564.759914,1,2.99999999999994,0.0299999999999997,7.00000000000003,1,2,66,0.5
712,6570.149242,6569.297909,6569.606576,6570.095909,6572.734573,1,2.99999999999994,0.0299999999999997,7.00000000000003,1,2,66,0.5
713,6573.809238,6573.147905,6573.433239,6573.809238,6575.977236,1,NaN,0,5.99999999999996,2,1,65,0.5
714,6580.265898,6579.355233,6579.685232,6580.212565,6581.981897,1,2.99999999999994,0.0299999999999997,7.00000000000003,1,2,66,0.5
715,6583.284562,6582.38523,6582.660563,6583.231229,6585.397893,0,2.99999999999994,0.0299999999999997,5.99999999999996,2,1,65,0.5
716,6586.585225,6585.829893,6586.053226,6586.585225,6590.061222,0,NaN,0,7.00000000000003,1,2,66,0.5
717,6596.947882,6595.847883,6596.259216,6596.945215,6598.417214,0,2.99999999999994,0.0299999999999997,5.99999999999996,2,1,65,0.5
718,6600.235212,6599.197213,6599.599212,6600.181878,6602.500543,1,2.99999999999994,0.0299999999999997,7.00000000000003,1,2,66,0.5
719,6603.757208,6602.887876,6603.143875,6603.703875,6605.46054,0,2.99999999999994,0.0299999999999997,5.99999999999996,2,1,65,0.5
720,6606.839205,6605.987206,6606.280539,6606.839205,6612.823866,0,NaN,0,7.00000000000003,1,2,66,0.5
721,6614.339198,6613.455865,6613.707198,6614.285864,6616.361862,0,2.99999999999994,0.0299999999999997,5.99999999999996,2,1,65,0.5
722,6617.520528,6616.753195,6616.975195,6617.517861,6619.592526,0,2.99999999999994,0.0299999999999997,5.99999999999996,2,1,65,0.5
723,6620.765858,6620.062525,6620.297858,6620.712525,6622.745856,0,2.99999999999994,0.0299999999999997,5.99999999999996,2,1,65,0.5
724,6624.018521,6623.205855,6623.535188,6623.965188,6625.896519,1,2.99999999999994,0.0299999999999997,7.00000000000003,1,2,66,0.5
725,6627.156518,6626.281852,6626.577185,6627.103185,6628.982516,1,2.99999999999994,0.0299999999999997,7.00000000000003,1,2,66,0.5
726,6630.086515,6629.344516,6629.636516,6630.074515,6631.80918,1,2.99999999999994,0.0299999999999997,7.00000000000003,1,2,66,0.5
727,6633.232512,6632.24518,6632.540513,6633.179179,6635.151843,0,2.99999999999994,0.0299999999999997,5.99999999999996,2,1,65,0.5
728,6636.375842,6635.595176,6635.801843,6636.373176,6638.089841,0,2.99999999999994,0.0299999999999997,5.99999999999996,2,1,65,0.5
729,6639.295839,6638.55584,6638.769173,6639.293173,6641.305171,0,2.99999999999994,0.0299999999999997,5.99999999999996,2,1,65,0.5
730,6642.579836,6641.716504,6641.993837,6642.577169,6644.420501,1,2.99999999999994,0.0299999999999997,7.00000000000003,1,2,66,0.5
731,6645.6945,6644.823834,6645.103167,6645.641166,6647.469164,1,2.99999999999994,0.0299999999999997,7.00000000000003,1,2,66,0.5
732,6648.657163,6647.869831,6648.111831,6648.60383,6650.314495,0,2.99999999999994,0.0299999999999997,5.99999999999996,2,1,65,0.5
733,6651.579827,6650.824494,6651.043828,6651.52716,6653.095159,0,2.99999999999994,0.0299999999999997,5.99999999999996,2,1,65,0.5
734,6654.432491,6653.631825,6653.849825,6654.379158,6656.416489,0,2.99999999999994,0.0299999999999997,5.99999999999996,2,1,65,0.5
735,6657.863154,6656.868488,6657.147821,6657.809821,6659.829819,1,2.99999999999994,0.0299999999999997,7.00000000000003,1,2,66,0.5
736,6661.123817,6660.273818,6660.509818,6661.070484,6662.936482,0,2.99999999999994,0.0299999999999997,5.99999999999996,2,1,65,0.5
737,6664.035815,6663.381149,6663.541815,6664.033148,6665.685813,0,2.99999999999994,0.0299999999999997,5.99999999999996,2,1,65,0.5
738,6667.063145,6666.159146,6666.433812,6667.009813,6669.941809,1,2.99999999999994,0.0299999999999997,7.00000000000003,1,2,66,0.5
739,6672.977139,6672.076473,6672.338473,6672.974472,6674.509804,1,2.99999999999994,0.0299999999999997,7.00000000000003,1,2,66,0.5
740,6675.703803,6674.911137,6675.133803,6675.703803,6681.372464,1,NaN,0,5.99999999999996,2,1,65,0.5
741,6683.172462,6681.98913,6682.252463,6683.119129,6684.995127,0,2.99999999999994,0.0299999999999997,5.99999999999996,2,1,65,0.5
742,6686.044459,6685.40646,6685.59846,6686.044459,6694.685117,0,NaN,0,7.00000000000003,1,2,66,0.5
743,6696.527115,6695.309783,6695.671783,6696.473782,6698.547113,1,2.99999999999994,0.0299999999999997,7.00000000000003,1,2,66,0.5
744,6699.842445,6698.975113,6699.189113,6699.842445,6706.707105,1,NaN,0,5.99999999999996,2,1,65,0.5
745,6708.39777,6707.071105,6707.509771,6708.344437,6711.025768,1,2.99999999999994,0.0299999999999997,7.00000000000003,1,2,66,0.5
746,6712.567766,6711.7971,6712.110433,6712.565099,6714.657097,1,2.99999999999994,0.0299999999999997,7.00000000000003,1,2,66,0.5
747,6715.969763,6715.06843,6715.36843,6715.916429,6717.784427,0,2.99999999999994,0.0299999999999997,5.99999999999996,2,1,65,0.5
748,6719.780426,6718.982426,6719.173093,6719.767759,6721.620424,0,2.99999999999994,0.0299999999999997,5.99999999999996,2,1,65,0.5
749,6723.293755,6722.163756,6722.37709,6723.240422,6725.097754,1,2.99999999999994,0.0299999999999997,7.00000000000003,1,2,66,0.5
750,6726.205752,6725.489753,6725.791086,6726.152419,6728.167084,1,2.99999999999994,0.0299999999999997,7.00000000000003,1,2,66,0.5
751,6729.370416,6728.51975,6728.74575,6729.317083,6731.282414,0,2.99999999999994,0.0299999999999997,5.99999999999996,2,1,65,0.5
752,6732.496413,6731.785747,6732.03908,6732.44308,6734.314411,0,2.99999999999994,0.0299999999999997,5.99999999999996,2,1,65,0.5
753,6735.759076,6734.829077,6735.137743,6735.75641,6737.995741,1,2.99999999999994,0.0299999999999997,7.00000000000003,1,2,66,0.5
754,6739.156406,6738.365074,6738.644407,6739.153739,6740.837071,1,2.99999999999994,0.0299999999999997,7.00000000000003,1,2,66,0.5
755,6742.076403,6741.202404,6741.438404,6742.02307,6743.754402,0,2.99999999999994,0.0299999999999997,5.99999999999996,2,1,65,0.5
756,6745.0704,6744.241068,6744.564401,6745.067734,6746.711732,1,2.99999999999994,0.0299999999999997,7.00000000000003,1,2,66,0.5
757,6747.905731,6747.107732,6747.356398,6747.852397,6750.033062,0,2.99999999999994,0.0299999999999997,5.99999999999996,2,1,65,0.5
758,6751.151061,6750.526395,6750.762395,6751.113061,6753.027059,0,2.99999999999994,0.0299999999999997,5.99999999999996,2,1,65,0.5
759,6754.215058,6753.488392,6753.695725,6754.161724,6756.065723,0,2.99999999999994,0.0299999999999997,5.99999999999996,2,1,65,0.5
760,6757.577721,6756.513722,6756.803722,6757.524388,6759.461719,1,2.99999999999994,0.0299999999999997,7.00000000000003,1,2,66,0.5
761,6760.714385,6759.882385,6760.173718,6760.711718,6762.352383,1,2.99999999999994,0.0299999999999997,7.00000000000003,1,2,66,0.5
762,6763.486382,6762.726383,6763.000382,6763.483048,6765.335713,1,2.99999999999994,0.0299999999999997,7.00000000000003,1,2,66,0.5
763,6767.051045,6765.729046,6765.958379,6766.997712,6768.68971,0,2.99999999999994,0.0299999999999997,5.99999999999996,2,1,65,0.5
764,6770.083042,6769.264376,6769.571709,6770.080375,6771.321041,0,2.99999999999994,0.0299999999999997,5.99999999999996,2,1,65,0.5
765,6775.049704,6774.098371,6774.383704,6774.99637,6776.704369,1,2.99999999999994,0.0299999999999997,7.00000000000003,1,2,66,0.5
766,6778.037701,6777.150368,6777.457035,6777.984367,6779.500366,0,2.99999999999994,0.0299999999999997,5.99999999999996,2,1,65,0.5
767,6852.39896,6851.353627,6851.604294,6852.345626,6854.890957,0,2.99999999999994,0.0299999999999997,5.99999999999996,2,1,65,0.5
768,6870.644275,6858.021621,6858.146954,NaN,6924.427554,NaN,NaN,0,7.00000000000003,1,2,66,0.5
769,6954.408191,6945.829533,6946.002866,NaN,NaN,NaN,NaN,0,7.00000000000003,1,2,66,0.5
770,6989.118823,6987.885491,6988.266824,6989.06549,6992.782819,1,2.99999999999994,0.0299999999999997,7.00000000000003,1,2,66,0.5
771,7000.103479,6998.62748,6999.002146,7000.050145,7001.664144,1,2.99999999999994,0.0299999999999997,7.00000000000003,1,2,66,0.5
772,7008.63147,7007.593471,7007.751471,7008.63147,7009.231469,0,NaN,0,7.00000000000003,1,2,66,0.5
773,7659.156819,7646.534165,7646.822165,NaN,7665.658146,NaN,NaN,0,5.99999999999996,2,1,65,0.5
774,7667.744144,7666.558145,7666.954812,7667.690811,7672.634139,1,2.99999999999994,0.0299999999999997,7.00000000000003,1,2,66,0.5
775,7674.675471,7673.778138,7674.136804,7674.622137,7675.74147,1,2.99999999999994,0.0299999999999997,7.00000000000003,1,2,66,0.5
776,7677.581468,7676.224136,7676.484135,7677.030135,7710.599435,0,NaN,0,5.99999999999996,2,1,65,0.5
777,7719.766093,7718.615427,7718.922093,7719.712759,7720.385425,0,2.99999999999994,0.0299999999999997,5.99999999999996,2,1,65,0.5
778,7723.038089,7721.894757,7722.413423,7723.035422,7726.233419,1,2.99999999999994,0.0299999999999997,7.00000000000003,1,2,66,0.5
779,7727.846751,7726.855418,7727.165418,7727.793417,7728.712083,0,2.99999999999994,0.0299999999999997,5.99999999999996,2,1,65,0.5
780,7730.170748,7729.254083,7729.629416,7730.117415,7731.008081,1,2.99999999999994,0.0299999999999997,7.00000000000003,1,2,66,0.5
781,7732.692079,7731.68408,7731.98208,7732.689413,7733.497412,0,2.99999999999994,0.0299999999999997,5.99999999999996,2,1,65,0.5
782,7735.468076,7734.228744,7734.726744,7735.414743,7737.284741,1,2.99999999999994,0.0299999999999997,7.00000000000003,1,2,66,0.5
783,7739.366073,7738.544073,7738.862073,7739.363406,7741.304738,1,2.99999999999994,0.0299999999999997,7.00000000000003,1,2,66,0.5
784,7742.914069,7741.810737,7742.128737,7742.860736,7743.542735,0,2.99999999999994,0.0299999999999997,5.99999999999996,2,1,65,0.5
785,7745.066067,7744.203401,7744.438734,7745.0634,7745.6974,0,2.99999999999994,0.0299999999999997,5.99999999999996,2,1,65,0.5
786,7747.095398,7746.355399,7746.594065,7747.042065,7748.394064,0,2.99999999999994,0.0299999999999997,5.99999999999996,2,1,65,0.5
787,7750.296062,7749.193396,7749.641396,7750.242728,7759.363386,1,2.99999999999994,0.0299999999999997,7.00000000000003,1,2,66,0.5
788,7761.399384,7760.528718,7760.864051,7761.396717,7762.203383,1,2.99999999999994,0.0299999999999997,7.00000000000003,1,2,66,0.5
789,7775.384037,7768.993376,7769.310043,NaN,7783.310029,NaN,NaN,0,5.99999999999996,2,1,65,0.5
790,7790.058689,7788.991356,7789.383356,7790.005355,7793.554685,1,2.99999999999994,0.0299999999999997,7.00000000000003,1,2,66,0.5
791,7795.076017,7794.166684,7794.582684,7795.07335,7796.552682,1,2.99999999999994,0.0299999999999997,7.00000000000003,1,2,66,0.5
792,7798.031347,7797.072015,7797.472681,7798.028681,7800.362678,1,2.99999999999994,0.0299999999999997,7.00000000000003,1,2,66,0.5
793,7802.460676,7801.516677,7801.74401,7802.407343,7803.166675,0,2.99999999999994,0.0299999999999997,5.99999999999996,2,1,65,0.5
794,7804.522674,7803.653342,7803.909341,7804.469341,7805.24134,0,2.99999999999994,0.0299999999999997,5.99999999999996,2,1,65,0.5
795,7806.617339,7805.762006,7806.032673,7806.614672,7809.310003,0,2.99999999999994,0.0299999999999997,5.99999999999996,2,1,65,0.5
796,7810.836668,7809.823335,7810.219335,7810.834001,7820.622658,1,2.99999999999994,0.0299999999999997,7.00000000000003,1,2,66,0.5
797,7822.43399,7821.271324,7821.559324,7822.380656,7824.92132,0,2.99999999999994,0.0299999999999997,5.99999999999996,2,1,65,0.5
798,7826.563319,7825.723986,7825.959319,7826.560652,7828.837316,0,2.99999999999994,0.0299999999999997,5.99999999999996,2,1,65,0.5
799,7831.535314,7829.523316,7829.879315,7831.481981,7838.953306,1,2.99999999999994,0.0299999999999997,7.00000000000003,1,2,66,0.5
800,7840.635971,7839.481973,7839.788639,7840.633305,7842.723969,0,2.99999999999994,0.0299999999999997,5.99999999999996,2,1,65,0.5
801,7844.415301,7843.547302,7843.878635,7844.415301,7850.477295,0,NaN,0,7.00000000000003,1,2,66,0.5
802,7853.419959,7851.97996,7852.538626,7853.367292,7855.53129,1,2.99999999999994,0.0299999999999997,7.00000000000003,1,2,66,0.5
803,7859.432619,7858.455953,7858.75662,7859.432619,7864.639281,1,NaN,0,5.99999999999996,2,1,65,0.5
804,7868.855943,7867.771944,7868.089277,7868.80261,7871.276607,0,2.99999999999994,0.0299999999999997,5.99999999999996,2,1,65,0.5
805,7872.681273,7871.935273,7872.19194,7872.678606,7874.429271,0,2.99999999999994,0.0299999999999997,5.99999999999996,2,1,65,0.5
806,7876.065936,7875.003937,7875.382603,7876.063269,7877.911934,1,2.99999999999994,0.0299999999999997,7.00000000000003,1,2,66,0.5
807,7879.317933,7878.4946,7878.815266,7879.315266,7881.616597,1,2.99999999999994,0.0299999999999997,7.00000000000003,1,2,66,0.5
808,7882.865929,7882.098597,7882.410596,7882.812596,7884.864594,1,2.99999999999994,0.0299999999999997,7.00000000000003,1,2,66,0.5
809,7886.534592,7885.37926,7885.750593,7886.531925,7888.365924,0,2.99999999999994,0.0299999999999997,5.99999999999996,2,1,65,0.5
810,7889.763923,7888.997256,7889.329923,7889.763923,7893.231252,0,NaN,0,7.00000000000003,1,2,66,0.5
811,7896.752582,7895.661916,7895.967916,7896.699249,7898.655247,0,2.99999999999994,0.0299999999999997,5.99999999999996,2,1,65,0.5
812,7900.142578,7899.289246,7899.541912,7900.089245,7901.94191,0,2.99999999999994,0.0299999999999997,5.99999999999996,2,1,65,0.5
813,7903.487908,7902.479243,7902.867242,7903.485242,7905.35724,1,2.99999999999994,0.0299999999999997,7.00000000000003,1,2,66,0.5
814,7906.900572,7905.889906,7906.183906,7906.897905,7908.965903,0,2.99999999999994,0.0299999999999997,5.99999999999996,2,1,65,0.5
815,7910.244568,7909.538569,7909.771902,7910.191235,NaN,0,2.99999999999994,0.0299999999999997,5.99999999999996,2,1,65,0.5
