trial,outcome,center_in,center_out,side_in,last_side_out,actions,reward,trial_types,odors,port_side,schedule,odor_name,odor_dur
1,159.113871,157.887209,158.300041,159.061699,176.91896,1,1.99999999999996,0.0200000000000003,7.00000000000003,1,2,66,0.5
2,182.061606,181.177616,181.270777,182.00944,191.11241,0,2.99999999999994,0.0299999999999997,5.99999999999996,2,1,65,0.5
3,192.800897,192.272738,192.411065,192.800897,204.876021,0,NaN,0,7.00000000000003,1,2,66,0.5
4,206.880675,206.258178,206.421848,206.860341,216.092643,0,2.99999999999994,0.0299999999999997,5.99999999999996,2,1,65,0.5
5,216.907306,216.391469,216.425302,216.855134,230.611912,0,2.99999999999994,0.0299999999999997,5.99999999999996,2,1,65,0.5
6,231.92458,231.346909,231.429248,231.872247,235.2804,1,2.99999999999994,0.0299999999999997,7.00000000000003,1,2,66,0.5
7,237.236886,236.269056,236.720894,237.236886,293.06383,0,NaN,0,7.00000000000003,1,2,66,0.5
8,294.278164,293.655494,293.755666,294.258497,297.306812,1,2.99999999999994,0.0299999999999997,7.00000000000003,1,2,66,0.5
9,300.309468,299.248138,299.73447,300.256968,303.886287,1,2.99999999999994,0.0299999999999997,7.00000000000003,1,2,66,0.5
10,304.869782,304.215451,304.37229,304.869782,310.922597,1,NaN,0,5.99999999999996,2,1,65,0.5
11,312.545257,311.696594,311.954754,312.493085,320.535386,0,2.99999999999994,0.0299999999999997,5.99999999999996,2,1,65,0.5
12,324.190705,323.362375,323.73654,324.190705,358.533234,0,NaN,0,7.00000000000003,1,2,66,0.5
13,359.550897,358.928232,359.158737,359.545569,386.558623,0,2.99999999999994,0.0299999999999997,5.99999999999996,2,1,65,0.5
14,389.967948,387.421118,387.665284,389.965942,422.527145,0,2.99999999999994,0.0299999999999997,5.99999999999996,2,1,65,0.5
15,424.166144,423.228642,423.610813,424.166144,443.94706,0,NaN,0,7.00000000000003,1,2,66,0.5
16,449.338043,447.02938,447.503045,449.338043,514.673609,1,NaN,0,5.99999999999996,2,1,65,0.5
17,517.141772,515.501273,515.642606,517.0896,525.208734,1,2.99999999999994,0.0299999999999997,7.00000000000003,1,2,66,0.5
18,527.159727,526.245063,526.441563,527.159727,542.490998,1,NaN,0,5.99999999999996,2,1,65,0.5
19,545.901157,542.909497,543.131996,545.901157,579.921182,1,NaN,0,5.99999999999996,2,1,65,0.5
20,582.934509,581.85718,582.297678,582.882337,621.73102,0,2.99999999999994,0.0299999999999997,5.99999999999996,2,1,65,0.5
21,631.166643,629.310485,629.668317,631.166643,656.069383,1,NaN,0,5.99999999999996,2,1,65,0.5
22,660.958697,657.04554,657.889537,660.906524,672.623484,1,2.99999999999994,0.0299999999999997,7.00000000000003,1,2,66,0.5
23,675.143301,674.192811,674.396804,675.143301,696.824547,1,NaN,0,5.99999999999996,2,1,65,0.5
24,699.891369,699.170372,699.240377,699.891369,717.360133,1,NaN,0,5.99999999999996,2,1,65,0.5
25,719.128459,717.991129,718.417128,719.076131,797.76565,1,2.99999999999994,0.0299999999999997,7.00000000000003,1,2,66,0.5
26,806.35011,805.45528,805.595112,806.297782,815.881411,0,2.99999999999994,0.0299999999999997,5.99999999999996,2,1,65,0.5
27,817.733231,816.759568,816.979567,817.731064,830.617352,1,2.99999999999994,0.0299999999999997,7.00000000000003,1,2,66,0.5
28,832.189173,831.478509,831.670175,832.189173,838.836485,1,NaN,0,5.99999999999996,2,1,65,0.5
29,840.525645,839.916148,840.058481,840.525645,844.544796,1,NaN,0,5.99999999999996,2,1,65,0.5
30,846.805615,845.987957,846.151956,846.805615,853.424094,1,NaN,0,5.99999999999996,2,1,65,0.5
31,854.850416,854.084424,854.273757,854.848249,859.971061,1,2.99999999999994,0.0299999999999997,7.00000000000003,1,2,66,0.5
32,861.854393,861.11373,861.350723,861.854393,869.124859,1,NaN,0,5.99999999999996,2,1,65,0.5
33,871.90452,870.987351,871.328183,871.90452,882.554471,0,NaN,0,7.00000000000003,1,2,66,0.5
34,885.062629,883.563473,883.808806,885.010301,890.257113,0,2.99999999999994,0.0299999999999997,5.99999999999996,2,1,65,0.5
35,895.377759,894.619256,894.834928,895.32542,1412.470519,0,2.99999999999994,0.0299999999999997,5.99999999999996,2,1,65,0.5
36,1418.302162,1416.541669,1417.498004,1418.249834,1429.759788,1,2.99999999999994,0.0299999999999997,7.00000000000003,1,2,66,0.5
37,1431.991446,1431.055283,1431.285949,1431.98928,1465.650978,0,2.99999999999994,0.0299999999999997,5.99999999999996,2,1,65,0.5
38,1468.678294,1467.509637,1467.824297,1468.625966,1476.197769,1,2.99999999999994,0.0299999999999997,7.00000000000003,1,2,66,0.5
39,1479.399257,1477.273098,1477.336092,1479.347084,1496.395022,1,2.99999999999994,0.0299999999999997,7.00000000000003,1,2,66,0.5
40,1499.912169,1498.194848,1498.441674,1499.859841,1502.959656,0,2.99999999999994,0.0299999999999997,5.99999999999996,2,1,65,0.5
41,1505.948978,1505.072154,1505.332486,1505.948978,1512.562118,1,NaN,0,5.99999999999996,2,1,65,0.5
42,1514.415444,1513.246788,1513.679114,1514.413116,1518.335601,1,2.99999999999994,0.0299999999999997,7.00000000000003,1,2,66,0.5
43,1519.904428,1519.210597,1519.240424,1519.852255,1524.260077,1,2.99999999999994,0.0299999999999997,7.00000000000003,1,2,66,0.5
44,1525.5619,1524.994907,1525.050901,1525.5619,1533.131708,1,NaN,0,5.99999999999996,2,1,65,0.5
45,1534.587036,1533.855033,1534.026699,1534.587036,1540.332179,1,NaN,0,5.99999999999996,2,1,65,0.5
46,1542.165833,1541.256003,1541.548002,1542.165833,1547.413984,1,NaN,0,5.99999999999996,2,1,65,0.5
47,1550.846799,1549.935135,1550.360633,1550.846799,1562.80025,0,NaN,0,7.00000000000003,1,2,66,0.5
48,1566.750402,1565.959404,1566.238242,1566.698074,1573.960878,0,2.99999999999994,0.0299999999999997,5.99999999999996,2,1,65,0.5
49,1577.891363,1575.987364,1577.062366,1577.891363,1593.272295,1,NaN,0,5.99999999999996,2,1,65,0.5
50,1595.705286,1594.686623,1594.902955,1595.703119,1599.445104,1,2.99999999999994,0.0299999999999997,7.00000000000003,1,2,66,0.5
51,1604.443923,1602.01376,1602.278426,1604.443923,1626.397168,1,NaN,0,5.99999999999996,2,1,65,0.5
52,1630.592152,1629.686649,1629.906148,1630.592152,1637.088786,1,NaN,0,5.99999999999996,2,1,65,0.5
53,1641.366442,1639.989608,1640.886438,1641.366442,1648.950406,0,NaN,0,7.00000000000003,1,2,66,0.5
54,1650.589899,1649.505237,1649.894408,1650.587566,1653.700059,1,2.99999999999994,0.0299999999999997,7.00000000000003,1,2,66,0.5
55,1656.927546,1655.994383,1656.31221,1656.927546,1673.434147,0,NaN,0,7.00000000000003,1,2,66,0.5
56,1674.612637,1674.007639,1674.187972,1674.596476,1678.04729,1,2.99999999999994,0.0299999999999997,7.00000000000003,1,2,66,0.5
57,1679.922615,1679.185451,1679.320784,1679.922615,1695.936224,1,NaN,0,5.99999999999996,2,1,65,0.5
58,1698.346541,1697.650378,1697.771377,1698.346541,1701.756528,1,NaN,0,5.99999999999996,2,1,65,0.5
59,1705.29302,1704.200019,1704.643016,1705.240848,1708.423507,1,2.99999999999994,0.0299999999999997,7.00000000000003,1,2,66,0.5
60,1710.694326,1709.852668,1710.030162,1710.641998,1727.74009,1,2.99999999999994,0.0299999999999997,7.00000000000003,1,2,66,0.5
61,1729.830915,1729.041419,1729.339923,1729.830915,1738.718047,1,NaN,0,5.99999999999996,2,1,65,0.5
62,1740.581378,1739.855709,1739.986548,1740.579206,1746.489355,1,2.99999999999994,0.0299999999999997,7.00000000000003,1,2,66,0.5
63,1747.809516,1747.175679,1747.307346,1747.809516,1752.530325,1,NaN,0,5.99999999999996,2,1,65,0.5
64,1753.940152,1753.335322,1753.523827,1753.940152,1759.170804,1,NaN,0,5.99999999999996,2,1,65,0.5
65,1760.377627,1759.745302,1759.985295,1760.377627,1766.357937,1,NaN,0,5.99999999999996,2,1,65,0.5
66,1769.786256,1768.843593,1769.214431,1769.733762,1778.011889,0,2.99999999999994,0.0299999999999997,5.99999999999996,2,1,65,0.5
67,1783.079042,1781.911041,1782.159206,1783.079042,1788.168683,1,NaN,0,5.99999999999996,2,1,65,0.5
68,1792.545332,1790.997671,1791.294176,1792.493004,1827.532691,0,2.99999999999994,0.0299999999999997,5.99999999999996,2,1,65,0.5
69,1833.264669,1831.685347,1832.426678,1833.212341,1836.380657,1,2.99999999999994,0.0299999999999997,7.00000000000003,1,2,66,0.5
70,1839.013812,1838.162482,1838.355649,1839.013812,1845.28162,1,NaN,0,5.99999999999996,2,1,65,0.5
71,1847.310113,1846.011457,1846.189789,1847.310113,1893.362595,0,NaN,0,7.00000000000003,1,2,66,0.5
72,1899.168577,1898.123909,1898.509075,1899.168577,2290.686005,0,NaN,0,7.00000000000003,1,2,66,0.5
73,2306.232944,2304.383123,2305.080114,2306.230776,2310.978592,1,2.99999999999994,0.0299999999999997,7.00000000000003,1,2,66,0.5
74,2314.824743,2313.653914,2313.869246,2314.772415,2318.736226,1,2.99999999999994,0.0299999999999997,7.00000000000003,1,2,66,0.5
75,2322.472384,2321.05089,2321.473216,2322.472384,2327.094699,1,NaN,0,5.99999999999996,2,1,65,0.5
76,2328.838025,2327.912696,2328.289688,2328.838025,2332.652677,1,NaN,0,5.99999999999996,2,1,65,0.5
77,2335.449666,2334.547331,2334.807996,2335.449666,2339.098646,0,NaN,0,7.00000000000003,1,2,66,0.5
78,2343.266795,2341.460308,2342.301638,2343.266795,2346.827281,1,NaN,0,5.99999999999996,2,1,65,0.5
79,2350.386267,2349.133606,2349.717103,2350.333939,2353.159755,0,2.99999999999994,0.0299999999999997,5.99999999999996,2,1,65,0.5
80,2355.314081,2354.030425,2354.538417,2355.261581,2357.921737,1,2.99999999999994,0.0299999999999997,7.00000000000003,1,2,66,0.5
81,2361.684721,2360.856891,2361.179224,2361.684721,2366.837534,0,NaN,0,7.00000000000003,1,2,66,0.5
82,2368.450861,2367.615365,2367.963363,2368.450861,2372.404178,1,NaN,0,5.99999999999996,2,1,65,0.5
83,2375.880331,2374.543843,2375.3365,2375.880331,2382.992309,0,NaN,0,7.00000000000003,1,2,66,0.5
84,2388.995618,2388.187455,2388.480615,2388.943285,2392.923263,0,2.99999999999994,0.0299999999999997,5.99999999999996,2,1,65,0.5
85,2395.809085,2394.532757,2395.06026,2395.806918,2399.624237,1,2.99999999999994,0.0299999999999997,7.00000000000003,1,2,66,0.5
86,2402.589725,2401.505895,2401.763895,2402.537397,2406.632708,0,2.99999999999994,0.0299999999999997,5.99999999999996,2,1,65,0.5
87,2408.442035,2407.606044,2407.752543,2408.442035,2408.8122,1,NaN,0,5.99999999999996,2,1,65,0.5
88,2416.057504,2414.433016,2414.66201,2416.055337,2423.026976,1,2.99999999999994,0.0299999999999997,7.00000000000003,1,2,66,0.5
89,2425.468133,2424.601976,2424.848469,2425.468133,2431.450282,1,NaN,0,5.99999999999996,2,1,65,0.5
90,2433.175603,2432.053113,2432.319278,2433.175603,2438.41192,1,NaN,0,5.99999999999996,2,1,65,0.5
91,2440.066242,2438.967246,2439.410411,2440.066242,2444.833889,1,NaN,0,5.99999999999996,2,1,65,0.5
92,2448.336708,2446.984213,2447.789544,2448.336708,2483.891739,0,NaN,0,7.00000000000003,1,2,66,0.5
93,2486.178563,2485.2794,2485.395727,2486.178563,2493.170368,1,NaN,0,5.99999999999996,2,1,65,0.5
94,2496.286689,2495.37152,2495.634686,2496.234516,2543.975992,0,2.99999999999994,0.0299999999999997,5.99999999999996,2,1,65,0.5
95,2547.469312,2546.270816,2546.510815,2547.416984,2571.939053,0,2.99999999999994,0.0299999999999997,5.99999999999996,2,1,65,0.5
96,2575.233206,2574.008372,2574.374377,2575.233206,2579.837855,1,NaN,0,5.99999999999996,2,1,65,0.5
97,2582.839171,2581.937846,2582.179839,2582.786843,2662.819683,0,2.99999999999994,0.0299999999999997,5.99999999999996,2,1,65,0.5
98,2665.833177,2664.014679,2664.55001,2665.831005,2672.716483,1,2.99999999999994,0.0299999999999997,7.00000000000003,1,2,66,0.5
99,2675.839965,2674.344971,2674.588303,2675.839965,2679.936949,1,NaN,0,5.99999999999996,2,1,65,0.5
100,2682.84677,2681.748108,2682.031446,2682.84677,2696.499716,1,NaN,0,5.99999999999996,2,1,65,0.5
101,2698.481541,2697.419212,2697.79505,2698.429042,2702.180526,1,2.99999999999994,0.0299999999999997,7.00000000000003,1,2,66,0.5
102,2705.188681,2704.064018,2704.162357,2705.188681,2711.337329,1,NaN,0,5.99999999999996,2,1,65,0.5
103,2715.454307,2714.418978,2714.693643,2715.401979,2718.4453,0,2.99999999999994,0.0299999999999997,5.99999999999996,2,1,65,0.5
104,2720.573958,2719.773795,2719.922789,2720.573958,2726.658267,1,NaN,0,5.99999999999996,2,1,65,0.5
105,2728.843087,2727.81559,2728.135589,2728.790587,2734.813735,1,2.99999999999994,0.0299999999999997,7.00000000000003,1,2,66,0.5
106,2737.630384,2736.951887,2737.012059,2737.630384,2743.460528,1,NaN,0,5.99999999999996,2,1,65,0.5
107,2745.082694,2744.107864,2744.278697,2745.082694,2756.839475,1,NaN,0,5.99999999999996,2,1,65,0.5
108,2758.391468,2757.756476,2757.853143,2758.391468,2763.78978,1,NaN,0,5.99999999999996,2,1,65,0.5
109,2765.656106,2764.731776,2765.001281,2765.656106,2770.989085,1,NaN,0,5.99999999999996,2,1,65,0.5
110,2773.118076,2771.796914,2772.019253,2773.118076,2778.056557,1,NaN,0,5.99999999999996,2,1,65,0.5
111,2779.852715,2778.806726,2779.270724,2779.852715,2797.875143,1,NaN,0,5.99999999999996,2,1,65,0.5
112,2801.503629,2800.172807,2800.454472,2801.451302,2818.349067,0,2.99999999999994,0.0299999999999997,5.99999999999996,2,1,65,0.5
113,2821.235717,2819.905388,2820.013894,2821.235717,2828.358522,1,NaN,0,5.99999999999996,2,1,65,0.5
114,2836.587328,2835.148667,2835.446999,2836.585161,2841.166803,1,2.99999999999994,0.0299999999999997,7.00000000000003,1,2,66,0.5
115,2843.246968,2842.254966,2842.298799,2843.246968,2848.618607,1,NaN,0,5.99999999999996,2,1,65,0.5
116,2850.517605,2849.766608,2849.861608,2850.465266,2858.48274,1,2.99999999999994,0.0299999999999997,7.00000000000003,1,2,66,0.5
117,2862.13022,2861.218557,2861.381556,2862.07772,2869.033198,1,2.99999999999994,0.0299999999999997,7.00000000000003,1,2,66,0.5
118,2871.206517,2870.483025,2870.538353,2871.206517,2877.638497,1,NaN,0,5.99999999999996,2,1,65,0.5
119,2879.50965,2878.592493,2878.865319,2879.50965,2884.251465,1,NaN,0,5.99999999999996,2,1,65,0.5
120,2887.005959,2885.771458,2886.319456,2886.953787,2890.23094,1,2.99999999999994,0.0299999999999997,7.00000000000003,1,2,66,0.5
121,2892.441938,2891.718107,2891.91194,2892.441938,2899.774242,1,NaN,0,5.99999999999996,2,1,65,0.5
122,2901.662395,2900.485399,2900.918898,2901.610229,2905.719045,1,2.99999999999994,0.0299999999999997,7.00000000000003,1,2,66,0.5
123,2908.367207,2907.325039,2907.68271,2908.314868,2912.152025,1,2.99999999999994,0.0299999999999997,7.00000000000003,1,2,66,0.5
124,2913.789186,2912.992516,2913.080688,2913.789186,2920.609158,1,NaN,0,5.99999999999996,2,1,65,0.5
125,2922.098152,2921.215489,2921.525488,2922.098152,2930.142114,1,NaN,0,5.99999999999996,2,1,65,0.5
126,2931.781774,2931.004277,2931.311609,2931.781774,2936.841927,1,NaN,0,5.99999999999996,2,1,65,0.5
127,2939.756409,2937.427918,2938.989245,2939.756409,2945.998717,1,NaN,0,5.99999999999996,2,1,65,0.5
128,2948.221048,2946.646054,2947.458051,2948.168875,2951.38203,1,2.99999999999994,0.0299999999999997,7.00000000000003,1,2,66,0.5
129,2952.880696,2952.309859,2952.362692,2952.880696,2960.283827,1,NaN,0,5.99999999999996,2,1,65,0.5
130,2962.036321,2960.912164,2961.397662,2961.983993,2965.473139,1,2.99999999999994,0.0299999999999997,7.00000000000003,1,2,66,0.5
131,2966.933467,2966.207143,2966.406469,2966.933467,2973.265108,1,NaN,0,5.99999999999996,2,1,65,0.5
132,2975.332267,2974.046605,2974.614104,2975.332267,2981.943407,1,NaN,0,5.99999999999996,2,1,65,0.5
133,2983.967238,2982.950905,2983.299908,2983.9149,2987.691051,1,2.99999999999994,0.0299999999999997,7.00000000000003,1,2,66,0.5
134,2989.605376,2988.520887,2988.724719,2989.605376,2994.913361,1,NaN,0,5.99999999999996,2,1,65,0.5
135,2996.645682,2995.735685,2996.205856,2996.645682,3004.735816,1,NaN,0,5.99999999999996,2,1,65,0.5
136,3006.105311,3005.219314,3005.421813,3006.052983,3009.971629,1,2.99999999999994,0.0299999999999997,7.00000000000003,1,2,66,0.5
137,3012.17912,3011.349956,3011.567622,3012.17912,3017.621937,1,NaN,0,5.99999999999996,2,1,65,0.5
138,3019.187764,3018.117768,3018.535094,3019.187764,3024.993741,1,NaN,0,5.99999999999996,2,1,65,0.5
139,3027.054733,3025.544905,3026.069064,3027.052561,3030.369713,1,2.99999999999994,0.0299999999999997,7.00000000000003,1,2,66,0.5
140,3032.849376,3031.967874,3032.316545,3032.849376,3038.049017,1,NaN,0,5.99999999999996,2,1,65,0.5
141,3040.090347,3039.262178,3039.30035,3040.090347,3046.560982,1,NaN,0,5.99999999999996,2,1,65,0.5
142,3049.358643,3047.640311,3048.702479,3049.358643,3054.46245,1,NaN,0,5.99999999999996,2,1,65,0.5
143,3056.509115,3055.018287,3055.748279,3056.507109,3059.452097,1,2.99999999999994,0.0299999999999997,7.00000000000003,1,2,66,0.5
144,3060.851925,3060.1601,3060.438093,3060.851925,3068.501233,1,NaN,0,5.99999999999996,2,1,65,0.5
145,3070.23972,3069.309557,3069.772722,3070.23972,3077.334031,1,NaN,0,5.99999999999996,2,1,65,0.5
146,3079.100524,3077.852523,3078.359855,3079.048185,3082.793676,1,2.99999999999994,0.0299999999999997,7.00000000000003,1,2,66,0.5
147,3084.273165,3083.576001,3083.863666,3084.273165,3088.215155,1,NaN,0,5.99999999999996,2,1,65,0.5
148,3092.600798,3091.628968,3091.973139,3092.548471,3094.060298,0,2.99999999999994,0.0299999999999997,5.99999999999996,2,1,65,0.5
149,3095.625625,3094.714129,3095.07746,3095.625625,3101.219763,1,NaN,0,5.99999999999996,2,1,65,0.5
150,3103.791592,3102.561931,3103.076923,3103.791592,3110.746731,1,NaN,0,5.99999999999996,2,1,65,0.5
151,3114.207051,3112.961056,3113.550053,3114.154717,3116.454369,0,2.99999999999994,0.0299999999999997,5.99999999999996,2,1,65,0.5
152,3118.452362,3117.234366,3117.664537,3118.452362,3165.790505,1,NaN,0,5.99999999999996,2,1,65,0.5
153,3167.996496,3166.634335,3167.191666,3167.996496,3178.670954,1,NaN,0,5.99999999999996,2,1,65,0.5
154,3181.580114,3180.743451,3180.986611,3181.569442,3246.266356,0,2.99999999999994,0.0299999999999997,5.99999999999996,2,1,65,0.5
155,3251.270502,3249.831675,3250.059002,3251.218164,3253.718659,0,2.99999999999994,0.0299999999999997,5.99999999999996,2,1,65,0.5
156,3264.049946,3262.839117,3263.241782,3264.049946,3270.071927,1,NaN,0,5.99999999999996,2,1,65,0.5
157,3273.709579,3272.762911,3273.037082,3273.65724,3277.322893,0,2.99999999999994,0.0299999999999997,5.99999999999996,2,1,65,0.5
158,3445.095388,3432.474771,3432.506605,NaN,3720.215955,NaN,NaN,0,5.99999999999996,2,1,65,0.5
159,3722.879777,3721.727787,3721.962614,3722.879777,3731.192416,1,NaN,0,5.99999999999996,2,1,65,0.5
160,3733.451901,3731.830747,3732.132073,3733.451901,3741.439369,1,NaN,0,5.99999999999996,2,1,65,0.5
161,3750.670005,3749.173505,3749.673342,3750.667833,3757.463805,1,2.99999999999994,0.0299999999999997,7.00000000000003,1,2,66,0.5
162,3762.120792,3760.197628,3760.538459,3762.120792,3766.979433,1,NaN,0,5.99999999999996,2,1,65,0.5
163,3769.42709,3768.061268,3768.635094,3769.42709,3776.412729,1,NaN,0,5.99999999999996,2,1,65,0.5
164,3780.480879,3779.028219,3779.490217,3780.480879,3787.204192,1,NaN,0,5.99999999999996,2,1,65,0.5
165,3789.26335,3787.877856,3788.426687,3789.26335,3794.785822,1,NaN,0,5.99999999999996,2,1,65,0.5
166,3799.898635,3798.598974,3799.265472,3799.898635,3807.990603,0,NaN,0,7.00000000000003,1,2,66,0.5
167,3812.503924,3811.043091,3811.655755,3812.451585,3814.39025,1,2.99999999999994,0.0299999999999997,7.00000000000003,1,2,66,0.5
168,3818.009235,3816.912406,3817.323899,3818.007063,3841.567635,0,2.99999999999994,0.0299999999999997,5.99999999999996,2,1,65,0.5
169,3847.375785,3845.678125,3845.987784,3847.323445,3853.486921,0,2.99999999999994,0.0299999999999997,5.99999999999996,2,1,65,0.5
170,3862.638723,3860.803892,3861.128396,3862.088559,3865.648206,1,NaN,0,7.00000000000003,1,2,66,0.5
171,3872.294685,3870.621525,3871.181017,3872.242346,3876.529329,1,2.99999999999994,0.0299999999999997,7.00000000000003,1,2,66,0.5
172,3884.585796,3882.890803,3883.219802,3884.585796,3891.224936,1,NaN,0,5.99999999999996,2,1,65,0.5
173,3893.977426,3892.739597,3893.219596,3893.975259,3897.324418,1,2.99999999999994,0.0299999999999997,7.00000000000003,1,2,66,0.5
174,3901.070731,3899.822736,3900.111568,3901.070731,3906.357049,1,NaN,0,5.99999999999996,2,1,65,0.5
175,3908.368035,3907.21854,3907.624038,3908.368035,3913.064016,1,NaN,0,5.99999999999996,2,1,65,0.5
176,3921.936981,3919.846156,3920.411153,3921.884653,3924.895136,1,2.99999999999994,0.0299999999999997,7.00000000000003,1,2,66,0.5
177,3926.95646,3925.798966,3926.068637,3926.95646,3932.794604,1,NaN,0,5.99999999999996,2,1,65,0.5
178,3948.966873,3948.118709,3936.760754,NaN,3951.751367,NaN,NaN,0,5.99999999999996,2,1,65,0.5
179,3956.628342,3955.384513,3955.816845,3956.628342,3963.356654,1,NaN,0,5.99999999999996,2,1,65,0.5
180,3965.131314,3963.906479,3964.45181,3965.131314,3970.818951,1,NaN,0,5.99999999999996,2,1,65,0.5
181,3974.181277,3973.038943,3973.45178,3974.128944,4009.44797,0,2.99999999999994,0.0299999999999997,5.99999999999996,2,1,65,0.5
182,4015.424612,4013.327281,4013.632953,4015.372273,4024.509737,0,2.99999999999994,0.0299999999999997,5.99999999999996,2,1,65,0.5
183,4026.450402,4025.364906,4025.774232,4026.450402,4027.430731,1,NaN,0,5.99999999999996,2,1,65,0.5
184,4035.869031,4034.742868,4034.979201,4035.816858,4071.830881,0,2.99999999999994,0.0299999999999997,5.99999999999996,2,1,65,0.5
185,4079.336023,4077.596697,4078.165195,4079.283684,4083.569834,1,2.99999999999994,0.0299999999999997,7.00000000000003,1,2,66,0.5
186,4086.520495,4085.185327,4085.293833,4085.970491,4092.821463,1,NaN,0,7.00000000000003,1,2,66,0.5
187,4095.462459,4094.299297,4094.718289,4095.462459,4102.476598,1,NaN,0,5.99999999999996,2,1,65,0.5
188,4104.328423,4103.149089,4103.598421,4104.328423,4110.786726,1,NaN,0,5.99999999999996,2,1,65,0.5
189,4112.554557,4111.443055,4111.871227,4112.554557,4129.564656,1,NaN,0,5.99999999999996,2,1,65,0.5
190,4132.163979,4130.59498,4131.223143,4132.11164,4135.750625,1,2.99999999999994,0.0299999999999997,7.00000000000003,1,2,66,0.5
191,4140.105447,4138.814779,4139.080784,4140.105447,4144.911589,1,NaN,0,5.99999999999996,2,1,65,0.5
192,4147.042414,4145.559752,4146.272589,4147.040247,4152.026393,1,2.99999999999994,0.0299999999999997,7.00000000000003,1,2,66,0.5
193,4154.553889,4153.162555,4153.692554,4154.50155,4158.565873,1,2.99999999999994,0.0299999999999997,7.00000000000003,1,2,66,0.5
194,4161.542695,4160.455694,4160.752192,4161.542695,4167.456832,1,NaN,0,5.99999999999996,2,1,65,0.5
195,4170.574658,4169.256492,4169.700495,4170.522319,4175.179634,1,2.99999999999994,0.0299999999999997,7.00000000000003,1,2,66,0.5
196,4178.016957,4176.883294,4177.246965,4178.014629,4182.638277,1,2.99999999999994,0.0299999999999997,7.00000000000003,1,2,66,0.5
197,4184.585596,4183.878272,4184.112265,4184.585596,4188.001916,1,NaN,0,5.99999999999996,2,1,65,0.5
198,4191.456403,4190.255407,4190.703406,4191.454075,4195.310559,1,2.99999999999994,0.0299999999999997,7.00000000000003,1,2,66,0.5
199,4197.125219,4196.039217,4196.487221,4197.123052,4201.933527,1,2.99999999999994,0.0299999999999997,7.00000000000003,1,2,66,0.5
200,4203.55436,4202.562025,4202.915863,4203.55436,4209.856495,1,NaN,0,5.99999999999996,2,1,65,0.5
201,4211.803487,4210.949997,4211.325829,4211.803487,4216.552136,1,NaN,0,5.99999999999996,2,1,65,0.5
202,4220.295793,4218.6068,4219.359963,4220.243621,4222.178279,0,2.99999999999994,0.0299999999999997,5.99999999999996,2,1,65,0.5
203,4224.038773,4222.840943,4223.324781,4224.038773,4231.000583,1,NaN,0,5.99999999999996,2,1,65,0.5
204,4233.50774,4232.285912,4232.79507,4233.50774,4240.235041,1,NaN,0,5.99999999999996,2,1,65,0.5
205,4242.478871,4241.302542,4241.820873,4242.478871,4244.799022,1,NaN,0,5.99999999999996,2,1,65,0.5
206,4249.986501,4248.881173,4249.36451,4249.986501,4255.960978,1,NaN,0,5.99999999999996,2,1,65,0.5
207,4258.883305,4257.768976,4258.229802,4258.881133,4263.695281,1,2.99999999999994,0.0299999999999997,7.00000000000003,1,2,66,0.5
208,4265.380279,4264.468277,4264.807615,4265.380279,4266.10227,1,NaN,0,5.99999999999996,2,1,65,0.5
209,4273.336575,4272.202413,4272.700744,4273.336575,4277.573064,1,NaN,0,5.99999999999996,2,1,65,0.5
210,4281.317549,4279.529056,4280.126548,4281.317549,4287.470191,1,NaN,0,5.99999999999996,2,1,65,0.5
211,4289.48401,4288.376515,4288.860852,4289.48401,4298.625813,1,NaN,0,5.99999999999996,2,1,65,0.5
212,4300.494299,4299.099305,4299.779642,4300.494299,4301.12963,1,NaN,0,5.99999999999996,2,1,65,0.5
213,4320.268554,4310.255766,4310.55326,NaN,NaN,NaN,NaN,0,5.99999999999996,2,1,65,0.5
214,4340.93881,4339.801148,4340.283308,4340.93881,4354.152424,1,NaN,0,5.99999999999996,2,1,65,0.5
215,4358.392407,4356.648247,4356.981073,4358.340069,4373.215681,0,2.99999999999994,0.0299999999999997,5.99999999999996,2,1,65,0.5
216,4377.362659,4375.783338,4376.332169,4377.362659,4382.621804,1,NaN,0,5.99999999999996,2,1,65,0.5
217,4385.002801,4383.8243,4384.039799,4385.002801,4392.659264,1,NaN,0,5.99999999999996,2,1,65,0.5
218,4395.321587,4393.358101,4394.282924,4395.26926,4400.227068,1,2.99999999999994,0.0299999999999997,7.00000000000003,1,2,66,0.5
219,4402.431392,4401.402902,4401.771561,4402.431392,4409.59653,1,NaN,0,5.99999999999996,2,1,65,0.5
220,4413.281848,4412.162353,4412.459691,4413.281848,4421.875481,1,NaN,0,5.99999999999996,2,1,65,0.5
221,4423.595141,4422.499645,4422.87481,4423.595141,4424.556976,1,NaN,0,5.99999999999996,2,1,65,0.5
222,4433.007937,4430.869611,4432.122606,4432.955609,4438.241915,1,2.99999999999994,0.0299999999999997,7.00000000000003,1,2,66,0.5
223,4442.269899,4441.188903,4441.499735,4442.269899,4449.142711,1,NaN,0,5.99999999999996,2,1,65,0.5
224,4451.125703,4449.816869,4450.336706,4451.125703,4458.280835,1,NaN,0,5.99999999999996,2,1,65,0.5
225,4467.610798,4465.646139,4466.25947,4467.608631,4470.120788,1,2.99999999999994,0.0299999999999997,7.00000000000003,1,2,66,0.5
226,4479.651749,4478.142928,4478.516588,4479.651749,4486.164224,1,NaN,0,5.99999999999996,2,1,65,0.5
227,4489.477216,4487.573224,4488.467881,4489.47505,4493.821865,1,2.99999999999994,0.0299999999999997,7.00000000000003,1,2,66,0.5
228,4501.584001,4500.125001,4500.386172,4501.531668,4502.623658,0,2.99999999999994,0.0299999999999997,5.99999999999996,2,1,65,0.5
229,4504.747488,4503.47416,4503.975819,4504.747488,4891.599602,1,NaN,0,5.99999999999996,2,1,65,0.5
230,4894.498096,4892.557104,4893.131429,4894.498096,4899.430238,1,NaN,0,5.99999999999996,2,1,65,0.5
231,4902.554397,4900.887404,4901.359902,4902.554397,4903.929886,1,NaN,0,5.99999999999996,2,1,65,0.5
232,4921.177817,4910.914192,4911.225696,NaN,4942.350565,NaN,NaN,0,5.99999999999996,2,1,65,0.5
233,4949.466203,4947.635711,4947.925049,4949.466203,4954.216184,0,NaN,0,7.00000000000003,1,2,66,0.5
234,4958.277174,4957.348173,4957.66751,4958.224835,5008.456801,0,2.99999999999994,0.0299999999999997,5.99999999999996,2,1,65,0.5
235,5011.301623,5009.854801,5010.347966,5011.301623,5011.525123,1,NaN,0,5.99999999999996,2,1,65,0.5
236,5028.391727,5026.681734,5027.173226,5028.391727,5042.828836,1,NaN,0,5.99999999999996,2,1,65,0.5
237,5053.847787,5043.994992,5044.407657,5053.795286,5071.649882,0,2.99999999999994,0.0299999999999997,5.99999999999996,2,1,65,0.5
238,5078.432522,5075.786532,5076.420363,5078.430354,5082.414839,1,2.99999999999994,0.0299999999999997,7.00000000000003,1,2,66,0.5
239,5089.018985,5086.81716,5087.23532,5089.018985,5093.667299,1,NaN,0,5.99999999999996,2,1,65,0.5
240,5097.11928,5096.023784,5096.27645,5097.066952,5108.696239,0,2.99999999999994,0.0299999999999997,5.99999999999996,2,1,65,0.5
241,5115.865544,5114.513211,5114.984875,5115.865544,5122.810016,1,NaN,0,5.99999999999996,2,1,65,0.5
242,5125.347506,5123.780512,5124.500337,5125.295334,5129.446317,1,2.99999999999994,0.0299999999999997,7.00000000000003,1,2,66,0.5
243,5137.910122,5135.649625,5135.945125,5137.910122,5146.103756,1,NaN,0,5.99999999999996,2,1,65,0.5
244,5148.560246,5147.075419,5147.523911,5148.560246,5156.491215,1,NaN,0,5.99999999999996,2,1,65,0.5
245,5159.427031,5157.723371,5158.320541,5159.374703,5163.227848,0,2.99999999999994,0.0299999999999997,5.99999999999996,2,1,65,0.5
246,5169.631996,5167.961997,5168.294662,5169.579662,5221.418955,0,2.99999999999994,0.0299999999999997,5.99999999999996,2,1,65,0.5
247,5224.124106,5222.539284,5223.175615,5224.121938,5227.428258,1,2.99999999999994,0.0299999999999997,7.00000000000003,1,2,66,0.5
248,5241.281376,5239.307717,5239.666715,5241.229037,5258.157308,0,2.99999999999994,0.0299999999999997,5.99999999999996,2,1,65,0.5
249,5262.836789,5260.523627,5261.166124,5262.78445,5267.702103,1,2.99999999999994,0.0299999999999997,7.00000000000003,1,2,66,0.5
250,5270.867424,5268.917926,5269.844089,5270.863418,5277.796391,1,2.99999999999994,0.0299999999999997,7.00000000000003,1,2,66,0.5
251,5281.861208,5280.439552,5280.826878,5281.861208,5286.047857,1,NaN,0,5.99999999999996,2,1,65,0.5
252,5288.949512,5287.706857,5288.236349,5288.949512,5290.314673,1,NaN,0,5.99999999999996,2,1,65,0.5
253,5299.693975,5298.724646,5298.993145,5299.641642,5300.696132,0,2.99999999999994,0.0299999999999997,5.99999999999996,2,1,65,0.5
254,5307.337105,5305.711951,5306.097111,5307.337105,5320.792558,1,NaN,0,5.99999999999996,2,1,65,0.5
255,5322.978882,5321.382883,5321.934048,5322.92671,5328.738026,1,2.99999999999994,0.0299999999999997,7.00000000000003,1,2,66,0.5
256,5333.011675,5331.796675,5332.091673,5332.959503,5333.7215,0,2.99999999999994,0.0299999999999997,5.99999999999996,2,1,65,0.5
257,5336.293324,5334.599502,5335.188994,5336.290996,5340.117147,1,2.99999999999994,0.0299999999999997,7.00000000000003,1,2,66,0.5
258,5342.464131,5341.073471,5341.500803,5342.464131,5348.104948,1,NaN,0,5.99999999999996,2,1,65,0.5
259,5352.827096,5351.510762,5352.083427,5352.774757,5395.707752,0,2.99999999999994,0.0299999999999997,5.99999999999996,2,1,65,0.5
260,5401.461402,5400.008235,5400.345239,5401.409063,5419.387658,0,2.99999999999994,0.0299999999999997,5.99999999999996,2,1,65,0.5
261,5422.980976,5421.401149,5421.93682,5422.980976,5428.202789,1,NaN,0,5.99999999999996,2,1,65,0.5
262,5431.008444,5429.45729,5430.032448,5431.008444,5436.903593,1,NaN,0,5.99999999999996,2,1,65,0.5
263,5439.670909,5438.265249,5438.815079,5439.670909,5446.442882,1,NaN,0,5.99999999999996,2,1,65,0.5
264,5448.494541,5447.295385,5447.771716,5448.494541,5454.723855,1,NaN,0,5.99999999999996,2,1,65,0.5
265,5456.941013,5455.532352,5456.05501,5456.941013,5460.438493,1,NaN,0,5.99999999999996,2,1,65,0.5
266,5590.389973,5588.399814,5588.955646,5590.389973,5626.006831,1,NaN,0,5.99999999999996,2,1,65,0.5
267,5628.786987,5627.182826,5627.64783,5628.786987,5635.720625,1,NaN,0,5.99999999999996,2,1,65,0.5
268,5638.61712,5637.323785,5637.770456,5638.61712,5673.818312,1,NaN,0,5.99999999999996,2,1,65,0.5
269,5676.146136,5674.738636,5675.278301,5676.146136,5688.60492,1,NaN,0,5.99999999999996,2,1,65,0.5
270,5690.862744,5689.55841,5690.135908,5690.862744,7956.518509,1,NaN,0,5.99999999999996,2,1,65,0.5
271,7963.311982,7961.204996,7962.067492,7963.311982,8377.05466,1,NaN,0,5.99999999999996,2,1,65,0.5
272,8381.566981,8379.233485,8380.088487,8381.514642,8382.849309,1,2.99999999999994,0.0299999999999997,7.00000000000003,1,2,66,0.5
273,8388.564286,8386.610122,8387.104792,8388.562114,8392.475271,0,2.99999999999994,0.0299999999999997,5.99999999999996,2,1,65,0.5
274,8399.142072,8396.504421,8396.91608,8399.142072,8399.329571,1,NaN,0,5.99999999999996,2,1,65,0.5
275,8618.182363,8615.10188,8615.397046,8618.180195,8625.634666,1,2.99999999999994,0.0299999999999997,7.00000000000003,1,2,66,0.5
276,8631.636142,8630.055482,8630.276653,8631.583642,8638.992445,0,2.99999999999994,0.0299999999999997,5.99999999999996,2,1,65,0.5
277,8642.057439,8640.29878,8640.778772,8642.057439,8655.979211,1,NaN,0,5.99999999999996,2,1,65,0.5
278,8661.181524,8659.32137,8659.687202,8661.179363,8666.387669,0,2.99999999999994,0.0299999999999997,5.99999999999996,2,1,65,0.5
279,8671.755982,8668.204501,8668.5325,8671.755982,8671.873481,1,NaN,0,5.99999999999996,2,1,65,0.5
280,8680.24512,8678.392954,8678.993625,8680.192781,8691.22007,1,2.99999999999994,0.0299999999999997,7.00000000000003,1,2,66,0.5
281,8694.278564,8692.612404,8693.226395,8694.226224,8698.950545,1,2.99999999999994,0.0299999999999997,7.00000000000003,1,2,66,0.5
282,8712.575985,8708.393668,8708.789172,NaN,8719.188958,NaN,NaN,0,5.99999999999996,2,1,65,0.5
283,8721.752454,8720.390787,8721.012285,8721.752454,8731.152416,1,NaN,0,5.99999999999996,2,1,65,0.5
284,8734.874396,8733.094408,8733.700406,8734.822068,8739.682049,1,2.99999999999994,0.0299999999999997,7.00000000000003,1,2,66,0.5
285,8742.791697,8741.513541,8741.834873,8742.739198,8748.042349,1,2.99999999999994,0.0299999999999997,7.00000000000003,1,2,66,0.5
286,8753.394994,8751.9175,8752.460159,8753.394994,8753.675493,1,NaN,0,5.99999999999996,2,1,65,0.5
287,8762.59179,8761.231962,8761.499289,8762.539624,8773.901906,0,2.99999999999994,0.0299999999999997,5.99999999999996,2,1,65,0.5
288,8776.660229,8775.429239,8775.860898,8776.660229,8789.198851,1,NaN,0,5.99999999999996,2,1,65,0.5
289,8797.769144,8795.127987,8795.540653,8797.716816,8817.357399,0,2.99999999999994,0.0299999999999997,5.99999999999996,2,1,65,0.5
290,8820.232387,8818.492567,8818.935392,8820.232387,8830.32268,1,NaN,0,5.99999999999996,2,1,65,0.5
291,8834.718996,8833.46834,8833.757666,8834.666669,8853.226422,0,2.99999999999994,0.0299999999999997,5.99999999999996,2,1,65,0.5
292,8861.90106,8860.465226,8860.851559,8861.848887,8873.231008,0,2.99999999999994,0.0299999999999997,5.99999999999996,2,1,65,0.5
293,8877.886829,8874.883502,8875.315333,8877.886829,8878.216656,1,NaN,0,5.99999999999996,2,1,65,0.5
294,8887.838951,8885.553132,8886.231629,8887.836783,8895.34792,1,2.99999999999994,0.0299999999999997,7.00000000000003,1,2,66,0.5
295,8899.317405,8897.916082,8898.371247,8899.265077,8904.272051,1,2.99999999999994,0.0299999999999997,7.00000000000003,1,2,66,0.5
296,8909.157365,8907.696704,8907.912209,8909.157365,8910.604026,1,NaN,0,5.99999999999996,2,1,65,0.5
297,8922.413318,8920.648985,8921.07849,8922.360985,8923.307309,0,2.99999999999994,0.0299999999999997,5.99999999999996,2,1,65,0.5
298,8927.06546,8924.477643,8925.092968,8927.06546,8931.362282,1,NaN,0,5.99999999999996,2,1,65,0.5
299,8934.435931,8933.033942,8933.561267,8934.435931,8938.055922,1,NaN,0,5.99999999999996,2,1,65,0.5
300,8943.185401,8941.540908,8942.236738,8943.185401,8943.75956,1,NaN,0,5.99999999999996,2,1,65,0.5
301,8952.936356,8951.699361,8951.953527,8952.883862,8997.426845,0,2.99999999999994,0.0299999999999997,5.99999999999996,2,1,65,0.5
302,9063.568748,9061.897087,9062.344752,9063.568748,9074.882368,1,NaN,0,5.99999999999996,2,1,65,0.5
303,9077.853357,9076.367862,9076.877194,9077.853357,9082.757343,1,NaN,0,5.99999999999996,2,1,65,0.5
304,9085.699159,9084.038504,9084.530169,9085.699159,9091.940973,1,NaN,0,5.99999999999996,2,1,65,0.5
305,9097.948949,9095.781619,9095.887784,9097.946777,9102.702257,1,2.99999999999994,0.0299999999999997,7.00000000000003,1,2,66,0.5
306,9106.985741,9105.889917,9106.148077,9106.985741,9109.930562,1,NaN,0,5.99999999999996,2,1,65,0.5
307,9116.616874,9115.14888,9115.478706,9116.564536,9120.487686,0,2.99999999999994,0.0299999999999997,5.99999999999996,2,1,65,0.5
308,9123.815007,9122.15268,9122.759178,9123.812679,9128.798153,1,2.99999999999994,0.0299999999999997,7.00000000000003,1,2,66,0.5
309,9132.836643,9129.878982,9130.372319,9132.78447,9159.034704,0,2.99999999999994,0.0299999999999997,5.99999999999996,2,1,65,0.5
310,9166.232837,9164.356011,9164.980847,9166.23067,9188.667919,0,2.99999999999994,0.0299999999999997,5.99999999999996,2,1,65,0.5
311,9193.940065,9192.500903,9192.880236,9193.937898,9230.622751,0,2.99999999999994,0.0299999999999997,5.99999999999996,2,1,65,0.5
312,9240.638373,9238.59988,9239.50371,9240.586045,9245.52002,1,2.99999999999994,0.0299999999999997,7.00000000000003,1,2,66,0.5
313,9248.306675,9246.910514,9247.436518,9248.254348,9252.79799,1,2.99999999999994,0.0299999999999997,7.00000000000003,1,2,66,0.5
314,9267.184605,9265.916771,9266.454775,NaN,9274.225577,NaN,NaN,0,5.99999999999996,2,1,65,0.5
315,9278.943886,9277.91039,9278.217728,9278.891558,9287.146525,0,2.99999999999994,0.0299999999999997,5.99999999999996,2,1,65,0.5
316,9291.591836,9290.423512,9290.783844,9291.589508,9331.05185,0,2.99999999999994,0.0299999999999997,5.99999999999996,2,1,65,0.5
317,9333.833005,9332.492338,9332.963675,9333.833005,9336.678155,1,NaN,0,5.99999999999996,2,1,65,0.5
318,9344.888622,9343.727627,9343.952465,9344.836288,9350.632105,0,2.99999999999994,0.0299999999999997,5.99999999999996,2,1,65,0.5
319,9353.698087,9352.432092,9352.825591,9353.645593,9358.123735,1,2.99999999999994,0.0299999999999997,7.00000000000003,1,2,66,0.5
320,9364.527383,9363.156883,9363.553886,9364.525216,9411.163023,0,2.99999999999994,0.0299999999999997,5.99999999999996,2,1,65,0.5
321,9417.86983,9416.628174,9416.932001,9417.817331,9427.97629,0,2.99999999999994,0.0299999999999997,5.99999999999996,2,1,65,0.5
322,9430.119615,9428.663287,9429.212952,9430.117448,9434.219264,1,2.99999999999994,0.0299999999999997,7.00000000000003,1,2,66,0.5
323,9436.771594,9435.1736,9435.962925,9436.769427,9441.472902,1,2.99999999999994,0.0299999999999997,7.00000000000003,1,2,66,0.5
324,9446.575721,9445.183554,9445.541219,9446.575721,9448.083715,1,NaN,0,5.99999999999996,2,1,65,0.5
325,9455.70368,9453.949686,9454.62035,9455.651346,9458.317174,1,2.99999999999994,0.0299999999999997,7.00000000000003,1,2,66,0.5
326,9460.942497,9459.349003,9459.981834,9460.890325,9465.542645,1,2.99999999999994,0.0299999999999997,7.00000000000003,1,2,66,0.5
327,9469.673962,9468.331962,9468.645299,9469.673962,9474.76427,1,NaN,0,5.99999999999996,2,1,65,0.5
328,9477.109427,9475.734932,9476.275763,9477.057099,9481.760247,1,2.99999999999994,0.0299999999999997,7.00000000000003,1,2,66,0.5
329,9488.244554,9486.671221,9487.481718,9488.244554,9493.740194,1,NaN,0,5.99999999999996,2,1,65,0.5
330,9497.880177,9496.253516,9496.996013,9497.877849,9517.421765,0,2.99999999999994,0.0299999999999997,5.99999999999996,2,1,65,0.5
331,9522.468251,9520.909924,9521.222256,9522.466084,9532.407544,0,2.99999999999994,0.0299999999999997,5.99999999999996,2,1,65,0.5
332,9536.826021,9534.772696,9535.303194,9536.773522,9570.574725,0,2.99999999999994,0.0299999999999997,5.99999999999996,2,1,65,0.5
333,9573.244715,9571.529888,9572.171713,9573.242548,9578.561354,1,2.99999999999994,0.0299999999999997,7.00000000000003,1,2,66,0.5
334,9582.645505,9581.12801,9581.580175,9582.593177,9598.701606,0,2.99999999999994,0.0299999999999997,5.99999999999996,2,1,65,0.5
335,9602.325926,9600.859932,9601.396929,9602.273598,9606.099077,1,2.99999999999994,0.0299999999999997,7.00000000000003,1,2,66,0.5
336,9608.481407,9607.082746,9607.628071,9608.47924,9612.459385,1,2.99999999999994,0.0299999999999997,7.00000000000003,1,2,66,0.5
337,9616.532208,9614.386383,9614.743876,9616.530041,9617.561204,0,2.99999999999994,0.0299999999999997,5.99999999999996,2,1,65,0.5
338,9619.780362,9618.23353,9618.798032,9619.728189,9623.664179,1,2.99999999999994,0.0299999999999997,7.00000000000003,1,2,66,0.5
339,9627.919657,9625.135501,9625.389334,9627.867329,9661.652022,0,2.99999999999994,0.0299999999999997,5.99999999999996,2,1,65,0.5
340,9668.817499,9667.325671,9667.700997,9668.815332,9693.007563,0,2.99999999999994,0.0299999999999997,5.99999999999996,2,1,65,0.5
341,9696.447222,9694.890728,9695.434059,9696.394888,9700.2822,1,2.99999999999994,0.0299999999999997,7.00000000000003,1,2,66,0.5
342,9705.601685,9704.089352,9704.464523,9705.601685,9706.387682,1,NaN,0,5.99999999999996,2,1,65,0.5
343,9763.714614,9761.988793,9762.461624,9763.712446,9767.156439,0,2.99999999999994,0.0299999999999997,5.99999999999996,2,1,65,0.5
344,9774.552909,9773.191575,9773.661907,9774.552909,9799.661303,1,NaN,0,5.99999999999996,2,1,65,0.5
345,9802.536625,9801.26913,9801.799795,9802.484297,9806.466448,1,2.99999999999994,0.0299999999999997,7.00000000000003,1,2,66,0.5
346,9810.435099,9808.902433,9809.323603,9810.432927,9812.247592,0,2.99999999999994,0.0299999999999997,5.99999999999996,2,1,65,0.5
347,9814.257912,9813.107916,9813.465253,9814.257912,9816.746068,1,NaN,0,5.99999999999996,2,1,65,0.5
348,10183.034103,10181.114111,10181.565442,10182.981775,10184.566102,0,2.99999999999994,0.0299999999999997,5.99999999999996,2,1,65,0.5
349,10190.918577,10186.333756,10186.758594,10190.866238,10214.535649,0,2.99999999999994,0.0299999999999997,5.99999999999996,2,1,65,0.5
350,10218.350962,10216.726474,10217.379132,10218.348634,10222.150779,1,2.99999999999994,0.0299999999999997,7.00000000000003,1,2,66,0.5
351,10224.272277,10222.920276,10223.471441,10224.220105,10228.680759,1,2.99999999999994,0.0299999999999997,7.00000000000003,1,2,66,0.5
352,10232.403911,10230.667251,10231.017417,10232.403911,10232.627904,1,NaN,0,5.99999999999996,2,1,65,0.5
353,10249.610004,10247.946016,10248.302509,10249.607836,10251.554662,0,2.99999999999994,0.0299999999999997,5.99999999999996,2,1,65,0.5
354,10254.420151,10252.795496,10253.456488,10254.367823,10258.143975,1,2.99999999999994,0.0299999999999997,7.00000000000003,1,2,66,0.5
355,10260.964625,10259.851296,10260.1603,10260.912125,10264.475777,1,2.99999999999994,0.0299999999999997,7.00000000000003,1,2,66,0.5
356,10268.323934,10266.963606,10267.349938,10268.321767,10297.641644,0,2.99999999999994,0.0299999999999997,5.99999999999996,2,1,65,0.5
357,10301.7598,10300.376139,10300.734304,10301.707461,10304.568784,0,2.99999999999994,0.0299999999999997,5.99999999999996,2,1,65,0.5
358,10308.247102,10306.660614,10307.421772,10308.194774,10312.178753,1,2.99999999999994,0.0299999999999997,7.00000000000003,1,2,66,0.5
359,10315.453073,10314.089918,10314.447743,10315.40074,10337.657484,0,2.99999999999994,0.0299999999999997,5.99999999999996,2,1,65,0.5
360,10341.075638,10339.140311,10339.984809,10341.023143,10344.653789,1,2.99999999999994,0.0299999999999997,7.00000000000003,1,2,66,0.5
361,10349.487104,10348.018776,10348.358442,10349.434776,10362.148886,0,2.99999999999994,0.0299999999999997,5.99999999999996,2,1,65,0.5
362,10367.054367,10365.779205,10366.15437,10367.002039,10381.389648,0,2.99999999999994,0.0299999999999997,5.99999999999996,2,1,65,0.5
363,10384.075299,10382.500805,10383.058303,10384.073132,10388.337281,1,2.99999999999994,0.0299999999999997,7.00000000000003,1,2,66,0.5
364,10392.996597,10391.854101,10392.171605,10392.944263,10407.503711,0,2.99999999999994,0.0299999999999997,5.99999999999996,2,1,65,0.5
365,10411.039358,10409.787029,10410.014867,10410.98703,10414.501683,0,2.99999999999994,0.0299999999999997,5.99999999999996,2,1,65,0.5
366,10422.110314,10420.577486,10421.148823,10422.057986,10425.680965,1,2.99999999999994,0.0299999999999997,7.00000000000003,1,2,66,0.5
367,10429.516623,10427.715296,10428.443955,10429.46445,10433.015603,1,2.99999999999994,0.0299999999999997,7.00000000000003,1,2,66,0.5
368,10435.988925,10434.008932,10434.506431,10435.988925,10439.956081,1,NaN,0,5.99999999999996,2,1,65,0.5
369,10443.958231,10442.255066,10443.131229,10443.90606,10447.166379,1,2.99999999999994,0.0299999999999997,7.00000000000003,1,2,66,0.5
370,10449.763042,10448.777546,10448.996373,10449.76087,10471.004951,0,2.99999999999994,0.0299999999999997,5.99999999999996,2,1,65,0.5
371,10473.277448,10471.844447,10472.440278,10473.225114,10477.076094,1,2.99999999999994,0.0299999999999997,7.00000000000003,1,2,66,0.5
372,10479.486583,10478.180256,10478.560593,10479.434256,10482.371572,0,2.99999999999994,0.0299999999999997,5.99999999999996,2,1,65,0.5
373,10484.868234,10483.522401,10484.075238,10484.815895,10487.184892,1,2.99999999999994,0.0299999999999997,7.00000000000003,1,2,66,0.5
374,10490.162713,10488.878546,10489.197379,10490.11038,10511.580294,0,2.99999999999994,0.0299999999999997,5.99999999999996,2,1,65,0.5
375,10514.625615,10512.876456,10513.284781,10514.623443,10517.461265,0,2.99999999999994,0.0299999999999997,5.99999999999996,2,1,65,0.5
376,10519.849761,10518.438262,10519.053764,10519.797423,10523.635746,1,2.99999999999994,0.0299999999999997,7.00000000000003,1,2,66,0.5
377,10529.28589,10528.145728,10528.431388,10529.283723,10543.842826,0,2.99999999999994,0.0299999999999997,5.99999999999996,2,1,65,0.5
378,10546.92298,10545.179493,10546.032817,10546.87048,10549.966969,1,2.99999999999994,0.0299999999999997,7.00000000000003,1,2,66,0.5
379,10552.537297,10550.746638,10551.125631,10552.484964,10559.265264,0,2.99999999999994,0.0299999999999997,5.99999999999996,2,1,65,0.5
380,10561.485256,10560.123927,10560.750598,10561.432928,10565.199913,1,2.99999999999994,0.0299999999999997,7.00000000000003,1,2,66,0.5
381,10569.934722,10568.868893,10569.146897,10569.932555,10586.330329,0,2.99999999999994,0.0299999999999997,5.99999999999996,2,1,65,0.5
382,10589.70831,10588.297315,10588.847313,10589.706142,10595.291787,1,2.99999999999994,0.0299999999999997,7.00000000000003,1,2,66,0.5
383,10598.291275,10597.199446,10597.453279,10598.289108,10612.228886,0,2.99999999999994,0.0299999999999997,5.99999999999996,2,1,65,0.5
384,10616.222204,10614.923542,10615.23254,10616.222204,10624.137005,1,NaN,0,5.99999999999996,2,1,65,0.5
385,10627.877996,10626.469995,10626.975999,10627.825657,10631.396809,1,2.99999999999994,0.0299999999999997,7.00000000000003,1,2,66,0.5
386,10633.525307,10632.177139,10632.808143,10633.472973,10637.285125,1,2.99999999999994,0.0299999999999997,7.00000000000003,1,2,66,0.5
387,10639.300944,10638.121116,10638.515115,10639.300944,10645.417759,1,NaN,0,5.99999999999996,2,1,65,0.5
388,10649.251738,10648.047248,10648.673079,10649.19941,10661.498022,0,2.99999999999994,0.0299999999999997,5.99999999999996,2,1,65,0.5
389,10665.20068,10664.183017,10664.388511,10665.148507,10683.686933,0,2.99999999999994,0.0299999999999997,5.99999999999996,2,1,65,0.5
390,10690.073075,10688.798585,10689.151911,10690.070908,10694.220058,0,2.99999999999994,0.0299999999999997,5.99999999999996,2,1,65,0.5
391,10696.699387,10695.27122,10695.90839,10696.697215,10700.139701,1,2.99999999999994,0.0299999999999997,7.00000000000003,1,2,66,0.5
392,10702.168365,10700.896532,10701.493696,10702.116026,10705.627351,1,2.99999999999994,0.0299999999999997,7.00000000000003,1,2,66,0.5
393,10707.808509,10706.478348,10706.807341,10707.808509,10710.1775,1,NaN,0,5.99999999999996,2,1,65,0.5
394,10714.49531,10713.105149,10713.665819,10714.49531,10720.018955,1,NaN,0,5.99999999999996,2,1,65,0.5
395,10722.293285,10720.978284,10721.317622,10722.240946,10725.582599,0,2.99999999999994,0.0299999999999997,5.99999999999996,2,1,65,0.5
396,10728.89042,10727.323265,10727.694096,10728.838092,10751.86016,0,2.99999999999994,0.0299999999999997,5.99999999999996,2,1,65,0.5
397,10757.29964,10756.060816,10756.323482,10757.247306,10768.747093,0,2.99999999999994,0.0299999999999997,5.99999999999996,2,1,65,0.5
398,10771.633082,10770.52592,10770.864752,10771.623087,10774.935908,1,2.99999999999994,0.0299999999999997,7.00000000000003,1,2,66,0.5
399,10777.810229,10776.553068,10777.037726,10777.757896,10780.735712,1,2.99999999999994,0.0299999999999997,7.00000000000003,1,2,66,0.5
400,10786.350862,10785.071528,10785.619198,10786.298523,10788.371514,0,2.99999999999994,0.0299999999999997,5.99999999999996,2,1,65,0.5
401,10790.52184,10789.262345,10789.747682,10790.469512,10793.790659,1,2.99999999999994,0.0299999999999997,7.00000000000003,1,2,66,0.5
402,10797.843649,10796.660154,10796.917314,10797.79131,10826.8062,0,2.99999999999994,0.0299999999999997,5.99999999999996,2,1,65,0.5
403,10835.603332,10834.505331,10834.857329,10835.601165,10848.997778,0,2.99999999999994,0.0299999999999997,5.99999999999996,2,1,65,0.5
404,10852.12976,10850.607266,10851.197763,10852.077432,10855.724078,1,2.99999999999994,0.0299999999999997,7.00000000000003,1,2,66,0.5
405,10858.575906,10857.393078,10857.794737,10858.523567,10861.831393,1,2.99999999999994,0.0299999999999997,7.00000000000003,1,2,66,0.5
406,10865.737539,10864.415216,10864.861714,10865.735372,10871.015023,0,2.99999999999994,0.0299999999999997,5.99999999999996,2,1,65,0.5
407,10875.408833,10874.232505,10874.582337,10875.356501,10889.256611,0,2.99999999999994,0.0299999999999997,5.99999999999996,2,1,65,0.5
408,10891.860107,10890.625945,10891.097104,10891.807934,10895.24442,1,2.99999999999994,0.0299999999999997,7.00000000000003,1,2,66,0.5
409,10897.296418,10895.961423,10896.587588,10897.244085,10900.472066,1,2.99999999999994,0.0299999999999997,7.00000000000003,1,2,66,0.5
410,10903.891892,10902.581558,10903.079389,10903.839719,10918.581828,0,2.99999999999994,0.0299999999999997,5.99999999999996,2,1,65,0.5
411,10920.840985,10919.623657,10920.097655,10920.838818,10924.779469,1,2.99999999999994,0.0299999999999997,7.00000000000003,1,2,66,0.5
412,10926.664629,10925.402306,10925.891631,10926.612301,10929.964282,1,2.99999999999994,0.0299999999999997,7.00000000000003,1,2,66,0.5
413,10934.814929,10933.582601,10934.006771,10934.762602,10945.832051,0,2.99999999999994,0.0299999999999997,5.99999999999996,2,1,65,0.5
414,10950.997703,10949.41471,10950.124867,10950.945531,10958.177169,0,2.99999999999994,0.0299999999999997,5.99999999999996,2,1,65,0.5
415,10960.475332,10959.062832,10959.646335,10960.422999,10963.742813,1,2.99999999999994,0.0299999999999997,7.00000000000003,1,2,66,0.5
416,10966.286803,10965.239313,10965.461973,10966.234309,10986.150557,0,2.99999999999994,0.0299999999999997,5.99999999999996,2,1,65,0.5
417,10992.161205,10990.616712,10991.118037,10992.109033,11003.987152,0,2.99999999999994,0.0299999999999997,5.99999999999996,2,1,65,0.5
418,11006.942474,11005.469646,11006.095316,11006.890146,11010.414793,1,2.99999999999994,0.0299999999999997,7.00000000000003,1,2,66,0.5
419,11014.567444,11013.175455,11013.506453,11014.515116,11041.325669,0,2.99999999999994,0.0299999999999997,5.99999999999996,2,1,65,0.5
420,11044.636495,11043.158662,11043.428834,11044.584156,11053.872453,0,2.99999999999994,0.0299999999999997,5.99999999999996,2,1,65,0.5
421,11056.357449,11055.110787,11055.628285,11056.30511,11063.882412,1,2.99999999999994,0.0299999999999997,7.00000000000003,1,2,66,0.5
422,11067.126072,11066.110743,11066.42707,11067.073739,11071.20105,1,2.99999999999994,0.0299999999999997,7.00000000000003,1,2,66,0.5
423,11074.225205,11073.160375,11073.38738,11074.172705,11089.51931,0,2.99999999999994,0.0299999999999997,5.99999999999996,2,1,65,0.5
424,11093.156468,11091.741474,11092.322633,11093.104135,11098.776607,1,2.99999999999994,0.0299999999999997,7.00000000000003,1,2,66,0.5
425,11100.992431,11099.689775,11100.294273,11100.939931,11103.48826,1,2.99999999999994,0.0299999999999997,7.00000000000003,1,2,66,0.5
426,11106.302915,11105.190748,11105.544252,11106.250576,11114.310877,0,2.99999999999994,0.0299999999999997,5.99999999999996,2,1,65,0.5
427,11117.630037,11116.463041,11116.72554,11117.577698,11120.392353,0,2.99999999999994,0.0299999999999997,5.99999999999996,2,1,65,0.5
428,11122.589512,11121.233522,11121.920514,11122.560017,11125.363173,1,2.99999999999994,0.0299999999999997,7.00000000000003,1,2,66,0.5
429,11128.746487,11127.613491,11127.957329,11128.694159,11147.093413,0,2.99999999999994,0.0299999999999997,5.99999999999996,2,1,65,0.5
430,11149.780075,11148.343908,11148.896412,11149.777903,11154.073224,1,2.99999999999994,0.0299999999999997,7.00000000000003,1,2,66,0.5
431,11156.338882,11154.949887,11155.558552,11156.33671,11159.52803,1,2.99999999999994,0.0299999999999997,7.00000000000003,1,2,66,0.5
432,11162.906856,11161.526689,11161.826521,11162.854516,11170.431153,0,2.99999999999994,0.0299999999999997,5.99999999999996,2,1,65,0.5
433,11172.708311,11171.462483,11171.815481,11172.682478,11190.715406,0,2.99999999999994,0.0299999999999997,5.99999999999996,2,1,65,0.5
434,11193.4324,11192.061239,11192.655231,11193.430228,11197.87021,1,2.99999999999994,0.0299999999999997,7.00000000000003,1,2,66,0.5
435,11200.834371,11199.725375,11199.956701,11200.782198,11212.754323,0,2.99999999999994,0.0299999999999997,5.99999999999996,2,1,65,0.5
436,11214.924981,11213.666319,11214.188312,11214.872808,11218.185629,1,2.99999999999994,0.0299999999999997,7.00000000000003,1,2,66,0.5
437,11220.219126,11219.015798,11219.332957,11220.166793,11230.153747,0,2.99999999999994,0.0299999999999997,5.99999999999996,2,1,65,0.5
438,11232.276739,11230.929084,11231.310249,11232.22424,11244.121691,0,2.99999999999994,0.0299999999999997,5.99999999999996,2,1,65,0.5
439,11246.43085,11245.112854,11245.675025,11246.37835,11250.152834,1,2.99999999999994,0.0299999999999997,7.00000000000003,1,2,66,0.5
440,11253.259494,11252.130499,11252.259992,11253.257156,11260.014961,0,2.99999999999994,0.0299999999999997,5.99999999999996,2,1,65,0.5
441,11262.294291,11261.002957,11261.561128,11262.242119,11266.574441,1,2.99999999999994,0.0299999999999997,7.00000000000003,1,2,66,0.5
442,11269.044431,11267.555098,11268.254928,11268.992259,11272.313245,1,2.99999999999994,0.0299999999999997,7.00000000000003,1,2,66,0.5
443,11274.662909,11273.69274,11273.900745,11274.610575,11290.712344,0,2.99999999999994,0.0299999999999997,5.99999999999996,2,1,65,0.5
444,11304.147124,11291.526508,11291.876006,NaN,NaN,NaN,NaN,0,5.99999999999996,2,1,65,0.5
445,11324.958041,11323.62854,11324.091878,11324.905702,11330.584352,1,2.99999999999994,0.0299999999999997,7.00000000000003,1,2,66,0.5
446,11332.390006,11331.126349,11331.500181,11332.337506,11343.262134,0,2.99999999999994,0.0299999999999997,5.99999999999996,2,1,65,0.5
447,11347.342279,11346.202289,11346.518121,11347.289779,11353.39126,0,2.99999999999994,0.0299999999999997,5.99999999999996,2,1,65,0.5
448,11355.401247,11354.151424,11354.615255,11355.348747,11358.5404,1,2.99999999999994,0.0299999999999997,7.00000000000003,1,2,66,0.5
449,11360.687559,11359.439897,11359.965401,11360.685392,11363.894218,1,2.99999999999994,0.0299999999999997,7.00000000000003,1,2,66,0.5
450,11366.294042,11365.291207,11365.524373,11366.241703,11378.336494,0,2.99999999999994,0.0299999999999997,5.99999999999996,2,1,65,0.5
451,11381.375648,11380.267986,11380.587485,11381.323309,11390.604612,0,2.99999999999994,0.0299999999999997,5.99999999999996,2,1,65,0.5
452,11392.602937,11391.286936,11391.83994,11392.60077,11395.812585,1,2.99999999999994,0.0299999999999997,7.00000000000003,1,2,66,0.5
453,11397.899582,11396.797587,11397.360585,11397.84741,11400.848737,1,2.99999999999994,0.0299999999999997,7.00000000000003,1,2,66,0.5
454,11403.105062,11402.264732,11402.479231,11403.052722,11413.829185,0,2.99999999999994,0.0299999999999997,5.99999999999996,2,1,65,0.5
455,11415.702672,11414.57001,11414.911176,11415.650345,11426.606462,0,2.99999999999994,0.0299999999999997,5.99999999999996,2,1,65,0.5
456,11428.630126,11427.434298,11427.896296,11428.627954,11431.910446,1,2.99999999999994,0.0299999999999997,7.00000000000003,1,2,66,0.5
457,11434.45593,11433.331107,11433.600434,11434.403597,11446.580716,0,2.99999999999994,0.0299999999999997,5.99999999999996,2,1,65,0.5
458,11451.121203,11450.044368,11450.347539,11451.069031,11459.948828,0,2.99999999999994,0.0299999999999997,5.99999999999996,2,1,65,0.5
459,11461.838988,11460.701665,11461.179496,11461.78666,11466.322803,1,2.99999999999994,0.0299999999999997,7.00000000000003,1,2,66,0.5
460,11468.4478,11467.511465,11467.860964,11468.395461,11479.059086,0,2.99999999999994,0.0299999999999997,5.99999999999996,2,1,65,0.5
461,11481.010083,11479.894754,11480.365747,11480.957744,11484.313237,1,2.99999999999994,0.0299999999999997,7.00000000000003,1,2,66,0.5
462,11487.001387,11486.08773,11486.377556,11486.949059,11499.167344,0,2.99999999999994,0.0299999999999997,5.99999999999996,2,1,65,0.5
463,11502.85799,11501.424829,11502.097832,11502.805663,11505.592646,1,2.99999999999994,0.0299999999999997,7.00000000000003,1,2,66,0.5
464,11507.257312,11506.214976,11506.539981,11507.204972,11522.610411,0,2.99999999999994,0.0299999999999997,5.99999999999996,2,1,65,0.5
465,11524.602903,11523.353408,11523.742912,11524.550576,11532.567038,0,2.99999999999994,0.0299999999999997,5.99999999999996,2,1,65,0.5
466,11534.833868,11533.469707,11534.057038,11534.78153,11540.804838,1,2.99999999999994,0.0299999999999997,7.00000000000003,1,2,66,0.5
467,11542.799336,11541.966501,11542.277671,11542.797163,11550.777971,0,2.99999999999994,0.0299999999999997,5.99999999999996,2,1,65,0.5
468,11553.208789,11552.427798,11552.626958,11553.156461,11561.013091,0,2.99999999999994,0.0299999999999997,5.99999999999996,2,1,65,0.5
469,11562.982083,11561.74976,11562.228092,11562.929756,11567.271738,1,2.99999999999994,0.0299999999999997,7.00000000000003,1,2,66,0.5
470,11569.039064,11567.965063,11568.342561,11568.986725,11578.718192,0,2.99999999999994,0.0299999999999997,5.99999999999996,2,1,65,0.5
471,11580.774512,11579.508183,11580.032682,11580.772184,11583.436334,1,2.99999999999994,0.0299999999999997,7.00000000000003,1,2,66,0.5
472,11585.314827,11584.025999,11584.573336,11585.2625,11588.707319,1,2.99999999999994,0.0299999999999997,7.00000000000003,1,2,66,0.5
473,11591.441803,11590.464639,11590.710806,11591.439636,11601.536762,0,2.99999999999994,0.0299999999999997,5.99999999999996,2,1,65,0.5
474,11606.810247,11605.246581,11605.58108,11606.758075,11613.475714,0,2.99999999999994,0.0299999999999997,5.99999999999996,2,1,65,0.5
475,11615.415212,11614.213878,11614.766376,11615.362874,11618.336028,1,2.99999999999994,0.0299999999999997,7.00000000000003,1,2,66,0.5
476,11620.078855,11619.119358,11619.455023,11620.076688,11625.968831,0,2.99999999999994,0.0299999999999997,5.99999999999996,2,1,65,0.5
477,11627.85649,11626.842661,11627.187832,11627.804163,11636.651121,0,2.99999999999994,0.0299999999999997,5.99999999999996,2,1,65,0.5
478,11638.597786,11637.498951,11637.972955,11638.545453,11641.382936,1,2.99999999999994,0.0299999999999997,7.00000000000003,1,2,66,0.5
479,11643.207429,11642.100267,11642.535098,11643.205262,11646.463755,1,2.99999999999994,0.0299999999999997,7.00000000000003,1,2,66,0.5
480,11649.107078,11648.177248,11648.448907,11649.054738,11662.818023,0,2.99999999999994,0.0299999999999997,5.99999999999996,2,1,65,0.5
481,11666.031338,11664.865676,11665.160507,11665.97901,11672.048652,0,2.99999999999994,0.0299999999999997,5.99999999999996,2,1,65,0.5
482,11674.087978,11672.883482,11673.417647,11674.035644,11677.015299,1,2.99999999999994,0.0299999999999997,7.00000000000003,1,2,66,0.5
483,11679.375456,11678.472287,11678.682287,11679.363284,11687.198758,0,2.99999999999994,0.0299999999999997,5.99999999999996,2,1,65,0.5
484,11689.068084,11687.957916,11688.434087,11689.015912,11692.128399,1,2.99999999999994,0.0299999999999997,7.00000000000003,1,2,66,0.5
485,11694.054564,11692.862902,11693.352401,11694.002225,11698.022715,1,2.99999999999994,0.0299999999999997,7.00000000000003,1,2,66,0.5
486,11700.443367,11699.579042,11699.862035,11700.390867,11711.623655,0,2.99999999999994,0.0299999999999997,5.99999999999996,2,1,65,0.5
487,11713.53632,11712.396491,11712.803156,11713.534153,11716.383475,1,2.99999999999994,0.0299999999999997,7.00000000000003,1,2,66,0.5
488,11717.948969,11716.997139,11717.334132,11717.896798,11723.883439,0,2.99999999999994,0.0299999999999997,5.99999999999996,2,1,65,0.5
489,11725.656099,11724.564942,11725.034934,11725.6036,11728.61792,1,2.99999999999994,0.0299999999999997,7.00000000000003,1,2,66,0.5
490,11743.115529,11741.841707,11742.353699,11743.113362,11745.542019,1,2.99999999999994,0.0299999999999997,7.00000000000003,1,2,66,0.5
491,11747.939016,11747.102352,11747.355518,11747.886682,11752.480491,0,2.99999999999994,0.0299999999999997,5.99999999999996,2,1,65,0.5
492,11754.148152,11753.120995,11753.491654,11754.095985,11763.580453,0,2.99999999999994,0.0299999999999997,5.99999999999996,2,1,65,0.5
493,11765.241613,11764.203284,11764.646943,11765.18928,11767.517437,1,2.99999999999994,0.0299999999999997,7.00000000000003,1,2,66,0.5
494,11769.127425,11768.183595,11768.472433,11769.075098,11775.180407,0,2.99999999999994,0.0299999999999997,5.99999999999996,2,1,65,0.5
495,11777.028899,11775.804731,11776.318229,11776.97656,11777.941223,1,2.99999999999994,0.0299999999999997,7.00000000000003,1,2,66,0.5
496,11779.810555,11778.656226,11779.130052,11779.808383,11781.697214,1,2.99999999999994,0.0299999999999997,7.00000000000003,1,2,66,0.5
497,11783.686872,11782.84387,11783.106536,11783.654039,11789.866675,0,2.99999999999994,0.0299999999999997,5.99999999999996,2,1,65,0.5
498,11792.348832,11790.953338,11791.269837,11792.296505,11799.151971,0,2.99999999999994,0.0299999999999997,5.99999999999996,2,1,65,0.5
499,11801.314802,11800.118134,11800.618138,11801.262469,11803.332961,1,2.99999999999994,0.0299999999999997,7.00000000000003,1,2,66,0.5
500,11805.096287,11803.857292,11804.451789,11805.044115,11807.160773,1,2.99999999999994,0.0299999999999997,7.00000000000003,1,2,66,0.5
501,11808.821933,11807.810604,11808.188435,11808.769433,11812.72409,0,2.99999999999994,0.0299999999999997,5.99999999999996,2,1,65,0.5
502,11814.352083,11813.419254,11813.697086,11814.299744,11821.042218,0,2.99999999999994,0.0299999999999997,5.99999999999996,2,1,65,0.5
503,11823.265714,11821.959547,11822.59555,11823.213375,11825.962703,1,2.99999999999994,0.0299999999999997,7.00000000000003,1,2,66,0.5
504,11827.451359,11826.683695,11826.95086,11827.398859,11837.143986,0,2.99999999999994,0.0299999999999997,5.99999999999996,2,1,65,0.5
505,11838.984479,11837.87165,11838.230148,11838.932151,11845.371459,0,2.99999999999994,0.0299999999999997,5.99999999999996,2,1,65,0.5
506,11847.221452,11845.945617,11846.460121,11847.21928,11850.463439,1,2.99999999999994,0.0299999999999997,7.00000000000003,1,2,66,0.5
507,11851.924761,11851.021103,11851.333929,11851.872433,11859.923901,0,2.99999999999994,0.0299999999999997,5.99999999999996,2,1,65,0.5
508,11861.88656,11860.880892,11861.20289,11861.834221,11866.551535,0,2.99999999999994,0.0299999999999997,5.99999999999996,2,1,65,0.5
509,11868.541866,11867.273699,11867.816863,11868.539694,11872.860183,1,2.99999999999994,0.0299999999999997,7.00000000000003,1,2,66,0.5
510,11874.694003,11873.584013,11874.006511,11874.641675,11877.300665,1,2.99999999999994,0.0299999999999997,7.00000000000003,1,2,66,0.5
511,11881.565476,11877.897496,11878.191156,11881.565476,11886.418462,1,NaN,0,5.99999999999996,2,1,65,0.5
512,11900.267406,11887.646623,11887.958117,NaN,11951.146703,NaN,NaN,0,5.99999999999996,2,1,65,0.5
513,12482.712076,12481.143411,12481.722741,12482.702404,12483.6739,0,2.99999999999994,0.0299999999999997,5.99999999999996,2,1,65,0.5
514,12580.20802,12573.713046,12574.127711,12580.20802,12589.589816,1,NaN,0,5.99999999999996,2,1,65,0.5
515,12591.9028,12590.97081,12591.378469,12591.9028,12591.986639,1,NaN,0,5.99999999999996,2,1,65,0.5
516,12601.8641,12600.928432,12601.247596,12601.811927,12610.734731,0,2.99999999999994,0.0299999999999997,5.99999999999996,2,1,65,0.5
517,12613.106722,12611.541222,12612.174386,12613.054549,12617.490198,1,2.99999999999994,0.0299999999999997,7.00000000000003,1,2,66,0.5
518,12619.545529,12618.367194,12618.689194,12619.493357,12623.224342,0,2.99999999999994,0.0299999999999997,5.99999999999996,2,1,65,0.5
519,12625.303334,12624.059844,12624.372337,12625.251,12633.873467,0,2.99999999999994,0.0299999999999997,5.99999999999996,2,1,65,0.5
520,12636.143457,12634.694796,12635.297966,12636.141123,12638.307115,1,2.99999999999994,0.0299999999999997,7.00000000000003,1,2,66,0.5
521,12640.23028,12639.071278,12639.622449,12640.228108,12643.222434,1,2.99999999999994,0.0299999999999997,7.00000000000003,1,2,66,0.5
522,12645.033927,12643.871932,12644.26143,12644.981594,12647.657417,0,2.99999999999994,0.0299999999999997,5.99999999999996,2,1,65,0.5
523,12649.543576,12648.381241,12648.868412,12649.491237,12652.63773,1,2.99999999999994,0.0299999999999997,7.00000000000003,1,2,66,0.5
524,12654.692889,12653.58472,12654.045891,12654.690717,12657.360872,1,2.99999999999994,0.0299999999999997,7.00000000000003,1,2,66,0.5
525,12660.892697,12659.579864,12660.109367,12660.840525,12668.218001,0,2.99999999999994,0.0299999999999997,5.99999999999996,2,1,65,0.5
526,12670.16666,12668.899665,12669.249658,12670.164493,12675.624138,0,2.99999999999994,0.0299999999999997,5.99999999999996,2,1,65,0.5
527,12677.991962,12676.574468,12677.240965,12677.939623,12680.904778,1,2.99999999999994,0.0299999999999997,7.00000000000003,1,2,66,0.5
528,12683.213608,12682.256939,12682.457777,12683.161269,12690.253408,0,2.99999999999994,0.0299999999999997,5.99999999999996,2,1,65,0.5
529,12692.353399,12691.071738,12691.625069,12692.300899,12695.003061,1,2.99999999999994,0.0299999999999997,7.00000000000003,1,2,66,0.5
530,12697.027547,12695.853718,12696.418888,12697.02538,12699.826035,1,2.99999999999994,0.0299999999999997,7.00000000000003,1,2,66,0.5
531,12703.202694,12701.806367,12702.120693,12703.150361,12710.93933,0,2.99999999999994,0.0299999999999997,5.99999999999996,2,1,65,0.5
532,12712.841656,12711.693994,12712.030986,12712.789317,12717.293966,0,2.99999999999994,0.0299999999999997,5.99999999999996,2,1,65,0.5
533,12719.174959,12717.967796,12718.492295,12719.122631,12722.440617,1,2.99999999999994,0.0299999999999997,7.00000000000003,1,2,66,0.5
534,12724.26911,12723.523946,12723.70794,12724.216938,12728.463254,0,2.99999999999994,0.0299999999999997,5.99999999999996,2,1,65,0.5
535,12730.036915,12729.132086,12729.449256,12729.984587,12733.055408,0,2.99999999999994,0.0299999999999997,5.99999999999996,2,1,65,0.5
536,12735.320894,12734.200737,12734.742735,12735.318727,12738.042722,1,2.99999999999994,0.0299999999999997,7.00000000000003,1,2,66,0.5
537,12739.860714,12738.72888,12739.278711,12739.858548,12742.576698,1,2.99999999999994,0.0299999999999997,7.00000000000003,1,2,66,0.5
538,12745.371692,12744.537029,12744.795189,12745.31952,12748.308175,0,2.99999999999994,0.0299999999999997,5.99999999999996,2,1,65,0.5
539,12749.69167,12748.925512,12749.213677,12749.639342,12762.942122,0,2.99999999999994,0.0299999999999997,5.99999999999996,2,1,65,0.5
540,12764.663782,12763.513448,12763.968279,12764.611443,12767.984102,1,2.99999999999994,0.0299999999999997,7.00000000000003,1,2,66,0.5
541,12769.726428,12768.78026,12769.096598,12769.674089,12774.279571,0,2.99999999999994,0.0299999999999997,5.99999999999996,2,1,65,0.5
542,12776.292069,12775.031234,12775.608232,12776.289897,12779.747555,1,2.99999999999994,0.0299999999999997,7.00000000000003,1,2,66,0.5
543,12781.595214,12780.429552,12780.709879,12781.543042,12787.687351,0,2.99999999999994,0.0299999999999997,5.99999999999996,2,1,65,0.5
544,12789.616349,12788.345021,12788.81668,12789.56401,12793.181668,1,2.99999999999994,0.0299999999999997,7.00000000000003,1,2,66,0.5
545,12794.978989,12793.832499,12794.268158,12794.926489,12797.664645,1,2.99999999999994,0.0299999999999997,7.00000000000003,1,2,66,0.5
546,12799.937308,12799.026972,12799.282637,12799.884968,12805.132953,0,2.99999999999994,0.0299999999999997,5.99999999999996,2,1,65,0.5
547,12806.783275,12805.690612,12806.100277,12806.781108,12809.846595,1,2.99999999999994,0.0299999999999997,7.00000000000003,1,2,66,0.5
548,12811.607422,12810.559598,12810.998763,12811.605255,12814.531249,1,2.99999999999994,0.0299999999999997,7.00000000000003,1,2,66,0.5
549,12817.349738,12816.452236,12816.696735,12817.297399,12828.298355,0,2.99999999999994,0.0299999999999997,5.99999999999996,2,1,65,0.5
550,12830.05252,12828.983186,12829.384856,12830.000181,12833.091336,1,2.99999999999994,0.0299999999999997,7.00000000000003,1,2,66,0.5
551,12834.63533,12833.725667,12833.995666,12834.58283,12839.864309,0,2.99999999999994,0.0299999999999997,5.99999999999996,2,1,65,0.5
552,12841.554808,12840.479812,12840.911971,12841.502635,12843.604793,1,2.99999999999994,0.0299999999999997,7.00000000000003,1,2,66,0.5
553,12844.960122,12844.160131,12844.485291,12844.907794,12849.812775,0,2.99999999999994,0.0299999999999997,5.99999999999996,2,1,65,0.5
554,12851.483263,12850.567432,12850.869098,12851.430935,12857.253573,0,2.99999999999994,0.0299999999999997,5.99999999999996,2,1,65,0.5
555,12858.896405,12857.84557,12858.288235,12858.844233,12861.763054,1,2.99999999999994,0.0299999999999997,7.00000000000003,1,2,66,0.5
556,12863.579214,12862.385558,12862.85805,12863.526887,12866.567041,1,2.99999999999994,0.0299999999999997,7.00000000000003,1,2,66,0.5
557,12879.755322,12867.134705,12867.453865,NaN,NaN,NaN,NaN,0,5.99999999999996,2,1,65,0.5
558,12890.490112,12889.035951,12889.414944,12890.437773,12897.331912,0,2.99999999999994,0.0299999999999997,5.99999999999996,2,1,65,0.5
559,12899.489904,12898.138915,12898.474413,12899.437576,12903.217894,0,2.99999999999994,0.0299999999999997,5.99999999999996,2,1,65,0.5
560,12904.777388,12903.839553,12904.145057,12904.775222,12908.717206,0,2.99999999999994,0.0299999999999997,5.99999999999996,2,1,65,0.5
561,12910.600026,12909.479864,12909.936701,12910.547698,12913.099182,1,2.99999999999994,0.0299999999999997,7.00000000000003,1,2,66,0.5
562,12914.980509,12913.811185,12914.328677,12914.978341,12917.616664,1,2.99999999999994,0.0299999999999997,7.00000000000003,1,2,66,0.5
563,12919.576829,12918.768499,12918.986998,12919.52449,12924.632309,0,2.99999999999994,0.0299999999999997,5.99999999999996,2,1,65,0.5
564,12926.245302,12925.2003,12925.590966,12926.192969,12927.534124,0,2.99999999999994,0.0299999999999997,5.99999999999996,2,1,65,0.5
565,12936.232924,12934.741768,12935.38076,12936.180596,12938.813579,1,2.99999999999994,0.0299999999999997,7.00000000000003,1,2,66,0.5
566,12940.748572,12939.884242,12940.177747,12940.696244,12947.434384,0,2.99999999999994,0.0299999999999997,5.99999999999996,2,1,65,0.5
567,12949.905874,12948.843039,12949.098206,12949.853535,12957.61001,0,2.99999999999994,0.0299999999999997,5.99999999999996,2,1,65,0.5
568,12959.63033,12958.299841,12958.897172,12959.628002,12962.219986,1,2.99999999999994,0.0299999999999997,7.00000000000003,1,2,66,0.5
569,12964.029318,12962.90965,12963.37632,12963.976985,12966.309137,1,2.99999999999994,0.0299999999999997,7.00000000000003,1,2,66,0.5
570,12968.537633,12967.668298,12967.914636,12968.485295,12973.601113,0,2.99999999999994,0.0299999999999997,5.99999999999996,2,1,65,0.5
571,12975.4541,12974.331943,12974.822608,12975.4016,12978.001423,1,2.99999999999994,0.0299999999999997,7.00000000000003,1,2,66,0.5
572,12979.449584,12978.555926,12978.841587,12979.429917,12983.847239,0,2.99999999999994,0.0299999999999997,5.99999999999996,2,1,65,0.5
573,12985.471899,12984.525069,12984.885396,12985.469727,12991.500536,0,2.99999999999994,0.0299999999999997,5.99999999999996,2,1,65,0.5
574,12993.186863,12992.029366,12992.481198,12993.134535,12996.171684,1,2.99999999999994,0.0299999999999997,7.00000000000003,1,2,66,0.5
575,12997.925177,12996.987353,12997.295018,12997.872849,13002.880323,0,2.99999999999994,0.0299999999999997,5.99999999999996,2,1,65,0.5
576,13004.670483,13003.451993,13004.025991,13004.668155,13006.25231,1,2.99999999999994,0.0299999999999997,7.00000000000003,1,2,66,0.5
577,13008.052808,13006.766641,13007.386472,13008.000469,13010.490632,1,2.99999999999994,0.0299999999999997,7.00000000000003,1,2,66,0.5
578,13012.242792,13011.542955,13011.682127,13012.19062,13017.443931,0,2.99999999999994,0.0299999999999997,5.99999999999996,2,1,65,0.5
579,13019.165264,13017.98093,13018.513928,13019.112925,13022.023752,1,2.99999999999994,0.0299999999999997,7.00000000000003,1,2,66,0.5
580,13023.796745,13022.612245,13023.134915,13023.744412,13026.497229,1,2.99999999999994,0.0299999999999997,7.00000000000003,1,2,66,0.5
581,13028.288389,13027.495891,13027.697557,13028.236061,13033.305035,0,2.99999999999994,0.0299999999999997,5.99999999999996,2,1,65,0.5
582,13034.821196,13033.914372,13034.227531,13034.819029,13039.502349,0,2.99999999999994,0.0299999999999997,5.99999999999996,2,1,65,0.5
583,13041.337503,13040.161675,13040.682672,13041.285175,13043.589833,1,2.99999999999994,0.0299999999999997,7.00000000000003,1,2,66,0.5
584,13045.420992,13044.212991,13044.766322,13045.368659,13047.876816,1,2.99999999999994,0.0299999999999997,7.00000000000003,1,2,66,0.5
585,13049.791975,13049.003639,13049.181639,13049.789808,13055.515112,0,2.99999999999994,0.0299999999999997,5.99999999999996,2,1,65,0.5
586,13057.02994,13056.07611,13056.386615,13056.977446,13060.1306,0,2.99999999999994,0.0299999999999997,5.99999999999996,2,1,65,0.5
587,13064.75191,13063.56492,13064.027245,13064.749582,13067.538904,1,2.99999999999994,0.0299999999999997,7.00000000000003,1,2,66,0.5
588,13069.004731,13068.094062,13068.380734,13068.952559,13072.970376,0,2.99999999999994,0.0299999999999997,5.99999999999996,2,1,65,0.5
589,13074.718208,13073.70504,13074.054872,13074.665869,13078.656687,0,2.99999999999994,0.0299999999999997,5.99999999999996,2,1,65,0.5
590,13080.489185,13079.394356,13079.824515,13080.437013,13083.316669,1,2.99999999999994,0.0299999999999997,7.00000000000003,1,2,66,0.5
591,13084.704335,13083.817833,13084.148998,13084.652002,13089.175651,0,2.99999999999994,0.0299999999999997,5.99999999999996,2,1,65,0.5
592,13090.723472,13089.695815,13089.983975,13090.671145,13094.796623,0,2.99999999999994,0.0299999999999997,5.99999999999996,2,1,65,0.5
593,13096.607287,13095.500453,13096.031117,13096.554954,13099.50677,1,2.99999999999994,0.0299999999999997,7.00000000000003,1,2,66,0.5
594,13101.106603,13100.235434,13100.515272,13101.104436,13104.582417,0,2.99999999999994,0.0299999999999997,5.99999999999996,2,1,65,0.5
595,13106.595576,13105.424913,13105.953244,13106.593408,13109.36107,1,2.99999999999994,0.0299999999999997,7.00000000000003,1,2,66,0.5
596,13110.707898,13109.933228,13110.206566,13110.655726,13114.047218,0,2.99999999999994,0.0299999999999997,5.99999999999996,2,1,65,0.5
597,13115.726039,13114.888548,13115.22038,13115.726039,13123.584346,1,NaN,0,5.99999999999996,2,1,65,0.5
598,13125.488339,13124.291337,13124.819336,13125.435999,13129.225657,1,2.99999999999994,0.0299999999999997,7.00000000000003,1,2,66,0.5
599,13130.582818,13129.788316,13130.074148,13130.53048,13136.022624,0,2.99999999999994,0.0299999999999997,5.99999999999996,2,1,65,0.5
600,13137.579624,13136.599961,13136.90412,13137.527284,13144.460763,0,2.99999999999994,0.0299999999999997,5.99999999999996,2,1,65,0.5
601,13147.345918,13146.493915,13146.781914,13147.343751,13151.521229,0,2.99999999999994,0.0299999999999997,5.99999999999996,2,1,65,0.5
602,13153.168389,13152.10056,13152.529891,13153.116061,13155.359213,1,2.99999999999994,0.0299999999999997,7.00000000000003,1,2,66,0.5
603,13157.001713,13155.881384,13156.404048,13156.949374,13159.970029,1,2.99999999999994,0.0299999999999997,7.00000000000003,1,2,66,0.5
604,13161.480528,13160.524359,13160.903358,13161.428356,13166.135509,0,2.99999999999994,0.0299999999999997,5.99999999999996,2,1,65,0.5
605,13167.93833,13166.69134,13167.225172,13167.886002,13170.683152,1,2.99999999999994,0.0299999999999997,7.00000000000003,1,2,66,0.5
606,13172.113486,13171.211816,13171.517654,13172.061319,13175.911965,0,2.99999999999994,0.0299999999999997,5.99999999999996,2,1,65,0.5
607,13177.676791,13176.584295,13177.063126,13177.624463,13180.230786,1,2.99999999999994,0.0299999999999997,7.00000000000003,1,2,66,0.5
608,13181.580781,13180.780445,13181.092944,13181.528608,13187.570257,0,2.99999999999994,0.0299999999999997,5.99999999999996,2,1,65,0.5
609,13189.276745,13188.146588,13188.426914,13189.224417,13193.510894,0,2.99999999999994,0.0299999999999997,5.99999999999996,2,1,65,0.5
610,13195.320726,13194.167892,13194.659723,13195.268554,13199.100039,1,2.99999999999994,0.0299999999999997,7.00000000000003,1,2,66,0.5
611,13200.794871,13199.705208,13200.150867,13200.742532,13202.996357,1,2.99999999999994,0.0299999999999997,7.00000000000003,1,2,66,0.5
612,13204.867516,13204.129524,13204.34719,13204.815188,13209.142331,0,2.99999999999994,0.0299999999999997,5.99999999999996,2,1,65,0.5
613,13210.737998,13209.692829,13210.133328,13210.685659,13213.973313,1,2.99999999999994,0.0299999999999997,7.00000000000003,1,2,66,0.5
614,13215.522145,13214.490483,13214.913976,13215.469973,13217.619137,1,2.99999999999994,0.0299999999999997,7.00000000000003,1,2,66,0.5
615,13219.488291,13218.720626,13218.932126,13219.435963,13224.865774,0,2.99999999999994,0.0299999999999997,5.99999999999996,2,1,65,0.5
616,13226.561601,13225.5221,13225.937764,13226.509429,13229.530917,1,2.99999999999994,0.0299999999999997,7.00000000000003,1,2,66,0.5
617,13230.944083,13230.055754,13230.41308,13230.941911,13233.6709,0,2.99999999999994,0.0299999999999997,5.99999999999996,2,1,65,0.5
618,13235.285561,13234.240898,13234.712396,13235.233233,13238.344387,1,2.99999999999994,0.0299999999999997,7.00000000000003,1,2,66,0.5
619,13239.969214,13238.948218,13239.41955,13239.967042,13243.990865,1,2.99999999999994,0.0299999999999997,7.00000000000003,1,2,66,0.5
620,13245.376859,13244.484524,13244.804522,13245.32452,13248.904339,0,2.99999999999994,0.0299999999999997,5.99999999999996,2,1,65,0.5
621,13250.472172,13249.476337,13249.842836,13250.42,13253.570987,0,2.99999999999994,0.0299999999999997,5.99999999999996,2,1,65,0.5
622,13255.410986,13254.188652,13254.705822,13255.358813,13259.152131,1,2.99999999999994,0.0299999999999997,7.00000000000003,1,2,66,0.5
623,13260.749464,13259.735963,13260.0893,13260.697125,13263.158449,1,2.99999999999994,0.0299999999999997,7.00000000000003,1,2,66,0.5
624,13264.595944,13263.71078,13264.013285,13264.543616,13268.603599,0,2.99999999999994,0.0299999999999997,5.99999999999996,2,1,65,0.5
625,13270.416926,13269.395757,13269.839255,13270.364753,13273.467413,1,2.99999999999994,0.0299999999999997,7.00000000000003,1,2,66,0.5
626,13274.817408,13274.068244,13274.339071,13274.765069,13279.414218,0,2.99999999999994,0.0299999999999997,5.99999999999996,2,1,65,0.5
627,13281.084044,13280.099381,13280.509385,13281.031878,13284.079538,1,2.99999999999994,0.0299999999999997,7.00000000000003,1,2,66,0.5
628,13285.425199,13284.700196,13284.966201,13285.373027,13290.145174,0,2.99999999999994,0.0299999999999997,5.99999999999996,2,1,65,0.5
629,13291.634174,13290.603173,13290.920172,13291.581835,13297.381479,0,2.99999999999994,0.0299999999999997,5.99999999999996,2,1,65,0.5
630,13298.89464,13297.891149,13298.330981,13298.842312,13301.536962,1,2.99999999999994,0.0299999999999997,7.00000000000003,1,2,66,0.5
631,13303.053295,13302.193126,13302.501464,13303.051128,13309.865095,0,2.99999999999994,0.0299999999999997,5.99999999999996,2,1,65,0.5
632,13311.356423,13310.390926,13310.745258,13311.354256,13314.308417,1,2.99999999999994,0.0299999999999997,7.00000000000003,1,2,66,0.5
633,13315.747072,13314.890242,13315.146074,13315.744905,13320.111227,0,2.99999999999994,0.0299999999999997,5.99999999999996,2,1,65,0.5
634,13321.800387,13320.763058,13321.176556,13321.748214,13324.115538,1,2.99999999999994,0.0299999999999997,7.00000000000003,1,2,66,0.5
635,13325.773371,13324.682375,13325.108534,13325.721199,13328.287855,1,2.99999999999994,0.0299999999999997,7.00000000000003,1,2,66,0.5
636,13329.671855,13328.851192,13329.151691,13329.619522,13332.523338,0,2.99999999999994,0.0299999999999997,5.99999999999996,2,1,65,0.5
637,13334.140999,13333.135336,13333.566001,13334.088671,13337.580824,1,2.99999999999994,0.0299999999999997,7.00000000000003,1,2,66,0.5
638,13340.270479,13339.519149,13339.785309,13340.218146,13343.88346,0,2.99999999999994,0.0299999999999997,5.99999999999996,2,1,65,0.5
639,13345.436792,13344.628129,13344.893956,13345.384453,13349.902441,0,2.99999999999994,0.0299999999999997,5.99999999999996,2,1,65,0.5
640,13351.399435,13350.285934,13350.786765,13351.347096,13353.801587,1,2.99999999999994,0.0299999999999997,7.00000000000003,1,2,66,0.5
641,13355.499585,13354.377084,13354.906921,13355.447247,13358.5584,1,2.99999999999994,0.0299999999999997,7.00000000000003,1,2,66,0.5
642,13359.879068,13359.069738,13359.338064,13359.876901,13362.840051,0,2.99999999999994,0.0299999999999997,5.99999999999996,2,1,65,0.5
643,13364.560716,13363.443547,13363.742219,13364.508383,13368.160029,0,2.99999999999994,0.0299999999999997,5.99999999999996,2,1,65,0.5
644,13369.696195,13368.630693,13369.131364,13369.643856,13372.385012,1,2.99999999999994,0.0299999999999997,7.00000000000003,1,2,66,0.5
645,13373.771679,13373.027515,13373.291181,13373.719346,13377.414326,0,2.99999999999994,0.0299999999999997,5.99999999999996,2,1,65,0.5
646,13379.298985,13378.131995,13378.65432,13379.296817,13382.006313,1,2.99999999999994,0.0299999999999997,7.00000000000003,1,2,66,0.5
647,13383.39914,13382.67931,13382.904637,13383.346968,13386.024124,0,2.99999999999994,0.0299999999999997,5.99999999999996,2,1,65,0.5
648,13387.927456,13386.776621,13387.259792,13387.875117,13390.032942,1,2.99999999999994,0.0299999999999997,7.00000000000003,1,2,66,0.5
649,13391.596936,13390.470606,13390.944104,13391.544608,13394.748589,1,2.99999999999994,0.0299999999999997,7.00000000000003,1,2,66,0.5
650,13396.022423,13395.188754,13395.484586,13395.97009,13398.535908,0,2.99999999999994,0.0299999999999997,5.99999999999996,2,1,65,0.5
651,13400.131407,13399.054572,13399.531736,13400.079234,13403.010895,1,2.99999999999994,0.0299999999999997,7.00000000000003,1,2,66,0.5
652,13404.25939,13403.487221,13403.721392,13404.240385,13410.158194,0,2.99999999999994,0.0299999999999997,5.99999999999996,2,1,65,0.5
653,13411.558361,13410.789025,13411.06319,13411.506022,13415.292846,0,2.99999999999994,0.0299999999999997,5.99999999999996,2,1,65,0.5
654,13416.927668,13415.851177,13416.320009,13416.875168,13419.134325,1,2.99999999999994,0.0299999999999997,7.00000000000003,1,2,66,0.5
655,13420.742652,13419.649329,13420.102989,13420.690152,13423.212809,1,2.99999999999994,0.0299999999999997,7.00000000000003,1,2,66,0.5
656,13424.484143,13423.660813,13423.920312,13424.431803,13426.749128,0,2.99999999999994,0.0299999999999997,5.99999999999996,2,1,65,0.5
657,13428.132295,13427.352125,13427.647791,13428.079956,13431.09961,0,2.99999999999994,0.0299999999999997,5.99999999999996,2,1,65,0.5
658,13432.697604,13431.636775,13432.08344,13432.645277,13435.229266,1,2.99999999999994,0.0299999999999997,7.00000000000003,1,2,66,0.5
659,13436.716594,13435.762098,13436.220096,13436.664261,13439.918414,1,2.99999999999994,0.0299999999999997,7.00000000000003,1,2,66,0.5
660,13441.409242,13440.490079,13440.728238,13441.356903,13445.462719,0,2.99999999999994,0.0299999999999997,5.99999999999996,2,1,65,0.5
661,13447.124052,13446.060723,13446.438055,13447.071713,13449.297877,1,2.99999999999994,0.0299999999999997,7.00000000000003,1,2,66,0.5
662,13450.779365,13449.848536,13450.254534,13450.761371,13453.197355,1,2.99999999999994,0.0299999999999997,7.00000000000003,1,2,66,0.5
663,13454.426523,13453.689686,13453.918192,13454.374351,13459.355497,0,2.99999999999994,0.0299999999999997,5.99999999999996,2,1,65,0.5
664,13461.227162,13459.906828,13460.392493,13461.174824,13464.304644,1,2.99999999999994,0.0299999999999997,7.00000000000003,1,2,66,0.5
665,13466.74914,13465.825805,13466.08081,13466.696807,13469.582956,0,2.99999999999994,0.0299999999999997,5.99999999999996,2,1,65,0.5
666,13471.190622,13470.161787,13470.602792,13471.138283,13473.335441,1,2.99999999999994,0.0299999999999997,7.00000000000003,1,2,66,0.5
667,13474.548776,13473.799445,13474.078778,13474.496443,13476.893594,0,2.99999999999994,0.0299999999999997,5.99999999999996,2,1,65,0.5
668,13478.316427,13477.502097,13477.762263,13478.264088,13478.913753,0,2.99999999999994,0.0299999999999997,5.99999999999996,2,1,65,0.5
669,13480.950078,13479.747749,13480.369747,13480.89775,13483.207908,1,2.99999999999994,0.0299999999999997,7.00000000000003,1,2,66,0.5
670,13484.432236,13483.6934,13483.958399,13484.379898,13488.120716,0,2.99999999999994,0.0299999999999997,5.99999999999996,2,1,65,0.5
671,13489.873042,13488.664053,13489.247384,13489.820715,13492.136033,1,2.99999999999994,0.0299999999999997,7.00000000000003,1,2,66,0.5
672,13493.90486,13492.844536,13493.377362,13493.85236,13496.161683,1,2.99999999999994,0.0299999999999997,7.00000000000003,1,2,66,0.5
673,13497.494845,13496.705181,13496.999019,13497.442518,13501.452163,0,2.99999999999994,0.0299999999999997,5.99999999999996,2,1,65,0.5
674,13503.051823,13502.102499,13502.497991,13502.999329,13505.41498,1,2.99999999999994,0.0299999999999997,7.00000000000003,1,2,66,0.5
675,13506.840313,13505.908311,13506.232816,13506.787974,13508.932965,1,2.99999999999994,0.0299999999999997,7.00000000000003,1,2,66,0.5
676,13510.163133,13509.405303,13509.686963,13510.110795,13513.124783,0,2.99999999999994,0.0299999999999997,5.99999999999996,2,1,65,0.5
677,13514.461116,13513.753613,13514.029451,13514.408777,13517.508104,0,2.99999999999994,0.0299999999999997,5.99999999999996,2,1,65,0.5
678,13519.031764,13518.069929,13518.459261,13518.979598,13522.009581,1,2.99999999999994,0.0299999999999997,7.00000000000003,1,2,66,0.5
679,13523.373742,13522.558078,13522.823249,13523.321247,13525.876898,0,2.99999999999994,0.0299999999999997,5.99999999999996,2,1,65,0.5
680,13528.947386,13528.038722,13528.275221,13528.895058,13755.831145,0,2.99999999999994,0.0299999999999997,5.99999999999996,2,1,65,0.5
681,13759.531969,13757.452477,13757.647637,13759.479636,13760.664959,1,2.99999999999994,0.0299999999999997,7.00000000000003,1,2,66,0.5
682,13770.547925,13765.09278,13765.286779,13770.495586,13771.617749,0,2.99999999999994,0.0299999999999997,5.99999999999996,2,1,65,0.5
683,13799.103138,13797.507812,13797.641483,13799.050644,13814.367077,0,2.99999999999994,0.0299999999999997,5.99999999999996,2,1,65,0.5
684,13816.702568,13815.618411,13816.116237,13816.702568,14184.862262,0,NaN,0,7.00000000000003,1,2,66,0.5
685,14190.133247,14189.152751,14189.416583,14190.133247,14199.442537,1,NaN,0,5.99999999999996,2,1,65,0.5
686,14202.567525,14200.910204,14201.488863,14202.515192,14207.371678,1,2.99999999999994,0.0299999999999997,7.00000000000003,1,2,66,0.5
687,14209.653669,14208.539,14208.7595,14209.601496,14215.851477,0,2.99999999999994,0.0299999999999997,5.99999999999996,2,1,65,0.5
688,14234.480231,14233.781739,14234.030898,14234.427731,14545.012321,0,2.99999999999994,0.0299999999999997,5.99999999999996,2,1,65,0.5
689,14556.107111,14555.236448,14555.281619,14556.054783,14596.207456,0,2.99999999999994,0.0299999999999997,5.99999999999996,2,1,65,0.5
690,14649.955407,14647.754577,14648.983072,14649.903235,14654.293385,1,2.99999999999994,0.0299999999999997,7.00000000000003,1,2,66,0.5
691,14656.979207,14655.621212,14656.204877,14656.926707,14660.422032,1,2.99999999999994,0.0299999999999997,7.00000000000003,1,2,66,0.5
692,14667.070834,14666.030843,14666.292336,14667.018506,14674.860968,0,2.99999999999994,0.0299999999999997,5.99999999999996,2,1,65,0.5
693,14683.045608,14682.064779,14682.146279,14682.993269,14686.912926,1,2.99999999999994,0.0299999999999997,7.00000000000003,1,2,66,0.5
694,14688.602581,14687.553418,14687.88525,14688.600413,14692.66357,0,2.99999999999994,0.0299999999999997,5.99999999999996,2,1,65,0.5
695,14697.926382,14696.908214,14697.20338,14697.926382,14705.720518,1,NaN,0,5.99999999999996,2,1,65,0.5
696,14707.57051,14706.388848,14706.882174,14707.518171,14710.784991,1,2.99999999999994,0.0299999999999997,7.00000000000003,1,2,66,0.5
697,14716.77564,14715.709639,14715.737311,14716.723301,14719.292957,0,2.99999999999994,0.0299999999999997,5.99999999999996,2,1,65,0.5
698,14809.657602,14808.539101,14808.847605,14809.605429,14933.7396,0,2.99999999999994,0.0299999999999997,5.99999999999996,2,1,65,0.5
699,14939.852409,14938.950579,14939.252744,14939.850242,14945.30672,0,2.99999999999994,0.0299999999999997,5.99999999999996,2,1,65,0.5
700,14947.185546,14946.122717,14946.496716,14947.185546,14947.950715,1,NaN,0,5.99999999999996,2,1,65,0.5
701,15006.024644,15004.601322,15004.921649,15006.022477,15034.592364,0,2.99999999999994,0.0299999999999997,5.99999999999996,2,1,65,0.5
702,15037.897856,15036.15119,15036.655521,15037.895689,15048.667641,1,2.99999999999994,0.0299999999999997,7.00000000000003,1,2,66,0.5
703,15051.946127,15050.895464,15051.176802,15051.8938,15149.21191,0,2.99999999999994,0.0299999999999997,5.99999999999996,2,1,65,0.5
704,15150.469905,15149.765735,15150.02724,15150.417566,15151.963899,0,2.99999999999994,0.0299999999999997,5.99999999999996,2,1,65,0.5
705,15155.10922,15153.868225,15154.419556,15155.056887,15157.919036,1,2.99999999999994,0.0299999999999997,7.00000000000003,1,2,66,0.5
706,15160.521698,15159.277203,15159.800368,15160.519532,15162.989683,1,2.99999999999994,0.0299999999999997,7.00000000000003,1,2,66,0.5
707,15164.533516,15163.618347,15163.95318,15164.481349,15175.733466,0,2.99999999999994,0.0299999999999997,5.99999999999996,2,1,65,0.5
708,15177.636791,15176.433635,15176.888133,15177.584297,15180.044614,1,2.99999999999994,0.0299999999999997,7.00000000000003,1,2,66,0.5
709,15181.765275,15180.663618,15181.208944,15181.712775,15184.336103,1,2.99999999999994,0.0299999999999997,7.00000000000003,1,2,66,0.5
710,15185.971092,15185.018267,15185.302433,15185.968763,15189.878408,0,2.99999999999994,0.0299999999999997,5.99999999999996,2,1,65,0.5
711,15191.808901,15190.564078,15191.031404,15191.756574,15194.556896,1,2.99999999999994,0.0299999999999997,7.00000000000003,1,2,66,0.5
712,15196.954714,15196.048218,15196.367049,15196.902386,15199.607536,0,2.99999999999994,0.0299999999999997,5.99999999999996,2,1,65,0.5
713,15202.056366,15200.900032,15201.384196,15202.004193,15204.671522,1,2.99999999999994,0.0299999999999997,7.00000000000003,1,2,66,0.5
714,15206.67868,15205.740512,15206.036016,15206.626341,15209.842996,0,2.99999999999994,0.0299999999999997,5.99999999999996,2,1,65,0.5
715,15211.840827,15210.583659,15211.08249,15211.788487,15214.57181,1,2.99999999999994,0.0299999999999997,7.00000000000003,1,2,66,0.5
716,15216.493641,15215.383973,15215.925138,15216.441469,15218.924959,1,2.99999999999994,0.0299999999999997,7.00000000000003,1,2,66,0.5
717,15220.539453,15219.545796,15219.874628,15220.487125,15223.033276,0,2.99999999999994,0.0299999999999997,5.99999999999996,2,1,65,0.5
718,15225.428767,15224.172271,15224.681942,15225.376439,15227.821263,1,2.99999999999994,0.0299999999999997,7.00000000000003,1,2,66,0.5
719,15229.764921,15228.594421,15229.128751,15229.712582,15232.64491,1,2.99999999999994,0.0299999999999997,7.00000000000003,1,2,66,0.5
720,15234.197904,15233.303907,15233.651067,15234.145731,15237.168892,0,2.99999999999994,0.0299999999999997,5.99999999999996,2,1,65,0.5
721,15239.220045,15238.121215,15238.55772,15239.217878,15241.984701,1,2.99999999999994,0.0299999999999997,7.00000000000003,1,2,66,0.5
722,15243.792199,15242.734036,15243.217362,15243.740026,15246.234522,1,2.99999999999994,0.0299999999999997,7.00000000000003,1,2,66,0.5
723,15247.739011,15246.78602,15247.088513,15247.686683,15250.2355,0,2.99999999999994,0.0299999999999997,5.99999999999996,2,1,65,0.5
724,15258.986805,15257.89497,15258.298474,15258.984638,15268.4446,0,2.99999999999994,0.0299999999999997,5.99999999999996,2,1,65,0.5
725,15270.43692,15269.170592,15269.68359,15270.384592,15272.393412,1,2.99999999999994,0.0299999999999997,7.00000000000003,1,2,66,0.5
726,15274.528409,15273.43108,15273.815579,15274.501903,15277.762557,1,2.99999999999994,0.0299999999999997,7.00000000000003,1,2,66,0.5
727,15279.34439,15278.441721,15278.72372,15279.292057,15280.812051,0,2.99999999999994,0.0299999999999997,5.99999999999996,2,1,65,0.5
728,15282.863042,15281.764708,15282.221539,15282.810703,15284.967534,1,2.99999999999994,0.0299999999999997,7.00000000000003,1,2,66,0.5
729,15286.689022,15285.794864,15286.059524,15286.686854,15291.990173,0,2.99999999999994,0.0299999999999997,5.99999999999996,2,1,65,0.5
730,15293.653827,15292.591831,15292.973329,15293.601499,15296.504315,1,2.99999999999994,0.0299999999999997,7.00000000000003,1,2,66,0.5
731,15298.267975,15297.210985,15297.617477,15298.215648,15300.464805,1,2.99999999999994,0.0299999999999997,7.00000000000003,1,2,66,0.5
732,15301.956466,15301.050636,15301.347629,15301.904294,15305.838945,0,2.99999999999994,0.0299999999999997,5.99999999999996,2,1,65,0.5
733,15312.349752,15311.067924,15311.591755,15312.297425,15314.125079,0,2.99999999999994,0.0299999999999997,5.99999999999996,2,1,65,0.5
734,15316.25407,15315.088407,15315.613078,15316.201742,15318.608061,1,2.99999999999994,0.0299999999999997,7.00000000000003,1,2,66,0.5
735,15320.536392,15319.533557,15319.918722,15320.484219,15323.07221,1,2.99999999999994,0.0299999999999997,7.00000000000003,1,2,66,0.5
736,15325.5002,15324.600042,15324.871208,15325.497872,15330.06452,0,2.99999999999994,0.0299999999999997,5.99999999999996,2,1,65,0.5
737,15331.831508,15330.700684,15331.024345,15331.77918,15334.660829,0,2.99999999999994,0.0299999999999997,5.99999999999996,2,1,65,0.5
738,15337.22782,15336.143996,15336.692155,15337.17532,15339.266311,1,2.99999999999994,0.0299999999999997,7.00000000000003,1,2,66,0.5
739,15340.661306,15339.758975,15340.055814,15340.608973,15342.507137,0,2.99999999999994,0.0299999999999997,5.99999999999996,2,1,65,0.5
740,15344.438791,15343.5038,15343.804126,15344.436623,15347.018946,0,2.99999999999994,0.0299999999999997,5.99999999999996,2,1,65,0.5
741,15349.358609,15348.105948,15348.735279,15349.356443,15351.782927,1,2.99999999999994,0.0299999999999997,7.00000000000003,1,2,66,0.5
742,15366.90354,15366.202542,15366.433703,15366.90354,15869.328191,0,NaN,0,7.00000000000003,1,2,66,0.5
743,15871.689848,15870.617353,15870.844357,15871.689848,15871.831514,1,NaN,0,5.99999999999996,2,1,65,0.5
744,15885.998463,15884.973134,15885.392626,15885.998463,15937.452424,0,NaN,0,7.00000000000003,1,2,66,0.5
745,15945.106554,15943.89256,15944.118892,15945.106554,15963.796985,1,NaN,0,5.99999999999996,2,1,65,0.5
746,15973.914273,15972.54895,15973.014943,15973.861773,15984.38823,1,2.99999999999994,0.0299999999999997,7.00000000000003,1,2,66,0.5
747,15987.348391,15986.463389,15986.74756,15987.326052,16004.971987,0,2.99999999999994,0.0299999999999997,5.99999999999996,2,1,65,0.5
748,16006.747141,16005.674645,16005.976311,16006.747141,16011.290623,1,NaN,0,5.99999999999996,2,1,65,0.5
749,16016.541941,16015.462612,16015.937104,16016.489602,16020.103593,1,2.99999999999994,0.0299999999999997,7.00000000000003,1,2,66,0.5
750,16023.90374,16022.942249,16023.244242,16023.851412,16026.234897,0,2.99999999999994,0.0299999999999997,5.99999999999996,2,1,65,0.5
751,16029.964887,16028.994225,16029.375217,16029.912554,16032.440544,0,2.99999999999994,0.0299999999999997,5.99999999999996,2,1,65,0.5
752,16037.438352,16036.388023,16036.73486,16037.386024,16039.247511,0,2.99999999999994,0.0299999999999997,5.99999999999996,2,1,65,0.5
753,16041.520674,16040.228346,16040.781005,16041.468341,16043.834993,1,2.99999999999994,0.0299999999999997,7.00000000000003,1,2,66,0.5
754,16045.588325,16044.424657,16044.983155,16045.536152,16048.58098,1,2.99999999999994,0.0299999999999997,7.00000000000003,1,2,66,0.5
755,16050.680304,16049.875808,16050.11064,16050.628132,16058.039775,0,2.99999999999994,0.0299999999999997,5.99999999999996,2,1,65,0.5
756,16060.001767,16058.818939,16059.328931,16059.949595,16062.881422,1,2.99999999999994,0.0299999999999997,7.00000000000003,1,2,66,0.5
757,16064.517582,16063.58642,16063.889246,16064.51541,16067.682897,0,2.99999999999994,0.0299999999999997,5.99999999999996,2,1,65,0.5
758,16069.650729,16068.5149,16068.978559,16069.598395,16072.577717,1,2.99999999999994,0.0299999999999997,7.00000000000003,1,2,66,0.5
759,16074.062378,16073.183875,16073.498707,16074.010038,16077.70603,0,2.99999999999994,0.0299999999999997,5.99999999999996,2,1,65,0.5
760,16079.681022,16078.749859,16079.013352,16079.628683,16083.551173,0,2.99999999999994,0.0299999999999997,5.99999999999996,2,1,65,0.5
761,16085.463665,16084.293832,16084.818329,16085.411332,16088.91298,1,2.99999999999994,0.0299999999999997,7.00000000000003,1,2,66,0.5
762,16090.626478,16089.546649,16090.026974,16090.624306,16093.541127,1,2.99999999999994,0.0299999999999997,7.00000000000003,1,2,66,0.5
763,16095.141627,16094.227791,16094.53729,16095.089287,16100.120935,0,2.99999999999994,0.0299999999999997,5.99999999999996,2,1,65,0.5
764,16101.892094,16100.769104,16101.212096,16101.8396,16105.194753,1,2.99999999999994,0.0299999999999997,7.00000000000003,1,2,66,0.5
765,16106.858574,16105.872084,16106.317082,16106.806075,16109.711735,1,2.99999999999994,0.0299999999999997,7.00000000000003,1,2,66,0.5
766,16111.518556,16110.747725,16110.834059,16111.466056,16115.209874,0,2.99999999999994,0.0299999999999997,5.99999999999996,2,1,65,0.5
767,16116.903206,16115.904044,16116.277375,16116.90104,16119.122025,1,2.99999999999994,0.0299999999999997,7.00000000000003,1,2,66,0.5
768,16120.552358,16119.753695,16120.03786,16120.500186,16123.908345,0,2.99999999999994,0.0299999999999997,5.99999999999996,2,1,65,0.5
769,16125.435672,16124.615676,16124.915674,16125.3835,16127.736163,0,2.99999999999994,0.0299999999999997,5.99999999999996,2,1,65,0.5
770,16129.832655,16128.696653,16129.18399,16129.780316,16132.567638,1,2.99999999999994,0.0299999999999997,7.00000000000003,1,2,66,0.5
771,16134.448803,16133.284807,16133.793133,16134.39647,16137.65979,1,2.99999999999994,0.0299999999999997,7.00000000000003,1,2,66,0.5
772,16139.117617,16138.289615,16138.56312,16139.065278,16141.776607,0,2.99999999999994,0.0299999999999997,5.99999999999996,2,1,65,0.5
773,16143.612266,16142.425599,16142.933596,16143.610099,16146.021923,1,2.99999999999994,0.0299999999999997,7.00000000000003,1,2,66,0.5
774,16147.827244,16146.684581,16147.180412,16147.774916,16149.964574,1,2.99999999999994,0.0299999999999997,7.00000000000003,1,2,66,0.5
775,16151.574234,16150.667399,16150.960237,16151.521896,16154.477056,0,2.99999999999994,0.0299999999999997,5.99999999999996,2,1,65,0.5
776,16156.162383,16155.275053,16155.602385,16156.110044,16158.987205,0,2.99999999999994,0.0299999999999997,5.99999999999996,2,1,65,0.5
777,16160.878364,16159.711529,16160.200027,16160.826031,16163.284181,1,2.99999999999994,0.0299999999999997,7.00000000000003,1,2,66,0.5
778,16165.167013,16163.894346,16164.320017,16165.11468,16168.379662,1,2.99999999999994,0.0299999999999997,7.00000000000003,1,2,66,0.5
779,16172.136147,16171.043484,16171.353989,16172.083647,16175.401472,0,2.99999999999994,0.0299999999999997,5.99999999999996,2,1,65,0.5
780,16176.8173,16176.03163,16176.331469,16176.765127,16182.81727,0,2.99999999999994,0.0299999999999997,5.99999999999996,2,1,65,0.5
781,16184.53993,16183.49794,16183.917938,16184.487603,16187.777923,1,2.99999999999994,0.0299999999999997,7.00000000000003,1,2,66,0.5
782,16189.197417,16188.393254,16188.660419,16189.145245,16192.978063,0,2.99999999999994,0.0299999999999997,5.99999999999996,2,1,65,0.5
783,16194.733062,16193.537561,16194.041898,16194.730895,16197.273718,1,2.99999999999994,0.0299999999999997,7.00000000000003,1,2,66,0.5
784,16198.732874,16197.874382,16198.145042,16198.680546,16201.421868,0,2.99999999999994,0.0299999999999997,5.99999999999996,2,1,65,0.5
785,16202.980523,16202.151699,16202.426358,16202.928195,16205.682018,0,2.99999999999994,0.0299999999999997,5.99999999999996,2,1,65,0.5
786,16207.781343,16206.623508,16207.079346,16207.72901,16211.025824,1,2.99999999999994,0.0299999999999997,7.00000000000003,1,2,66,0.5
787,16212.778323,16211.645994,16212.106159,16212.725984,16215.004641,1,2.99999999999994,0.0299999999999997,7.00000000000003,1,2,66,0.5
788,16216.41297,16215.569978,16215.853144,16216.360642,16218.630799,0,2.99999999999994,0.0299999999999997,5.99999999999996,2,1,65,0.5
789,16220.21546,16219.466129,16219.713628,16220.163287,16222.791277,0,2.99999999999994,0.0299999999999997,5.99999999999996,2,1,65,0.5
790,16224.66577,16223.483441,16223.932778,16224.61327,16227.123093,1,2.99999999999994,0.0299999999999997,7.00000000000003,1,2,66,0.5
791,16228.492755,16227.665257,16227.949256,16228.440427,16231.241582,0,2.99999999999994,0.0299999999999997,5.99999999999996,2,1,65,0.5
792,16232.757571,16231.966741,16232.276573,16232.70507,16235.687898,0,2.99999999999994,0.0299999999999997,5.99999999999996,2,1,65,0.5
793,16237.932722,16236.597055,16237.122225,16237.880383,16240.55154,1,2.99999999999994,0.0299999999999997,7.00000000000003,1,2,66,0.5
794,16241.966873,16241.135037,16241.409202,16241.9147,16245.111855,0,2.99999999999994,0.0299999999999997,5.99999999999996,2,1,65,0.5
795,16246.893014,16245.821019,16246.290016,16246.840686,16249.166011,1,2.99999999999994,0.0299999999999997,7.00000000000003,1,2,66,0.5
796,16250.617166,16249.790835,16250.100168,16250.564838,16253.177156,0,2.99999999999994,0.0299999999999997,5.99999999999996,2,1,65,0.5
797,16255.032482,16254.031158,16254.406656,16254.980154,16257.641977,1,2.99999999999994,0.0299999999999997,7.00000000000003,1,2,66,0.5
798,16259.026138,16258.195641,16258.464467,16258.973965,16261.859787,0,2.99999999999994,0.0299999999999997,5.99999999999996,2,1,65,0.5
799,16263.684114,16262.716284,16263.127449,16263.681946,16265.938437,1,2.99999999999994,0.0299999999999997,7.00000000000003,1,2,66,0.5
800,16267.644103,16266.508435,16267.010433,16267.591764,16270.22526,1,2.99999999999994,0.0299999999999997,7.00000000000003,1,2,66,0.5
801,16271.746915,16270.834085,16271.174583,16271.694415,16274.770069,0,2.99999999999994,0.0299999999999997,5.99999999999996,2,1,65,0.5
802,16276.296897,16275.566399,16275.818398,16276.244397,16279.536716,0,2.99999999999994,0.0299999999999997,5.99999999999996,2,1,65,0.5
803,16281.481048,16280.441052,16280.838378,16281.428715,16284.148198,1,2.99999999999994,0.0299999999999997,7.00000000000003,1,2,66,0.5
804,16285.511698,16284.65453,16284.954367,16285.459359,16287.323019,0,2.99999999999994,0.0299999999999997,5.99999999999996,2,1,65,0.5
805,16288.942685,16288.237521,16288.487514,16288.890346,16291.637341,0,2.99999999999994,0.0299999999999997,5.99999999999996,2,1,65,0.5
806,16293.613499,16292.413671,16292.920497,16293.561161,16296.10865,1,2.99999999999994,0.0299999999999997,7.00000000000003,1,2,66,0.5
807,16297.502317,16296.677814,16296.956319,16297.450145,16299.741142,0,2.99999999999994,0.0299999999999997,5.99999999999996,2,1,65,0.5
808,16301.8978,16300.746965,16301.181302,16301.845627,16304.775115,1,2.99999999999994,0.0299999999999997,7.00000000000003,1,2,66,0.5
809,16306.499109,16305.512279,16306.006778,16306.496781,16308.982771,1,2.99999999999994,0.0299999999999997,7.00000000000003,1,2,66,0.5
810,16310.354927,16309.490263,16309.768768,16310.302427,16312.865917,0,2.99999999999994,0.0299999999999997,5.99999999999996,2,1,65,0.5
811,16314.552082,16313.672919,16313.925246,16314.499911,16316.825401,0,2.99999999999994,0.0299999999999997,5.99999999999996,2,1,65,0.5
812,16318.805732,16317.628231,16318.066568,16318.75356,16322.378046,1,2.99999999999994,0.0299999999999997,7.00000000000003,1,2,66,0.5
813,16323.991206,16323.034882,16323.415708,16323.938706,16326.490196,1,2.99999999999994,0.0299999999999997,7.00000000000003,1,2,66,0.5
814,16328.489027,16327.62603,16327.790857,16328.436687,16330.899178,0,2.99999999999994,0.0299999999999997,5.99999999999996,2,1,65,0.5
815,16332.402344,16331.656341,16331.943007,16332.350005,16334.648163,0,2.99999999999994,0.0299999999999997,5.99999999999996,2,1,65,0.5
816,16336.925326,16335.623498,16336.186829,16336.872987,16340.013974,1,2.99999999999994,0.0299999999999997,7.00000000000003,1,2,66,0.5
817,16341.578969,16340.610139,16340.883305,16341.526469,16348.020776,0,2.99999999999994,0.0299999999999997,5.99999999999996,2,1,65,0.5
818,16349.922441,16348.614607,16349.007272,16349.870102,16352.61543,0,2.99999999999994,0.0299999999999997,5.99999999999996,2,1,65,0.5
819,16354.429251,16353.352588,16353.817253,16354.426923,16357.02224,1,2.99999999999994,0.0299999999999997,7.00000000000003,1,2,66,0.5
820,16358.578573,16357.591071,16357.971737,16358.526234,16360.839725,1,2.99999999999994,0.0299999999999997,7.00000000000003,1,2,66,0.5
821,16362.236892,16361.342729,16361.614722,16362.184552,16365.055874,0,2.99999999999994,0.0299999999999997,5.99999999999996,2,1,65,0.5
822,16367.078372,16365.990543,16366.511202,16367.026033,16369.978027,1,2.99999999999994,0.0299999999999997,7.00000000000003,1,2,66,0.5
823,16371.502849,16370.573358,16370.913851,16371.450521,16373.846345,1,2.99999999999994,0.0299999999999997,7.00000000000003,1,2,66,0.5
824,16375.302506,16374.474337,16374.749675,16375.250334,16377.07316,0,2.99999999999994,0.0299999999999997,5.99999999999996,2,1,65,0.5
825,16379.263157,16378.082495,16378.452321,16379.210984,16381.282976,1,2.99999999999994,0.0299999999999997,7.00000000000003,1,2,66,0.5
826,16382.852637,16381.971973,16382.273472,16382.85047,16384.885129,0,2.99999999999994,0.0299999999999997,5.99999999999996,2,1,65,0.5
827,16386.565461,16385.817297,16386.052124,16386.513122,16389.19545,0,2.99999999999994,0.0299999999999997,5.99999999999996,2,1,65,0.5
828,16391.522941,16390.43244,16390.890271,16391.470602,16393.873426,1,2.99999999999994,0.0299999999999997,7.00000000000003,1,2,66,0.5
829,16395.327593,16394.561762,16394.821255,16395.27542,16398.190748,0,2.99999999999994,0.0299999999999997,5.99999999999996,2,1,65,0.5
830,16400.097235,16399.104739,16399.439403,16400.095067,16402.493892,1,2.99999999999994,0.0299999999999997,7.00000000000003,1,2,66,0.5
831,16404.035558,16403.138555,16403.385722,16403.983219,16406.003878,0,2.99999999999994,0.0299999999999997,5.99999999999996,2,1,65,0.5
832,16407.922209,16407.089873,16407.352372,16407.86987,16410.390532,0,2.99999999999994,0.0299999999999997,5.99999999999996,2,1,65,0.5
833,16420.333487,16411.589194,16411.639355,16420.333487,16420.768151,0,NaN,0,7.00000000000003,1,2,66,0.5
834,16445.922224,16433.301435,16433.582106,NaN,16466.516302,NaN,NaN,0,5.99999999999996,2,1,65,0.5
835,16468.906298,16467.968802,16468.169635,16468.854126,16475.03144,1,2.99999999999994,0.0299999999999997,7.00000000000003,1,2,66,0.5
836,16477.122927,16476.321263,16476.544095,16477.070427,16927.609797,0,2.99999999999994,0.0299999999999997,5.99999999999996,2,1,65,0.5
837,16941.326237,16940.213408,16940.474079,16941.326237,16953.254689,1,NaN,0,5.99999999999996,2,1,65,0.5
838,16955.795845,16954.808021,16955.25618,16955.793517,16957.857003,1,2.99999999999994,0.0299999999999997,7.00000000000003,1,2,66,0.5
839,16961.210829,16959.149004,16959.651663,16961.15849,16964.193984,1,2.99999999999994,0.0299999999999997,7.00000000000003,1,2,66,0.5
840,16965.902138,16964.939141,16965.14198,16965.899971,16971.158789,0,2.99999999999994,0.0299999999999997,5.99999999999996,2,1,65,0.5
841,16972.660444,16971.691782,16971.932781,16972.660444,16978.657587,1,NaN,0,5.99999999999996,2,1,65,0.5
842,16997.010519,16984.389736,16984.487897,NaN,NaN,NaN,NaN,0,7.00000000000003,1,2,66,0.5
843,17007.342306,17005.311819,17006.20531,17007.289978,17011.435122,1,2.99999999999994,0.0299999999999997,7.00000000000003,1,2,66,0.5
844,17045.486487,17044.30383,17044.753655,17045.434153,17068.905059,1,2.99999999999994,0.0299999999999997,7.00000000000003,1,2,66,0.5
845,17090.13748,17088.912813,17089.346983,17090.085141,17216.473469,1,2.99999999999994,0.0299999999999997,7.00000000000003,1,2,66,0.5
846,17219.596795,17217.877636,17218.307467,17219.544457,17221.355283,1,2.99999999999994,0.0299999999999997,7.00000000000003,1,2,66,0.5
847,17335.272833,17322.652045,17322.948549,NaN,NaN,NaN,NaN,0,5.99999999999996,2,1,65,0.5
848,17342.488132,17341.054304,17341.530474,17342.435804,17348.160115,1,2.99999999999994,0.0299999999999997,7.00000000000003,1,2,66,0.5
849,17349.917102,17348.849772,17349.042772,17349.864602,17509.179304,0,2.99999999999994,0.0299999999999997,5.99999999999996,2,1,65,0.5
850,17515.318779,17513.459948,17514.063451,17515.26644,17518.988931,1,2.99999999999994,0.0299999999999997,7.00000000000003,1,2,66,0.5
851,17521.073584,17519.976261,17520.253759,17521.021084,17525.946397,0,2.99999999999994,0.0299999999999997,5.99999999999996,2,1,65,0.5
852,17529.941049,17527.649563,17528.046228,17529.941049,17930.886778,1,NaN,0,5.99999999999996,2,1,65,0.5
853,17933.313935,17932.147106,17932.323773,17933.313935,17933.519106,1,NaN,0,5.99999999999996,2,1,65,0.5
854,18010.518798,18008.763133,18009.259631,18010.516632,18013.152282,1,2.99999999999994,0.0299999999999997,7.00000000000003,1,2,66,0.5
855,18015.387112,18014.27395,18014.527443,18015.33494,18022.500251,0,2.99999999999994,0.0299999999999997,5.99999999999996,2,1,65,0.5
856,18026.710067,18025.440566,18025.709571,18026.657734,18029.866215,0,2.99999999999994,0.0299999999999997,5.99999999999996,2,1,65,0.5
857,18046.836487,18045.603819,18046.060484,18046.784153,18049.895302,1,2.99999999999994,0.0299999999999997,7.00000000000003,1,2,66,0.5
858,18052.104799,18050.912297,18051.20063,18052.052466,18055.705446,0,2.99999999999994,0.0299999999999997,5.99999999999996,2,1,65,0.5
859,18058.062936,18056.549948,18057.04644,18058.010436,18060.737592,0,2.99999999999994,0.0299999999999997,5.99999999999996,2,1,65,0.5
860,18062.730751,18061.501594,18061.911421,18062.678423,18065.064741,0,2.99999999999994,0.0299999999999997,5.99999999999996,2,1,65,0.5
861,18067.303071,18066.045071,18066.609902,18067.250733,18070.255387,1,2.99999999999994,0.0299999999999997,7.00000000000003,1,2,66,0.5
862,18072.176385,18071.125223,18071.576382,18072.124213,18075.063868,1,2.99999999999994,0.0299999999999997,7.00000000000003,1,2,66,0.5
863,18077.107699,18075.881532,18076.318363,18077.05536,18080.439513,0,2.99999999999994,0.0299999999999997,5.99999999999996,2,1,65,0.5
864,18082.232845,18081.32151,18081.656175,18082.180506,18083.648833,0,2.99999999999994,0.0299999999999997,5.99999999999996,2,1,65,0.5
865,18086.493495,18085.24616,18085.819664,18086.441155,18089.25115,1,2.99999999999994,0.0299999999999997,7.00000000000003,1,2,66,0.5
866,18091.111809,18090.023641,18090.40414,18091.109643,18093.088796,0,2.99999999999994,0.0299999999999997,5.99999999999996,2,1,65,0.5
867,18095.41462,18094.176464,18094.706456,18095.412453,18098.260941,1,2.99999999999994,0.0299999999999997,7.00000000000003,1,2,66,0.5
868,18100.008107,18098.938939,18099.301105,18099.955774,18102.925423,0,2.99999999999994,0.0299999999999997,5.99999999999996,2,1,65,0.5
869,18105.154081,18103.921758,18104.422583,18105.101581,18107.601077,1,2.99999999999994,0.0299999999999997,7.00000000000003,1,2,66,0.5
870,18109.36357,18108.220741,18108.783399,18109.361398,18111.638888,1,2.99999999999994,0.0299999999999997,7.00000000000003,1,2,66,0.5
871,18113.301382,18112.379891,18112.694717,18113.249054,18115.828871,0,2.99999999999994,0.0299999999999997,5.99999999999996,2,1,65,0.5
872,18117.391032,18116.644541,18116.918373,18117.338704,18119.896528,0,2.99999999999994,0.0299999999999997,5.99999999999996,2,1,65,0.5
873,18122.487851,18121.394355,18121.891186,18122.435511,18124.685675,1,2.99999999999994,0.0299999999999997,7.00000000000003,1,2,66,0.5
874,18126.327669,18125.383,18125.682504,18126.275329,18128.578993,0,2.99999999999994,0.0299999999999997,5.99999999999996,2,1,65,0.5
875,18130.557318,18129.474983,18129.941815,18130.505146,18133.195808,1,2.99999999999994,0.0299999999999997,7.00000000000003,1,2,66,0.5
876,18134.945629,18133.890138,18134.359803,18134.943461,18137.707284,1,2.99999999999994,0.0299999999999997,7.00000000000003,1,2,66,0.5
877,18139.399778,18138.340115,18138.676952,18139.39761,18142.423432,0,2.99999999999994,0.0299999999999997,5.99999999999996,2,1,65,0.5
878,18143.936098,18143.162595,18143.436428,18143.883759,18146.526421,0,2.99999999999994,0.0299999999999997,5.99999999999996,2,1,65,0.5
879,18148.731746,18147.416578,18147.973243,18148.679412,18151.295896,1,2.99999999999994,0.0299999999999997,7.00000000000003,1,2,66,0.5
880,18153.04139,18152.042899,18152.439392,18152.98889,18156.245049,1,2.99999999999994,0.0299999999999997,7.00000000000003,1,2,66,0.5
881,18157.787537,18156.810041,18157.094545,18157.73521,18161.025696,0,2.99999999999994,0.0299999999999997,5.99999999999996,2,1,65,0.5
882,18162.67569,18161.84052,18162.134853,18162.623357,18164.490849,0,2.99999999999994,0.0299999999999997,5.99999999999996,2,1,65,0.5
883,18166.35467,18165.267846,18165.736172,18166.302169,18168.78716,1,2.99999999999994,0.0299999999999997,7.00000000000003,1,2,66,0.5
884,18170.291154,18169.370824,18169.66449,18170.238654,18173.755139,0,2.99999999999994,0.0299999999999997,5.99999999999996,2,1,65,0.5
885,18175.19564,18174.492637,18174.750308,18175.143468,18179.983454,0,2.99999999999994,0.0299999999999997,5.99999999999996,2,1,65,0.5
886,18181.656781,18180.628951,18181.077277,18181.604447,18184.229765,1,2.99999999999994,0.0299999999999997,7.00000000000003,1,2,66,0.5
887,18185.995763,18185.058434,18185.351427,18185.943424,18191.686068,0,2.99999999999994,0.0299999999999997,5.99999999999996,2,1,65,0.5
888,18193.349734,18192.165733,18192.632564,18193.297561,18196.430055,1,2.99999999999994,0.0299999999999997,7.00000000000003,1,2,66,0.5
889,18197.980715,18197.056719,18197.352378,18197.928543,18200.775198,0,2.99999999999994,0.0299999999999997,5.99999999999996,2,1,65,0.5
890,18202.855029,18201.607695,18202.183192,18202.802696,18205.025014,1,2.99999999999994,0.0299999999999997,7.00000000000003,1,2,66,0.5
891,18206.888508,18205.903011,18206.218343,18206.83618,18209.153671,0,2.99999999999994,0.0299999999999997,5.99999999999996,2,1,65,0.5
892,18210.83433,18210.038667,18210.333493,18210.781997,18213.275654,0,2.99999999999994,0.0299999999999997,5.99999999999996,2,1,65,0.5
893,18215.390307,18214.277977,18214.767809,18215.337979,18217.620631,1,2.99999999999994,0.0299999999999997,7.00000000000003,1,2,66,0.5
894,18219.066298,18218.227301,18218.495628,18219.064126,18220.937451,0,2.99999999999994,0.0299999999999997,5.99999999999996,2,1,65,0.5
895,18222.936776,18221.852781,18222.298613,18222.884282,18225.555105,1,2.99999999999994,0.0299999999999997,7.00000000000003,1,2,66,0.5
896,18227.004266,18226.12993,18226.420596,18227.002099,18230.261413,0,2.99999999999994,0.0299999999999997,5.99999999999996,2,1,65,0.5
897,18232.005074,18231.096911,18231.363243,18231.952746,18233.860732,0,2.99999999999994,0.0299999999999997,5.99999999999996,2,1,65,0.5
898,18235.804231,18234.704402,18235.158228,18235.802064,18238.589719,1,2.99999999999994,0.0299999999999997,7.00000000000003,1,2,66,0.5
899,18239.955214,18239.137378,18239.401716,18239.902881,18242.632364,0,2.99999999999994,0.0299999999999997,5.99999999999996,2,1,65,0.5
900,18244.793028,18243.568694,18244.133697,18244.740689,18247.168346,1,2.99999999999994,0.0299999999999997,7.00000000000003,1,2,66,0.5
901,18248.499508,18247.751516,18248.022015,18248.48668,18251.39083,0,2.99999999999994,0.0299999999999997,5.99999999999996,2,1,65,0.5
902,18253.512826,18252.428497,18252.882824,18253.460493,18255.90215,1,2.99999999999994,0.0299999999999997,7.00000000000003,1,2,66,0.5
903,18257.591304,18256.630981,18256.85964,18257.591304,18265.748438,1,NaN,0,5.99999999999996,2,1,65,0.5
904,18267.525598,18266.454103,18266.924933,18267.523431,18270.916084,1,2.99999999999994,0.0299999999999997,7.00000000000003,1,2,66,0.5
905,18272.393412,18271.454255,18271.795914,18272.391245,18275.466905,0,2.99999999999994,0.0299999999999997,5.99999999999996,2,1,65,0.5
906,18276.876566,18276.06007,18276.376729,18276.824227,18279.042385,0,2.99999999999994,0.0299999999999997,5.99999999999996,2,1,65,0.5
907,18281.054878,18279.898716,18280.39038,18281.05255,18283.408873,1,2.99999999999994,0.0299999999999997,7.00000000000003,1,2,66,0.5
908,18284.993362,18283.940205,18284.372364,18284.941034,18287.02002,1,2.99999999999994,0.0299999999999997,7.00000000000003,1,2,66,0.5
909,18288.54252,18287.560351,18287.923849,18288.490181,18290.582839,0,2.99999999999994,0.0299999999999997,5.99999999999996,2,1,65,0.5
910,18293.656999,18292.77933,18293.126995,18293.604666,18296.712654,0,2.99999999999994,0.0299999999999997,5.99999999999996,2,1,65,0.5
911,18298.649479,18297.518144,18298.014642,18298.647308,18300.932131,1,2.99999999999994,0.0299999999999997,7.00000000000003,1,2,66,0.5
912,18302.563464,18301.572801,18301.867794,18302.561297,18305.071787,0,2.99999999999994,0.0299999999999997,5.99999999999996,2,1,65,0.5
913,18306.80228,18306.075944,18306.349442,18306.749941,18310.625765,0,2.99999999999994,0.0299999999999997,5.99999999999996,2,1,65,0.5
914,18312.491085,18311.370923,18311.818593,18312.438757,18315.35574,1,2.99999999999994,0.0299999999999997,7.00000000000003,1,2,66,0.5
915,18316.840073,18315.922405,18316.334908,18316.78774,18319.29823,1,2.99999999999994,0.0299999999999997,7.00000000000003,1,2,66,0.5
916,18320.618886,18319.755055,18320.063721,18320.566558,NaN,0,2.99999999999994,0.0299999999999997,5.99999999999996,2,1,65,0.5
