trial,outcome,center_in,center_out,side_in,last_side_out,actions,reward,trial_types,odors,port_side,schedule,odor_name,odor_dur
1,562.835465,562.244801,562.398127,562.835465,568.519442,1,NaN,0,5.99999999999996,2,1,65,0.5
2,570.929427,568.862602,569.048107,570.929427,582.823046,1,NaN,0,5.99999999999996,2,1,65,0.5
3,583.985714,583.36605,583.581549,583.933375,587.005868,0,1.99999999999996,0.0200000000000003,5.99999999999996,2,1,65,0.5
4,588.34669,587.766859,587.984858,588.34669,594.076334,1,NaN,0,5.99999999999996,2,1,65,0.5
5,597.218156,596.636663,596.875829,597.165828,597.910819,0,1.99999999999996,0.0200000000000003,5.99999999999996,2,1,65,0.5
6,607.015783,605.943787,606.598618,606.963455,609.030941,1,1.99999999999996,0.0200000000000003,7.00000000000003,1,2,66,0.5
7,610.634107,609.442612,609.875277,610.631941,611.310598,1,1.99999999999996,0.0200000000000003,7.00000000000003,1,2,66,0.5
8,613.056925,612.498094,612.698094,613.004592,619.755231,0,1.99999999999996,0.0200000000000003,5.99999999999996,2,1,65,0.5
9,621.808062,621.280559,621.535725,621.808062,627.963199,1,NaN,0,5.99999999999996,2,1,65,0.5
10,629.87003,628.914528,629.188194,629.867864,631.04152,1,1.99999999999996,0.0200000000000003,7.00000000000003,1,2,66,0.5
11,632.346854,631.395185,631.849516,632.344847,634.358012,1,1.99999999999996,0.0200000000000003,7.00000000000003,1,2,66,0.5
12,635.312503,634.689839,634.923671,635.268009,641.15248,0,1.99999999999996,0.0200000000000003,5.99999999999996,2,1,65,0.5
13,643.061639,642.082975,642.468313,643.059471,643.819641,1,1.99999999999996,0.0200000000000003,7.00000000000003,1,2,66,0.5
14,644.940637,644.318133,644.629799,644.929137,652.856772,0,1.99999999999996,0.0200000000000003,5.99999999999996,2,1,65,0.5
15,654.293927,653.196098,653.60343,654.29176,655.10709,1,1.99999999999996,0.0200000000000003,7.00000000000003,1,2,66,0.5
16,659.20608,658.466082,658.700748,659.203913,659.780411,0,1.99999999999996,0.0200000000000003,5.99999999999996,2,1,65,0.5
17,661.227399,660.350908,660.783073,661.225232,665.235222,1,1.99999999999996,0.0200000000000003,7.00000000000003,1,2,66,0.5
18,666.66105,665.740553,665.988213,666.658883,667.210381,0,1.99999999999996,0.0200000000000003,5.99999999999996,2,1,65,0.5
19,668.685875,667.930711,668.28171,668.685875,685.569301,0,NaN,0,7.00000000000003,1,2,66,0.5
20,686.740303,685.922473,686.333804,686.740303,688.928294,0,NaN,0,7.00000000000003,1,2,66,0.5
21,734.18178,732.244615,732.41162,NaN,NaN,NaN,NaN,0,5.99999999999996,2,1,65,0.5
22,743.96624,742.601907,743.029244,743.913907,748.15589,1,1.99999999999996,0.0200000000000003,7.00000000000003,1,2,66,0.5
23,755.962353,754.589859,754.848864,755.412023,765.179816,0,NaN,0,5.99999999999996,2,1,65,0.5
24,767.386475,766.77281,766.974976,767.334147,769.924464,0,1.99999999999996,0.0200000000000003,5.99999999999996,2,1,65,0.5
25,778.467936,777.109602,777.524606,778.415603,779.260099,1,1.99999999999996,0.0200000000000003,7.00000000000003,1,2,66,0.5
26,781.430752,780.557088,780.87792,781.378424,784.525739,1,1.99999999999996,0.0200000000000003,7.00000000000003,1,2,66,0.5
27,785.781073,784.914071,785.21507,785.72874,786.436071,0,1.99999999999996,0.0200000000000003,5.99999999999996,2,1,65,0.5
28,788.730723,787.72906,788.127564,788.728555,790.766548,1,1.99999999999996,0.0200000000000003,7.00000000000003,1,2,66,0.5
29,792.605379,791.660216,791.937543,792.603207,793.30871,0,1.99999999999996,0.0200000000000003,5.99999999999996,2,1,65,0.5
30,794.90587,793.853541,794.199034,794.903703,795.7842,1,1.99999999999996,0.0200000000000003,7.00000000000003,1,2,66,0.5
31,797.501854,796.639358,796.945029,797.499687,799.986016,1,1.99999999999996,0.0200000000000003,7.00000000000003,1,2,66,0.5
32,801.378672,800.549509,800.906007,801.376505,802.044503,0,1.99999999999996,0.0200000000000003,5.99999999999996,2,1,65,0.5
33,803.34817,802.559506,802.814333,803.346003,804.19416,0,1.99999999999996,0.0200000000000003,5.99999999999996,2,1,65,0.5
34,805.832154,804.827664,805.244156,805.829987,808.306483,1,1.99999999999996,0.0200000000000003,7.00000000000003,1,2,66,0.5
35,809.447473,808.652148,808.939141,809.445145,811.425471,1,1.99999999999996,0.0200000000000003,7.00000000000003,1,2,66,0.5
36,812.701127,811.95263,812.250961,812.701127,817.716106,1,NaN,0,5.99999999999996,2,1,65,0.5
37,820.339768,819.4026,819.744437,820.337596,822.427093,1,1.99999999999996,0.0200000000000003,7.00000000000003,1,2,66,0.5
38,823.749583,822.915425,823.219751,823.74725,824.512079,0,1.99999999999996,0.0200000000000003,5.99999999999996,2,1,65,0.5
39,825.874408,825.058244,825.358909,825.87224,826.66557,0,1.99999999999996,0.0200000000000003,5.99999999999996,2,1,65,0.5
40,828.36457,827.339068,827.761739,828.312398,831.284053,1,1.99999999999996,0.0200000000000003,7.00000000000003,1,2,66,0.5
41,832.63138,831.709723,831.97205,832.629213,833.125711,0,1.99999999999996,0.0200000000000003,5.99999999999996,2,1,65,0.5
42,834.597039,833.68121,834.032541,834.594711,835.303702,0,1.99999999999996,0.0200000000000003,5.99999999999996,2,1,65,0.5
43,844.754004,843.713008,844.09534,844.751837,847.402988,1,1.99999999999996,0.0200000000000003,7.00000000000003,1,2,66,0.5
44,848.610317,847.907152,848.185318,848.558149,850.647808,1,1.99999999999996,0.0200000000000003,7.00000000000003,1,2,66,0.5
45,851.823304,851.061639,851.316311,851.821142,852.280141,0,1.99999999999996,0.0200000000000003,5.99999999999996,2,1,65,0.5
46,853.67663,852.767633,853.110465,853.674462,855.82662,1,1.99999999999996,0.0200000000000003,7.00000000000003,1,2,66,0.5
47,857.059955,856.261619,856.644123,857.057788,859.293274,1,1.99999999999996,0.0200000000000003,7.00000000000003,1,2,66,0.5
48,860.483274,859.774272,860.032937,860.483274,860.708602,1,NaN,0,5.99999999999996,2,1,65,0.5
49,867.645246,866.79491,867.068242,867.592913,867.986572,0,1.99999999999996,0.0200000000000003,5.99999999999996,2,1,65,0.5
50,869.621238,868.581742,869.01324,869.568899,871.687391,1,1.99999999999996,0.0200000000000003,7.00000000000003,1,2,66,0.5
51,875.02005,873.817888,874.06772,874.469718,880.623689,0,NaN,0,5.99999999999996,2,1,65,0.5
52,881.917517,881.001353,881.318685,881.915349,882.357517,0,1.99999999999996,0.0200000000000003,5.99999999999996,2,1,65,0.5
53,883.689015,882.951185,883.236845,883.686843,884.306006,0,1.99999999999996,0.0200000000000003,5.99999999999996,2,1,65,0.5
54,885.970006,885.049509,885.438835,885.967839,888.025664,1,1.99999999999996,0.0200000000000003,7.00000000000003,1,2,66,0.5
55,889.319492,888.543823,888.863655,889.267154,890.75432,0,1.99999999999996,0.0200000000000003,5.99999999999996,2,1,65,0.5
56,893.491142,892.382314,892.895305,893.479809,896.228959,1,1.99999999999996,0.0200000000000003,7.00000000000003,1,2,66,0.5
57,897.39646,896.58013,896.910123,897.344288,899.530779,1,1.99999999999996,0.0200000000000003,7.00000000000003,1,2,66,0.5
58,900.882946,900.019944,900.413942,900.830613,906.51359,0,1.99999999999996,0.0200000000000003,5.99999999999996,2,1,65,0.5
59,911.277405,910.355575,910.713574,911.275238,913.549723,1,1.99999999999996,0.0200000000000003,7.00000000000003,1,2,66,0.5
60,914.840052,913.985554,914.377387,914.787724,916.868049,1,1.99999999999996,0.0200000000000003,7.00000000000003,1,2,66,0.5
61,918.953874,918.254877,918.483036,918.901541,926.193339,0,1.99999999999996,0.0200000000000003,5.99999999999996,2,1,65,0.5
62,927.39734,926.575671,926.953337,927.345001,927.860499,0,1.99999999999996,0.0200000000000003,5.99999999999996,2,1,65,0.5
63,929.46916,928.514496,928.986834,929.466992,931.531818,1,1.99999999999996,0.0200000000000003,7.00000000000003,1,2,66,0.5
64,932.866813,932.055488,932.443147,932.864485,935.9083,1,1.99999999999996,0.0200000000000003,7.00000000000003,1,2,66,0.5
65,937.130796,936.280466,936.599464,937.078463,938.416123,0,1.99999999999996,0.0200000000000003,5.99999999999996,2,1,65,0.5
66,940.346288,939.654118,939.978451,940.346288,944.123101,1,NaN,0,5.99999999999996,2,1,65,0.5
67,999.635546,998.304056,998.681222,999.583218,1004.754858,1,1.99999999999996,0.0200000000000003,7.00000000000003,1,2,66,0.5
68,1018.048638,1005.427861,1005.745687,NaN,1024.221953,NaN,NaN,0,5.99999999999996,2,1,65,0.5
69,1025.572442,1024.84695,1025.168616,1025.570275,1026.024279,0,1.99999999999996,0.0200000000000003,5.99999999999996,2,1,65,0.5
70,1027.7626,1026.806109,1027.201768,1027.7101,1029.704092,1,1.99999999999996,0.0200000000000003,7.00000000000003,1,2,66,0.5
71,1042.888373,1030.267762,1030.613094,NaN,NaN,NaN,NaN,0,5.99999999999996,2,1,65,0.5
72,1050.513848,1049.16202,1049.463679,1049.963677,1060.401636,0,NaN,0,5.99999999999996,2,1,65,0.5
73,1062.051629,1060.836473,1061.154799,1062.051629,1063.532296,1,NaN,0,5.99999999999996,2,1,65,0.5
74,1073.027091,1072.113922,1072.489254,1073.024919,1073.741921,1,1.99999999999996,0.0200000000000003,7.00000000000003,1,2,66,0.5
75,1075.121916,1074.199086,1074.615585,1075.069577,1078.489063,1,1.99999999999996,0.0200000000000003,7.00000000000003,1,2,66,0.5
76,1079.821058,1078.967734,1079.357893,1079.768725,1081.709556,0,1.99999999999996,0.0200000000000003,5.99999999999996,2,1,65,0.5
77,1083.777376,1083.005712,1083.382716,1083.777376,1091.613011,1,NaN,0,5.99999999999996,2,1,65,0.5
78,1093.191677,1092.33068,1092.634679,1093.18951,1093.715841,0,1.99999999999996,0.0200000000000003,5.99999999999996,2,1,65,0.5
79,1095.264502,1094.401999,1094.690338,1095.262335,1096.006999,0,1.99999999999996,0.0200000000000003,5.99999999999996,2,1,65,0.5
80,1097.517654,1096.626991,1097.004995,1097.515487,1098.352484,0,1.99999999999996,0.0200000000000003,5.99999999999996,2,1,65,0.5
81,1100.27731,1099.280481,1099.706818,1100.275143,1102.468807,1,1.99999999999996,0.0200000000000003,7.00000000000003,1,2,66,0.5
82,1104.519126,1103.790629,1104.017628,1104.466626,1111.484104,0,1.99999999999996,0.0200000000000003,5.99999999999996,2,1,65,0.5
83,1112.791093,1111.857764,1112.241434,1112.788926,1115.527415,1,1.99999999999996,0.0200000000000003,7.00000000000003,1,2,66,0.5
84,1116.815749,1115.97758,1116.343751,1116.76341,1119.955737,0,1.99999999999996,0.0200000000000003,5.99999999999996,2,1,65,0.5
85,1127.060708,1125.809708,1126.115206,1126.510544,1132.43102,0,NaN,0,5.99999999999996,2,1,65,0.5
86,1134.18468,1133.130512,1133.639182,1134.132507,1136.115499,1,1.99999999999996,0.0200000000000003,7.00000000000003,1,2,66,0.5
87,1137.4365,1136.599331,1137.026002,1137.384328,1139.795818,1,1.99999999999996,0.0200000000000003,7.00000000000003,1,2,66,0.5
88,1147.973958,1146.73529,1147.045123,1147.423793,1148.831948,0,NaN,0,5.99999999999996,2,1,65,0.5
89,1165.335055,1164.368559,1164.770724,1165.332888,1167.629707,1,1.99999999999996,0.0200000000000003,7.00000000000003,1,2,66,0.5
90,1169.029702,1168.117377,1168.496704,1168.977202,1169.319706,0,1.99999999999996,0.0200000000000003,5.99999999999996,2,1,65,0.5
91,1170.769867,1169.898197,1170.342529,1170.717527,1171.692024,1,1.99999999999996,0.0200000000000003,7.00000000000003,1,2,66,0.5
92,1173.216523,1172.252861,1172.683526,1173.164184,1176.388177,1,1.99999999999996,0.0200000000000003,7.00000000000003,1,2,66,0.5
93,1184.602145,1183.807308,1184.196141,1184.549812,1185.12697,0,1.99999999999996,0.0200000000000003,5.99999999999996,2,1,65,0.5
94,1186.459132,1185.552807,1185.932806,1186.456804,1187.058795,0,1.99999999999996,0.0200000000000003,5.99999999999996,2,1,65,0.5
95,1188.473129,1187.606627,1187.993298,1188.420957,1191.400117,1,1.99999999999996,0.0200000000000003,7.00000000000003,1,2,66,0.5
96,1192.724112,1191.940943,1192.304108,1192.722107,1194.720098,1,1.99999999999996,0.0200000000000003,7.00000000000003,1,2,66,0.5
97,1196.696263,1195.12843,1195.557101,1196.145932,1204.807724,0,NaN,0,5.99999999999996,2,1,65,0.5
98,1206.21172,1205.236723,1205.569061,1206.209552,1206.72905,0,1.99999999999996,0.0200000000000003,5.99999999999996,2,1,65,0.5
99,1212.762193,1211.827196,1212.173034,1212.760026,1215.274683,1,1.99999999999996,0.0200000000000003,7.00000000000003,1,2,66,0.5
100,1216.626511,1215.746353,1216.150518,1216.624344,1216.641183,0,1.99999999999996,0.0200000000000003,5.99999999999996,2,1,65,0.5
101,1219.868837,1218.847841,1219.350334,1219.86667,1222.950319,1,1.99999999999996,0.0200000000000003,7.00000000000003,1,2,66,0.5
102,1224.223147,1223.446484,1223.768655,1224.22098,1227.770799,1,1.99999999999996,0.0200000000000003,7.00000000000003,1,2,66,0.5
103,1229.576465,1228.675462,1229.049467,1229.524292,1255.575355,0,1.99999999999996,0.0200000000000003,5.99999999999996,2,1,65,0.5
104,1257.579353,1256.64085,1256.968849,1257.527014,1260.8255,0,1.99999999999996,0.0200000000000003,5.99999999999996,2,1,65,0.5
105,1262.3925,1261.402171,1261.813169,1262.390333,1265.657981,1,1.99999999999996,0.0200000000000003,7.00000000000003,1,2,66,0.5
106,1266.821982,1266.081479,1266.392317,1266.819816,1270.548968,1,1.99999999999996,0.0200000000000003,7.00000000000003,1,2,66,0.5
107,1272.357294,1271.253459,1271.607124,1272.304954,1273.295118,0,1.99999999999996,0.0200000000000003,5.99999999999996,2,1,65,0.5
108,1274.927778,1273.946449,1274.318114,1274.875445,1278.628596,1,1.99999999999996,0.0200000000000003,7.00000000000003,1,2,66,0.5
109,1280.13059,1279.211433,1279.549765,1280.078263,1283.939247,0,1.99999999999996,0.0200000000000003,5.99999999999996,2,1,65,0.5
110,1285.174737,1284.395912,1284.628578,1285.17257,1286.029406,0,1.99999999999996,0.0200000000000003,5.99999999999996,2,1,65,0.5
111,1287.414733,1286.436898,1286.802396,1287.362395,1291.768877,1,1.99999999999996,0.0200000000000003,7.00000000000003,1,2,66,0.5
112,1293.445209,1292.176381,1292.487874,1293.443043,1314.019454,0,1.99999999999996,0.0200000000000003,5.99999999999996,2,1,65,0.5
113,1315.554121,1314.709285,1314.979623,1315.501788,1317.071448,0,1.99999999999996,0.0200000000000003,5.99999999999996,2,1,65,0.5
114,1318.609275,1317.520613,1317.966111,1318.556937,1321.985089,1,1.99999999999996,0.0200000000000003,7.00000000000003,1,2,66,0.5
115,1323.480756,1322.541593,1322.817753,1323.428423,1324.16958,0,1.99999999999996,0.0200000000000003,5.99999999999996,2,1,65,0.5
116,1325.684742,1324.603085,1324.88575,1325.632414,1326.321406,0,1.99999999999996,0.0200000000000003,5.99999999999996,2,1,65,0.5
117,1328.170898,1327.009236,1327.439068,1328.118571,1331.310552,1,1.99999999999996,0.0200000000000003,7.00000000000003,1,2,66,0.5
118,1333.774543,1333.060712,1333.34755,1333.722215,1337.121535,1,1.99999999999996,0.0200000000000003,7.00000000000003,1,2,66,0.5
119,1345.909499,1344.624998,1344.937831,1345.857161,1362.408767,0,1.99999999999996,0.0200000000000003,5.99999999999996,2,1,65,0.5
120,1363.841256,1363.083592,1363.369258,1363.838928,1370.026897,0,1.99999999999996,0.0200000000000003,5.99999999999996,2,1,65,0.5
121,1371.505225,1370.487234,1370.88906,1371.452897,1375.276043,1,1.99999999999996,0.0200000000000003,7.00000000000003,1,2,66,0.5
122,1376.591205,1375.760374,1376.115379,1376.538705,1379.662192,1,1.99999999999996,0.0200000000000003,7.00000000000003,1,2,66,0.5
123,1381.102025,1380.102696,1380.470855,1381.049686,1386.133338,0,1.99999999999996,0.0200000000000003,5.99999999999996,2,1,65,0.5
124,1387.364834,1386.592164,1386.870336,1387.312661,1391.433645,0,1.99999999999996,0.0200000000000003,5.99999999999996,2,1,65,0.5
125,1392.793645,1391.901149,1392.275642,1392.741306,1396.627297,1,1.99999999999996,0.0200000000000003,7.00000000000003,1,2,66,0.5
126,1397.927619,1397.100795,1397.409954,1397.875119,1401.231945,1,1.99999999999996,0.0200000000000003,7.00000000000003,1,2,66,0.5
127,1402.717939,1401.789603,1402.090275,1402.665766,1404.873424,0,1.99999999999996,0.0200000000000003,5.99999999999996,2,1,65,0.5
128,1406.105092,1405.411595,1405.648089,1406.10292,1413.58439,0,1.99999999999996,0.0200000000000003,5.99999999999996,2,1,65,0.5
129,1415.001884,1414.032222,1414.446886,1414.949385,1417.439375,1,1.99999999999996,0.0200000000000003,7.00000000000003,1,2,66,0.5
130,1419.352372,1418.52237,1418.846208,1419.300039,1423.110518,1,1.99999999999996,0.0200000000000003,7.00000000000003,1,2,66,0.5
131,1424.731017,1423.634182,1424.011348,1424.678684,1428.472663,0,1.99999999999996,0.0200000000000003,5.99999999999996,2,1,65,0.5
132,1429.944991,1428.959161,1429.388832,1429.892497,1433.064145,1,1.99999999999996,0.0200000000000003,7.00000000000003,1,2,66,0.5
133,1434.679472,1433.704815,1434.002641,1434.627145,1441.201452,0,1.99999999999996,0.0200000000000003,5.99999999999996,2,1,65,0.5
134,1442.512441,1441.758949,1442.016115,1442.459941,1447.059428,0,1.99999999999996,0.0200000000000003,5.99999999999996,2,1,65,0.5
135,1448.406589,1447.523921,1447.878919,1448.39975,1450.87974,1,1.99999999999996,0.0200000000000003,7.00000000000003,1,2,66,0.5
136,1452.095069,1451.343572,1451.658571,1452.092902,1454.931391,1,1.99999999999996,0.0200000000000003,7.00000000000003,1,2,66,0.5
137,1456.448552,1455.343889,1455.634227,1456.446385,1460.8122,0,1.99999999999996,0.0200000000000003,5.99999999999996,2,1,65,0.5
138,1461.959869,1461.228365,1461.459532,1461.907529,1465.138189,0,1.99999999999996,0.0200000000000003,5.99999999999996,2,1,65,0.5
139,1466.450678,1465.592687,1465.966519,1466.448511,1469.278501,1,1.99999999999996,0.0200000000000003,7.00000000000003,1,2,66,0.5
140,1470.679167,1469.794671,1470.07433,1470.677,1475.995646,0,1.99999999999996,0.0200000000000003,5.99999999999996,2,1,65,0.5
141,1477.233141,1476.478971,1476.709643,1477.230969,1482.320614,0,1.99999999999996,0.0200000000000003,5.99999999999996,2,1,65,0.5
142,1483.67661,1482.835113,1483.165117,1483.624276,1485.603769,1,1.99999999999996,0.0200000000000003,7.00000000000003,1,2,66,0.5
143,1487.100429,1486.146599,1486.432431,1487.048101,1491.162418,0,1.99999999999996,0.0200000000000003,5.99999999999996,2,1,65,0.5
144,1492.465241,1491.665416,1491.982582,1492.412913,1494.861397,1,1.99999999999996,0.0200000000000003,7.00000000000003,1,2,66,0.5
145,1495.988894,1495.257063,1495.555061,1495.986726,1499.976544,0,1.99999999999996,0.0200000000000003,5.99999999999996,2,1,65,0.5
146,1501.224045,1500.417548,1500.749047,1501.171706,1503.396703,1,1.99999999999996,0.0200000000000003,7.00000000000003,1,2,66,0.5
147,1504.502198,1503.792368,1504.049361,1504.44986,1506.573851,1,1.99999999999996,0.0200000000000003,7.00000000000003,1,2,66,0.5
148,1507.679847,1506.974688,1507.224354,1507.627347,1511.074672,0,1.99999999999996,0.0200000000000003,5.99999999999996,2,1,65,0.5
149,1512.169501,1511.562664,1511.78533,1512.117162,1516.009986,0,1.99999999999996,0.0200000000000003,5.99999999999996,2,1,65,0.5
150,1517.373975,1516.472817,1516.803143,1517.321647,1519.085301,1,1.99999999999996,0.0200000000000003,7.00000000000003,1,2,66,0.5
151,1520.277969,1519.502305,1519.833637,1520.225629,1522.847958,1,1.99999999999996,0.0200000000000003,7.00000000000003,1,2,66,0.5
152,1524.139953,1523.317117,1523.670455,1524.087781,1528.828928,0,1.99999999999996,0.0200000000000003,5.99999999999996,2,1,65,0.5
153,1530.225429,1529.368932,1529.636925,1530.173257,1533.540911,0,1.99999999999996,0.0200000000000003,5.99999999999996,2,1,65,0.5
154,1534.90291,1534.036575,1534.332579,1534.850571,1536.727897,1,1.99999999999996,0.0200000000000003,7.00000000000003,1,2,66,0.5
155,1537.909898,1537.149234,1537.446228,1537.857559,1540.229555,0,1.99999999999996,0.0200000000000003,5.99999999999996,2,1,65,0.5
156,1541.311218,1540.709214,1540.965386,1541.258879,1548.757849,0,1.99999999999996,0.0200000000000003,5.99999999999996,2,1,65,0.5
157,1550.252515,1549.317019,1549.596679,1550.200182,1552.254341,1,1.99999999999996,0.0200000000000003,7.00000000000003,1,2,66,0.5
158,1553.362336,1552.641,1552.935332,1553.309997,1555.295322,1,1.99999999999996,0.0200000000000003,7.00000000000003,1,2,66,0.5
159,1556.577651,1555.742654,1556.018986,1556.525157,1560.682134,0,1.99999999999996,0.0200000000000003,5.99999999999996,2,1,65,0.5
160,1561.724636,1561.102133,1561.334298,1561.682797,1563.872122,0,1.99999999999996,0.0200000000000003,5.99999999999996,2,1,65,0.5
161,1565.265622,1564.334626,1564.670452,1565.213283,1567.072609,1,1.99999999999996,0.0200000000000003,7.00000000000003,1,2,66,0.5
162,1568.430271,1567.493446,1567.803112,1568.377771,1575.171416,0,1.99999999999996,0.0200000000000003,5.99999999999996,2,1,65,0.5
163,1576.506738,1575.639741,1575.979079,1576.454405,1578.791568,1,1.99999999999996,0.0200000000000003,7.00000000000003,1,2,66,0.5
164,1579.960057,1579.22106,1579.508226,1579.907724,1581.530724,1,1.99999999999996,0.0200000000000003,7.00000000000003,1,2,66,0.5
165,1582.726219,1582.005216,1582.289721,1582.67388,1586.281871,0,1.99999999999996,0.0200000000000003,5.99999999999996,2,1,65,0.5
166,1589.375359,1587.944526,1588.272024,1589.32302,1590.882186,0,1.99999999999996,0.0200000000000003,5.99999999999996,2,1,65,0.5
167,1592.209014,1591.420179,1591.760177,1592.156842,1593.932507,1,1.99999999999996,0.0200000000000003,7.00000000000003,1,2,66,0.5
168,1595.272497,1594.356167,1594.668665,1595.270169,1595.946993,0,1.99999999999996,0.0200000000000003,5.99999999999996,2,1,65,0.5
169,1597.674492,1596.794823,1597.176322,1597.66782,1598.344656,1,1.99999999999996,0.0200000000000003,7.00000000000003,1,2,66,0.5
170,1599.711984,1598.784482,1599.136486,1599.659651,1601.941637,1,1.99999999999996,0.0200000000000003,7.00000000000003,1,2,66,0.5
171,1603.587969,1602.327634,1602.598133,1603.535635,1603.624969,0,1.99999999999996,0.0200000000000003,5.99999999999996,2,1,65,0.5
172,1647.597453,1646.339964,1646.734963,1647.597453,1728.864128,1,NaN,0,5.99999999999996,2,1,65,0.5
173,1730.874126,1729.706126,1730.140629,1730.871954,1734.26394,1,1.99999999999996,0.0200000000000003,7.00000000000003,1,2,66,0.5
174,1735.739107,1734.784777,1735.146442,1735.686774,1737.139595,1,1.99999999999996,0.0200000000000003,7.00000000000003,1,2,66,0.5
175,1738.486262,1737.662593,1737.975931,1738.433929,1741.456084,0,1.99999999999996,0.0200000000000003,5.99999999999996,2,1,65,0.5
176,1742.785406,1742.014582,1742.283914,1742.733079,1744.904064,0,1.99999999999996,0.0200000000000003,5.99999999999996,2,1,65,0.5
177,1747.409555,1745.534062,1745.837894,1747.357227,1750.206543,1,1.99999999999996,0.0200000000000003,7.00000000000003,1,2,66,0.5
178,1751.722709,1750.717709,1751.02254,1751.720537,1754.505359,0,1.99999999999996,0.0200000000000003,5.99999999999996,2,1,65,0.5
179,1755.753855,1754.967858,1755.223529,1755.701521,1757.845012,0,1.99999999999996,0.0200000000000003,5.99999999999996,2,1,65,0.5
180,1759.221846,1758.299683,1758.600015,1759.219679,1761.399331,1,1.99999999999996,0.0200000000000003,7.00000000000003,1,2,66,0.5
181,1762.65766,1761.881829,1762.183328,1762.655493,1764.595819,1,1.99999999999996,0.0200000000000003,7.00000000000003,1,2,66,0.5
182,1766.126485,1765.263316,1765.551487,1766.124318,1767.852978,0,1.99999999999996,0.0200000000000003,5.99999999999996,2,1,65,0.5
183,1769.078801,1768.237637,1768.516476,1769.026302,1771.050132,1,1.99999999999996,0.0200000000000003,7.00000000000003,1,2,66,0.5
184,1773.050624,1772.217121,1772.427793,1772.998285,1775.207776,0,1.99999999999996,0.0200000000000003,5.99999999999996,2,1,65,0.5
185,1776.346278,1775.692942,1775.912946,1776.344111,1778.101271,0,1.99999999999996,0.0200000000000003,5.99999999999996,2,1,65,0.5
186,1779.621265,1778.838268,1779.071094,1779.568925,1782.125421,1,1.99999999999996,0.0200000000000003,7.00000000000003,1,2,66,0.5
187,1783.36475,1782.512086,1782.827913,1783.312577,1785.846406,1,1.99999999999996,0.0200000000000003,7.00000000000003,1,2,66,0.5
188,1786.991235,1786.227738,1786.541731,1786.989063,1789.296726,0,1.99999999999996,0.0200000000000003,5.99999999999996,2,1,65,0.5
189,1790.443888,1789.714718,1789.993556,1790.391555,1792.431713,1,1.99999999999996,0.0200000000000003,7.00000000000003,1,2,66,0.5
190,1793.661042,1792.936045,1793.234204,1793.608703,1795.233363,0,1.99999999999996,0.0200000000000003,5.99999999999996,2,1,65,0.5
191,1796.406364,1795.719527,1795.937194,1796.354198,1799.979178,0,1.99999999999996,0.0200000000000003,5.99999999999996,2,1,65,0.5
192,1801.224506,1800.465008,1800.79218,1801.222339,1803.165831,1,1.99999999999996,0.0200000000000003,7.00000000000003,1,2,66,0.5
193,1804.192166,1803.569502,1803.825829,1804.183833,1806.319485,0,1.99999999999996,0.0200000000000003,5.99999999999996,2,1,65,0.5
194,1807.394481,1806.748317,1806.943316,1807.392314,1813.116131,0,1.99999999999996,0.0200000000000003,5.99999999999996,2,1,65,0.5
195,1814.538958,1813.695295,1813.963622,1814.486625,1816.537444,1,1.99999999999996,0.0200000000000003,7.00000000000003,1,2,66,0.5
196,1817.639774,1816.89661,1817.196281,1817.587446,1819.3311,1,1.99999999999996,0.0200000000000003,7.00000000000003,1,2,66,0.5
197,1820.413595,1819.700765,1819.968103,1820.361268,1821.348098,0,1.99999999999996,0.0200000000000003,5.99999999999996,2,1,65,0.5
198,1823.384423,1822.580759,1822.863592,1823.332084,1828.248731,0,1.99999999999996,0.0200000000000003,5.99999999999996,2,1,65,0.5
199,1829.466393,1828.720229,1828.935562,1829.414065,1831.266391,1,1.99999999999996,0.0200000000000003,7.00000000000003,1,2,66,0.5
200,1832.271215,1831.648384,1831.896555,1832.262554,1833.864381,1,1.99999999999996,0.0200000000000003,7.00000000000003,1,2,66,0.5
201,1835.051371,1834.282213,1834.574711,1835.049043,1839.545019,0,1.99999999999996,0.0200000000000003,5.99999999999996,2,1,65,0.5
202,1840.572015,1839.992356,1840.20585,1840.572015,1850.405642,0,NaN,0,7.00000000000003,1,2,66,0.5
203,1854.581631,1853.697462,1854.024794,1854.529293,1856.323952,0,1.99999999999996,0.0200000000000003,5.99999999999996,2,1,65,0.5
204,1857.43512,1856.756784,1857.004288,1857.432953,1860.529769,0,1.99999999999996,0.0200000000000003,5.99999999999996,2,1,65,0.5
205,1861.751931,1860.976939,1861.264766,1861.699603,1863.601422,1,1.99999999999996,0.0200000000000003,7.00000000000003,1,2,66,0.5
206,1864.570091,1863.947421,1864.233921,1864.565752,1866.284912,1,1.99999999999996,0.0200000000000003,7.00000000000003,1,2,66,0.5
207,1867.414247,1866.646744,1866.930909,1867.361914,1874.416879,0,1.99999999999996,0.0200000000000003,5.99999999999996,2,1,65,0.5
208,1875.80438,1875.07121,1875.33571,1875.752207,1876.513877,1,1.99999999999996,0.0200000000000003,7.00000000000003,1,2,66,0.5
209,1877.872866,1876.904209,1877.267201,1877.820372,1884.284346,0,1.99999999999996,0.0200000000000003,5.99999999999996,2,1,65,0.5
210,1885.413508,1884.836504,1885.031676,1885.413508,1890.782653,0,NaN,0,7.00000000000003,1,2,66,0.5
211,1892.152808,1891.343151,1891.653644,1892.100475,1892.905478,1,1.99999999999996,0.0200000000000003,7.00000000000003,1,2,66,0.5
212,1894.085807,1893.329638,1893.628475,1894.033468,1896.551625,0,1.99999999999996,0.0200000000000003,5.99999999999996,2,1,65,0.5
213,1897.892619,1897.062628,1897.363288,1897.84012,1898.55645,1,1.99999999999996,0.0200000000000003,7.00000000000003,1,2,66,0.5
214,1899.725284,1898.912954,1899.241119,1899.672945,1900.492942,1,1.99999999999996,0.0200000000000003,7.00000000000003,1,2,66,0.5
215,1901.814604,1900.910441,1901.254945,1901.762276,1902.386101,0,1.99999999999996,0.0200000000000003,5.99999999999996,2,1,65,0.5
216,1903.939262,1903.051771,1903.32843,1903.937095,1905.927759,0,1.99999999999996,0.0200000000000003,5.99999999999996,2,1,65,0.5
217,1907.206421,1906.291758,1906.620756,1907.154082,1929.36516,1,1.99999999999996,0.0200000000000003,7.00000000000003,1,2,66,0.5
218,1930.727155,1929.776497,1930.050323,1930.724827,1935.568301,0,1.99999999999996,0.0200000000000003,5.99999999999996,2,1,65,0.5
219,1936.996468,1936.140305,1936.472631,1936.94413,1940.679615,1,1.99999999999996,0.0200000000000003,7.00000000000003,1,2,66,0.5
220,1946.267431,1945.313602,1945.637428,1946.215092,1947.318427,1,1.99999999999996,0.0200000000000003,7.00000000000003,1,2,66,0.5
221,1948.375751,1947.702087,1948.034252,1948.323423,1951.367072,0,1.99999999999996,0.0200000000000003,5.99999999999996,2,1,65,0.5
222,1952.684567,1951.850736,1952.202569,1952.6824,2133.430511,1,1.99999999999996,0.0200000000000003,7.00000000000003,1,2,66,0.5
223,2137.527161,2136.684836,2136.959502,2137.524994,2141.773649,0,1.99999999999996,0.0200000000000003,5.99999999999996,2,1,65,0.5
224,2145.048636,2143.843641,2144.308639,2145.046469,2146.111299,1,1.99999999999996,0.0200000000000003,7.00000000000003,1,2,66,0.5
225,2147.591126,2146.769796,2147.111461,2147.588954,2148.153957,1,1.99999999999996,0.0200000000000003,7.00000000000003,1,2,66,0.5
226,2149.423452,2148.572283,2148.891954,2149.371114,2150.441448,0,1.99999999999996,0.0200000000000003,5.99999999999996,2,1,65,0.5
227,2153.519602,2151.259611,2151.550937,2153.467263,2158.306911,0,1.99999999999996,0.0200000000000003,5.99999999999996,2,1,65,0.5
228,2159.811572,2158.915747,2159.252741,2159.759072,2161.939563,1,1.99999999999996,0.0200000000000003,7.00000000000003,1,2,66,0.5
229,2163.763228,2162.635399,2163.085392,2163.761061,2164.484558,1,1.99999999999996,0.0200000000000003,7.00000000000003,1,2,66,0.5
230,2165.985552,2165.229889,2165.535049,2165.93338,2170.638861,0,1.99999999999996,0.0200000000000003,5.99999999999996,2,1,65,0.5
231,2171.904195,2171.281526,2171.541525,2171.866856,2179.633992,0,1.99999999999996,0.0200000000000003,5.99999999999996,2,1,65,0.5
232,2181.005492,2180.138162,2180.473822,2180.953154,2181.540985,1,1.99999999999996,0.0200000000000003,7.00000000000003,1,2,66,0.5
233,2182.912818,2182.02915,2182.38032,2182.910651,2183.629976,1,1.99999999999996,0.0200000000000003,7.00000000000003,1,2,66,0.5
234,2185.008804,2184.069141,2184.378479,2185.006476,2187.4213,0,1.99999999999996,0.0200000000000003,5.99999999999996,2,1,65,0.5
235,2188.932288,2187.956959,2188.313124,2188.880121,2189.531125,1,1.99999999999996,0.0200000000000003,7.00000000000003,1,2,66,0.5
236,2191.566111,2190.861947,2191.111613,2191.566111,2204.881724,0,NaN,0,7.00000000000003,1,2,66,0.5
237,2206.273391,2205.336889,2205.655055,2206.221053,2206.861216,0,1.99999999999996,0.0200000000000003,5.99999999999996,2,1,65,0.5
238,2210.301703,2209.32454,2209.617039,2210.299536,2210.886033,0,1.99999999999996,0.0200000000000003,5.99999999999996,2,1,65,0.5
239,2212.524194,2211.444204,2211.822036,2212.522027,2212.546694,1,1.99999999999996,0.0200000000000003,7.00000000000003,1,2,66,0.5
240,2219.957331,2218.973334,2219.359,2219.905164,2222.47016,1,1.99999999999996,0.0200000000000003,7.00000000000003,1,2,66,0.5
241,2232.705113,2231.651617,2232.088782,2232.702946,2234.21144,1,1.99999999999996,0.0200000000000003,7.00000000000003,1,2,66,0.5
242,2244.580233,2243.890069,2244.141734,2244.527905,2248.547549,0,1.99999999999996,0.0200000000000003,5.99999999999996,2,1,65,0.5
243,2249.93655,2249.06922,2249.448046,2249.934383,2251.82637,1,1.99999999999996,0.0200000000000003,7.00000000000003,1,2,66,0.5
244,2253.255031,2252.371534,2252.7542,2253.202703,2254.220199,1,1.99999999999996,0.0200000000000003,7.00000000000003,1,2,66,0.5
245,2255.406195,2254.594865,2254.957858,2255.353856,2258.059517,0,1.99999999999996,0.0200000000000003,5.99999999999996,2,1,65,0.5
246,2259.50284,2258.610015,2258.943509,2259.500672,2261.113166,1,1.99999999999996,0.0200000000000003,7.00000000000003,1,2,66,0.5
247,2262.570827,2261.698497,2262.002829,2262.56866,2272.588459,0,1.99999999999996,0.0200000000000003,5.99999999999996,2,1,65,0.5
248,2273.999114,2273.137118,2273.468784,2273.999114,2280.722755,0,NaN,0,7.00000000000003,1,2,66,0.5
249,2283.354083,2282.73158,2282.997584,2283.34025,2284.158907,0,1.99999999999996,0.0200000000000003,5.99999999999996,2,1,65,0.5
250,2286.275065,2284.851744,2285.259737,2285.724734,2292.737373,1,NaN,0,7.00000000000003,1,2,66,0.5
251,2295.070197,2294.072534,2294.4672,2295.017698,2295.509362,1,1.99999999999996,0.0200000000000003,7.00000000000003,1,2,66,0.5
252,2297.196189,2296.091865,2296.506864,2297.194022,2298.282017,0,1.99999999999996,0.0200000000000003,5.99999999999996,2,1,65,0.5
253,2299.775679,2298.947021,2299.190014,2299.773511,2300.419675,0,1.99999999999996,0.0200000000000003,5.99999999999996,2,1,65,0.5
254,2301.85517,2301.049673,2301.432677,2301.853003,2308.334644,1,1.99999999999996,0.0200000000000003,7.00000000000003,1,2,66,0.5
255,2309.823138,2308.833308,2309.075474,2309.82081,2323.246923,0,1.99999999999996,0.0200000000000003,5.99999999999996,2,1,65,0.5
256,2333.648376,2332.279048,2332.531714,2333.098045,NaN,0,NaN,0,5.99999999999996,2,1,65,0.5
257,2342.105676,2341.244345,2341.61935,2342.103348,2342.43918,1,1.99999999999996,0.0200000000000003,7.00000000000003,1,2,66,0.5
258,2344.85467,2343.931174,2344.174668,2344.802337,2345.259496,0,1.99999999999996,0.0200000000000003,5.99999999999996,2,1,65,0.5
259,2347.499993,2346.587991,2347.014489,2347.497826,2351.221311,1,1.99999999999996,0.0200000000000003,7.00000000000003,1,2,66,0.5
260,2352.948633,2351.941809,2352.237301,2352.896305,2353.360303,0,1.99999999999996,0.0200000000000003,5.99999999999996,2,1,65,0.5
261,2355.089791,2354.089133,2354.533293,2355.037463,2360.457102,1,1.99999999999996,0.0200000000000003,7.00000000000003,1,2,66,0.5
262,2361.795436,2360.8531,2361.177433,2361.743263,2364.612585,1,1.99999999999996,0.0200000000000003,7.00000000000003,1,2,66,0.5
263,2366.362746,2365.208256,2365.542754,2366.360578,2367.355914,0,1.99999999999996,0.0200000000000003,5.99999999999996,2,1,65,0.5
264,2368.711075,2367.874578,2368.082071,2368.658736,2378.044037,0,1.99999999999996,0.0200000000000003,5.99999999999996,2,1,65,0.5
265,2379.621031,2378.659696,2378.9612,2379.568692,2383.065679,1,1.99999999999996,0.0200000000000003,7.00000000000003,1,2,66,0.5
266,2384.501845,2383.637009,2383.893347,2384.449673,2389.033154,0,1.99999999999996,0.0200000000000003,5.99999999999996,2,1,65,0.5
267,2390.264489,2389.485658,2389.798318,2390.246316,2394.3563,1,1.99999999999996,0.0200000000000003,7.00000000000003,1,2,66,0.5
268,2395.785467,2394.973804,2395.282635,2395.733294,2398.839782,1,1.99999999999996,0.0200000000000003,7.00000000000003,1,2,66,0.5
269,2400.254949,2399.341113,2399.622445,2400.252782,2404.637592,0,1.99999999999996,0.0200000000000003,5.99999999999996,2,1,65,0.5
270,2405.879087,2405.166256,2405.386761,2405.826588,2409.334246,0,1.99999999999996,0.0200000000000003,5.99999999999996,2,1,65,0.5
271,2410.688902,2409.886577,2410.170076,2410.686734,2413.743556,1,1.99999999999996,0.0200000000000003,7.00000000000003,1,2,66,0.5
272,2415.235555,2414.612725,2414.881057,2415.232049,2417.686046,1,1.99999999999996,0.0200000000000003,7.00000000000003,1,2,66,0.5
273,2418.95154,2418.229043,2418.490209,2418.899201,2424.235353,0,1.99999999999996,0.0200000000000003,5.99999999999996,2,1,65,0.5
274,2425.640014,2424.813511,2425.096011,2425.587681,2428.891662,1,1.99999999999996,0.0200000000000003,7.00000000000003,1,2,66,0.5
275,2430.093491,2429.33516,2429.617659,2430.091323,2432.784979,1,1.99999999999996,0.0200000000000003,7.00000000000003,1,2,66,0.5
276,2434.159808,2433.320644,2433.574976,2434.107308,2436.86863,0,1.99999999999996,0.0200000000000003,5.99999999999996,2,1,65,0.5
277,2438.261963,2437.430627,2437.707466,2438.259791,2441.543784,1,1.99999999999996,0.0200000000000003,7.00000000000003,1,2,66,0.5
278,2442.794273,2442.082609,2442.34128,2442.791945,2445.689761,1,1.99999999999996,0.0200000000000003,7.00000000000003,1,2,66,0.5
279,2447.521593,2446.673924,2446.966928,2447.519421,2451.964075,0,1.99999999999996,0.0200000000000003,5.99999999999996,2,1,65,0.5
280,2453.31107,2452.525567,2452.783572,2453.258731,2456.847884,0,1.99999999999996,0.0200000000000003,5.99999999999996,2,1,65,0.5
281,2458.18105,2457.408881,2457.642386,2458.178884,2461.167032,1,1.99999999999996,0.0200000000000003,7.00000000000003,1,2,66,0.5
282,2462.629699,2461.68137,2461.927529,2462.577527,2466.531844,0,1.99999999999996,0.0200000000000003,5.99999999999996,2,1,65,0.5
283,2467.784506,2467.078176,2467.268014,2467.732179,2470.367168,0,1.99999999999996,0.0200000000000003,5.99999999999996,2,1,65,0.5
284,2471.823996,2470.933666,2471.267998,2471.821829,2474.788317,1,1.99999999999996,0.0200000000000003,7.00000000000003,1,2,66,0.5
285,2476.13864,2475.268976,2475.501148,2476.13864,2481.628957,1,NaN,0,5.99999999999996,2,1,65,0.5
286,2483.076779,2482.205954,2482.483448,2483.024451,2488.824928,0,1.99999999999996,0.0200000000000003,5.99999999999996,2,1,65,0.5
287,2490.224755,2489.374087,2489.746424,2490.210256,2492.356074,1,1.99999999999996,0.0200000000000003,7.00000000000003,1,2,66,0.5
288,2493.65257,2492.78724,2493.066077,2493.600242,2498.614551,0,1.99999999999996,0.0200000000000003,5.99999999999996,2,1,65,0.5
289,2499.960378,2499.091053,2499.366046,2499.90805,2521.579791,1,1.99999999999996,0.0200000000000003,7.00000000000003,1,2,66,0.5
290,2546.235865,2533.615082,2533.651748,NaN,2648.172624,NaN,NaN,0,5.99999999999996,2,1,65,0.5
291,2662.324728,2662.032068,2662.302894,NaN,2662.881392,NaN,NaN,0,5.99999999999996,2,1,65,0.5
292,2670.091203,2669.068873,2669.4077,2670.038863,2674.09452,1,1.99999999999996,0.0200000000000003,7.00000000000003,1,2,66,0.5
293,2676.576505,2675.571675,2675.859846,2676.524005,2677.085169,0,1.99999999999996,0.0200000000000003,5.99999999999996,2,1,65,0.5
294,2678.449336,2677.628834,2677.888499,2678.447169,2679.809825,0,1.99999999999996,0.0200000000000003,5.99999999999996,2,1,65,0.5
295,2681.270653,2680.470494,2680.732493,2681.218153,2688.349124,0,1.99999999999996,0.0200000000000003,5.99999999999996,2,1,65,0.5
296,2689.724624,2688.852622,2689.193788,2689.672286,2692.541779,1,1.99999999999996,0.0200000000000003,7.00000000000003,1,2,66,0.5
297,2693.997607,2693.054444,2693.349443,2693.945435,2697.820925,0,1.99999999999996,0.0200000000000003,5.99999999999996,2,1,65,0.5
298,2699.132248,2698.354256,2698.629082,2699.13008,2701.576237,1,1.99999999999996,0.0200000000000003,7.00000000000003,1,2,66,0.5
299,2703.024399,2702.091735,2702.348901,2702.972071,2707.991212,0,1.99999999999996,0.0200000000000003,5.99999999999996,2,1,65,0.5
300,2709.513706,2708.730881,2709.001214,2709.505706,2711.160366,1,1.99999999999996,0.0200000000000003,7.00000000000003,1,2,66,0.5
301,2712.411028,2711.63903,2711.959202,2712.408861,2715.028356,1,1.99999999999996,0.0200000000000003,7.00000000000003,1,2,66,0.5
302,2716.219013,2715.536688,2715.816186,2716.219013,2721.961989,1,NaN,0,5.99999999999996,2,1,65,0.5
303,2723.53765,2722.725987,2722.990658,2723.535483,2725.562308,0,1.99999999999996,0.0200000000000003,5.99999999999996,2,1,65,0.5
304,2726.762309,2726.006312,2726.270311,2726.709976,2734.767271,0,1.99999999999996,0.0200000000000003,5.99999999999996,2,1,65,0.5
305,2736.164105,2735.267269,2735.595941,2736.111766,2739.245759,1,1.99999999999996,0.0200000000000003,7.00000000000003,1,2,66,0.5
306,2740.531088,2739.80759,2740.09475,2740.528921,2743.871068,1,1.99999999999996,0.0200000000000003,7.00000000000003,1,2,66,0.5
307,2745.298068,2744.318073,2744.682232,2745.295902,2749.991877,0,1.99999999999996,0.0200000000000003,5.99999999999996,2,1,65,0.5
308,2751.145373,2750.522548,2750.748708,2751.120879,2755.194196,0,1.99999999999996,0.0200000000000003,5.99999999999996,2,1,65,0.5
309,2756.61469,2755.795187,2756.088687,2756.562351,2758.979842,1,1.99999999999996,0.0200000000000003,7.00000000000003,1,2,66,0.5
310,2760.274842,2759.46884,2759.803339,2760.222509,2763.168497,1,1.99999999999996,0.0200000000000003,7.00000000000003,1,2,66,0.5
311,2764.405486,2763.647162,2763.924322,2764.405486,2770.759461,1,NaN,0,5.99999999999996,2,1,65,0.5
312,2772.612126,2771.536626,2771.983123,2772.609959,2776.399277,1,1.99999999999996,0.0200000000000003,7.00000000000003,1,2,66,0.5
313,2778.372598,2777.555767,2777.826932,2778.320264,2778.893261,0,1.99999999999996,0.0200000000000003,5.99999999999996,2,1,65,0.5
314,2780.144762,2779.366432,2779.607765,2780.092423,2787.558233,0,1.99999999999996,0.0200000000000003,5.99999999999996,2,1,65,0.5
315,2788.760056,2788.137397,2788.370723,2788.751061,2792.142208,0,1.99999999999996,0.0200000000000003,5.99999999999996,2,1,65,0.5
316,2793.562709,2792.711379,2793.037871,2793.51037,2797.180194,1,1.99999999999996,0.0200000000000003,7.00000000000003,1,2,66,0.5
317,2798.380689,2797.596354,2797.883191,2798.32835,2802.964004,0,1.99999999999996,0.0200000000000003,5.99999999999996,2,1,65,0.5
318,2804.422665,2803.724335,2803.955334,2804.420499,2808.029312,0,1.99999999999996,0.0200000000000003,5.99999999999996,2,1,65,0.5
319,2809.420973,2808.628315,2808.886641,2809.368646,2812.700126,1,1.99999999999996,0.0200000000000003,7.00000000000003,1,2,66,0.5
320,2813.969955,2813.178797,2813.509124,2813.917627,2816.283118,1,1.99999999999996,0.0200000000000003,7.00000000000003,1,2,66,0.5
321,2817.596774,2816.730949,2817.045943,2817.594607,2821.200259,0,1.99999999999996,0.0200000000000003,5.99999999999996,2,1,65,0.5
322,2823.058424,2821.766257,2822.034422,2823.006086,2825.885079,0,1.99999999999996,0.0200000000000003,5.99999999999996,2,1,65,0.5
323,2827.397901,2826.565077,2826.902569,2827.345574,2830.423889,1,1.99999999999996,0.0200000000000003,7.00000000000003,1,2,66,0.5
324,2831.621551,2830.802555,2831.136058,2831.569223,2834.404873,1,1.99999999999996,0.0200000000000003,7.00000000000003,1,2,66,0.5
325,2835.778701,2834.871204,2835.18637,2835.726373,2841.542511,0,1.99999999999996,0.0200000000000003,5.99999999999996,2,1,65,0.5
326,2842.830678,2842.147348,2842.375007,2842.778339,2847.348821,0,1.99999999999996,0.0200000000000003,5.99999999999996,2,1,65,0.5
327,2848.733316,2847.935491,2848.203651,2848.680988,2850.293815,1,1.99999999999996,0.0200000000000003,7.00000000000003,1,2,66,0.5
328,2851.61231,2850.821808,2851.149306,2851.559971,2853.837628,1,1.99999999999996,0.0200000000000003,7.00000000000003,1,2,66,0.5
329,2855.126296,2854.264127,2854.550959,2855.073963,2862.272761,0,1.99999999999996,0.0200000000000003,5.99999999999996,2,1,65,0.5
330,2863.608923,2862.815098,2863.034759,2863.606756,2867.987405,0,1.99999999999996,0.0200000000000003,5.99999999999996,2,1,65,0.5
331,2869.305406,2868.485903,2868.788236,2869.253073,2871.310064,1,1.99999999999996,0.0200000000000003,7.00000000000003,1,2,66,0.5
332,2872.542554,2871.749723,2872.079728,2872.490054,2875.323548,1,1.99999999999996,0.0200000000000003,7.00000000000003,1,2,66,0.5
333,2876.63271,2875.778208,2876.079712,2876.621704,2879.990191,0,1.99999999999996,0.0200000000000003,5.99999999999996,2,1,65,0.5
334,2881.307686,2880.439361,2880.798187,2881.255186,2883.911175,1,1.99999999999996,0.0200000000000003,7.00000000000003,1,2,66,0.5
335,2885.100343,2884.350179,2884.665505,2885.086509,2887.571333,1,1.99999999999996,0.0200000000000003,7.00000000000003,1,2,66,0.5
336,2888.900822,2888.024326,2888.398323,2888.848494,2891.221318,0,1.99999999999996,0.0200000000000003,5.99999999999996,2,1,65,0.5
337,2892.608979,2891.781644,2892.111975,2892.556641,2894.926798,1,1.99999999999996,0.0200000000000003,7.00000000000003,1,2,66,0.5
338,2896.152132,2895.330796,2895.664961,2896.099793,2898.566449,1,1.99999999999996,0.0200000000000003,7.00000000000003,1,2,66,0.5
339,2899.877117,2898.969948,2899.321446,2899.824778,2904.073761,0,1.99999999999996,0.0200000000000003,5.99999999999996,2,1,65,0.5
340,2905.32759,2904.575759,2904.873597,2905.275262,2908.511249,0,1.99999999999996,0.0200000000000003,5.99999999999996,2,1,65,0.5
341,2909.918238,2909.065741,2909.411573,2909.865744,2912.074395,1,1.99999999999996,0.0200000000000003,7.00000000000003,1,2,66,0.5
342,2923.34285,2922.373021,2922.69002,2923.340684,2924.605518,0,1.99999999999996,0.0200000000000003,5.99999999999996,2,1,65,0.5
343,2925.86618,2925.021016,2925.424181,2925.81384,2929.110827,1,1.99999999999996,0.0200000000000003,7.00000000000003,1,2,66,0.5
344,2930.403489,2929.634831,2929.943157,2930.35099,2932.974318,1,1.99999999999996,0.0200000000000003,7.00000000000003,1,2,66,0.5
345,2934.435145,2933.400149,2933.762981,2934.432973,2941.176945,0,1.99999999999996,0.0200000000000003,5.99999999999996,2,1,65,0.5
346,2942.352275,2941.676783,2941.926949,2942.350108,2944.293606,0,1.99999999999996,0.0200000000000003,5.99999999999996,2,1,65,0.5
347,2945.720267,2944.83127,2945.227263,2945.667928,2948.914581,1,1.99999999999996,0.0200000000000003,7.00000000000003,1,2,66,0.5
348,2951.084912,2950.053416,2950.468748,2951.032573,2955.131223,0,1.99999999999996,0.0200000000000003,5.99999999999996,2,1,65,0.5
349,2956.416052,2955.588727,2955.922053,2956.363724,2958.824048,1,1.99999999999996,0.0200000000000003,7.00000000000003,1,2,66,0.5
350,2960.028038,2959.254206,2959.567378,2959.97571,2962.170862,1,1.99999999999996,0.0200000000000003,7.00000000000003,1,2,66,0.5
351,2963.52469,2962.66036,2963.006531,2963.522523,2967.077681,0,1.99999999999996,0.0200000000000003,5.99999999999996,2,1,65,0.5
352,2968.289843,2967.53884,2967.820845,2968.237671,2970.173502,1,1.99999999999996,0.0200000000000003,7.00000000000003,1,2,66,0.5
353,2971.492658,2970.6565,2971.008993,2971.440159,2974.80515,0,1.99999999999996,0.0200000000000003,5.99999999999996,2,1,65,0.5
354,2976.113812,2975.360143,2975.62048,2976.061473,2979.083467,0,1.99999999999996,0.0200000000000003,5.99999999999996,2,1,65,0.5
355,2980.488628,2979.651298,2979.977463,2980.436457,2982.880613,1,1.99999999999996,0.0200000000000003,7.00000000000003,1,2,66,0.5
356,2984.069941,2983.318444,2983.598776,2984.017614,2986.137099,1,1.99999999999996,0.0200000000000003,7.00000000000003,1,2,66,0.5
357,2987.438933,2986.536598,2986.902596,2987.386761,2991.045413,0,1.99999999999996,0.0200000000000003,5.99999999999996,2,1,65,0.5
358,2992.186248,2991.572083,2991.789916,2992.133914,2994.882897,0,1.99999999999996,0.0200000000000003,5.99999999999996,2,1,65,0.5
359,2996.274065,2995.440562,2995.758561,2996.222059,2998.249557,1,1.99999999999996,0.0200000000000003,7.00000000000003,1,2,66,0.5
360,2999.405385,2998.695222,2998.965881,2999.353213,3001.302539,1,1.99999999999996,0.0200000000000003,7.00000000000003,1,2,66,0.5
361,3002.554701,3001.671876,3002.075369,3002.502201,3004.938357,0,1.99999999999996,0.0200000000000003,5.99999999999996,2,1,65,0.5
362,3006.231353,3005.461528,3005.744027,3006.179025,3008.586177,1,1.99999999999996,0.0200000000000003,7.00000000000003,1,2,66,0.5
363,3009.728339,3009.001014,3009.306174,3009.675839,3011.339838,1,1.99999999999996,0.0200000000000003,7.00000000000003,1,2,66,0.5
364,3013.384991,3012.540999,3012.774659,3013.332663,3018.918135,0,1.99999999999996,0.0200000000000003,5.99999999999996,2,1,65,0.5
365,3020.154802,3019.3823,3019.676304,3020.10263,3020.756627,1,1.99999999999996,0.0200000000000003,7.00000000000003,1,2,66,0.5
366,3021.89179,3021.110626,3021.434292,3021.839296,3022.828625,1,1.99999999999996,0.0200000000000003,7.00000000000003,1,2,66,0.5
367,3024.128953,3023.251785,3023.611449,3024.076781,3027.558773,0,1.99999999999996,0.0200000000000003,5.99999999999996,2,1,65,0.5
368,3028.667096,3028.065104,3028.308598,3028.614769,3031.316424,0,1.99999999999996,0.0200000000000003,5.99999999999996,2,1,65,0.5
369,3032.649752,3031.80225,3032.159915,3032.597581,3034.435912,1,1.99999999999996,0.0200000000000003,7.00000000000003,1,2,66,0.5
370,3035.603241,3034.81141,3035.123576,3035.550901,3038.684395,0,1.99999999999996,0.0200000000000003,5.99999999999996,2,1,65,0.5
371,3039.931557,3039.147226,3039.461053,3039.879385,3041.994882,1,1.99999999999996,0.0200000000000003,7.00000000000003,1,2,66,0.5
372,3043.227205,3042.430707,3042.729045,3043.174877,3046.758024,0,1.99999999999996,0.0200000000000003,5.99999999999996,2,1,65,0.5
373,3047.851686,3047.229027,3047.469687,3047.820852,3050.043511,0,1.99999999999996,0.0200000000000003,5.99999999999996,2,1,65,0.5
374,3051.241345,3050.509848,3050.747513,3051.189006,3053.392336,1,1.99999999999996,0.0200000000000003,7.00000000000003,1,2,66,0.5
375,3054.559326,3053.815501,3054.087667,3054.556998,3056.969655,0,1.99999999999996,0.0200000000000003,5.99999999999996,2,1,65,0.5
376,3058.079979,3057.498148,3057.69248,3058.027484,3061.816136,0,1.99999999999996,0.0200000000000003,5.99999999999996,2,1,65,0.5
377,3062.995464,3062.248629,3062.49396,3062.943126,3065.064289,1,1.99999999999996,0.0200000000000003,7.00000000000003,1,2,66,0.5
378,3066.225951,3065.500949,3065.778448,3066.173779,3068.216943,1,1.99999999999996,0.0200000000000003,7.00000000000003,1,2,66,0.5
379,3069.346767,3068.629775,3068.879935,3069.294267,3072.458754,0,1.99999999999996,0.0200000000000003,5.99999999999996,2,1,65,0.5
380,3073.617255,3072.849092,3073.149751,3073.564917,3075.949913,1,1.99999999999996,0.0200000000000003,7.00000000000003,1,2,66,0.5
381,3081.793889,3080.98372,3081.303058,3081.74155,3083.106211,1,1.99999999999996,0.0200000000000003,7.00000000000003,1,2,66,0.5
382,3084.354707,3083.529543,3083.821881,3084.302379,3088.448363,0,1.99999999999996,0.0200000000000003,5.99999999999996,2,1,65,0.5
383,3089.803857,3088.942521,3089.267026,3089.751685,3091.978843,1,1.99999999999996,0.0200000000000003,7.00000000000003,1,2,66,0.5
384,3093.181677,3092.383174,3092.672173,3093.172338,3094.89867,0,1.99999999999996,0.0200000000000003,5.99999999999996,2,1,65,0.5
385,3096.227493,3095.404996,3095.729827,3096.175165,3098.024324,1,1.99999999999996,0.0200000000000003,7.00000000000003,1,2,66,0.5
386,3099.175814,3098.492489,3098.734649,3099.123486,3102.851638,0,1.99999999999996,0.0200000000000003,5.99999999999996,2,1,65,0.5
387,3103.946462,3103.263464,3103.49813,3103.894134,3106.354458,0,1.99999999999996,0.0200000000000003,5.99999999999996,2,1,65,0.5
388,3107.577114,3106.808956,3107.123121,3107.524786,3110.277609,1,1.99999999999996,0.0200000000000003,7.00000000000003,1,2,66,0.5
389,3111.473431,3110.705107,3111.008434,3111.471098,3113.323758,1,1.99999999999996,0.0200000000000003,7.00000000000003,1,2,66,0.5
390,3114.600086,3113.820422,3114.130921,3114.547586,3117.616413,0,1.99999999999996,0.0200000000000003,5.99999999999996,2,1,65,0.5
391,3118.702403,3118.073071,3118.286904,3118.700236,3120.859733,0,1.99999999999996,0.0200000000000003,5.99999999999996,2,1,65,0.5
392,3122.132395,3121.374392,3121.663724,3122.080055,3124.091714,1,1.99999999999996,0.0200000000000003,7.00000000000003,1,2,66,0.5
393,3125.29971,3124.460546,3124.844384,3125.247382,3126.329872,1,1.99999999999996,0.0200000000000003,7.00000000000003,1,2,66,0.5
394,3127.32604,3126.703543,3126.896536,3127.31504,3130.948526,0,1.99999999999996,0.0200000000000003,5.99999999999996,2,1,65,0.5
395,3132.130188,3131.427851,3131.678851,3132.077849,3134.344506,0,1.99999999999996,0.0200000000000003,5.99999999999996,2,1,65,0.5
396,3135.489502,3134.771344,3135.074503,3135.472002,3137.823998,1,1.99999999999996,0.0200000000000003,7.00000000000003,1,2,66,0.5
397,3139.007822,3138.255824,3138.545829,3138.955494,3140.774653,1,1.99999999999996,0.0200000000000003,7.00000000000003,1,2,66,0.5
398,3141.86181,3141.154146,3141.372811,3141.859643,3143.970801,0,1.99999999999996,0.0200000000000003,5.99999999999996,2,1,65,0.5
399,3145.136802,3144.341806,3144.689632,3145.08463,3146.885456,1,1.99999999999996,0.0200000000000003,7.00000000000003,1,2,66,0.5
400,3148.005952,3147.293788,3147.600453,3147.953452,3150.458942,1,1.99999999999996,0.0200000000000003,7.00000000000003,1,2,66,0.5
401,3151.635438,3150.85878,3151.200612,3151.58311,3153.723601,0,1.99999999999996,0.0200000000000003,5.99999999999996,2,1,65,0.5
402,3154.853097,3154.13826,3154.389259,3154.853097,3292.788379,0,NaN,0,7.00000000000003,1,2,66,0.5
403,3296.522364,3295.554029,3295.867527,3296.470192,3297.269855,0,1.99999999999996,0.0200000000000003,5.99999999999996,2,1,65,0.5
404,3594.136006,3593.041005,3593.473836,3594.083835,3594.702998,1,1.99999999999996,0.0200000000000003,7.00000000000003,1,2,66,0.5
405,3596.99699,3595.985999,3596.386658,3596.994662,3601.342478,1,1.99999999999996,0.0200000000000003,7.00000000000003,1,2,66,0.5
406,3606.215625,3605.156623,3605.558289,3606.163292,3607.528953,1,1.99999999999996,0.0200000000000003,7.00000000000003,1,2,66,0.5
407,3608.998614,3608.12295,3608.438783,3608.946281,3612.141934,1,1.99999999999996,0.0200000000000003,7.00000000000003,1,2,66,0.5
408,3613.432091,3612.635932,3612.946265,3613.379591,3615.132916,1,1.99999999999996,0.0200000000000003,7.00000000000003,1,2,66,0.5
409,3616.81591,3615.619081,3615.967246,3616.813743,3621.148559,0,1.99999999999996,0.0200000000000003,5.99999999999996,2,1,65,0.5
410,3622.566887,3621.669558,3621.919389,3622.514388,3626.036045,0,1.99999999999996,0.0200000000000003,5.99999999999996,2,1,65,0.5
411,3627.423868,3626.619704,3626.925036,3627.423868,3632.448353,0,NaN,0,7.00000000000003,1,2,66,0.5
412,3636.46067,3635.549674,3635.832173,3636.408504,3638.653495,0,1.99999999999996,0.0200000000000003,5.99999999999996,2,1,65,0.5
413,3639.969818,3639.093827,3639.40382,3639.91749,3642.223642,1,1.99999999999996,0.0200000000000003,7.00000000000003,1,2,66,0.5
414,3643.581642,3642.722807,3643.096305,3643.529309,3645.564629,1,1.99999999999996,0.0200000000000003,7.00000000000003,1,2,66,0.5
415,3647.677787,3646.089793,3646.386131,3647.67562,3650.024616,1,1.99999999999996,0.0200000000000003,7.00000000000003,1,2,66,0.5
416,3651.57261,3650.608441,3650.98694,3651.520271,3654.743264,0,1.99999999999996,0.0200000000000003,5.99999999999996,2,1,65,0.5
417,3656.057759,3655.24459,3655.558088,3656.00542,3658.061084,1,1.99999999999996,0.0200000000000003,7.00000000000003,1,2,66,0.5
418,3659.347407,3658.495749,3658.845081,3659.295079,3661.379731,0,1.99999999999996,0.0200000000000003,5.99999999999996,2,1,65,0.5
419,3662.515061,3661.895063,3662.143896,3662.462733,3666.347378,0,1.99999999999996,0.0200000000000003,5.99999999999996,2,1,65,0.5
420,3667.698707,3666.908543,3667.216047,3667.690373,3670.048363,1,1.99999999999996,0.0200000000000003,7.00000000000003,1,2,66,0.5
421,3671.295526,3670.522368,3670.84186,3671.243198,3673.46535,1,1.99999999999996,0.0200000000000003,7.00000000000003,1,2,66,0.5
422,3675.601847,3674.710178,3674.955516,3675.549509,3680.15449,0,1.99999999999996,0.0200000000000003,5.99999999999996,2,1,65,0.5
423,3681.430652,3680.81482,3681.038159,3681.378324,3684.804644,0,1.99999999999996,0.0200000000000003,5.99999999999996,2,1,65,0.5
424,3686.082639,3685.306642,3685.557141,3686.030299,3687.49946,1,1.99999999999996,0.0200000000000003,7.00000000000003,1,2,66,0.5
425,3688.857456,3687.961298,3688.265791,3688.855288,3693.356604,0,1.99999999999996,0.0200000000000003,5.99999999999996,2,1,65,0.5
426,3694.747765,3693.936768,3694.242267,3694.695266,3697.65192,1,1.99999999999996,0.0200000000000003,7.00000000000003,1,2,66,0.5
427,3698.881082,3698.079924,3698.375083,3698.828754,3702.284901,0,1.99999999999996,0.0200000000000003,5.99999999999996,2,1,65,0.5
428,3703.569069,3702.732572,3703.028565,3703.51673,3706.460718,1,1.99999999999996,0.0200000000000003,7.00000000000003,1,2,66,0.5
429,3707.862551,3707.042215,3707.363887,3707.810212,3710.193203,1,1.99999999999996,0.0200000000000003,7.00000000000003,1,2,66,0.5
430,3711.360032,3710.63554,3710.924206,3711.307698,3715.362849,0,1.99999999999996,0.0200000000000003,5.99999999999996,2,1,65,0.5
431,3716.636016,3715.859181,3716.089685,3716.583678,3718.990507,0,1.99999999999996,0.0200000000000003,5.99999999999996,2,1,65,0.5
432,3720.385663,3719.566499,3719.890337,3720.333162,3722.35466,1,1.99999999999996,0.0200000000000003,7.00000000000003,1,2,66,0.5
433,3723.664155,3722.790992,3723.119157,3723.611983,3725.383475,1,1.99999999999996,0.0200000000000003,7.00000000000003,1,2,66,0.5
434,3726.64831,3725.800646,3726.123973,3726.595971,3729.808291,0,1.99999999999996,0.0200000000000003,5.99999999999996,2,1,65,0.5
435,3731.091792,3730.385789,3730.63996,3731.039453,3734.803944,0,1.99999999999996,0.0200000000000003,5.99999999999996,2,1,65,0.5
436,3736.067105,3735.278942,3735.578768,3736.014766,3738.543256,1,1.99999999999996,0.0200000000000003,7.00000000000003,1,2,66,0.5
437,3742.668407,3741.675083,3742.023248,3742.616079,3745.518729,1,1.99999999999996,0.0200000000000003,7.00000000000003,1,2,66,0.5
438,3747.026723,3746.078393,3746.414558,3746.974395,3751.553877,0,1.99999999999996,0.0200000000000003,5.99999999999996,2,1,65,0.5
439,3752.857533,3752.150036,3752.377201,3752.805205,3757.227521,0,1.99999999999996,0.0200000000000003,5.99999999999996,2,1,65,0.5
440,3758.652677,3757.798012,3758.147511,3758.600349,3761.022,1,1.99999999999996,0.0200000000000003,7.00000000000003,1,2,66,0.5
441,3762.339828,3761.529164,3761.79983,3762.287501,3765.858314,0,1.99999999999996,0.0200000000000003,5.99999999999996,2,1,65,0.5
442,3767.099143,3766.339645,3766.62015,3767.046643,3768.930802,1,1.99999999999996,0.0200000000000003,7.00000000000003,1,2,66,0.5
443,3770.163964,3769.442466,3769.715631,3770.111636,3772.420293,1,1.99999999999996,0.0200000000000003,7.00000000000003,1,2,66,0.5
444,3774.509613,3773.502616,3773.711288,3774.457113,3777.337768,0,1.99999999999996,0.0200000000000003,5.99999999999996,2,1,65,0.5
445,3778.707935,3777.827766,3778.103271,3778.655762,3779.456598,0,1.99999999999996,0.0200000000000003,5.99999999999996,2,1,65,0.5
446,3899.045448,3897.638786,3898.044618,3898.992948,3901.423611,1,1.99999999999996,0.0200000000000003,7.00000000000003,1,2,66,0.5
447,3909.126413,3907.916918,3908.235244,3909.117246,3909.94591,0,1.99999999999996,0.0200000000000003,5.99999999999996,2,1,65,0.5
448,3915.553554,3914.545058,3914.770385,3915.501221,3917.077548,0,1.99999999999996,0.0200000000000003,5.99999999999996,2,1,65,0.5
449,3927.530339,3926.627004,3926.850342,3927.530339,3938.531623,0,NaN,0,7.00000000000003,1,2,66,0.5
450,3940.531788,3939.52412,3939.92679,3940.479448,3942.967939,1,1.99999999999996,0.0200000000000003,7.00000000000003,1,2,66,0.5
451,3944.3031,3943.50127,3943.788774,3944.300772,3948.777255,0,1.99999999999996,0.0200000000000003,5.99999999999996,2,1,65,0.5
452,3950.14191,3949.346913,3949.662585,3950.08941,3952.160235,1,1.99999999999996,0.0200000000000003,7.00000000000003,1,2,66,0.5
453,3953.407236,3952.584067,3952.915565,3953.354897,3954.854225,1,1.99999999999996,0.0200000000000003,7.00000000000003,1,2,66,0.5
454,3956.16372,3955.399728,3955.702387,3956.11122,3958.108211,1,1.99999999999996,0.0200000000000003,7.00000000000003,1,2,66,0.5
455,3959.340379,3958.548215,3958.856547,3959.288046,3961.503531,1,1.99999999999996,0.0200000000000003,7.00000000000003,1,2,66,0.5
456,3962.78736,3961.963035,3962.292194,3962.735032,3965.23985,0,1.99999999999996,0.0200000000000003,5.99999999999996,2,1,65,0.5
457,3966.397684,3965.724015,3965.939853,3966.345351,3968.351676,0,1.99999999999996,0.0200000000000003,5.99999999999996,2,1,65,0.5
458,3970.676495,3970.072663,3970.281329,3970.676495,3971.334492,0,NaN,0,7.00000000000003,1,2,66,0.5
459,3981.437952,3980.681294,3980.94612,3981.385785,3984.42244,0,1.99999999999996,0.0200000000000003,5.99999999999996,2,1,65,0.5
460,3985.655768,3984.833444,3985.204442,3985.603441,3987.870425,1,1.99999999999996,0.0200000000000003,7.00000000000003,1,2,66,0.5
461,3989.005094,3988.382423,3988.673589,3988.994588,3991.91241,1,1.99999999999996,0.0200000000000003,7.00000000000003,1,2,66,0.5
462,3993.055072,3992.377913,3992.658912,3993.002572,3994.98523,1,1.99999999999996,0.0200000000000003,7.00000000000003,1,2,66,0.5
463,3996.78239,3995.989726,3996.19356,3996.730063,4001.863209,0,1.99999999999996,0.0200000000000003,5.99999999999996,2,1,65,0.5
464,4003.098199,4002.383707,4002.6352,4003.045871,4006.117359,0,1.99999999999996,0.0200000000000003,5.99999999999996,2,1,65,0.5
465,4007.381515,4006.564184,4006.878189,4007.329015,4009.720505,1,1.99999999999996,0.0200000000000003,7.00000000000003,1,2,66,0.5
466,4010.855001,4010.157003,4010.433002,4010.802673,4013.787989,0,1.99999999999996,0.0200000000000003,5.99999999999996,2,1,65,0.5
467,4015.045489,4014.315653,4014.582319,4014.993156,4017.362975,1,1.99999999999996,0.0200000000000003,7.00000000000003,1,2,66,0.5
468,4018.793974,4017.868978,4018.150471,4018.741635,4020.80696,0,1.99999999999996,0.0200000000000003,5.99999999999996,2,1,65,0.5
469,4021.865624,4021.272631,4021.480459,4021.813124,4023.920621,0,1.99999999999996,0.0200000000000003,5.99999999999996,2,1,65,0.5
470,4025.130282,4024.356452,4024.630612,4025.077949,4026.669271,1,1.99999999999996,0.0200000000000003,7.00000000000003,1,2,66,0.5
471,4027.840772,4027.118269,4027.387101,4027.788432,4030.890087,0,1.99999999999996,0.0200000000000003,5.99999999999996,2,1,65,0.5
472,4032.175088,4031.401085,4031.664751,4032.122748,4033.796742,1,1.99999999999996,0.0200000000000003,7.00000000000003,1,2,66,0.5
473,4035.000576,4034.286579,4034.590906,4034.948237,4037.387394,1,1.99999999999996,0.0200000000000003,7.00000000000003,1,2,66,0.5
474,4038.588057,4037.816226,4038.157225,4038.535729,4041.594211,0,1.99999999999996,0.0200000000000003,5.99999999999996,2,1,65,0.5
475,4042.881211,4042.196875,4042.428874,4042.828872,4044.750704,0,1.99999999999996,0.0200000000000003,5.99999999999996,2,1,65,0.5
476,4046.126026,4045.349196,4045.642034,4046.121026,4048.440517,1,1.99999999999996,0.0200000000000003,7.00000000000003,1,2,66,0.5
477,4049.91285,4049.018014,4049.29468,4049.860511,4052.317001,0,1.99999999999996,0.0200000000000003,5.99999999999996,2,1,65,0.5
478,4053.736335,4053.025171,4053.274331,4053.684002,4056.62849,0,1.99999999999996,0.0200000000000003,5.99999999999996,2,1,65,0.5
479,4057.715152,4057.092483,4057.354987,4057.710813,4060.118804,1,1.99999999999996,0.0200000000000003,7.00000000000003,1,2,66,0.5
480,4061.257971,4060.516636,4060.823468,4061.205638,4062.872131,1,1.99999999999996,0.0200000000000003,7.00000000000003,1,2,66,0.5
481,4064.095121,4063.324963,4063.624956,4064.042793,4066.569944,0,1.99999999999996,0.0200000000000003,5.99999999999996,2,1,65,0.5
482,4067.623446,4067.000615,4067.225942,4067.596779,4070.580601,0,1.99999999999996,0.0200000000000003,5.99999999999996,2,1,65,0.5
483,4071.811596,4071.082759,4071.353931,4071.759423,4073.902748,1,1.99999999999996,0.0200000000000003,7.00000000000003,1,2,66,0.5
484,4075.093749,4074.357586,4074.645578,4075.04141,4076.757237,1,1.99999999999996,0.0200000000000003,7.00000000000003,1,2,66,0.5
485,4078.887895,4077.999732,4078.310731,4078.835568,4081.750217,0,1.99999999999996,0.0200000000000003,5.99999999999996,2,1,65,0.5
486,4082.886879,4082.209387,4082.464714,4082.834552,4085.08587,0,1.99999999999996,0.0200000000000003,5.99999999999996,2,1,65,0.5
487,4086.359866,4085.567707,4085.838034,4086.307371,4088.695522,1,1.99999999999996,0.0200000000000003,7.00000000000003,1,2,66,0.5
488,4089.981856,4089.135693,4089.482852,4089.929357,4092.159676,1,1.99999999999996,0.0200000000000003,7.00000000000003,1,2,66,0.5
489,4093.18101,4092.558346,4092.759506,4093.175004,4096.298498,0,1.99999999999996,0.0200000000000003,5.99999999999996,2,1,65,0.5
490,4097.579493,4096.80049,4097.090489,4097.52716,4099.853311,1,1.99999999999996,0.0200000000000003,7.00000000000003,1,2,66,0.5
491,4101.025473,4100.260315,4100.521148,4101.023146,4103.442136,0,1.99999999999996,0.0200000000000003,5.99999999999996,2,1,65,0.5
492,4104.570631,4103.864628,4104.129127,4104.518292,4106.538284,1,1.99999999999996,0.0200000000000003,7.00000000000003,1,2,66,0.5
493,4107.638447,4106.938289,4107.201121,4107.585947,4109.602439,1,1.99999999999996,0.0200000000000003,7.00000000000003,1,2,66,0.5
494,4110.815434,4110.079276,4110.331608,4110.763107,4113.294757,0,1.99999999999996,0.0200000000000003,5.99999999999996,2,1,65,0.5
495,4114.481253,4113.737589,4114.012427,4114.428925,4116.78841,1,1.99999999999996,0.0200000000000003,7.00000000000003,1,2,66,0.5
496,4118.074077,4117.237581,4117.630079,4118.021744,4121.982395,1,1.99999999999996,0.0200000000000003,7.00000000000003,1,2,66,0.5
497,4123.081885,4122.336894,4122.62672,4123.029558,4125.954546,0,1.99999999999996,0.0200000000000003,5.99999999999996,2,1,65,0.5
498,4127.035208,4126.412544,4126.633204,4127.016703,4130.236689,0,1.99999999999996,0.0200000000000003,5.99999999999996,2,1,65,0.5
499,4131.481518,4130.715687,4130.968853,4131.429185,4133.419016,1,1.99999999999996,0.0200000000000003,7.00000000000003,1,2,66,0.5
500,4134.537511,4133.810842,4134.100347,4134.485172,4136.309332,1,1.99999999999996,0.0200000000000003,7.00000000000003,1,2,66,0.5
501,4137.323328,4136.700497,4136.911829,4137.312828,4140.011823,0,1.99999999999996,0.0200000000000003,5.99999999999996,2,1,65,0.5
502,4141.235318,4140.465482,4140.760314,4141.18298,4143.183805,1,1.99999999999996,0.0200000000000003,7.00000000000003,1,2,66,0.5
503,4144.304634,4143.582969,4143.855302,4144.252306,4146.255293,1,1.99999999999996,0.0200000000000003,7.00000000000003,1,2,66,0.5
504,4147.380293,4146.64113,4146.91129,4147.327954,4150.165444,0,1.99999999999996,0.0200000000000003,5.99999999999996,2,1,65,0.5
505,4151.358111,4150.646109,4150.90644,4151.305939,4153.248764,1,1.99999999999996,0.0200000000000003,7.00000000000003,1,2,66,0.5
506,4154.464426,4153.696596,4153.959594,4154.412099,4157.506247,0,1.99999999999996,0.0200000000000003,5.99999999999996,2,1,65,0.5
507,4158.695076,4157.935079,4158.18825,4158.692909,4160.689401,0,1.99999999999996,0.0200000000000003,5.99999999999996,2,1,65,0.5
508,4161.94973,4161.225738,4161.49507,4161.897397,4164.369892,1,1.99999999999996,0.0200000000000003,7.00000000000003,1,2,66,0.5
509,4165.568221,4164.784051,4165.04555,4165.515882,4168.718869,0,1.99999999999996,0.0200000000000003,5.99999999999996,2,1,65,0.5
510,4169.883703,4169.173867,4169.429872,4169.831532,4171.935195,1,1.99999999999996,0.0200000000000003,7.00000000000003,1,2,66,0.5
511,4173.131518,4172.379188,4172.659359,4173.079191,4174.912345,1,1.99999999999996,0.0200000000000003,7.00000000000003,1,2,66,0.5
512,4176.045839,4175.316676,4175.568014,4175.993512,4179.32366,0,1.99999999999996,0.0200000000000003,5.99999999999996,2,1,65,0.5
513,4180.417161,4179.85533,4180.051163,4180.364989,4182.432153,0,1.99999999999996,0.0200000000000003,5.99999999999996,2,1,65,0.5
514,4183.671315,4182.935151,4183.206811,4183.618976,4185.999633,1,1.99999999999996,0.0200000000000003,7.00000000000003,1,2,66,0.5
515,4187.198801,4186.45347,4186.718469,4187.146462,4189.168453,1,1.99999999999996,0.0200000000000003,7.00000000000003,1,2,66,0.5
516,4191.204951,4190.323116,4190.549954,4191.152779,4194.439933,0,1.99999999999996,0.0200000000000003,5.99999999999996,2,1,65,0.5
517,4195.649767,4194.902264,4195.165102,4195.597601,4197.730259,1,1.99999999999996,0.0200000000000003,7.00000000000003,1,2,66,0.5
518,4198.932582,4198.171419,4198.491916,4198.880254,4201.90407,0,1.99999999999996,0.0200000000000003,5.99999999999996,2,1,65,0.5
519,4203.050565,4202.326402,4202.584739,4202.998238,4205.167056,1,1.99999999999996,0.0200000000000003,7.00000000000003,1,2,66,0.5
520,4206.188219,4205.565227,4205.81956,4206.184225,4208.438377,0,1.99999999999996,0.0200000000000003,5.99999999999996,2,1,65,0.5
521,4209.639872,4208.903214,4209.151042,4209.587539,4211.743363,1,1.99999999999996,0.0200000000000003,7.00000000000003,1,2,66,0.5
522,4212.895031,4212.158034,4212.4077,4212.842859,4217.001515,0,1.99999999999996,0.0200000000000003,5.99999999999996,2,1,65,0.5
523,4218.29651,4217.466174,4217.681839,4218.244171,4220.141502,1,1.99999999999996,0.0200000000000003,7.00000000000003,1,2,66,0.5
524,4221.427825,4220.603667,4220.8565,4221.375492,4223.856482,0,1.99999999999996,0.0200000000000003,5.99999999999996,2,1,65,0.5
525,4224.891478,4224.268814,4224.515152,4224.87865,4227.563639,0,1.99999999999996,0.0200000000000003,5.99999999999996,2,1,65,0.5
526,4228.863129,4228.033804,4228.400297,4228.810629,4231.354958,1,1.99999999999996,0.0200000000000003,7.00000000000003,1,2,66,0.5
527,4232.41912,4231.743456,4231.962788,4232.366781,4234.746771,0,1.99999999999996,0.0200000000000003,5.99999999999996,2,1,65,0.5
528,4236.006434,4235.14177,4235.488768,4235.953934,4237.62426,1,1.99999999999996,0.0200000000000003,7.00000000000003,1,2,66,0.5
529,4238.889255,4238.079759,4238.39159,4238.836928,4241.03108,1,1.99999999999996,0.0200000000000003,7.00000000000003,1,2,66,0.5
530,4242.020743,4241.397917,4241.611744,4242.009582,4244.909731,0,1.99999999999996,0.0200000000000003,5.99999999999996,2,1,65,0.5
531,4246.010393,4245.314729,4245.539067,4245.957893,4248.451056,0,1.99999999999996,0.0200000000000003,5.99999999999996,2,1,65,0.5
532,4249.642384,4248.895715,4249.176053,4249.590212,4251.610377,1,1.99999999999996,0.0200000000000003,7.00000000000003,1,2,66,0.5
533,4252.7527,4252.025042,4252.269041,4252.7002,4254.077367,0,1.99999999999996,0.0200000000000003,5.99999999999996,2,1,65,0.5
534,4257.273015,4256.213685,4256.60519,4257.220687,4258.971008,1,1.99999999999996,0.0200000000000003,7.00000000000003,1,2,66,0.5
535,4260.147504,4259.413845,4259.704177,4260.095176,4262.008662,1,1.99999999999996,0.0200000000000003,7.00000000000003,1,2,66,0.5
536,4263.236163,4262.435167,4262.712327,4263.18383,4266.757983,0,1.99999999999996,0.0200000000000003,5.99999999999996,2,1,65,0.5
537,4267.930811,4267.183314,4267.46764,4267.878472,4270.135296,1,1.99999999999996,0.0200000000000003,7.00000000000003,1,2,66,0.5
538,4271.270465,4270.545801,4270.833127,4271.218125,4273.716121,1,1.99999999999996,0.0200000000000003,7.00000000000003,1,2,66,0.5
539,4274.850611,4274.155947,4274.397279,4274.850611,4275.369942,1,NaN,0,5.99999999999996,2,1,65,0.5
540,4288.957555,4287.982898,4288.254063,4288.905227,4289.581225,0,1.99999999999996,0.0200000000000003,5.99999999999996,2,1,65,0.5
541,4291.757044,4290.702047,4291.163546,4291.704716,4296.292525,1,1.99999999999996,0.0200000000000003,7.00000000000003,1,2,66,0.5
542,4297.830186,4296.886029,4297.167522,4297.777859,4301.472671,0,1.99999999999996,0.0200000000000003,5.99999999999996,2,1,65,0.5
543,4302.826999,4302.022336,4302.331501,4302.774832,4305.17949,1,1.99999999999996,0.0200000000000003,7.00000000000003,1,2,66,0.5
544,4306.51499,4305.669988,4305.963987,4306.462652,4309.177646,0,1.99999999999996,0.0200000000000003,5.99999999999996,2,1,65,0.5
545,4310.401469,4309.722477,4309.941971,4310.349142,4312.029801,0,1.99999999999996,0.0200000000000003,5.99999999999996,2,1,65,0.5
546,4313.215791,4312.4588,4312.714966,4313.163464,4315.86028,1,1.99999999999996,0.0200000000000003,7.00000000000003,1,2,66,0.5
547,4317.018276,4316.344612,4316.62495,4316.997948,4319.455272,1,1.99999999999996,0.0200000000000003,7.00000000000003,1,2,66,0.5
548,4320.610101,4319.894437,4320.125269,4320.557767,4322.865758,0,1.99999999999996,0.0200000000000003,5.99999999999996,2,1,65,0.5
549,4324.216753,4323.447589,4323.723915,4324.16458,4326.290905,1,1.99999999999996,0.0200000000000003,7.00000000000003,1,2,66,0.5
550,4327.431401,4326.66241,4326.978242,4327.379073,4329.411232,1,1.99999999999996,0.0200000000000003,7.00000000000003,1,2,66,0.5
551,4330.552061,4329.786725,4330.05389,4330.499722,4332.529547,0,1.99999999999996,0.0200000000000003,5.99999999999996,2,1,65,0.5
552,4333.67471,4332.979551,4333.230877,4333.672382,4335.858868,1,1.99999999999996,0.0200000000000003,7.00000000000003,1,2,66,0.5
553,4336.995202,4336.271538,4336.55737,4336.942863,4338.936694,0,1.99999999999996,0.0200000000000003,5.99999999999996,2,1,65,0.5
554,4340.078517,4339.351526,4339.626352,4340.06435,4341.700677,1,1.99999999999996,0.0200000000000003,7.00000000000003,1,2,66,0.5
555,4342.941339,4342.129342,4342.514674,4342.889005,4344.751671,1,1.99999999999996,0.0200000000000003,7.00000000000003,1,2,66,0.5
556,4345.935994,4345.138836,4345.441495,4345.933827,4347.794158,0,1.99999999999996,0.0200000000000003,5.99999999999996,2,1,65,0.5
557,4349.098981,4348.229818,4348.479984,4349.046814,4350.850307,0,1.99999999999996,0.0200000000000003,5.99999999999996,2,1,65,0.5
558,4351.87097,4351.248306,4351.465805,4351.85647,4353.905961,1,1.99999999999996,0.0200000000000003,7.00000000000003,1,2,66,0.5
559,4355.202962,4354.368626,4354.645458,4355.150792,4357.062115,0,1.99999999999996,0.0200000000000003,5.99999999999996,2,1,65,0.5
560,4358.060284,4357.437614,4357.627952,4358.050945,4360.024276,0,1.99999999999996,0.0200000000000003,5.99999999999996,2,1,65,0.5
561,4361.285271,4360.497441,4360.761267,4361.232932,4363.428091,1,1.99999999999996,0.0200000000000003,7.00000000000003,1,2,66,0.5
562,4364.556591,4363.933761,4364.210754,4364.552252,4366.374745,1,1.99999999999996,0.0200000000000003,7.00000000000003,1,2,66,0.5
563,4367.544574,4366.73141,4367.040075,4367.492246,4369.946065,0,1.99999999999996,0.0200000000000003,5.99999999999996,2,1,65,0.5
564,4371.407559,4370.519896,4370.83206,4371.355231,4372.901558,1,1.99999999999996,0.0200000000000003,7.00000000000003,1,2,66,0.5
565,4374.038548,4373.31455,4373.553049,4373.98622,4375.638214,0,1.99999999999996,0.0200000000000003,5.99999999999996,2,1,65,0.5
566,4376.879703,4376.13904,4376.390705,4376.858036,4378.966528,1,1.99999999999996,0.0200000000000003,7.00000000000003,1,2,66,0.5
567,4380.101691,4379.362693,4379.613865,4380.049357,4381.821356,0,1.99999999999996,0.0200000000000003,5.99999999999996,2,1,65,0.5
568,4382.886851,4382.264187,4382.435181,4382.857852,4384.103347,0,1.99999999999996,0.0200000000000003,5.99999999999996,2,1,65,0.5
569,4385.249837,4384.542339,4384.819344,4385.197509,4387.492666,1,1.99999999999996,0.0200000000000003,7.00000000000003,1,2,66,0.5
570,4388.660323,4387.903492,4388.167158,4388.607823,4390.424815,1,1.99999999999996,0.0200000000000003,7.00000000000003,1,2,66,0.5
571,4391.711983,4390.757481,4391.084152,4391.659644,4393.337304,0,1.99999999999996,0.0200000000000003,5.99999999999996,2,1,65,0.5
572,4394.368467,4393.745636,4393.944302,4394.359633,4397.079961,0,1.99999999999996,0.0200000000000003,5.99999999999996,2,1,65,0.5
573,4398.204784,4397.48712,4397.720792,4398.152285,4400.04245,1,1.99999999999996,0.0200000000000003,7.00000000000003,1,2,66,0.5
574,4401.159273,4400.416775,4400.685608,4401.106945,4402.902605,1,1.99999999999996,0.0200000000000003,7.00000000000003,1,2,66,0.5
575,4404.106767,4403.29627,4403.618435,4404.054428,4405.431761,0,1.99999999999996,0.0200000000000003,5.99999999999996,2,1,65,0.5
576,4406.581423,4405.883421,4406.124425,4406.52909,4407.529919,1,1.99999999999996,0.0200000000000003,7.00000000000003,1,2,66,0.5
577,4408.700748,4407.891412,4408.223417,4408.648409,4410.732073,0,1.99999999999996,0.0200000000000003,5.99999999999996,2,1,65,0.5
578,4412.142229,4411.207238,4411.63973,4412.089901,4413.633895,1,1.99999999999996,0.0200000000000003,7.00000000000003,1,2,66,0.5
579,4414.722219,4413.997055,4414.297059,4414.669891,4416.734877,1,1.99999999999996,0.0200000000000003,7.00000000000003,1,2,66,0.5
580,4417.854878,4417.115208,4417.352542,4417.80254,4419.665032,0,1.99999999999996,0.0200000000000003,5.99999999999996,2,1,65,0.5
581,4420.916527,4420.193196,4420.436362,4420.8642,4421.874523,1,1.99999999999996,0.0200000000000003,7.00000000000003,1,2,66,0.5
582,4423.373023,4422.273688,4422.534359,4423.320684,4425.831007,0,1.99999999999996,0.0200000000000003,5.99999999999996,2,1,65,0.5
583,4426.910003,4426.287172,4426.511177,4426.871342,4428.488836,0,1.99999999999996,0.0200000000000003,5.99999999999996,2,1,65,0.5
584,4429.881491,4428.976328,4429.277826,4429.829164,4431.968322,1,1.99999999999996,0.0200000000000003,7.00000000000003,1,2,66,0.5
585,4433.025484,4432.323814,4432.550986,4432.973312,4435.13147,0,1.99999999999996,0.0200000000000003,5.99999999999996,2,1,65,0.5
586,4436.669636,4435.957806,4436.178299,4436.66747,4438.593457,1,1.99999999999996,0.0200000000000003,7.00000000000003,1,2,66,0.5
587,4439.699952,4439.009621,4439.288792,4439.647618,4441.438451,1,1.99999999999996,0.0200000000000003,7.00000000000003,1,2,66,0.5
588,4442.422108,4441.799116,4442.007776,4442.405947,4444.113601,0,1.99999999999996,0.0200000000000003,5.99999999999996,2,1,65,0.5
589,4445.164764,4444.538265,4444.727931,4445.162596,4446.911429,0,1.99999999999996,0.0200000000000003,5.99999999999996,2,1,65,0.5
590,4448.091085,4447.34676,4447.607587,4448.038758,4449.849417,1,1.99999999999996,0.0200000000000003,7.00000000000003,1,2,66,0.5
591,4450.909907,4450.232243,4450.492248,4450.85758,4453.28823,1,1.99999999999996,0.0200000000000003,7.00000000000003,1,2,66,0.5
592,4454.403732,4453.666563,4453.895395,4454.351399,4456.178052,0,1.99999999999996,0.0200000000000003,5.99999999999996,2,1,65,0.5
593,4457.326387,4456.585557,4456.854883,4457.274048,4458.296544,1,1.99999999999996,0.0200000000000003,7.00000000000003,1,2,66,0.5
594,4459.488373,4458.615549,4458.997047,4459.436045,4461.343704,1,1.99999999999996,0.0200000000000003,7.00000000000003,1,2,66,0.5
595,4462.440861,4461.74653,4461.99503,4462.388528,4464.176693,0,1.99999999999996,0.0200000000000003,5.99999999999996,2,1,65,0.5
596,4465.421855,4464.657024,4464.92069,4465.369521,4467.47418,1,1.99999999999996,0.0200000000000003,7.00000000000003,1,2,66,0.5
597,4468.723341,4467.913011,4468.158344,4468.671002,4470.543495,0,1.99999999999996,0.0200000000000003,5.99999999999996,2,1,65,0.5
598,4471.731663,4471.001666,4471.258497,4471.679324,4473.228157,0,1.99999999999996,0.0200000000000003,5.99999999999996,2,1,65,0.5
599,4474.218481,4473.595822,4473.822982,4474.19832,4476.408805,1,1.99999999999996,0.0200000000000003,7.00000000000003,1,2,66,0.5
600,4478.9923,4478.27147,4478.525136,4478.940128,4480.392289,1,1.99999999999996,0.0200000000000003,7.00000000000003,1,2,66,0.5
601,4482.032783,4481.365785,4481.503957,4482.017122,4484.370607,0,1.99999999999996,0.0200000000000003,5.99999999999996,2,1,65,0.5
602,4485.902439,4484.897271,4485.149776,4485.850101,4489.061087,1,1.99999999999996,0.0200000000000003,7.00000000000003,1,2,66,0.5
603,4490.803586,4490.004251,4490.309916,4490.751253,4492.907739,1,1.99999999999996,0.0200000000000003,7.00000000000003,1,2,66,0.5
604,4494.254901,4493.277737,4493.545903,4494.202573,4495.897566,0,1.99999999999996,0.0200000000000003,5.99999999999996,2,1,65,0.5
605,4497.062389,4496.356891,4496.594724,4497.00989,4498.586049,1,1.99999999999996,0.0200000000000003,7.00000000000003,1,2,66,0.5
606,4499.635046,4498.950554,4499.193547,4499.582546,4501.741709,1,1.99999999999996,0.0200000000000003,7.00000000000003,1,2,66,0.5
607,4502.786539,4502.092875,4502.318868,4502.734366,4504.814691,0,1.99999999999996,0.0200000000000003,5.99999999999996,2,1,65,0.5
608,4506.028687,4505.282689,4505.501522,4505.976359,4507.026516,1,1.99999999999996,0.0200000000000003,7.00000000000003,1,2,66,0.5
609,4508.122017,4507.374514,4507.628513,4508.069845,4509.90301,0,1.99999999999996,0.0200000000000003,5.99999999999996,2,1,65,0.5
610,4511.073339,4510.357169,4510.571669,4511.021167,4512.45816,0,1.99999999999996,0.0200000000000003,5.99999999999996,2,1,65,0.5
611,4513.743323,4512.958492,4513.212324,4513.690995,4515.346816,1,1.99999999999996,0.0200000000000003,7.00000000000003,1,2,66,0.5
612,4516.814144,4516.11348,4516.345651,4516.761816,4518.43897,1,1.99999999999996,0.0200000000000003,7.00000000000003,1,2,66,0.5
613,4519.556471,4518.802968,4519.014974,4519.504299,4520.7083,0,1.99999999999996,0.0200000000000003,5.99999999999996,2,1,65,0.5
614,4521.905457,4521.178792,4521.424131,4521.852957,4523.269951,1,1.99999999999996,0.0200000000000003,7.00000000000003,1,2,66,0.5
615,4524.447952,4523.728949,4523.984954,4524.395779,4526.284938,1,1.99999999999996,0.0200000000000003,7.00000000000003,1,2,66,0.5
616,4527.449101,4526.625437,4526.898269,4527.396773,4529.325927,0,1.99999999999996,0.0200000000000003,5.99999999999996,2,1,65,0.5
617,4530.795588,4529.775091,4530.00193,4530.779427,4532.356914,1,1.99999999999996,0.0200000000000003,7.00000000000003,1,2,66,0.5
618,4533.343583,4532.714919,4532.959751,4533.343583,4540.134716,1,NaN,0,5.99999999999996,2,1,65,0.5
619,4551.315344,4550.189843,4550.472181,4551.313173,4558.527809,0,1.99999999999996,0.0200000000000003,5.99999999999996,2,1,65,0.5
620,4560.186642,4559.214807,4559.479312,4560.134303,4565.043617,0,1.99999999999996,0.0200000000000003,5.99999999999996,2,1,65,0.5
621,4654.927925,4653.645602,4653.869428,4654.875597,4655.77426,0,1.99999999999996,0.0200000000000003,5.99999999999996,2,1,65,0.5
622,4662.956064,4661.329398,4661.637903,4662.903725,4666.83621,1,1.99999999999996,0.0200000000000003,7.00000000000003,1,2,66,0.5
623,4673.263357,4672.267688,4672.530854,4673.263357,4675.12201,0,NaN,0,7.00000000000003,1,2,66,0.5
624,4687.4383,4686.588797,4686.851136,4687.385967,4689.186293,0,1.99999999999996,0.0200000000000003,5.99999999999996,2,1,65,0.5
625,4690.854286,4689.909117,4690.215283,4690.801947,4695.331929,1,1.99999999999996,0.0200000000000003,7.00000000000003,1,2,66,0.5
626,4696.460597,4695.7011,4696.01576,4696.408264,4698.62625,1,1.99999999999996,0.0200000000000003,7.00000000000003,1,2,66,0.5
627,4699.959244,4699.155747,4699.428585,4699.95691,4701.930742,0,1.99999999999996,0.0200000000000003,5.99999999999996,2,1,65,0.5
628,4703.854729,4702.574733,4702.977232,4703.802401,4705.521728,1,1.99999999999996,0.0200000000000003,7.00000000000003,1,2,66,0.5
629,4706.753889,4706.043059,4706.279886,4706.701717,4708.498043,1,1.99999999999996,0.0200000000000003,7.00000000000003,1,2,66,0.5
630,4709.704544,4708.865881,4709.12554,4709.702377,4711.114866,0,1.99999999999996,0.0200000000000003,5.99999999999996,2,1,65,0.5
631,4712.177695,4711.528203,4711.753536,4712.177695,4714.087855,0,NaN,0,7.00000000000003,1,2,66,0.5
632,4744.377739,4743.311743,4743.746569,4744.375572,4746.372725,1,1.99999999999996,0.0200000000000003,7.00000000000003,1,2,66,0.5
633,4763.632328,4762.917159,4763.16183,4763.579995,4764.19282,0,1.99999999999996,0.0200000000000003,5.99999999999996,2,1,65,0.5
634,4766.07898,4765.337322,4765.534821,4766.076652,4768.43397,0,1.99999999999996,0.0200000000000003,5.99999999999996,2,1,65,0.5
635,5042.558046,5041.70171,5041.912215,5042.505708,5047.680186,1,1.99999999999996,0.0200000000000003,7.00000000000003,1,2,66,0.5
636,5059.277146,5058.308477,5058.660976,5059.224807,5060.890306,1,1.99999999999996,0.0200000000000003,7.00000000000003,1,2,66,0.5
637,5065.25645,5064.300786,5064.583952,5065.204122,5065.275288,0,1.99999999999996,0.0200000000000003,5.99999999999996,2,1,65,0.5
638,5073.714755,5072.699759,5073.108085,5073.662416,5074.854245,1,1.99999999999996,0.0200000000000003,7.00000000000003,1,2,66,0.5
639,5076.749409,5075.834074,5076.245578,5076.747243,5077.880405,1,1.99999999999996,0.0200000000000003,7.00000000000003,1,2,66,0.5
640,5079.195399,5078.456569,5078.724229,5079.193233,5081.245058,0,1.99999999999996,0.0200000000000003,5.99999999999996,2,1,65,0.5
641,5082.797885,5082.115055,5082.345215,5082.745713,5084.436379,0,1.99999999999996,0.0200000000000003,5.99999999999996,2,1,65,0.5
642,5085.795034,5084.904543,5085.194042,5085.792867,5087.852359,1,1.99999999999996,0.0200000000000003,7.00000000000003,1,2,66,0.5
643,5089.173521,5088.34003,5088.664195,5089.121193,5091.298351,0,1.99999999999996,0.0200000000000003,5.99999999999996,2,1,65,0.5
644,5092.525346,5091.698183,5091.942015,5092.473007,5094.374166,0,1.99999999999996,0.0200000000000003,5.99999999999996,2,1,65,0.5
645,5095.710333,5094.878997,5095.175502,5095.707994,5097.510826,1,1.99999999999996,0.0200000000000003,7.00000000000003,1,2,66,0.5
646,5098.718149,5098.012318,5098.278656,5098.66565,5100.888973,1,1.99999999999996,0.0200000000000003,7.00000000000003,1,2,66,0.5
647,5102.095636,5101.327644,5101.599471,5102.043308,5103.50863,0,1.99999999999996,0.0200000000000003,5.99999999999996,2,1,65,0.5
648,5104.564626,5103.944795,5104.107633,5104.512298,5107.401281,0,1.99999999999996,0.0200000000000003,5.99999999999996,2,1,65,0.5
649,5108.711115,5107.920446,5108.196277,5108.658776,5110.536435,1,1.99999999999996,0.0200000000000003,7.00000000000003,1,2,66,0.5
650,5111.68327,5110.963266,5111.220432,5111.631097,5113.31143,1,1.99999999999996,0.0200000000000003,7.00000000000003,1,2,66,0.5
651,5114.707585,5113.860089,5114.166587,5114.704752,5117.043748,0,1.99999999999996,0.0200000000000003,5.99999999999996,2,1,65,0.5
652,5118.238071,5117.541574,5117.754239,5118.185572,5120.559895,0,1.99999999999996,0.0200000000000003,5.99999999999996,2,1,65,0.5
653,5121.82839,5121.080893,5121.354564,5121.776062,5123.690555,1,1.99999999999996,0.0200000000000003,7.00000000000003,1,2,66,0.5
654,5124.785878,5124.097381,5124.360553,5124.733379,5126.713209,1,1.99999999999996,0.0200000000000003,7.00000000000003,1,2,66,0.5
655,5128.584863,5127.7907,5128.010704,5128.532535,5131.368852,0,1.99999999999996,0.0200000000000003,5.99999999999996,2,1,65,0.5
656,5132.544847,5131.827689,5132.126688,5132.49252,5134.621005,1,1.99999999999996,0.0200000000000003,7.00000000000003,1,2,66,0.5
657,5135.869673,5135.117843,5135.395835,5135.867501,5138.323158,0,1.99999999999996,0.0200000000000003,5.99999999999996,2,1,65,0.5
658,5139.549653,5138.927155,5139.135154,5139.508152,5141.624483,0,1.99999999999996,0.0200000000000003,5.99999999999996,2,1,65,0.5
659,5142.919978,5142.116975,5142.395474,5142.867639,5144.576805,1,1.99999999999996,0.0200000000000003,7.00000000000003,1,2,66,0.5
660,5145.788628,5144.989964,5145.288968,5145.7363,5148.176952,0,1.99999999999996,0.0200000000000003,5.99999999999996,2,1,65,0.5
661,5149.350452,5148.637949,5148.871121,5149.29828,5151.693937,1,1.99999999999996,0.0200000000000003,7.00000000000003,1,2,66,0.5
662,5153.008432,5152.156941,5152.436267,5152.956104,5155.016257,0,1.99999999999996,0.0200000000000003,5.99999999999996,2,1,65,0.5
663,5156.254591,5155.541927,5155.751927,5156.225758,5157.962918,1,1.99999999999996,0.0200000000000003,7.00000000000003,1,2,66,0.5
664,5159.118747,5158.35225,5158.663243,5159.066574,5160.801906,1,1.99999999999996,0.0200000000000003,7.00000000000003,1,2,66,0.5
665,5162.081068,5161.305066,5161.543564,5162.078896,5164.842884,0,1.99999999999996,0.0200000000000003,5.99999999999996,2,1,65,0.5
666,5165.993052,5165.355055,5165.606221,5165.990886,5168.666036,0,1.99999999999996,0.0200000000000003,5.99999999999996,2,1,65,0.5
667,5169.965531,5169.108701,5169.456366,5169.913203,5172.178855,1,1.99999999999996,0.0200000000000003,7.00000000000003,1,2,66,0.5
668,5173.440856,5172.595354,5172.844025,5173.388683,5175.676008,0,1.99999999999996,0.0200000000000003,5.99999999999996,2,1,65,0.5
669,5176.84617,5176.080845,5176.278011,5176.793842,5178.594663,1,1.99999999999996,0.0200000000000003,7.00000000000003,1,2,66,0.5
670,5179.864991,5179.072833,5179.389999,5179.862824,5181.60799,1,1.99999999999996,0.0200000000000003,7.00000000000003,1,2,66,0.5
671,5183.579649,5182.82698,5183.059151,5183.527476,5186.528798,0,1.99999999999996,0.0200000000000003,5.99999999999996,2,1,65,0.5
672,5187.926298,5187.126968,5187.444133,5187.873965,5189.896451,1,1.99999999999996,0.0200000000000003,7.00000000000003,1,2,66,0.5
673,5191.088785,5190.28195,5190.540449,5191.086619,5193.485104,0,1.99999999999996,0.0200000000000003,5.99999999999996,2,1,65,0.5
674,5194.660932,5193.917935,5194.16694,5194.608438,5196.606758,1,1.99999999999996,0.0200000000000003,7.00000000000003,1,2,66,0.5
675,5197.759253,5196.958428,5197.221427,5197.706925,5199.660578,0,1.99999999999996,0.0200000000000003,5.99999999999996,2,1,65,0.5
676,5200.781741,5200.047249,5200.320248,5200.729413,5202.905571,1,1.99999999999996,0.0200000000000003,7.00000000000003,1,2,66,0.5
677,5204.137233,5203.364903,5203.699396,5204.085061,5206.142225,1,1.99999999999996,0.0200000000000003,7.00000000000003,1,2,66,0.5
678,5207.272887,5206.571051,5206.821383,5207.220715,5208.912042,0,1.99999999999996,0.0200000000000003,5.99999999999996,2,1,65,0.5
679,5210.185204,5209.472206,5209.712544,5210.132709,5212.143862,0,1.99999999999996,0.0200000000000003,5.99999999999996,2,1,65,0.5
680,5213.373191,5212.66836,5212.896198,5213.320863,5215.359016,1,1.99999999999996,0.0200000000000003,7.00000000000003,1,2,66,0.5
681,5217.509513,5216.692849,5216.986515,5217.45718,5219.426172,1,1.99999999999996,0.0200000000000003,7.00000000000003,1,2,66,0.5
682,5220.573334,5219.888998,5220.111836,5220.520995,5222.221321,0,1.99999999999996,0.0200000000000003,5.99999999999996,2,1,65,0.5
683,5226.929303,5226.255645,5226.499804,5226.876975,5229.843458,0,1.99999999999996,0.0200000000000003,5.99999999999996,2,1,65,0.5
684,5231.080787,5230.310462,5230.592289,5231.028459,5233.142778,1,1.99999999999996,0.0200000000000003,7.00000000000003,1,2,66,0.5
685,5234.195279,5233.572615,5233.829109,5234.183274,5236.919263,1,1.99999999999996,0.0200000000000003,7.00000000000003,1,2,66,0.5
686,5238.12243,5237.342928,5237.588094,5238.070092,5238.760595,0,1.99999999999996,0.0200000000000003,5.99999999999996,2,1,65,0.5
687,5240.276417,5239.337759,5239.573591,5240.224089,5241.66375,0,1.99999999999996,0.0200000000000003,5.99999999999996,2,1,65,0.5
688,5242.902573,5242.116408,5242.421574,5242.850078,5245.470901,1,1.99999999999996,0.0200000000000003,7.00000000000003,1,2,66,0.5
689,5247.153228,5246.437891,5246.698729,5247.101055,5249.40188,0,1.99999999999996,0.0200000000000003,5.99999999999996,2,1,65,0.5
690,5250.557709,5249.819712,5250.033377,5250.555541,5252.362701,0,1.99999999999996,0.0200000000000003,5.99999999999996,2,1,65,0.5
691,5253.609035,5252.813532,5253.119537,5253.556702,5255.393189,1,1.99999999999996,0.0200000000000003,7.00000000000003,1,2,66,0.5
692,5256.874189,5256.102359,5256.408019,5256.82185,5258.396177,1,1.99999999999996,0.0200000000000003,7.00000000000003,1,2,66,0.5
693,5259.49484,5258.751009,5258.99668,5259.442512,5261.335671,0,1.99999999999996,0.0200000000000003,5.99999999999996,2,1,65,0.5
694,5262.5165,5261.793665,5262.039329,5262.464166,5263.662156,0,1.99999999999996,0.0200000000000003,5.99999999999996,2,1,65,0.5
695,5264.781985,5264.15916,5264.392992,5264.77249,5266.08198,1,1.99999999999996,0.0200000000000003,7.00000000000003,1,2,66,0.5
696,5267.235147,5266.458144,5266.712316,5267.232981,5269.059301,0,1.99999999999996,0.0200000000000003,5.99999999999996,2,1,65,0.5
697,5270.136297,5269.496799,5269.683798,5270.13413,5271.961623,0,1.99999999999996,0.0200000000000003,5.99999999999996,2,1,65,0.5
698,5273.098291,5272.372293,5272.630786,5273.045951,5274.589612,1,1.99999999999996,0.0200000000000003,7.00000000000003,1,2,66,0.5
699,5275.636114,5275.013444,5275.249776,5275.597275,5276.773276,1,1.99999999999996,0.0200000000000003,7.00000000000003,1,2,66,0.5
700,5277.849772,5277.152602,5277.380935,5277.797432,5279.691925,0,1.99999999999996,0.0200000000000003,5.99999999999996,2,1,65,0.5
701,5285.850073,5284.928237,5285.229242,5285.797734,5286.442564,1,1.99999999999996,0.0200000000000003,7.00000000000003,1,2,66,0.5
702,5288.125064,5287.073895,5287.345234,5288.122897,5299.609684,0,1.99999999999996,0.0200000000000003,5.99999999999996,2,1,65,0.5
703,5314.317459,5301.696838,5301.857509,NaN,NaN,NaN,NaN,0,7.00000000000003,1,2,66,0.5
704,5340.589687,5338.667862,5338.97136,NaN,5348.140818,NaN,NaN,0,5.99999999999996,2,1,65,0.5
705,5350.783308,5349.754651,5350.120316,5350.78114,5352.668633,1,1.99999999999996,0.0200000000000003,7.00000000000003,1,2,66,0.5
706,5363.283263,5362.668432,5362.854265,5363.281097,5367.285741,0,1.99999999999996,0.0200000000000003,5.99999999999996,2,1,65,0.5
707,5370.072736,5369.055407,5369.433066,5370.020403,5374.006048,1,1.99999999999996,0.0200000000000003,7.00000000000003,1,2,66,0.5
708,5376.406371,5375.373375,5375.519542,5376.406371,5998.551216,0,NaN,0,7.00000000000003,1,2,66,0.5
709,6003.844201,5999.319213,5999.601718,6003.792028,6004.451698,0,1.99999999999996,0.0200000000000003,5.99999999999996,2,1,65,0.5
710,6064.515958,6051.895503,6052.011169,NaN,6101.983975,NaN,NaN,0,5.99999999999996,2,1,65,0.5
711,6103.901795,6102.628472,6103.042132,6103.849462,6114.909251,1,1.99999999999996,0.0200000000000003,7.00000000000003,1,2,66,0.5
712,6166.277051,6165.240222,6165.460882,6166.224712,6185.327803,0,1.99999999999996,0.0200000000000003,5.99999999999996,2,1,65,0.5
713,6186.708803,6185.827806,6186.080305,6186.656464,6189.322792,0,1.99999999999996,0.0200000000000003,5.99999999999996,2,1,65,0.5
714,6192.368108,6190.501782,6190.850447,6192.365941,6195.811766,1,1.99999999999996,0.0200000000000003,7.00000000000003,1,2,66,0.5
715,6197.039428,6196.268926,6196.553757,6196.987095,6198.164424,1,1.99999999999996,0.0200000000000003,7.00000000000003,1,2,66,0.5
716,6199.472085,6198.638922,6198.902582,6199.419752,6201.438911,0,1.99999999999996,0.0200000000000003,5.99999999999996,2,1,65,0.5
717,6203.385897,6202.439073,6202.753899,6203.33357,6206.017553,1,1.99999999999996,0.0200000000000003,7.00000000000003,1,2,66,0.5
718,6207.225549,6206.386218,6206.67489,6207.173221,6209.169041,1,1.99999999999996,0.0200000000000003,7.00000000000003,1,2,66,0.5
719,6210.597207,6209.627378,6209.868371,6210.595041,6211.874363,0,1.99999999999996,0.0200000000000003,5.99999999999996,2,1,65,0.5
720,6213.394196,6212.504033,6212.800526,6213.341863,6215.833353,1,1.99999999999996,0.0200000000000003,7.00000000000003,1,2,66,0.5
721,6217.133342,6216.324178,6216.61185,6217.081015,6217.943839,0,1.99999999999996,0.0200000000000003,5.99999999999996,2,1,65,0.5
722,6219.600333,6218.596337,6218.93834,6219.548005,6221.886829,1,1.99999999999996,0.0200000000000003,7.00000000000003,1,2,66,0.5
723,6223.17249,6222.388821,6222.724659,6223.120151,6225.109149,1,1.99999999999996,0.0200000000000003,7.00000000000003,1,2,66,0.5
724,6226.384144,6225.575475,6225.86814,6226.331805,6228.429969,0,1.99999999999996,0.0200000000000003,5.99999999999996,2,1,65,0.5
725,6229.997463,6229.132966,6229.445132,6229.945124,6232.279287,1,1.99999999999996,0.0200000000000003,7.00000000000003,1,2,66,0.5
726,6233.483277,6232.704113,6232.961945,6233.430949,6235.680102,0,1.99999999999996,0.0200000000000003,5.99999999999996,2,1,65,0.5
727,6236.890763,6236.268099,6236.499604,6236.863769,6239.448086,0,1.99999999999996,0.0200000000000003,5.99999999999996,2,1,65,0.5
728,6240.908581,6240.028917,6240.280916,6240.856253,6243.587403,1,1.99999999999996,0.0200000000000003,7.00000000000003,1,2,66,0.5
729,6244.976236,6244.193739,6244.455072,6244.923903,6247.109055,1,1.99999999999996,0.0200000000000003,7.00000000000003,1,2,66,0.5
730,6248.406723,6247.537553,6247.776719,6248.354383,6250.871541,0,1.99999999999996,0.0200000000000003,5.99999999999996,2,1,65,0.5
731,6252.348874,6251.653704,6251.863037,6252.29654,6254.873524,0,1.99999999999996,0.0200000000000003,5.99999999999996,2,1,65,0.5
732,6256.068692,6255.320695,6255.553194,6256.016359,6258.585509,1,1.99999999999996,0.0200000000000003,7.00000000000003,1,2,66,0.5
733,6259.789511,6259.058508,6259.30184,6259.737171,6261.324332,1,1.99999999999996,0.0200000000000003,7.00000000000003,1,2,66,0.5
734,6262.474994,6261.756997,6261.972162,6262.422495,6264.903151,0,1.99999999999996,0.0200000000000003,5.99999999999996,2,1,65,0.5
735,6266.224979,6265.484988,6265.733315,6266.172652,6268.063638,1,1.99999999999996,0.0200000000000003,7.00000000000003,1,2,66,0.5
736,6269.241634,6268.464476,6268.780975,6269.189306,6271.147965,1,1.99999999999996,0.0200000000000003,7.00000000000003,1,2,66,0.5
737,6272.339627,6271.583463,6271.83429,6272.287288,6274.377119,0,1.99999999999996,0.0200000000000003,5.99999999999996,2,1,65,0.5
738,6275.533609,6274.910783,6275.12011,6275.512775,6277.674439,0,1.99999999999996,0.0200000000000003,5.99999999999996,2,1,65,0.5
739,6279.35026,6278.692768,6278.930934,6279.35026,6279.891257,0,NaN,0,7.00000000000003,1,2,66,0.5
740,6301.168173,6300.241009,6300.61068,6301.115845,6303.215503,1,1.99999999999996,0.0200000000000003,7.00000000000003,1,2,66,0.5
741,6304.861492,6303.983828,6304.323832,6304.850658,6306.861816,1,1.99999999999996,0.0200000000000003,7.00000000000003,1,2,66,0.5
742,6308.032817,6307.292987,6307.549647,6307.980484,6310.532974,0,1.99999999999996,0.0200000000000003,5.99999999999996,2,1,65,0.5
743,6312.161801,6311.232971,6311.606464,6312.109468,6313.860622,1,1.99999999999996,0.0200000000000003,7.00000000000003,1,2,66,0.5
744,6315.125122,6314.381119,6314.605952,6315.072951,6317.871945,0,1.99999999999996,0.0200000000000003,5.99999999999996,2,1,65,0.5
745,6318.960607,6318.338104,6318.562936,6318.939607,6322.882085,0,1.99999999999996,0.0200000000000003,5.99999999999996,2,1,65,0.5
746,6327.437901,6326.381405,6326.74207,6327.385573,6330.442728,1,1.99999999999996,0.0200000000000003,7.00000000000003,1,2,66,0.5
747,6331.859555,6330.94222,6331.199052,6331.807222,6335.711534,0,1.99999999999996,0.0200000000000003,5.99999999999996,2,1,65,0.5
748,6336.933035,6336.227033,6336.493037,6336.933035,6440.841948,0,NaN,0,7.00000000000003,1,2,66,0.5
749,6443.242277,6442.142114,6442.469946,6443.24011,6445.798428,1,1.99999999999996,0.0200000000000003,7.00000000000003,1,2,66,0.5
750,6447.183594,6446.392092,6446.64193,6447.131422,6448.022418,0,1.99999999999996,0.0200000000000003,5.99999999999996,2,1,65,0.5
751,6449.529251,6448.733249,6448.945915,6449.476912,6452.038069,0,1.99999999999996,0.0200000000000003,5.99999999999996,2,1,65,0.5
752,6453.59273,6452.725405,6453.077398,6453.540402,6456.88405,1,1.99999999999996,0.0200000000000003,7.00000000000003,1,2,66,0.5
753,6458.161217,6457.380214,6457.670047,6458.108878,6460.240875,1,1.99999999999996,0.0200000000000003,7.00000000000003,1,2,66,0.5
754,6461.531204,6460.656868,6460.8832,6461.478864,6463.197364,0,1.99999999999996,0.0200000000000003,5.99999999999996,2,1,65,0.5
755,6464.570858,6463.752695,6464.03336,6464.518525,6466.297184,1,1.99999999999996,0.0200000000000003,7.00000000000003,1,2,66,0.5
756,6467.484013,6466.748849,6467.038509,6467.43184,6469.3465,1,1.99999999999996,0.0200000000000003,7.00000000000003,1,2,66,0.5
757,6470.611662,6469.828004,6470.031169,6470.609494,6472.393155,0,1.99999999999996,0.0200000000000003,5.99999999999996,2,1,65,0.5
758,6474.653818,6473.726821,6474.04032,6474.653818,6482.41512,0,NaN,0,7.00000000000003,1,2,66,0.5
759,6483.875781,6482.909946,6483.215777,6483.873609,6485.512935,1,1.99999999999996,0.0200000000000003,7.00000000000003,1,2,66,0.5
760,6486.646598,6486.023939,6486.240099,6486.642931,6487.59476,0,1.99999999999996,0.0200000000000003,5.99999999999996,2,1,65,0.5
761,6488.981927,6488.132092,6488.431923,6488.97976,6490.791747,1,1.99999999999996,0.0200000000000003,7.00000000000003,1,2,66,0.5
762,6491.990582,6491.242579,6491.547744,6491.938242,6493.705903,1,1.99999999999996,0.0200000000000003,7.00000000000003,1,2,66,0.5
763,6494.860404,6494.138234,6494.383566,6494.808064,6498.775382,0,1.99999999999996,0.0200000000000003,5.99999999999996,2,1,65,0.5
764,6500.129216,6499.296714,6499.558885,6500.076883,6502.061041,1,1.99999999999996,0.0200000000000003,7.00000000000003,1,2,66,0.5
765,6503.320536,6502.4887,6502.737039,6503.268197,6504.572526,0,1.99999999999996,0.0200000000000003,5.99999999999996,2,1,65,0.5
766,6505.918693,6505.062357,6505.335189,6505.866353,6508.203683,1,1.99999999999996,0.0200000000000003,7.00000000000003,1,2,66,0.5
767,6509.382512,6508.638842,6508.858181,6509.330173,6510.363341,0,1.99999999999996,0.0200000000000003,5.99999999999996,2,1,65,0.5
768,6511.836497,6510.958839,6511.252832,6511.783997,6513.788156,1,1.99999999999996,0.0200000000000003,7.00000000000003,1,2,66,0.5
769,6515.119984,6514.355992,6514.634819,6515.067656,6517.479641,1,1.99999999999996,0.0200000000000003,7.00000000000003,1,2,66,0.5
770,6519.4333,6518.312304,6518.593136,6519.380972,6520.200969,0,1.99999999999996,0.0200000000000003,5.99999999999996,2,1,65,0.5
771,6521.57813,6520.7453,6521.114632,6521.57813,6522.127955,0,NaN,0,7.00000000000003,1,2,66,0.5
772,6532.192754,6531.378918,6531.662256,6532.140582,6532.606914,0,1.99999999999996,0.0200000000000003,5.99999999999996,2,1,65,0.5
773,6533.907581,6533.049411,6533.355744,6533.905414,6535.578069,1,1.99999999999996,0.0200000000000003,7.00000000000003,1,2,66,0.5
774,6536.878402,6536.100399,6536.393565,6536.876235,6538.725728,1,1.99999999999996,0.0200000000000003,7.00000000000003,1,2,66,0.5
775,6539.967884,6539.170554,6539.526219,6539.965717,6541.853543,1,1.99999999999996,0.0200000000000003,7.00000000000003,1,2,66,0.5
776,6543.009706,6542.263375,6542.569373,6543.007538,6544.881037,1,1.99999999999996,0.0200000000000003,7.00000000000003,1,2,66,0.5
777,6546.032865,6545.26003,6545.536034,6545.980526,6547.198355,0,1.99999999999996,0.0200000000000003,5.99999999999996,2,1,65,0.5
778,6548.472517,6547.797353,6548.035852,6548.420017,6549.26068,0,1.99999999999996,0.0200000000000003,5.99999999999996,2,1,65,0.5
779,6550.749513,6549.777517,6550.086511,6550.697174,6552.851499,1,1.99999999999996,0.0200000000000003,7.00000000000003,1,2,66,0.5
780,6554.010662,6553.388003,6553.654168,6554.002834,6555.809654,1,1.99999999999996,0.0200000000000003,7.00000000000003,1,2,66,0.5
781,6557.094321,6556.208825,6556.469824,6557.041982,6558.879641,0,1.99999999999996,0.0200000000000003,5.99999999999996,2,1,65,0.5
782,6560.039643,6559.406145,6559.614138,6560.037471,6562.840465,0,1.99999999999996,0.0200000000000003,5.99999999999996,2,1,65,0.5
783,6564.749124,6563.641128,6563.901461,6564.696952,6569.399933,1,1.99999999999996,0.0200000000000003,7.00000000000003,1,2,66,0.5
784,6571.106265,6569.935764,6570.198596,6571.053932,6573.485917,0,1.99999999999996,0.0200000000000003,5.99999999999996,2,1,65,0.5
785,6575.82858,6575.142577,6575.381748,6575.776407,6578.755901,0,1.99999999999996,0.0200000000000003,5.99999999999996,2,1,65,0.5
786,6580.716721,6579.814058,6580.05189,6580.664554,6583.14655,1,1.99999999999996,0.0200000000000003,7.00000000000003,1,2,66,0.5
787,6584.362873,6583.668215,6583.930547,6584.310374,6586.056372,1,1.99999999999996,0.0200000000000003,7.00000000000003,1,2,66,0.5
788,6587.194034,6586.430699,6586.698703,6587.141862,6589.729351,0,1.99999999999996,0.0200000000000003,5.99999999999996,2,1,65,0.5
789,6591.027019,6590.250522,6590.510021,6590.97468,6592.741845,1,1.99999999999996,0.0200000000000003,7.00000000000003,1,2,66,0.5
790,6593.846002,6593.151177,6593.397503,6593.793674,6595.615162,1,1.99999999999996,0.0200000000000003,7.00000000000003,1,2,66,0.5
791,6597.77932,6596.768323,6597.040489,6597.726992,6600.136316,0,1.99999999999996,0.0200000000000003,5.99999999999996,2,1,65,0.5
792,6601.422472,6600.79964,6601.008973,6601.417805,6602.657134,0,1.99999999999996,0.0200000000000003,5.99999999999996,2,1,65,0.5
793,6604.057128,6603.237297,6603.519964,6604.054961,6606.208619,1,1.99999999999996,0.0200000000000003,7.00000000000003,1,2,66,0.5
794,6607.355281,6606.638784,6606.883616,6607.355281,6609.176446,1,NaN,0,5.99999999999996,2,1,65,0.5
795,6617.954078,6617.040742,6617.317914,6617.901905,6619.519732,1,1.99999999999996,0.0200000000000003,7.00000000000003,1,2,66,0.5
796,6620.756067,6619.922397,6620.189896,6620.703895,6624.191553,0,1.99999999999996,0.0200000000000003,5.99999999999996,2,1,65,0.5
797,6625.312376,6624.689712,6624.870883,6625.279048,6626.764543,0,1.99999999999996,0.0200000000000003,5.99999999999996,2,1,65,0.5
798,6628.469702,6627.738872,6627.987198,6628.41753,6632.025849,0,1.99999999999996,0.0200000000000003,5.99999999999996,2,1,65,0.5
799,6633.138517,6632.515681,6632.705185,6633.089845,6635.975333,0,1.99999999999996,0.0200000000000003,5.99999999999996,2,1,65,0.5
800,6637.265329,6636.440499,6636.69933,6637.213001,6639.805651,1,1.99999999999996,0.0200000000000003,7.00000000000003,1,2,66,0.5
801,6640.94298,6640.228489,6640.494149,6640.890653,6642.949638,1,1.99999999999996,0.0200000000000003,7.00000000000003,1,2,66,0.5
802,6644.131306,6643.308471,6643.55847,6644.129134,6646.172292,0,1.99999999999996,0.0200000000000003,5.99999999999996,2,1,65,0.5
803,6647.537293,6646.71479,6646.914956,6647.48512,6649.397947,0,1.99999999999996,0.0200000000000003,5.99999999999996,2,1,65,0.5
804,6650.695113,6649.850117,6650.091944,6650.642774,6652.47844,1,1.99999999999996,0.0200000000000003,7.00000000000003,1,2,66,0.5
805,6655.224762,6654.464592,6654.741092,6655.210929,6657.122254,1,1.99999999999996,0.0200000000000003,7.00000000000003,1,2,66,0.5
806,6658.329916,6657.483747,6657.703919,6658.277744,6659.916743,0,1.99999999999996,0.0200000000000003,5.99999999999996,2,1,65,0.5
807,6661.186066,6660.563241,6660.767573,6661.140566,6663.465062,0,1.99999999999996,0.0200000000000003,5.99999999999996,2,1,65,0.5
808,6664.746057,6663.974721,6664.228887,6664.693718,6666.516717,1,1.99999999999996,0.0200000000000003,7.00000000000003,1,2,66,0.5
809,6667.635374,6666.915043,6667.144708,6667.583046,6669.623204,0,1.99999999999996,0.0200000000000003,5.99999999999996,2,1,65,0.5
810,6670.945527,6670.147364,6670.326696,6670.94336,6672.868685,1,1.99999999999996,0.0200000000000003,7.00000000000003,1,2,66,0.5
811,6674.054848,6673.324523,6673.563689,6674.00252,6675.91434,1,1.99999999999996,0.0200000000000003,7.00000000000003,1,2,66,0.5
812,6676.96567,6676.293178,6676.487677,6676.913342,6678.685996,0,1.99999999999996,0.0200000000000003,5.99999999999996,2,1,65,0.5
813,6679.935824,6679.313166,6679.472665,6679.887997,6681.67899,0,1.99999999999996,0.0200000000000003,5.99999999999996,2,1,65,0.5
814,6682.906313,6682.180988,6682.407814,6682.853813,6684.562811,1,1.99999999999996,0.0200000000000003,7.00000000000003,1,2,66,0.5
815,6685.747473,6684.966137,6685.277136,6685.69514,6686.82513,1,1.99999999999996,0.0200000000000003,7.00000000000003,1,2,66,0.5
816,6687.984298,6687.277967,6687.4823,6687.931959,6689.422619,0,1.99999999999996,0.0200000000000003,5.99999999999996,2,1,65,0.5
817,6690.481282,6689.858457,6690.044117,6690.453454,6692.138614,0,1.99999999999996,0.0200000000000003,5.99999999999996,2,1,65,0.5
818,6693.387276,6692.563273,6692.749273,6693.385104,6695.18243,1,1.99999999999996,0.0200000000000003,7.00000000000003,1,2,66,0.5
819,6696.317098,6695.585761,6695.8341,6696.264925,6697.780092,1,1.99999999999996,0.0200000000000003,7.00000000000003,1,2,66,0.5
820,6698.917921,6698.125584,6698.38575,6698.915754,6700.693747,0,1.99999999999996,0.0200000000000003,5.99999999999996,2,1,65,0.5
821,6701.861242,6701.172906,6701.447238,6701.837403,6703.824395,1,1.99999999999996,0.0200000000000003,7.00000000000003,1,2,66,0.5
822,6704.981391,6704.236566,6704.487565,6704.979224,6706.519051,0,1.99999999999996,0.0200000000000003,5.99999999999996,2,1,65,0.5
823,6707.649386,6707.026888,6707.222215,6707.637219,6709.297046,0,1.99999999999996,0.0200000000000003,5.99999999999996,2,1,65,0.5
824,6710.518208,6709.770871,6709.98137,6710.466041,6711.999196,1,1.99999999999996,0.0200000000000003,7.00000000000003,1,2,66,0.5
825,6713.100697,6712.399027,6712.61736,6713.048364,6714.156854,0,1.99999999999996,0.0200000000000003,5.99999999999996,2,1,65,0.5
826,6715.451682,6714.746852,6714.934517,6715.399355,6717.078009,0,1.99999999999996,0.0200000000000003,5.99999999999996,2,1,65,0.5
827,6718.260838,6717.527679,6717.751173,6718.208504,6719.898503,1,1.99999999999996,0.0200000000000003,7.00000000000003,1,2,66,0.5
828,6721.056832,6720.323002,6720.545828,6721.004493,6722.191327,0,1.99999999999996,0.0200000000000003,5.99999999999996,2,1,65,0.5
829,6723.419151,6722.796486,6722.992824,6723.372817,6724.585979,0,1.99999999999996,0.0200000000000003,5.99999999999996,2,1,65,0.5
830,6725.80848,6725.069483,6725.308142,6725.756307,6727.166141,1,1.99999999999996,0.0200000000000003,7.00000000000003,1,2,66,0.5
831,6728.428303,6727.594133,6727.916971,6728.375969,6730.124962,1,1.99999999999996,0.0200000000000003,7.00000000000003,1,2,66,0.5
832,6731.217119,6730.492622,6730.693627,6731.164792,6744.743399,0,1.99999999999996,0.0200000000000003,5.99999999999996,2,1,65,0.5
833,6745.864561,6745.156397,6745.386568,6745.862393,6748.266384,0,1.99999999999996,0.0200000000000003,5.99999999999996,2,1,65,0.5
834,6749.514385,6748.684382,6748.965882,6749.462046,6752.258207,1,1.99999999999996,0.0200000000000003,7.00000000000003,1,2,66,0.5
835,6753.404369,6752.6437,6752.910038,6753.352031,6754.908357,1,1.99999999999996,0.0200000000000003,7.00000000000003,1,2,66,0.5
836,6756.086187,6755.273028,6755.528027,6756.033859,6757.673846,0,1.99999999999996,0.0200000000000003,5.99999999999996,2,1,65,0.5
837,6758.93618,6758.313677,6758.53851,6758.921841,6760.586841,0,1.99999999999996,0.0200000000000003,5.99999999999996,2,1,65,0.5
838,6761.809997,6761.070339,6761.297499,6761.757669,6763.765994,1,1.99999999999996,0.0200000000000003,7.00000000000003,1,2,66,0.5
839,6764.888817,6764.166821,6764.425159,6764.836318,6766.618983,1,1.99999999999996,0.0200000000000003,7.00000000000003,1,2,66,0.5
840,6767.693812,6766.983142,6767.208975,6767.641479,6768.883801,0,1.99999999999996,0.0200000000000003,5.99999999999996,2,1,65,0.5
841,6771.318964,6770.492634,6770.791466,6771.266631,6773.030118,1,1.99999999999996,0.0200000000000003,7.00000000000003,1,2,66,0.5
842,6774.300452,6773.466456,6773.713955,6774.248119,6776.105112,1,1.99999999999996,0.0200000000000003,7.00000000000003,1,2,66,0.5
843,6777.274774,6776.474938,6776.727776,6777.222602,6778.720262,0,1.99999999999996,0.0200000000000003,5.99999999999996,2,1,65,0.5
844,6779.866925,6779.181766,6779.407599,6779.814597,6781.447424,1,1.99999999999996,0.0200000000000003,7.00000000000003,1,2,66,0.5
845,6782.590753,6781.822583,6782.078755,6782.538413,6783.977914,0,1.99999999999996,0.0200000000000003,5.99999999999996,2,1,65,0.5
846,6785.203242,6784.427406,6784.698244,6785.150903,6786.841396,1,1.99999999999996,0.0200000000000003,7.00000000000003,1,2,66,0.5
847,6787.925565,6787.215061,6787.4649,6787.923393,6789.195226,1,1.99999999999996,0.0200000000000003,7.00000000000003,1,2,66,0.5
848,6790.206889,6789.584386,6789.777552,6790.193716,6790.881714,0,1.99999999999996,0.0200000000000003,5.99999999999996,2,1,65,0.5
849,6792.133709,6791.345379,6791.650877,6792.081375,6793.883035,1,1.99999999999996,0.0200000000000003,7.00000000000003,1,2,66,0.5
850,6795.024197,6794.2997,6794.582032,6794.97187,6796.396364,1,1.99999999999996,0.0200000000000003,7.00000000000003,1,2,66,0.5
851,6797.541026,6796.737196,6797.007522,6797.488854,6799.106514,0,1.99999999999996,0.0200000000000003,5.99999999999996,2,1,65,0.5
852,6800.384015,6799.562685,6799.737351,6800.381848,6802.769172,1,1.99999999999996,0.0200000000000003,7.00000000000003,1,2,66,0.5
853,6931.297491,6930.346989,6930.67216,6931.297491,6931.466818,0,NaN,0,7.00000000000003,1,2,66,0.5
854,6941.553277,6940.667454,6940.917786,6941.553277,6953.786896,1,NaN,0,5.99999999999996,2,1,65,0.5
855,6961.192538,6960.444374,6960.679701,6961.190532,6983.935608,0,1.99999999999996,0.0200000000000003,5.99999999999996,2,1,65,0.5
856,6988.083092,6987.267595,6987.53776,6988.080925,6990.434088,0,1.99999999999996,0.0200000000000003,5.99999999999996,2,1,65,0.5
857,6992.231909,6991.325412,6991.64241,6992.179581,6993.188077,1,1.99999999999996,0.0200000000000003,7.00000000000003,1,2,66,0.5
858,7003.835029,7002.52054,7002.8072,7003.835029,7010.385002,1,NaN,0,5.99999999999996,2,1,65,0.5
859,7011.847002,7010.937339,7011.316165,7011.794663,7012.889165,1,1.99999999999996,0.0200000000000003,7.00000000000003,1,2,66,0.5
860,7014.327492,7013.51649,7013.841494,7014.275154,7016.557477,1,1.99999999999996,0.0200000000000003,7.00000000000003,1,2,66,0.5
861,7017.897645,7017.003643,7017.248147,7017.845472,7020.147302,0,1.99999999999996,0.0200000000000003,5.99999999999996,2,1,65,0.5
862,7021.58363,7020.875627,7021.113632,7021.531291,7023.655282,0,1.99999999999996,0.0200000000000003,5.99999999999996,2,1,65,0.5
863,7024.742784,7024.120114,7024.316119,7024.707611,7026.266772,0,1.99999999999996,0.0200000000000003,5.99999999999996,2,1,65,0.5
864,7027.734439,7026.78927,7027.093435,7027.732273,7029.80843,1,1.99999999999996,0.0200000000000003,7.00000000000003,1,2,66,0.5
865,7031.244253,7030.340922,7030.670421,7031.191925,7032.805252,0,1.99999999999996,0.0200000000000003,5.99999999999996,2,1,65,0.5
866,7034.062575,7033.439582,7033.648909,7034.019241,7035.685074,0,1.99999999999996,0.0200000000000003,5.99999999999996,2,1,65,0.5
867,7037.055568,7036.227065,7036.543737,7037.003229,7039.198893,1,1.99999999999996,0.0200000000000003,7.00000000000003,1,2,66,0.5
868,7045.725033,7044.773198,7045.02353,7045.725033,7047.433187,1,NaN,0,5.99999999999996,2,1,65,0.5
869,7061.885802,7061.174966,7061.429798,7061.833636,7063.729955,0,1.99999999999996,0.0200000000000003,5.99999999999996,2,1,65,0.5
870,7065.097123,7064.275459,7064.583952,7065.097123,7071.107265,0,NaN,0,7.00000000000003,1,2,66,0.5
871,7072.77292,7071.75059,7072.091761,7072.720592,7074.562579,1,1.99999999999996,0.0200000000000003,7.00000000000003,1,2,66,0.5
872,7076.454738,7075.568747,7075.85558,7076.452571,7078.36373,0,1.99999999999996,0.0200000000000003,5.99999999999996,2,1,65,0.5
873,7079.803064,7078.890728,7079.185733,7079.800892,7081.877216,1,1.99999999999996,0.0200000000000003,7.00000000000003,1,2,66,0.5
874,7083.216717,7082.395883,7082.67888,7083.164378,7084.696544,1,1.99999999999996,0.0200000000000003,7.00000000000003,1,2,66,0.5
875,7085.902373,7085.069043,7085.343869,7085.85004,7087.530699,0,1.99999999999996,0.0200000000000003,5.99999999999996,2,1,65,0.5
876,7088.739023,7088.116192,7088.324196,7088.714528,7090.169022,0,1.99999999999996,0.0200000000000003,5.99999999999996,2,1,65,0.5
877,7091.593017,7090.748014,7091.032846,7091.540677,7093.433836,1,1.99999999999996,0.0200000000000003,7.00000000000003,1,2,66,0.5
878,7094.691499,7093.861501,7094.13034,7094.639171,7095.381829,0,1.99999999999996,0.0200000000000003,5.99999999999996,2,1,65,0.5
879,7096.512658,7095.889993,7096.086999,7096.47483,7098.310823,0,1.99999999999996,0.0200000000000003,5.99999999999996,2,1,65,0.5
880,7099.603646,7098.807649,7099.046981,7099.551318,7101.449138,1,1.99999999999996,0.0200000000000003,7.00000000000003,1,2,66,0.5
881,7102.6393,7101.890636,7102.180808,7102.586801,7104.264466,1,1.99999999999996,0.0200000000000003,7.00000000000003,1,2,66,0.5
882,7105.392123,7104.629131,7104.879797,7105.339795,7107.484947,0,1.99999999999996,0.0200000000000003,5.99999999999996,2,1,65,0.5
883,7108.742115,7108.024784,7108.287778,7108.689776,7110.588269,1,1.99999999999996,0.0200000000000003,7.00000000000003,1,2,66,0.5
884,7111.766103,7110.988939,7111.267771,7111.71393,7113.261425,1,1.99999999999996,0.0200000000000003,7.00000000000003,1,2,66,0.5
885,7114.35142,7113.635756,7113.851588,7114.299092,7116.266418,0,1.99999999999996,0.0200000000000003,5.99999999999996,2,1,65,0.5
886,7117.427908,7116.805249,7117.041915,7117.41558,7119.06574,1,1.99999999999996,0.0200000000000003,7.00000000000003,1,2,66,0.5
887,7120.275735,7119.541238,7119.835737,7120.223402,7121.943223,1,1.99999999999996,0.0200000000000003,7.00000000000003,1,2,66,0.5
888,7123.19089,7122.355394,7122.61922,7123.138557,7124.620046,0,1.99999999999996,0.0200000000000003,5.99999999999996,2,1,65,0.5
889,7126.006212,7125.213543,7125.460875,7125.953873,7127.772705,1,1.99999999999996,0.0200000000000003,7.00000000000003,1,2,66,0.5
890,7129.044367,7128.226031,7128.479702,7128.992194,7130.365361,0,1.99999999999996,0.0200000000000003,5.99999999999996,2,1,65,0.5
891,7131.717023,7131.094353,7131.322685,7131.701517,7133.696675,0,1.99999999999996,0.0200000000000003,5.99999999999996,2,1,65,0.5
892,7134.987004,7134.208013,7134.446672,7134.934504,7136.56017,1,1.99999999999996,0.0200000000000003,7.00000000000003,1,2,66,0.5
893,7137.816493,7137.045162,7137.354828,7137.764165,7139.405153,1,1.99999999999996,0.0200000000000003,7.00000000000003,1,2,66,0.5
894,7140.667482,7139.846484,7140.10215,7140.615154,7142.036648,0,1.99999999999996,0.0200000000000003,5.99999999999996,2,1,65,0.5
895,7143.358643,7142.452146,7142.729479,7143.306304,7145.321968,1,1.99999999999996,0.0200000000000003,7.00000000000003,1,2,66,0.5
896,7146.586463,7145.814294,7146.109626,7146.53413,7148.007286,1,1.99999999999996,0.0200000000000003,7.00000000000003,1,2,66,0.5
897,7149.128448,7148.404456,7148.593789,7149.075948,7151.298939,0,1.99999999999996,0.0200000000000003,5.99999999999996,2,1,65,0.5
898,7152.547439,7151.832103,7152.062102,7152.4951,7153.546596,0,1.99999999999996,0.0200000000000003,5.99999999999996,2,1,65,0.5
899,7154.874591,7154.007428,7154.30726,7154.822258,7239.478086,1,1.99999999999996,0.0200000000000003,7.00000000000003,1,2,66,0.5
900,7333.397216,7320.776433,7320.894594,NaN,NaN,NaN,NaN,0,5.99999999999996,2,1,65,0.5
901,7983.260944,7981.63745,7982.118788,7983.208611,7987.421094,1,1.99999999999996,0.0200000000000003,7.00000000000003,1,2,66,0.5
902,7995.458901,7994.359233,7994.741231,7995.406729,7998.506722,1,1.99999999999996,0.0200000000000003,7.00000000000003,1,2,66,0.5
903,8000.010044,7999.133547,7999.373052,7999.957716,8000.468548,0,1.99999999999996,0.0200000000000003,5.99999999999996,2,1,65,0.5
904,8001.97337,8001.150539,8001.394705,8001.921042,8003.966861,0,1.99999999999996,0.0200000000000003,5.99999999999996,2,1,65,0.5
905,8005.447694,8004.536859,8004.861357,8005.395361,8006.883349,1,1.99999999999996,0.0200000000000003,7.00000000000003,1,2,66,0.5
906,8009.802677,8008.865841,8009.136513,8009.750344,8010.799667,0,1.99999999999996,0.0200000000000003,5.99999999999996,2,1,65,0.5
907,8012.300334,8011.581503,8011.796664,8012.298167,8013.875327,0,1.99999999999996,0.0200000000000003,5.99999999999996,2,1,65,0.5
908,8015.491488,8014.578158,8014.925484,8015.439155,8017.44564,1,1.99999999999996,0.0200000000000003,7.00000000000003,1,2,66,0.5
909,8018.966635,8018.052139,8018.323304,8018.964468,8021.11896,0,1.99999999999996,0.0200000000000003,5.99999999999996,2,1,65,0.5
910,8022.684792,8021.877795,8022.191955,8022.684792,8034.92607,0,NaN,0,7.00000000000003,1,2,66,0.5
911,8036.621736,8035.542401,8036.004572,8036.569398,8037.66306,1,1.99999999999996,0.0200000000000003,7.00000000000003,1,2,66,0.5
912,8039.060221,8038.25523,8038.537562,8039.058054,8040.730215,0,1.99999999999996,0.0200000000000003,5.99999999999996,2,1,65,0.5
913,8042.196048,8041.348051,8041.629544,8042.143708,8044.00404,1,1.99999999999996,0.0200000000000003,7.00000000000003,1,2,66,0.5
914,8045.358863,8044.590365,8044.850031,8045.306363,8047.129355,0,1.99999999999996,0.0200000000000003,5.99999999999996,2,1,65,0.5
915,8048.645355,8047.903519,8048.220517,8048.645355,8048.813348,0,NaN,0,7.00000000000003,1,2,66,0.5
916,8086.373865,8085.331536,8085.651868,8086.321371,8088.604856,1,1.99999999999996,0.0200000000000003,7.00000000000003,1,2,66,0.5
917,8090.083017,8089.245359,8089.532691,8090.030689,8091.605344,0,1.99999999999996,0.0200000000000003,5.99999999999996,2,1,65,0.5
918,8093.26151,8092.306008,8092.608173,8093.209337,8095.553828,1,1.99999999999996,0.0200000000000003,7.00000000000003,1,2,66,0.5
919,8096.91499,8096.058332,8096.384991,8096.86249,8098.877654,1,1.99999999999996,0.0200000000000003,7.00000000000003,1,2,66,0.5
920,8100.216315,8099.382313,8099.689979,8100.163976,8101.879475,0,1.99999999999996,0.0200000000000003,5.99999999999996,2,1,65,0.5
921,8103.358464,8102.470306,8102.806632,8103.305964,8105.547288,1,1.99999999999996,0.0200000000000003,7.00000000000003,1,2,66,0.5
922,8106.850122,8106.020792,8106.332958,8106.797789,8108.731948,1,1.99999999999996,0.0200000000000003,7.00000000000003,1,2,66,0.5
923,8110.097443,8109.215607,8109.491612,8110.08977,8112.247601,0,1.99999999999996,0.0200000000000003,5.99999999999996,2,1,65,0.5
924,8113.706089,8112.850092,8113.206091,8113.653756,8115.749914,1,1.99999999999996,0.0200000000000003,7.00000000000003,1,2,66,0.5
925,8117.078576,8116.268078,8116.573411,8117.026076,8118.671075,1,1.99999999999996,0.0200000000000003,7.00000000000003,1,2,66,0.5
926,8125.214043,8124.232047,8124.540045,8125.161716,8127.372873,0,1.99999999999996,0.0200000000000003,5.99999999999996,2,1,65,0.5
927,8129.073195,8128.20937,8128.518369,8129.020867,8131.037025,1,1.99999999999996,0.0200000000000003,7.00000000000003,1,2,66,0.5
928,8132.35502,8131.49619,8131.785689,8132.302687,8134.403512,0,1.99999999999996,0.0200000000000003,5.99999999999996,2,1,65,0.5
929,8135.778507,8134.94501,8135.191836,8135.726167,8137.695499,0,1.99999999999996,0.0200000000000003,5.99999999999996,2,1,65,0.5
930,8139.021655,8138.166491,8138.427657,8138.969321,8141.409984,1,1.99999999999996,0.0200000000000003,7.00000000000003,1,2,66,0.5
931,8143.098311,8142.315641,8142.572307,8143.045977,8145.118796,0,1.99999999999996,0.0200000000000003,5.99999999999996,2,1,65,0.5
932,8146.522458,8145.82646,8146.066126,8146.469958,8148.116624,0,1.99999999999996,0.0200000000000003,5.99999999999996,2,1,65,0.5
933,8149.592285,8148.747955,8149.05512,8149.540112,8152.358935,1,1.99999999999996,0.0200000000000003,7.00000000000003,1,2,66,0.5
934,8153.793262,8152.959271,8153.247597,8153.740935,8154.438432,0,1.99999999999996,0.0200000000000003,5.99999999999996,2,1,65,0.5
935,8156.08242,8155.339762,8155.602254,8156.080253,8158.767575,0,1.99999999999996,0.0200000000000003,5.99999999999996,2,1,65,0.5
936,8159.983743,8159.189573,8159.444578,8159.931571,8162.137062,1,1.99999999999996,0.0200000000000003,7.00000000000003,1,2,66,0.5
937,8163.514729,8162.62456,8162.875059,8163.46239,8165.089056,0,1.99999999999996,0.0200000000000003,5.99999999999996,2,1,65,0.5
938,8166.401545,8165.778886,8166.002886,8166.382051,8168.864035,0,1.99999999999996,0.0200000000000003,5.99999999999996,2,1,65,0.5
939,8170.123036,8169.315366,8169.612365,8170.070863,8171.745529,1,1.99999999999996,0.0200000000000003,7.00000000000003,1,2,66,0.5
940,8173.000352,8172.208361,8172.488687,8172.948024,8174.059848,1,1.99999999999996,0.0200000000000003,7.00000000000003,1,2,66,0.5
941,8175.267682,8174.487012,8174.756351,8175.215349,8177.246007,0,1.99999999999996,0.0200000000000003,5.99999999999996,2,1,65,0.5
942,8178.49733,8177.735333,8177.992004,8178.445002,8180.03599,1,1.99999999999996,0.0200000000000003,7.00000000000003,1,2,66,0.5
943,8181.478485,8180.476322,8180.758821,8181.478485,8267.907972,1,NaN,0,5.99999999999996,2,1,65,0.5
944,8548.027518,8535.406741,8535.651234,NaN,8598.433989,NaN,NaN,0,5.99999999999996,2,1,65,0.5
945,8617.499913,8616.47275,8616.884415,8617.44774,8619.719731,1,1.99999999999996,0.0200000000000003,7.00000000000003,1,2,66,0.5
946,8621.324731,8620.418229,8620.769727,8621.272398,8623.444383,1,1.99999999999996,0.0200000000000003,7.00000000000003,1,2,66,0.5
947,8624.825378,8624.022214,8624.27688,8624.823211,8626.425538,0,1.99999999999996,0.0200000000000003,5.99999999999996,2,1,65,0.5
948,8628.316864,8627.452373,8627.728533,8628.264365,8630.200195,0,1.99999999999996,0.0200000000000003,5.99999999999996,2,1,65,0.5
949,8631.461857,8630.70436,8630.968859,8631.45969,8633.340344,0,1.99999999999996,0.0200000000000003,5.99999999999996,2,1,65,0.5
950,8634.838005,8634.150008,8634.39434,8634.785677,8637.183834,0,1.99999999999996,0.0200000000000003,5.99999999999996,2,1,65,0.5
951,8638.386996,8637.693326,8637.936659,8638.334658,8640.137322,0,1.99999999999996,0.0200000000000003,5.99999999999996,2,1,65,0.5
952,8641.43715,8640.557649,8640.859647,8641.384811,8643.485803,1,1.99999999999996,0.0200000000000003,7.00000000000003,1,2,66,0.5
953,8644.859465,8643.986468,8644.2733,8644.806964,8646.535791,0,1.99999999999996,0.0200000000000003,5.99999999999996,2,1,65,0.5
954,8647.995291,8647.372793,8647.574459,8647.947958,8649.977444,0,1.99999999999996,0.0200000000000003,5.99999999999996,2,1,65,0.5
955,8651.542438,8650.597941,8650.902607,8651.540271,8653.488763,1,1.99999999999996,0.0200000000000003,7.00000000000003,1,2,66,0.5
956,8654.81593,8654.010761,8654.325766,8654.763591,8656.557417,1,1.99999999999996,0.0200000000000003,7.00000000000003,1,2,66,0.5
957,8657.752247,8656.984749,8657.242254,8657.699919,8658.947241,0,1.99999999999996,0.0200000000000003,5.99999999999996,2,1,65,0.5
958,8660.941739,8660.170576,8660.401903,8660.8894,8663.553223,0,1.99999999999996,0.0200000000000003,5.99999999999996,2,1,65,0.5
959,8664.848724,8664.028387,8664.288887,8664.84639,8666.749383,1,1.99999999999996,0.0200000000000003,7.00000000000003,1,2,66,0.5
960,8668.074711,8667.31038,8667.615712,8668.022539,8670.064364,1,1.99999999999996,0.0200000000000003,7.00000000000003,1,2,66,0.5
961,8671.443864,8670.544695,8670.8207,8671.391691,8673.712015,0,1.99999999999996,0.0200000000000003,5.99999999999996,2,1,65,0.5
962,8674.886845,8674.262686,8674.455846,8674.884677,8676.518677,0,1.99999999999996,0.0200000000000003,5.99999999999996,2,1,65,0.5
963,8677.860171,8677.004169,8677.277334,8677.807838,8679.971658,1,1.99999999999996,0.0200000000000003,7.00000000000003,1,2,66,0.5
964,8681.303824,8680.457655,8680.703987,8681.251652,8683.344977,0,1.99999999999996,0.0200000000000003,5.99999999999996,2,1,65,0.5
965,8684.972476,8684.062147,8684.380645,8684.920143,8687.044962,1,1.99999999999996,0.0200000000000003,7.00000000000003,1,2,66,0.5
966,8688.296624,8687.5048,8687.768965,8688.244125,8690.047289,0,1.99999999999996,0.0200000000000003,5.99999999999996,2,1,65,0.5
967,8691.501784,8690.879113,8691.135779,8691.497444,8693.634436,0,1.99999999999996,0.0200000000000003,5.99999999999996,2,1,65,0.5
968,8695.063597,8694.278267,8694.567771,8695.011264,8697.009423,1,1.99999999999996,0.0200000000000003,7.00000000000003,1,2,66,0.5
969,8698.394251,8697.550921,8697.810586,8698.392083,8700.903907,0,1.99999999999996,0.0200000000000003,5.99999999999996,2,1,65,0.5
970,8702.412735,8701.677404,8701.877569,8702.412735,8702.626739,0,NaN,0,7.00000000000003,1,2,66,0.5
971,8714.115188,8713.166691,8713.377863,8714.06286,8716.144852,0,1.99999999999996,0.0200000000000003,5.99999999999996,2,1,65,0.5
972,8717.65634,8716.946009,8717.195508,8717.654173,8720.495168,0,1.99999999999996,0.0200000000000003,5.99999999999996,2,1,65,0.5
973,8721.736829,8720.928499,8721.211659,8721.684657,8723.44865,1,1.99999999999996,0.0200000000000003,7.00000000000003,1,2,66,0.5
974,8724.749151,8723.936981,8724.26698,8724.696978,8727.040141,1,1.99999999999996,0.0200000000000003,7.00000000000003,1,2,66,0.5
975,8728.225798,8727.45214,8727.706139,8728.173298,8730.873793,0,1.99999999999996,0.0200000000000003,5.99999999999996,2,1,65,0.5
976,8732.090121,8731.467452,8731.675117,8732.045955,8733.574943,0,1.99999999999996,0.0200000000000003,5.99999999999996,2,1,65,0.5
977,8735.030271,8734.130274,8734.420107,8735.028103,8737.295594,1,1.99999999999996,0.0200000000000003,7.00000000000003,1,2,66,0.5
978,8738.527257,8737.757259,8737.993592,8738.474929,8740.518081,0,1.99999999999996,0.0200000000000003,5.99999999999996,2,1,65,0.5
979,8741.763916,8741.076252,8741.311746,8741.761744,8743.813074,0,1.99999999999996,0.0200000000000003,5.99999999999996,2,1,65,0.5
980,8744.94457,8744.230401,8744.439399,8744.892231,8746.483558,1,1.99999999999996,0.0200000000000003,7.00000000000003,1,2,66,0.5
981,8747.814386,8746.936062,8747.236721,8747.761886,8749.732384,0,1.99999999999996,0.0200000000000003,5.99999999999996,2,1,65,0.5
982,8750.837546,8750.215043,8750.446042,8750.815213,8751.862209,0,1.99999999999996,0.0200000000000003,5.99999999999996,2,1,65,0.5
983,8753.361203,8752.4642,8752.769205,8753.309036,8755.18469,1,1.99999999999996,0.0200000000000003,7.00000000000003,1,2,66,0.5
984,8756.52569,8755.818854,8756.113519,8756.473351,8758.625182,1,1.99999999999996,0.0200000000000003,7.00000000000003,1,2,66,0.5
985,8759.928177,8759.061341,8759.303846,8759.875838,8761.314665,0,1.99999999999996,0.0200000000000003,5.99999999999996,2,1,65,0.5
986,8762.406328,8761.783497,8762.016663,8762.396,8765.915147,0,1.99999999999996,0.0200000000000003,5.99999999999996,2,1,65,0.5
987,8767.120481,8766.308479,8766.563977,8767.068148,8769.530799,1,1.99999999999996,0.0200000000000003,7.00000000000003,1,2,66,0.5
988,8770.790294,8770.00813,8770.294468,8770.737967,8772.486126,1,1.99999999999996,0.0200000000000003,7.00000000000003,1,2,66,0.5
989,8773.688949,8772.922952,8773.176624,8773.636622,8775.802107,0,1.99999999999996,0.0200000000000003,5.99999999999996,2,1,65,0.5
990,8777.075608,8776.454938,8776.656943,8777.02327,8778.839595,0,1.99999999999996,0.0200000000000003,5.99999999999996,2,1,65,0.5
991,8780.229095,8779.30726,8779.568593,8780.176923,8781.753256,1,1.99999999999996,0.0200000000000003,7.00000000000003,1,2,66,0.5
992,8782.975918,8782.210915,8782.454414,8782.923745,8784.946404,0,1.99999999999996,0.0200000000000003,5.99999999999996,2,1,65,0.5
993,8786.068067,8785.445408,8785.649902,8786.021072,8787.511233,0,1.99999999999996,0.0200000000000003,5.99999999999996,2,1,65,0.5
994,8788.94256,8788.095225,8788.369396,8788.890222,8790.528882,1,1.99999999999996,0.0200000000000003,7.00000000000003,1,2,66,0.5
995,8792.074048,8791.328051,8791.574883,8792.021715,8793.899874,0,1.99999999999996,0.0200000000000003,5.99999999999996,2,1,65,0.5
996,8795.271868,8794.492372,8794.773198,8795.258868,8797.167355,1,1.99999999999996,0.0200000000000003,7.00000000000003,1,2,66,0.5
997,8798.288523,8797.584359,8797.857019,8798.288523,8800.694341,1,NaN,0,5.99999999999996,2,1,65,0.5
998,8810.458308,8809.120641,8809.646472,8810.456141,8812.595799,1,1.99999999999996,0.0200000000000003,7.00000000000003,1,2,66,0.5
999,8814.181787,8813.356129,8813.644456,8814.12946,8815.994952,0,1.99999999999996,0.0200000000000003,5.99999999999996,2,1,65,0.5
1000,8817.254447,8816.520111,8816.752943,8817.202108,8818.718941,0,1.99999999999996,0.0200000000000003,5.99999999999996,2,1,65,0.5
1001,8819.909265,8819.157934,8819.425605,8819.856937,8821.581424,1,1.99999999999996,0.0200000000000003,7.00000000000003,1,2,66,0.5
1002,8822.829425,8822.020922,8822.337254,8822.777252,8824.531751,1,1.99999999999996,0.0200000000000003,7.00000000000003,1,2,66,0.5
1003,8825.787746,8824.98041,8825.242243,8825.735407,8827.343901,0,1.99999999999996,0.0200000000000003,5.99999999999996,2,1,65,0.5
1004,8828.810401,8828.057065,8828.340569,8828.758062,8830.222056,0,1.99999999999996,0.0200000000000003,5.99999999999996,2,1,65,0.5
1005,8831.396891,8830.626388,8830.868387,8831.344719,8833.054045,1,1.99999999999996,0.0200000000000003,7.00000000000003,1,2,66,0.5
1006,8834.26254,8833.483049,8833.779881,8834.210041,8835.932366,1,1.99999999999996,0.0200000000000003,7.00000000000003,1,2,66,0.5
1007,8837.089868,8836.328871,8836.58237,8837.037535,8838.49369,0,1.99999999999996,0.0200000000000003,5.99999999999996,2,1,65,0.5
1008,8840.123522,8839.530191,8839.736851,8840.07135,8842.325014,0,1.99999999999996,0.0200000000000003,5.99999999999996,2,1,65,0.5
1009,8843.698675,8842.889172,8843.12851,8843.646342,8845.371995,1,1.99999999999996,0.0200000000000003,7.00000000000003,1,2,66,0.5
1010,8846.597497,8845.773666,8846.088492,8846.545325,8848.339651,1,1.99999999999996,0.0200000000000003,7.00000000000003,1,2,66,0.5
1011,8849.500646,8848.734488,8848.989481,8849.448318,8851.050139,0,1.99999999999996,0.0200000000000003,5.99999999999996,2,1,65,0.5
1012,8853.979634,8852.942632,8853.368803,8853.977467,8855.567621,1,1.99999999999996,0.0200000000000003,7.00000000000003,1,2,66,0.5
1013,8856.887955,8856.034619,8856.332286,8856.835783,8858.205783,0,1.99999999999996,0.0200000000000003,5.99999999999996,2,1,65,0.5
1014,8859.420607,8858.735609,8858.931281,8859.368279,8860.837767,0,1.99999999999996,0.0200000000000003,5.99999999999996,2,1,65,0.5
1015,8862.183429,8861.355104,8861.619764,8862.130929,8864.008754,1,1.99999999999996,0.0200000000000003,7.00000000000003,1,2,66,0.5
1016,8865.216917,8864.435253,8864.686424,8865.164417,8867.564413,0,1.99999999999996,0.0200000000000003,5.99999999999996,2,1,65,0.5
1017,8869.796398,8868.848568,8869.106401,8869.794231,8871.716223,1,1.99999999999996,0.0200000000000003,7.00000000000003,1,2,66,0.5
1018,8872.961552,8872.195222,8872.45106,8872.909225,8875.05621,0,1.99999999999996,0.0200000000000003,5.99999999999996,2,1,65,0.5
1019,8876.392877,8875.526208,8875.79538,8876.340705,8878.260031,1,1.99999999999996,0.0200000000000003,7.00000000000003,1,2,66,0.5
1020,8879.560198,8878.708529,8878.983194,8879.508026,8881.59969,0,1.99999999999996,0.0200000000000003,5.99999999999996,2,1,65,0.5
1021,8882.791018,8882.031688,8882.279681,8882.789012,8884.872671,1,1.99999999999996,0.0200000000000003,7.00000000000003,1,2,66,0.5
1022,8886.034672,8885.324675,8885.541501,8885.982333,8887.534166,0,1.99999999999996,0.0200000000000003,5.99999999999996,2,1,65,0.5
1023,8888.635662,8888.012831,8888.232325,8888.610489,8890.115983,0,1.99999999999996,0.0200000000000003,5.99999999999996,2,1,65,0.5
1024,8891.378484,8890.589482,8890.83232,8891.326312,8893.818302,1,1.99999999999996,0.0200000000000003,7.00000000000003,1,2,66,0.5
1025,8894.95797,8894.207973,8894.487965,8894.905797,8896.514957,1,1.99999999999996,0.0200000000000003,7.00000000000003,1,2,66,0.5
1026,8897.579126,8896.891295,8897.103128,8897.526787,8899.391613,0,1.99999999999996,0.0200000000000003,5.99999999999996,2,1,65,0.5
1027,8900.592275,8899.837278,8900.113116,8900.539775,8902.271107,1,1.99999999999996,0.0200000000000003,7.00000000000003,1,2,66,0.5
1028,8903.44293,8902.679439,8902.956432,8903.390603,8904.845591,1,1.99999999999996,0.0200000000000003,7.00000000000003,1,2,66,0.5
1029,8906.024426,8905.294762,8905.554921,8905.972092,8908.899409,0,1.99999999999996,0.0200000000000003,5.99999999999996,2,1,65,0.5
1030,8910.082571,8909.377906,8909.582072,8910.030243,8911.226399,0,1.99999999999996,0.0200000000000003,5.99999999999996,2,1,65,0.5
1031,8912.4519,8911.644903,8911.901902,8912.39956,8914.015387,1,1.99999999999996,0.0200000000000003,7.00000000000003,1,2,66,0.5
1032,8915.400216,8914.642885,8914.909218,8915.347888,8916.993715,0,1.99999999999996,0.0200000000000003,5.99999999999996,2,1,65,0.5
1033,8921.364359,8920.501534,8920.769527,8921.312031,8922.795525,1,1.99999999999996,0.0200000000000003,7.00000000000003,1,2,66,0.5
1034,8923.958854,8923.270018,8923.479017,8923.906515,8926.440844,0,1.99999999999996,0.0200000000000003,5.99999999999996,2,1,65,0.5
1035,8927.824338,8927.007008,8927.301501,8927.772166,8929.626826,1,1.99999999999996,0.0200000000000003,7.00000000000003,1,2,66,0.5
1036,8930.776154,8930.038157,8930.305489,8930.723827,8932.62748,1,1.99999999999996,0.0200000000000003,7.00000000000003,1,2,66,0.5
1037,8933.747481,8933.031811,8933.259983,8933.695142,8935.298642,0,1.99999999999996,0.0200000000000003,5.99999999999996,2,1,65,0.5
1038,8936.582303,8935.774973,8936.012799,8936.530131,8938.28879,0,1.99999999999996,0.0200000000000003,5.99999999999996,2,1,65,0.5
1039,8939.47812,8938.712461,8938.979455,8939.475792,8941.412945,1,1.99999999999996,0.0200000000000003,7.00000000000003,1,2,66,0.5
1040,8942.614779,8941.819449,8942.078775,8942.562607,8943.908941,0,1.99999999999996,0.0200000000000003,5.99999999999996,2,1,65,0.5
1041,8945.163102,8944.366605,8944.587938,8945.11093,8946.706091,0,1.99999999999996,0.0200000000000003,5.99999999999996,2,1,65,0.5
1042,8947.866758,8947.093589,8947.369087,8947.814425,8949.524579,1,1.99999999999996,0.0200000000000003,7.00000000000003,1,2,66,0.5
1043,8950.858246,8949.971911,8950.324743,8950.806074,8952.940738,1,1.99999999999996,0.0200000000000003,7.00000000000003,1,2,66,0.5
1044,8954.060395,8953.368397,8953.558229,8954.008067,8955.700721,0,1.99999999999996,0.0200000000000003,5.99999999999996,2,1,65,0.5
1045,8956.921889,8956.268552,8956.485885,8956.921889,8973.816315,0,NaN,0,7.00000000000003,1,2,66,0.5
1046,8975.78948,8974.518812,8974.84565,8975.737141,8977.240807,1,1.99999999999996,0.0200000000000003,7.00000000000003,1,2,66,0.5
1047,9022.459787,9009.839171,9010.08767,NaN,NaN,NaN,NaN,0,5.99999999999996,2,1,65,0.5
1048,9030.395423,9029.509431,9029.722764,9030.393255,9030.977759,0,1.99999999999996,0.0200000000000003,5.99999999999996,2,1,65,0.5
1049,9033.181917,9032.224421,9032.472748,9033.129584,9058.727975,1,1.99999999999996,0.0200000000000003,7.00000000000003,1,2,66,0.5
1050,9062.498466,9061.493464,9061.90463,9062.446294,9075.81308,1,1.99999999999996,0.0200000000000003,7.00000000000003,1,2,66,0.5
1051,9089.380187,9076.759737,9076.907736,NaN,9875.783713,NaN,NaN,0,5.99999999999996,2,1,65,0.5
1052,9877.698539,9876.490871,9876.753543,9877.6462,9878.47303,0,1.99999999999996,0.0200000000000003,5.99999999999996,2,1,65,0.5
1053,9882.52168,9881.452524,9881.79685,9882.519513,9884.136513,1,1.99999999999996,0.0200000000000003,7.00000000000003,1,2,66,0.5
1054,9887.3715,9885.958834,9886.211165,9887.319162,9892.604473,0,1.99999999999996,0.0200000000000003,5.99999999999996,2,1,65,0.5
1055,9894.350472,9893.478809,9893.715975,9894.2983,9896.400292,0,1.99999999999996,0.0200000000000003,5.99999999999996,2,1,65,0.5
1056,9897.738625,9896.919623,9897.170955,9897.736453,9899.942283,0,1.99999999999996,0.0200000000000003,5.99999999999996,2,1,65,0.5
1057,9901.452938,9900.534609,9900.856108,9901.400771,9903.22877,1,1.99999999999996,0.0200000000000003,7.00000000000003,1,2,66,0.5
1058,9904.993263,9903.945094,9904.22276,9904.940924,9907.466748,0,1.99999999999996,0.0200000000000003,5.99999999999996,2,1,65,0.5
1059,9909.158241,9908.340743,9908.621576,9909.105913,9911.293232,0,1.99999999999996,0.0200000000000003,5.99999999999996,2,1,65,0.5
1060,9912.750893,9912.144228,9912.202561,9912.698565,9914.909885,1,1.99999999999996,0.0200000000000003,7.00000000000003,1,2,66,0.5
1061,9916.477712,9915.596214,9915.899713,9916.425211,9919.057201,0,1.99999999999996,0.0200000000000003,5.99999999999996,2,1,65,0.5
1062,9920.725861,9919.835037,9920.109864,9920.673534,9922.637853,1,1.99999999999996,0.0200000000000003,7.00000000000003,1,2,66,0.5
1063,9924.283847,9923.437684,9923.665688,9924.231519,9926.583838,0,1.99999999999996,0.0200000000000003,5.99999999999996,2,1,65,0.5
1064,9928.117998,9927.429334,9927.649334,9928.065499,9929.883824,0,1.99999999999996,0.0200000000000003,5.99999999999996,2,1,65,0.5
1065,9931.717489,9931.081986,9931.120992,9931.66515,9934.16548,1,1.99999999999996,0.0200000000000003,7.00000000000003,1,2,66,0.5
1066,9936.581631,9935.61914,9935.869967,9936.579464,NaN,0,1.99999999999996,0.0200000000000003,5.99999999999996,2,1,65,0.5
