trial,outcome,center_in,center_out,side_in,last_side_out,actions,reward,trial_types,odors,port_side,schedule,odor_name,odor_dur
1,440.295973,438.813308,439.068641,440.24264,468.073278,1,2.99999999999994,0.0299999999999997,7.00000000000003,1,2,66,0.5
2,470.464609,470.00061,470.03661,470.464609,505.935241,1,NaN,0,5.99999999999996,2,1,65,0.5
3,511.157235,509.399904,510.474569,511.103902,512.298567,1,2.99999999999994,0.0299999999999997,7.00000000000003,1,2,66,0.5
4,514.384565,513.876566,513.915233,514.384565,530.983882,0,NaN,0,7.00000000000003,1,2,66,0.5
5,533.905213,533.011213,533.37188,533.851879,544.158536,1,2.99999999999994,0.0299999999999997,7.00000000000003,1,2,66,0.5
6,550.794529,545.326534,545.441201,550.794529,551.282529,1,NaN,0,5.99999999999996,2,1,65,0.5
7,564.797182,563.773849,564.144516,564.744515,568.673178,1,2.99999999999994,0.0299999999999997,7.00000000000003,1,2,66,0.5
8,571.729175,569.33851,571.064509,571.675841,576.51717,0,2.99999999999994,0.0299999999999997,5.99999999999996,2,1,65,0.5
9,590.083823,584.429162,584.733162,NaN,598.041148,NaN,NaN,0,7.00000000000003,1,2,66,0.5
10,614.802465,602.179811,602.697144,NaN,NaN,NaN,NaN,0,5.99999999999996,2,1,65,0.5
11,636.694443,624.071789,624.555122,NaN,NaN,NaN,NaN,0,7.00000000000003,1,2,66,0.5
12,653.096427,648.914431,648.943098,653.043093,687.965059,1,2.99999999999994,0.0299999999999997,7.00000000000003,1,2,66,0.5
13,689.529724,688.565725,688.907058,689.47639,699.735713,1,2.99999999999994,0.0299999999999997,7.00000000000003,1,2,66,0.5
14,719.781693,709.785703,710.01837,NaN,810.891602,NaN,NaN,0,7.00000000000003,1,2,66,0.5
15,816.697596,816.000264,816.207597,816.697596,820.27026,1,NaN,0,5.99999999999996,2,1,65,0.5
16,829.425584,828.696251,828.784918,829.425584,839.76824,1,NaN,0,5.99999999999996,2,1,65,0.5
17,861.779551,860.560886,861.290218,861.779551,869.126211,1,NaN,0,5.99999999999996,2,1,65,0.5
18,873.398206,870.688876,870.978209,873.344873,876.58687,0,2.99999999999994,0.0299999999999997,5.99999999999996,2,1,65,0.5
19,881.858198,881.000199,881.310865,881.804865,887.034193,1,2.99999999999994,0.0299999999999997,7.00000000000003,1,2,66,0.5
20,891.970855,890.518189,891.270189,891.970855,951.839461,1,NaN,0,5.99999999999996,2,1,65,0.5
21,962.95545,962.197451,962.481451,962.95545,967.364779,1,NaN,0,5.99999999999996,2,1,65,0.5
22,973.814773,972.081441,972.178108,973.814773,980.898766,0,NaN,0,7.00000000000003,1,2,66,0.5
23,983.486763,981.688765,982.934097,983.43343,984.708762,1,2.99999999999994,0.0299999999999997,7.00000000000003,1,2,66,0.5
24,986.644093,985.561428,986.060094,986.59076,987.766092,0,2.99999999999994,0.0299999999999997,5.99999999999996,2,1,65,0.5
25,991.207422,990.420756,990.600089,991.154089,991.958755,1,2.99999999999994,0.0299999999999997,7.00000000000003,1,2,66,0.5
26,994.688752,993.828753,994.142752,994.688752,1040.200706,0,NaN,0,7.00000000000003,1,2,66,0.5
27,1045.074035,1041.089372,1041.331372,1045.020701,1045.952034,0,2.99999999999994,0.0299999999999997,5.99999999999996,2,1,65,0.5
28,1060.832019,1048.209365,1048.474698,NaN,1216.949196,NaN,NaN,0,7.00000000000003,1,2,66,0.5
29,1231.417182,1225.944521,1226.281187,1231.417182,1238.909174,1,NaN,0,5.99999999999996,2,1,65,0.5
30,1242.77917,1240.13384,1240.359173,1242.725837,1242.82517,1,2.99999999999994,0.0299999999999997,7.00000000000003,1,2,66,0.5
31,1258.335821,1245.713167,1245.735834,NaN,1260.529819,NaN,NaN,0,5.99999999999996,2,1,65,0.5
32,1269.488477,1265.719147,1265.849147,1269.435144,1273.149807,0,2.99999999999994,0.0299999999999997,5.99999999999996,2,1,65,0.5
33,1297.642449,1285.019795,1285.229795,NaN,NaN,NaN,NaN,0,5.99999999999996,2,1,65,0.5
34,1357.483056,1356.263057,1356.507057,1357.483056,1405.885674,1,NaN,0,5.99999999999996,2,1,65,0.5
35,1408.261672,1406.973006,1407.279006,1408.208338,1409.609004,0,2.99999999999994,0.0299999999999997,5.99999999999996,2,1,65,0.5
36,1416.13433,1414.404332,1414.646998,1416.080997,1419.464327,0,2.99999999999994,0.0299999999999997,5.99999999999996,2,1,65,0.5
37,1425.342321,1424.550322,1424.791655,1425.342321,1433.738979,1,NaN,0,5.99999999999996,2,1,65,0.5
38,1446.968966,1434.346312,1434.504979,NaN,1453.756293,NaN,NaN,0,5.99999999999996,2,1,65,0.5
39,1458.652288,1455.018958,1455.249625,1458.598955,1459.165621,0,2.99999999999994,0.0299999999999997,5.99999999999996,2,1,65,0.5
40,1462.474284,1461.577618,1461.775618,1462.420951,1462.709617,1,2.99999999999994,0.0299999999999997,7.00000000000003,1,2,66,0.5
41,1468.454278,1465.116281,1465.742947,1468.400945,1469.578944,0,2.99999999999994,0.0299999999999997,5.99999999999996,2,1,65,0.5
42,1473.29294,1472.511607,1472.802274,1473.29294,1518.520228,1,NaN,0,5.99999999999996,2,1,65,0.5
43,1525.411554,1520.684226,1520.946226,1525.358221,1526.789553,0,2.99999999999994,0.0299999999999997,5.99999999999996,2,1,65,0.5
44,1529.516884,1529.072884,1529.094884,1529.46355,1534.224212,1,2.99999999999994,0.0299999999999997,7.00000000000003,1,2,66,0.5
45,1536.67621,1535.155545,1535.376878,1536.67621,1603.980809,0,NaN,0,7.00000000000003,1,2,66,0.5
46,1624.702788,1612.080134,1612.332801,NaN,1649.57343,NaN,NaN,0,5.99999999999996,2,1,65,0.5
47,1681.954731,1679.622067,1679.9334,NaN,1698.626048,NaN,NaN,0,5.99999999999996,2,1,65,0.5
48,1704.611375,1699.072714,1699.205381,1704.611375,1708.866038,0,NaN,0,7.00000000000003,1,2,66,0.5
49,1723.032023,1720.524026,1720.852692,1722.97869,1730.828016,1,2.99999999999994,0.0299999999999997,7.00000000000003,1,2,66,0.5
50,1738.209342,1731.411348,1731.639348,1738.209342,1745.184668,0,NaN,0,7.00000000000003,1,2,66,0.5
51,1753.979992,1752.78666,1753.157327,1753.979992,1754.747992,1,NaN,0,5.99999999999996,2,1,65,0.5
52,1809.491937,1799.521947,1800.601946,1809.438604,1809.898603,1,2.99999999999994,0.0299999999999997,7.00000000000003,1,2,66,0.5
53,1826.269254,1825.265921,1825.428588,NaN,1833.672579,NaN,NaN,0,5.99999999999996,2,1,65,0.5
54,1840.585906,1835.609911,1835.856577,1840.585906,1840.991239,0,NaN,0,7.00000000000003,1,2,66,0.5
55,1866.522547,1853.899893,1854.089226,NaN,NaN,NaN,NaN,0,7.00000000000003,1,2,66,0.5
56,1878.605201,1874.993871,1875.270538,1878.551868,1919.260494,0,2.99999999999994,0.0299999999999997,5.99999999999996,2,1,65,0.5
57,1923.772489,1922.413824,1922.480491,1923.772489,2074.306339,1,NaN,0,5.99999999999996,2,1,65,0.5
58,2102.638977,2092.176988,2092.846987,NaN,2250.804829,NaN,NaN,0,7.00000000000003,1,2,66,0.5
59,2265.350148,2263.490816,2264.073482,2265.350148,2274.375472,0,NaN,0,7.00000000000003,1,2,66,0.5
60,2279.664133,2275.479471,2275.960804,2279.6108,2318.895428,0,2.99999999999994,0.0299999999999997,5.99999999999996,2,1,65,0.5
61,2323.212757,2321.020759,2321.271425,2323.212757,2333.776079,0,NaN,0,7.00000000000003,1,2,66,0.5
62,2337.937409,2336.534743,2337.261409,2337.937409,2340.994739,0,NaN,0,7.00000000000003,1,2,66,0.5
63,2361.122719,2348.500065,2348.700731,NaN,NaN,NaN,NaN,0,7.00000000000003,1,2,66,0.5
64,2375.245371,2373.347373,2374.212039,2375.192038,2375.403371,1,2.99999999999994,0.0299999999999997,7.00000000000003,1,2,66,0.5
65,2421.768658,2415.318664,2415.403998,NaN,NaN,NaN,NaN,0,7.00000000000003,1,2,66,0.5
66,2437.189309,2433.085313,2433.21398,2437.135976,2437.731309,0,2.99999999999994,0.0299999999999997,5.99999999999996,2,1,65,0.5
67,2443.559303,2439.329307,2439.477307,2443.50597,2475.235271,1,2.99999999999994,0.0299999999999997,7.00000000000003,1,2,66,0.5
68,2489.723257,2483.29393,2483.543263,2489.171924,2493.529253,1,NaN,0,7.00000000000003,1,2,66,0.5
69,2501.458578,2500.155913,2500.581913,2501.405245,2508.206572,1,2.99999999999994,0.0299999999999997,7.00000000000003,1,2,66,0.5
70,2530.811216,2524.555889,2524.807222,NaN,2587.743825,NaN,NaN,0,7.00000000000003,1,2,66,0.5
71,2605.801141,2593.178487,2593.289153,NaN,2779.375634,NaN,NaN,0,7.00000000000003,1,2,66,0.5
72,2790.872289,2785.672961,2785.974294,2790.818956,2792.82362,0,2.99999999999994,0.0299999999999997,5.99999999999996,2,1,65,0.5
73,2814.194266,2812.854267,2813.526266,2814.140932,2814.566932,1,2.99999999999994,0.0299999999999997,7.00000000000003,1,2,66,0.5
74,2825.276255,2824.404255,2824.661588,2825.276255,2825.851587,1,NaN,0,5.99999999999996,2,1,65,0.5
75,2844.182902,2840.284906,2840.462906,NaN,2871.438208,NaN,NaN,0,7.00000000000003,1,2,66,0.5
76,2902.85751,2894.847518,2896.370183,NaN,2910.512836,NaN,NaN,0,5.99999999999996,2,1,65,0.5
77,2927.856819,2920.477493,2920.517493,2927.803485,2973.39344,0,2.99999999999994,0.0299999999999997,5.99999999999996,2,1,65,0.5
78,2981.826098,2977.424769,2977.527436,2981.826098,2982.124764,1,NaN,0,5.99999999999996,2,1,65,0.5
79,2993.964086,2991.364755,2991.607422,2993.910753,2994.060086,1,2.99999999999994,0.0299999999999997,7.00000000000003,1,2,66,0.5
80,3006.526073,2998.869414,2999.110081,3006.473407,3130.313283,0,2.99999999999994,0.0299999999999997,5.99999999999996,2,1,65,0.5
81,3149.413264,3148.447931,3148.535931,3149.35993,3149.77993,0,2.99999999999994,0.0299999999999997,5.99999999999996,2,1,65,0.5
82,3166.87058,3161.398585,3161.653251,NaN,NaN,NaN,NaN,0,5.99999999999996,2,1,65,0.5
83,3208.306538,3196.06855,3196.905883,NaN,3227.359852,NaN,NaN,0,7.00000000000003,1,2,66,0.5
84,3236.747843,3228.421851,3228.579851,3236.747843,3268.153145,0,NaN,0,7.00000000000003,1,2,66,0.5
85,3274.428472,3271.239142,3271.623142,3274.428472,3279.211134,0,NaN,0,7.00000000000003,1,2,66,0.5
86,3302.221778,3289.599124,3289.90379,NaN,3331.639082,NaN,NaN,0,5.99999999999996,2,1,65,0.5
87,3368.255045,3355.632391,3355.880391,NaN,3406.565673,NaN,NaN,0,5.99999999999996,2,1,65,0.5
88,3415.256331,3414.321665,3414.589665,3415.256331,3421.071659,1,NaN,0,5.99999999999996,2,1,65,0.5
89,3425.616988,3423.039657,3423.288323,3425.563654,3435.216311,1,2.99999999999994,0.0299999999999997,7.00000000000003,1,2,66,0.5
90,3444.158969,3442.479637,3443.28097,3444.105636,3444.182302,1,2.99999999999994,0.0299999999999997,7.00000000000003,1,2,66,0.5
91,3479.438934,3472.788274,3473.109607,3479.438934,3511.423568,1,NaN,0,5.99999999999996,2,1,65,0.5
92,3524.805555,3517.072896,3517.269563,NaN,3535.844877,NaN,NaN,0,5.99999999999996,2,1,65,0.5
93,3731.647348,3729.022684,3729.33735,3731.647348,3896.286517,1,NaN,0,5.99999999999996,2,1,65,0.5
94,3904.823175,3903.843843,3904.199176,3904.823175,3918.057162,1,NaN,0,5.99999999999996,2,1,65,0.5
95,3927.059819,3925.551154,3926.013154,3927.059819,3934.506479,1,NaN,0,5.99999999999996,2,1,65,0.5
96,3936.266477,3935.658477,3935.848477,3936.266477,3968.075112,1,NaN,0,5.99999999999996,2,1,65,0.5
97,3971.685775,3970.503109,3970.745776,3971.632442,4128.432285,1,2.99999999999994,0.0299999999999997,7.00000000000003,1,2,66,0.5
98,4131.843615,4130.978282,4131.148282,4131.843615,4138.745608,1,NaN,0,5.99999999999996,2,1,65,0.5
99,4147.040933,4145.840267,4146.114267,4147.040933,4154.071592,1,NaN,0,5.99999999999996,2,1,65,0.5
100,4156.504923,4155.562258,4155.924257,4156.45159,4158.554921,0,2.99999999999994,0.0299999999999997,5.99999999999996,2,1,65,0.5
101,4164.050916,4162.891584,4163.556916,4163.997582,4177.286236,1,2.99999999999994,0.0299999999999997,7.00000000000003,1,2,66,0.5
102,4180.409566,4179.723567,4179.847567,4180.356233,4182.350231,0,2.99999999999994,0.0299999999999997,5.99999999999996,2,1,65,0.5
103,4184.201562,4183.472896,4183.770229,4184.201562,4211.160202,1,NaN,0,5.99999999999996,2,1,65,0.5
104,4216.880863,4216.178197,4216.386863,4216.880863,4224.760188,1,NaN,0,5.99999999999996,2,1,65,0.5
105,4226.472853,4225.522854,4225.918854,4226.41952,4235.289511,1,2.99999999999994,0.0299999999999997,7.00000000000003,1,2,66,0.5
106,4237.548842,4236.67951,4237.042176,4237.548842,4239.154841,0,NaN,0,7.00000000000003,1,2,66,0.5
107,4245.332168,4244.613502,4244.618835,4245.332168,4250.011496,0,NaN,0,7.00000000000003,1,2,66,0.5
108,4252.007494,4251.018829,4251.457495,4251.954161,4259.616154,0,2.99999999999994,0.0299999999999997,5.99999999999996,2,1,65,0.5
109,4262.790817,4261.481485,4262.274151,4262.737484,4266.414813,1,2.99999999999994,0.0299999999999997,7.00000000000003,1,2,66,0.5
110,4268.292145,4267.413479,4267.705479,4268.292145,4274.294806,0,NaN,0,7.00000000000003,1,2,66,0.5
111,4278.336801,4277.270803,4277.826135,4278.336801,4283.17413,0,NaN,0,7.00000000000003,1,2,66,0.5
112,4286.578793,4286.008127,4286.10746,4286.578793,4293.11812,0,NaN,0,7.00000000000003,1,2,66,0.5
113,4294.738785,4293.888119,4294.214119,4294.685452,4298.113448,1,2.99999999999994,0.0299999999999997,7.00000000000003,1,2,66,0.5
114,4299.97078,4299.024114,4299.330114,4299.97078,4307.156773,0,NaN,0,7.00000000000003,1,2,66,0.5
115,4308.956771,4308.054105,4308.460772,4308.903438,4313.5541,1,2.99999999999994,0.0299999999999997,7.00000000000003,1,2,66,0.5
116,4316.238764,4315.280765,4315.427431,4316.238764,4320.833426,1,NaN,0,5.99999999999996,2,1,65,0.5
117,4323.210757,4322.206091,4322.662757,4323.157423,4328.254085,1,2.99999999999994,0.0299999999999997,7.00000000000003,1,2,66,0.5
118,4330.28475,4329.76675,4329.770083,4330.28475,4336.05541,0,NaN,0,7.00000000000003,1,2,66,0.5
119,4338.417408,4337.389409,4337.898075,4338.417408,4342.894737,0,NaN,0,7.00000000000003,1,2,66,0.5
120,4345.212068,4344.048069,4344.521402,4345.158735,4348.846731,0,2.99999999999994,0.0299999999999997,5.99999999999996,2,1,65,0.5
121,4350.751396,4350.09673,4350.25873,4350.751396,4359.331387,1,NaN,0,5.99999999999996,2,1,65,0.5
122,4361.149385,4359.959387,4360.560053,4361.096052,4364.738715,0,2.99999999999994,0.0299999999999997,5.99999999999996,2,1,65,0.5
123,4366.594047,4365.878047,4366.075381,4366.540713,4370.30471,1,2.99999999999994,0.0299999999999997,7.00000000000003,1,2,66,0.5
124,4372.028041,4370.982709,4371.451375,4372.028041,4377.646702,0,NaN,0,7.00000000000003,1,2,66,0.5
125,4379.6047,4378.614035,4379.017367,4379.551367,4383.36603,0,2.99999999999994,0.0299999999999997,5.99999999999996,2,1,65,0.5
126,4384.882695,4384.025362,4384.438695,4384.882695,4392.958687,1,NaN,0,5.99999999999996,2,1,65,0.5
127,4394.400685,4393.445353,4393.897353,4394.400685,4399.216681,0,NaN,0,7.00000000000003,1,2,66,0.5
128,4400.773346,4400.009346,4400.292013,4400.773346,4408.628004,0,NaN,0,7.00000000000003,1,2,66,0.5
129,4410.069336,4409.67467,4409.684003,4410.069336,4417.071996,1,NaN,0,5.99999999999996,2,1,65,0.5
130,4418.645994,4417.745995,4418.137328,4418.592661,4421.865325,0,2.99999999999994,0.0299999999999997,5.99999999999996,2,1,65,0.5
131,4424.065989,4423.641323,4423.644656,4424.065989,4431.346648,1,NaN,0,5.99999999999996,2,1,65,0.5
132,4433.14398,4432.052648,4432.319981,4433.090647,4437.076643,0,2.99999999999994,0.0299999999999997,5.99999999999996,2,1,65,0.5
133,4439.226641,4437.873975,4438.679308,4439.173307,4443.19197,1,2.99999999999994,0.0299999999999997,7.00000000000003,1,2,66,0.5
134,4444.805302,4444.009969,4444.241303,4444.805302,4450.541296,0,NaN,0,7.00000000000003,1,2,66,0.5
135,4452.849294,4452.077294,4452.312627,4452.79596,4484.651928,0,2.99999999999994,0.0299999999999997,5.99999999999996,2,1,65,0.5
136,4486.585927,4485.932594,4486.122594,4486.532593,4490.978589,0,2.99999999999994,0.0299999999999997,5.99999999999996,2,1,65,0.5
137,4492.992587,4492.215254,4492.605921,4492.992587,4497.455249,1,NaN,0,5.99999999999996,2,1,65,0.5
138,4499.513247,4498.634581,4499.017247,4499.459914,4502.73991,1,2.99999999999994,0.0299999999999997,7.00000000000003,1,2,66,0.5
139,4504.281909,4503.555243,4503.715909,4504.228576,4507.104573,0,2.99999999999994,0.0299999999999997,5.99999999999996,2,1,65,0.5
140,4508.801904,4507.839905,4508.299238,4508.749238,4513.4239,1,2.99999999999994,0.0299999999999997,7.00000000000003,1,2,66,0.5
141,4515.085898,4514.321899,4514.525899,4515.085898,4520.529226,0,NaN,0,7.00000000000003,1,2,66,0.5
142,4522.013224,4521.329892,4521.416558,4521.959891,4527.984552,0,2.99999999999994,0.0299999999999997,5.99999999999996,2,1,65,0.5
143,4529.511884,4528.665884,4529.089217,4529.511884,4537.112543,1,NaN,0,5.99999999999996,2,1,65,0.5
144,4538.358541,4537.733875,4537.861875,4538.341875,4541.179205,0,2.99999999999994,0.0299999999999997,5.99999999999996,2,1,65,0.5
145,4542.497204,4541.679871,4542.000538,4542.443871,4545.685201,1,2.99999999999994,0.0299999999999997,7.00000000000003,1,2,66,0.5
146,4547.269866,4546.855866,4546.8732,4547.269866,4553.659193,0,NaN,0,7.00000000000003,1,2,66,0.5
147,4555.376524,4554.377859,4554.932525,4555.376524,4561.877851,1,NaN,0,5.99999999999996,2,1,65,0.5
148,4563.29585,4562.525184,4562.76585,4563.242517,4566.100514,0,2.99999999999994,0.0299999999999997,5.99999999999996,2,1,65,0.5
149,4567.481179,4567.091846,4567.093846,4567.481179,4573.414506,1,NaN,0,5.99999999999996,2,1,65,0.5
150,4574.842505,4573.909839,4574.274505,4574.789172,4578.002502,0,2.99999999999994,0.0299999999999997,5.99999999999996,2,1,65,0.5
151,4579.849833,4578.627834,4579.2985,4579.7965,4582.97783,1,2.99999999999994,0.0299999999999997,7.00000000000003,1,2,66,0.5
152,4584.297162,4583.994496,4583.995829,4584.243829,4587.246493,0,2.99999999999994,0.0299999999999997,5.99999999999996,2,1,65,0.5
153,4588.678491,4588.194492,4588.202492,4588.678491,4593.766486,1,NaN,0,5.99999999999996,2,1,65,0.5
154,4595.178485,4594.406485,4594.635818,4595.125151,4598.133815,0,2.99999999999994,0.0299999999999997,5.99999999999996,2,1,65,0.5
155,4599.881813,4598.796481,4599.36248,4599.82848,4603.03181,1,2.99999999999994,0.0299999999999997,7.00000000000003,1,2,66,0.5
156,4604.415142,4603.784476,4603.967143,4604.415142,4610.392469,0,NaN,0,7.00000000000003,1,2,66,0.5
157,4612.534467,4611.007135,4611.979801,4612.534467,4626.38312,1,NaN,0,5.99999999999996,2,1,65,0.5
158,4627.509119,4626.88512,4627.092453,4627.509119,4632.913114,1,NaN,0,5.99999999999996,2,1,65,0.5
159,4634.795778,4633.735113,4634.293779,4634.742445,4639.246441,1,2.99999999999994,0.0299999999999997,7.00000000000003,1,2,66,0.5
160,4640.911772,4640.18444,4640.323106,4640.911772,4646.708438,0,NaN,0,7.00000000000003,1,2,66,0.5
161,4648.491098,4647.276433,4648.008432,4648.491098,4653.398426,1,NaN,0,5.99999999999996,2,1,65,0.5
162,4663.038417,4661.251752,4661.434418,4663.038417,4668.709744,0,NaN,0,7.00000000000003,1,2,66,0.5
163,4671.048409,4670.201743,4670.571743,4671.048409,4676.71907,1,NaN,0,5.99999999999996,2,1,65,0.5
164,4678.197068,4677.164403,4677.660402,4678.197068,4684.045729,0,NaN,0,7.00000000000003,1,2,66,0.5
165,4686.975726,4684.673728,4686.13106,4686.975726,4717.301029,1,NaN,0,5.99999999999996,2,1,65,0.5
166,4719.109694,4718.405695,4718.575028,4719.056361,4726.587687,1,2.99999999999994,0.0299999999999997,7.00000000000003,1,2,66,0.5
167,4730.197016,4729.653017,4729.721017,4730.197016,4735.402344,0,NaN,0,7.00000000000003,1,2,66,0.5
168,4737.035676,4736.27901,4736.530343,4736.982343,4741.917005,0,2.99999999999994,0.0299999999999997,5.99999999999996,2,1,65,0.5
169,4745.068335,4743.996336,4744.571669,4745.068335,4751.414995,1,NaN,0,5.99999999999996,2,1,65,0.5
170,4752.84766,4752.018994,4752.415661,4752.84766,4759.461654,0,NaN,0,7.00000000000003,1,2,66,0.5
171,4762.278318,4761.325652,4761.741651,4762.224984,4765.380981,1,2.99999999999994,0.0299999999999997,7.00000000000003,1,2,66,0.5
172,4767.030313,4766.215647,4766.51898,4767.030313,4773.398973,0,NaN,0,7.00000000000003,1,2,66,0.5
173,4775.283638,4774.492305,4774.769638,4775.230305,4785.629628,0,2.99999999999994,0.0299999999999997,5.99999999999996,2,1,65,0.5
174,4787.669625,4786.924293,4787.145626,4787.616292,4792.095621,1,2.99999999999994,0.0299999999999997,7.00000000000003,1,2,66,0.5
175,4793.484953,4792.764287,4792.88029,4793.43162,4805.189608,0,2.99999999999994,0.0299999999999997,5.99999999999996,2,1,65,0.5
176,4814.151599,4812.966267,4813.334266,4814.098266,4816.87293,1,2.99999999999994,0.0299999999999997,7.00000000000003,1,2,66,0.5
177,4819.004261,4818.310261,4818.432928,4819.004261,4824.138256,0,NaN,0,7.00000000000003,1,2,66,0.5
178,4825.771587,4825.129588,4825.240255,4825.771587,4831.376915,0,NaN,0,7.00000000000003,1,2,66,0.5
179,4833.00358,4831.987581,4832.537581,4833.00358,4838.553575,1,NaN,0,5.99999999999996,2,1,65,0.5
180,4840.064906,4839.350907,4839.591574,4840.011573,4843.758236,0,2.99999999999994,0.0299999999999997,5.99999999999996,2,1,65,0.5
181,4845.576901,4844.570235,4845.040901,4845.523568,4847.879565,1,2.99999999999994,0.0299999999999997,7.00000000000003,1,2,66,0.5
182,4849.248231,4848.708898,4848.785564,4849.248231,4855.170891,0,NaN,0,7.00000000000003,1,2,66,0.5
183,4856.889556,4856.24289,4856.44689,4856.889556,4876.07487,1,NaN,0,5.99999999999996,2,1,65,0.5
184,4877.976868,4877.352202,4877.520869,4877.967535,4885.223528,0,2.99999999999994,0.0299999999999997,5.99999999999996,2,1,65,0.5
185,4886.664193,4886.03686,4886.233527,4886.664193,4894.958185,1,NaN,0,5.99999999999996,2,1,65,0.5
186,4896.390183,4895.788184,4895.853517,4896.33685,4899.56018,0,2.99999999999994,0.0299999999999997,5.99999999999996,2,1,65,0.5
187,4901.094179,4900.335513,4900.656179,4901.094179,4907.909505,1,NaN,0,5.99999999999996,2,1,65,0.5
188,4908.930171,4908.456171,4908.538838,4908.930171,4914.654165,0,NaN,0,7.00000000000003,1,2,66,0.5
189,4916.42283,4915.597498,4915.952164,4916.42283,4923.028157,1,NaN,0,5.99999999999996,2,1,65,0.5
190,4925.684821,4924.913488,4925.160821,4925.631487,4929.184151,0,2.99999999999994,0.0299999999999997,5.99999999999996,2,1,65,0.5
191,4930.539483,4929.762817,4929.984816,4930.539483,4937.708142,1,NaN,0,5.99999999999996,2,1,65,0.5
192,4939.68614,4938.708808,4939.103474,4939.68614,4945.910134,0,NaN,0,7.00000000000003,1,2,66,0.5
193,4947.410799,4946.581467,4946.961466,4947.410799,4954.070126,1,NaN,0,5.99999999999996,2,1,65,0.5
194,4955.192125,4954.522792,4954.802792,4955.192125,4959.926787,0,NaN,0,7.00000000000003,1,2,66,0.5
195,4961.318785,4960.759452,4960.872786,4961.318785,4967.880112,0,NaN,0,7.00000000000003,1,2,66,0.5
196,5205.107208,5203.265877,5203.55321,5205.053875,5218.034528,1,2.99999999999994,0.0299999999999997,7.00000000000003,1,2,66,0.5
197,5220.230526,5219.463194,5219.630527,5220.177193,5227.328519,1,2.99999999999994,0.0299999999999997,7.00000000000003,1,2,66,0.5
198,5229.203851,5228.528518,5228.627851,5229.203851,5233.52518,0,NaN,0,7.00000000000003,1,2,66,0.5
199,5236.455177,5235.631844,5235.970511,5236.455177,5260.144486,1,NaN,0,5.99999999999996,2,1,65,0.5
200,5261.669151,5260.863819,5261.122485,5261.615818,5270.781809,1,2.99999999999994,0.0299999999999997,7.00000000000003,1,2,66,0.5
201,5272.391807,5271.663808,5271.889141,5272.339141,5274.671805,1,2.99999999999994,0.0299999999999997,7.00000000000003,1,2,66,0.5
202,5276.58247,5276.00247,5276.135137,5276.58247,5283.386463,0,NaN,0,7.00000000000003,1,2,66,0.5
203,5284.979128,5284.176462,5284.491795,5284.925795,5299.52378,1,2.99999999999994,0.0299999999999997,7.00000000000003,1,2,66,0.5
204,5300.731779,5300.202446,5300.266446,5300.731779,5308.893104,0,NaN,0,7.00000000000003,1,2,66,0.5
205,5310.345103,5309.367104,5309.83777,5310.29177,5314.690432,1,2.99999999999994,0.0299999999999997,7.00000000000003,1,2,66,0.5
206,5316.27243,5315.433098,5315.711764,5316.27243,5322.428424,0,NaN,0,7.00000000000003,1,2,66,0.5
207,5323.873756,5323.05309,5323.416423,5323.873756,5330.876416,1,NaN,0,5.99999999999996,2,1,65,0.5
208,5332.317081,5331.373082,5331.852415,5332.317081,5337.600409,0,NaN,0,7.00000000000003,1,2,66,0.5
209,5338.983741,5338.289075,5338.551741,5338.983741,5342.493071,0,NaN,0,7.00000000000003,1,2,66,0.5
210,5345.667067,5345.057068,5345.247735,5345.667067,5351.321062,0,NaN,0,7.00000000000003,1,2,66,0.5
211,5353.395726,5351.910395,5352.83506,5353.342393,5357.241723,1,2.99999999999994,0.0299999999999997,7.00000000000003,1,2,66,0.5
212,5358.629055,5357.834389,5358.063722,5358.629055,5361.705051,0,NaN,0,7.00000000000003,1,2,66,0.5
213,5366.861713,5366.00638,5366.247047,5366.861713,5367.818379,1,NaN,0,5.99999999999996,2,1,65,0.5
214,5381.831698,5381.041032,5381.219699,5381.831698,5391.751021,0,NaN,0,7.00000000000003,1,2,66,0.5
215,5393.254353,5392.677687,5392.817687,5393.254353,5399.36568,0,NaN,0,7.00000000000003,1,2,66,0.5
216,5400.917679,5400.075013,5400.431013,5400.864346,5405.458341,1,2.99999999999994,0.0299999999999997,7.00000000000003,1,2,66,0.5
217,5407.059673,5406.21834,5406.553673,5407.059673,5414.060999,0,NaN,0,7.00000000000003,1,2,66,0.5
218,5415.612331,5414.638998,5415.027665,5415.558998,5416.86833,0,2.99999999999994,0.0299999999999997,5.99999999999996,2,1,65,0.5
219,5418.238328,5417.426996,5417.756329,5418.184995,5422.426991,1,2.99999999999994,0.0299999999999997,7.00000000000003,1,2,66,0.5
220,5424.247656,5423.40699,5423.590323,5424.247656,5429.70765,0,NaN,0,7.00000000000003,1,2,66,0.5
221,5431.559648,5430.844982,5431.065649,5431.506315,5436.32631,1,2.99999999999994,0.0299999999999997,7.00000000000003,1,2,66,0.5
222,5438.313641,5437.384976,5437.718309,5438.260308,5441.394972,0,2.99999999999994,0.0299999999999997,5.99999999999996,2,1,65,0.5
223,5442.677637,5441.956971,5442.217638,5442.677637,5448.918298,1,NaN,0,5.99999999999996,2,1,65,0.5
224,5450.420963,5449.500297,5449.830963,5450.367629,5453.525627,0,2.99999999999994,0.0299999999999997,5.99999999999996,2,1,65,0.5
225,5454.925625,5454.023626,5454.440959,5454.925625,5461.294285,1,NaN,0,5.99999999999996,2,1,65,0.5
226,5462.954284,5461.775618,5462.366951,5462.954284,5470.322943,0,NaN,0,7.00000000000003,1,2,66,0.5
227,5471.834275,5471.034275,5471.374942,5471.780941,5475.092938,1,2.99999999999994,0.0299999999999997,7.00000000000003,1,2,66,0.5
228,5476.569603,5475.742271,5476.03627,5476.569603,5481.750265,0,NaN,0,7.00000000000003,1,2,66,0.5
229,5483.12693,5482.323597,5482.686264,5483.12693,5488.882924,1,NaN,0,5.99999999999996,2,1,65,0.5
230,5490.484923,5489.51359,5489.958257,5490.431589,5493.268253,0,2.99999999999994,0.0299999999999997,5.99999999999996,2,1,65,0.5
231,5494.766918,5494.220919,5494.336919,5494.766918,5500.12358,1,NaN,0,5.99999999999996,2,1,65,0.5
232,5501.432912,5500.588246,5500.983579,5501.432912,5506.91624,0,NaN,0,7.00000000000003,1,2,66,0.5
233,5508.367571,5507.381572,5507.912905,5508.367571,5524.376889,1,NaN,0,5.99999999999996,2,1,65,0.5
234,5525.735554,5525.132221,5525.330221,5525.735554,5538.473541,1,NaN,0,5.99999999999996,2,1,65,0.5
235,5546.6642,5545.857534,5546.178867,5546.6642,5551.328862,0,NaN,0,7.00000000000003,1,2,66,0.5
236,5552.72686,5552.140861,5552.344194,5552.72686,5557.572189,0,NaN,0,7.00000000000003,1,2,66,0.5
237,5559.106854,5558.215522,5558.622855,5559.053521,5565.771514,1,2.99999999999994,0.0299999999999997,7.00000000000003,1,2,66,0.5
238,5566.934846,5566.31018,5566.40218,5566.921513,5570.526843,0,2.99999999999994,0.0299999999999997,5.99999999999996,2,1,65,0.5
239,5571.976841,5571.233509,5571.515508,5571.976841,5577.175503,1,NaN,0,5.99999999999996,2,1,65,0.5
240,5578.595501,5577.742835,5578.099502,5578.542168,5582.002164,0,2.99999999999994,0.0299999999999997,5.99999999999996,2,1,65,0.5
241,5583.316163,5582.506831,5582.880164,5583.316163,5588.392825,1,NaN,0,5.99999999999996,2,1,65,0.5
242,5589.626157,5588.904158,5589.051491,5589.572824,5592.88682,0,2.99999999999994,0.0299999999999997,5.99999999999996,2,1,65,0.5
243,5594.503485,5593.438153,5593.966153,5594.450152,5597.774149,1,2.99999999999994,0.0299999999999997,7.00000000000003,1,2,66,0.5
244,5599.205481,5598.371481,5598.658148,5599.152147,5602.123478,0,2.99999999999994,0.0299999999999997,5.99999999999996,2,1,65,0.5
245,5603.55681,5602.723477,5603.099477,5603.55681,5608.934804,1,NaN,0,5.99999999999996,2,1,65,0.5
246,5610.516136,5609.418137,5609.844803,5610.516136,5616.377463,0,NaN,0,7.00000000000003,1,2,66,0.5
247,5617.765462,5616.929463,5617.282796,5617.765462,5622.991457,1,NaN,0,5.99999999999996,2,1,65,0.5
248,5624.493455,5623.615456,5623.952123,5624.440122,5628.105452,0,2.99999999999994,0.0299999999999997,5.99999999999996,2,1,65,0.5
249,5629.696783,5628.769451,5629.040784,5629.64345,5632.348781,1,2.99999999999994,0.0299999999999997,7.00000000000003,1,2,66,0.5
250,5633.532113,5632.826114,5632.99878,5633.47878,5636.814776,0,2.99999999999994,0.0299999999999997,5.99999999999996,2,1,65,0.5
251,5639.249441,5638.438775,5638.754774,5639.249441,5644.777435,1,NaN,0,5.99999999999996,2,1,65,0.5
252,5645.950767,5645.326768,5645.506768,5645.934767,5649.108097,0,2.99999999999994,0.0299999999999997,5.99999999999996,2,1,65,0.5
253,5650.688762,5649.952763,5650.156096,5650.635429,5651.748761,1,2.99999999999994,0.0299999999999997,7.00000000000003,1,2,66,0.5
254,5653.06076,5652.341427,5652.542761,5653.007427,5655.929424,0,2.99999999999994,0.0299999999999997,5.99999999999996,2,1,65,0.5
255,5657.854089,5656.69809,5657.372756,5657.800755,5660.27542,1,2.99999999999994,0.0299999999999997,7.00000000000003,1,2,66,0.5
256,5661.609418,5660.984752,5661.173419,5661.601418,5664.703416,0,2.99999999999994,0.0299999999999997,5.99999999999996,2,1,65,0.5
257,5666.367413,5665.486081,5665.856081,5666.31408,5672.116741,1,2.99999999999994,0.0299999999999997,7.00000000000003,1,2,66,0.5
258,5673.486073,5672.741407,5672.97074,5673.433406,5679.294734,0,2.99999999999994,0.0299999999999997,5.99999999999996,2,1,65,0.5
259,5681.182732,5680.410066,5680.705399,5681.182732,5686.668726,1,NaN,0,5.99999999999996,2,1,65,0.5
260,5687.860059,5687.235393,5687.374726,5687.822059,5690.374723,0,2.99999999999994,0.0299999999999997,5.99999999999996,2,1,65,0.5
261,5691.821388,5690.943389,5691.316722,5691.768721,5696.654716,1,2.99999999999994,0.0299999999999997,7.00000000000003,1,2,66,0.5
262,5697.906049,5697.281382,5697.407382,5697.873382,5701.732711,0,2.99999999999994,0.0299999999999997,5.99999999999996,2,1,65,0.5
263,5703.375376,5702.570711,5702.849377,5703.322043,5708.246038,1,2.99999999999994,0.0299999999999997,7.00000000000003,1,2,66,0.5
264,5709.442704,5708.920704,5708.958704,5709.442704,5715.912031,0,NaN,0,7.00000000000003,1,2,66,0.5
265,5717.251363,5716.526697,5716.79803,5717.251363,5722.192024,1,NaN,0,5.99999999999996,2,1,65,0.5
266,5723.590023,5722.814024,5723.10869,5723.590023,5729.83735,0,NaN,0,7.00000000000003,1,2,66,0.5
267,5731.426015,5730.536683,5730.915349,5731.372682,5735.153345,1,2.99999999999994,0.0299999999999997,7.00000000000003,1,2,66,0.5
268,5736.68401,5736.059344,5736.176677,5736.636676,5739.586007,0,2.99999999999994,0.0299999999999997,5.99999999999996,2,1,65,0.5
269,5741.220005,5740.15934,5740.522006,5741.166672,5744.160669,1,2.99999999999994,0.0299999999999997,7.00000000000003,1,2,66,0.5
270,5745.215335,5744.651335,5744.717335,5745.162001,5747.950665,0,2.99999999999994,0.0299999999999997,5.99999999999996,2,1,65,0.5
271,5749.52133,5748.704664,5749.077997,5749.467997,5754.133992,1,2.99999999999994,0.0299999999999997,7.00000000000003,1,2,66,0.5
272,5755.180658,5754.544659,5754.750658,5755.180658,5759.922653,0,NaN,0,7.00000000000003,1,2,66,0.5
273,5762.134651,5761.171985,5761.665985,5762.134651,5767.934645,1,NaN,0,5.99999999999996,2,1,65,0.5
274,5769.509977,5768.621978,5768.951311,5769.456644,5772.239974,1,2.99999999999994,0.0299999999999997,7.00000000000003,1,2,66,0.5
275,5773.271973,5772.68464,5772.813974,5773.271973,5779.7413,0,NaN,0,7.00000000000003,1,2,66,0.5
276,5780.945299,5780.253966,5780.475299,5780.891966,5783.943963,0,2.99999999999994,0.0299999999999997,5.99999999999996,2,1,65,0.5
277,5785.359961,5784.455295,5784.893962,5785.306628,5788.308625,1,2.99999999999994,0.0299999999999997,7.00000000000003,1,2,66,0.5
278,5789.583957,5788.947291,5789.119291,5789.583957,5796.111284,0,NaN,0,7.00000000000003,1,2,66,0.5
279,5797.470616,5796.601283,5797.010616,5797.470616,5803.163277,0,NaN,0,7.00000000000003,1,2,66,0.5
280,5805.049941,5803.773943,5804.597275,5805.049941,5810.398603,1,NaN,0,5.99999999999996,2,1,65,0.5
281,5811.563268,5810.834602,5811.099269,5811.563268,5820.216593,0,NaN,0,7.00000000000003,1,2,66,0.5
282,5821.451925,5820.775259,5820.981925,5821.451925,5827.486586,1,NaN,0,5.99999999999996,2,1,65,0.5
283,5829.095917,5828.149918,5828.609918,5829.042584,5832.196581,1,2.99999999999994,0.0299999999999997,7.00000000000003,1,2,66,0.5
284,5833.804579,5832.95658,5833.275247,5833.751246,5837.918575,0,2.99999999999994,0.0299999999999997,5.99999999999996,2,1,65,0.5
285,5839.33324,5838.931241,5838.935241,5839.33324,5844.581235,1,NaN,0,5.99999999999996,2,1,65,0.5
286,5846.029234,5845.269901,5845.587234,5846.029234,5853.32856,0,NaN,0,7.00000000000003,1,2,66,0.5
287,5854.757892,5853.875893,5854.290559,5854.704558,5859.727887,0,2.99999999999994,0.0299999999999997,5.99999999999996,2,1,65,0.5
288,5861.976551,5861.073885,5861.461218,5861.923218,5864.587882,1,2.99999999999994,0.0299999999999997,7.00000000000003,1,2,66,0.5
289,5866.023214,5865.161881,5865.397881,5865.969881,5871.173209,0,2.99999999999994,0.0299999999999997,5.99999999999996,2,1,65,0.5
290,5872.547874,5872.114541,5872.117874,5872.547874,5878.847868,1,NaN,0,5.99999999999996,2,1,65,0.5
291,5880.181866,5879.4872,5879.734533,5880.181866,5885.096528,1,NaN,0,5.99999999999996,2,1,65,0.5
292,5886.424527,5885.602528,5885.981194,5886.424527,5893.383186,0,NaN,0,7.00000000000003,1,2,66,0.5
293,5894.806518,5893.806519,5894.342519,5894.806518,5901.001179,0,NaN,0,7.00000000000003,1,2,66,0.5
294,5902.175844,5901.411178,5901.649178,5902.122511,5905.335841,1,2.99999999999994,0.0299999999999997,7.00000000000003,1,2,66,0.5
295,5906.846506,5905.950507,5906.271174,5906.793173,5910.05517,0,2.99999999999994,0.0299999999999997,5.99999999999996,2,1,65,0.5
296,5912.174501,5911.282502,5911.663168,5912.121168,5915.365831,1,2.99999999999994,0.0299999999999997,7.00000000000003,1,2,66,0.5
297,5916.84783,5916.21783,5916.368497,5916.84783,5923.261157,0,NaN,0,7.00000000000003,1,2,66,0.5
298,5924.415155,5923.684489,5923.959823,5924.415155,5931.175815,0,NaN,0,7.00000000000003,1,2,66,0.5
299,5932.699147,5931.542482,5932.224481,5932.699147,5937.137809,0,NaN,0,7.00000000000003,1,2,66,0.5
300,5941.111139,5939.37914,5940.419806,5941.057805,5944.989801,1,2.99999999999994,0.0299999999999997,7.00000000000003,1,2,66,0.5
301,5946.426467,5945.680467,5945.873801,5946.426467,5953.403126,0,NaN,0,7.00000000000003,1,2,66,0.5
302,5954.650458,5953.932459,5954.202459,5954.650458,5959.408454,0,NaN,0,7.00000000000003,1,2,66,0.5
303,5961.444452,5960.01912,5960.979785,5961.444452,5995.645084,1,NaN,0,5.99999999999996,2,1,65,0.5
304,6008.570405,5999.403747,5999.524414,6008.570405,6014.463732,0,NaN,0,7.00000000000003,1,2,66,0.5
305,6015.933731,6015.195731,6015.339064,6015.933731,6021.741725,0,NaN,0,7.00000000000003,1,2,66,0.5
306,6026.711053,6025.603054,6025.872387,6026.65772,6056.399023,1,2.99999999999994,0.0299999999999997,7.00000000000003,1,2,66,0.5
307,6060.639019,6058.247688,6058.319021,6060.639019,6066.673013,0,NaN,0,7.00000000000003,1,2,66,0.5
308,6068.045678,6067.475679,6067.665012,6068.045678,6072.797674,1,NaN,0,5.99999999999996,2,1,65,0.5
309,6075.397671,6074.244339,6074.589672,6075.397671,6081.886331,0,NaN,0,7.00000000000003,1,2,66,0.5
310,6085.526328,6084.901662,6085.063661,6085.490328,6087.959659,1,2.99999999999994,0.0299999999999997,7.00000000000003,1,2,66,0.5
311,6090.17499,6089.443657,6089.74699,6090.17499,6096.408317,0,NaN,0,7.00000000000003,1,2,66,0.5
312,6097.686982,6096.896983,6097.296982,6097.686982,6100.570979,0,NaN,0,7.00000000000003,1,2,66,0.5
313,6104.367642,6103.601643,6103.746309,6104.367642,6207.475539,0,NaN,0,7.00000000000003,1,2,66,0.5
314,6209.756203,6208.346871,6208.516871,6209.756203,6227.049519,1,NaN,0,5.99999999999996,2,1,65,0.5
315,6228.500851,6227.695519,6227.876185,6228.447518,6232.771514,1,2.99999999999994,0.0299999999999997,7.00000000000003,1,2,66,0.5
316,6240.083506,6233.994846,6234.210179,6240.030173,6242.982837,0,2.99999999999994,0.0299999999999997,5.99999999999996,2,1,65,0.5
317,6244.493502,6243.868836,6243.980169,6244.447502,6253.060827,1,2.99999999999994,0.0299999999999997,7.00000000000003,1,2,66,0.5
318,6255.914824,6255.290158,6255.412158,6255.894157,6259.034821,0,2.99999999999994,0.0299999999999997,5.99999999999996,2,1,65,0.5
319,6260.746152,6259.976153,6260.196153,6260.746152,6266.386813,1,NaN,0,5.99999999999996,2,1,65,0.5
320,6267.678812,6267.054146,6267.259479,6267.667479,6270.506143,0,2.99999999999994,0.0299999999999997,5.99999999999996,2,1,65,0.5
321,6272.427474,6271.581475,6271.912808,6272.374141,6280.958799,1,2.99999999999994,0.0299999999999997,7.00000000000003,1,2,66,0.5
322,6284.037462,6283.04213,6283.46813,6284.037462,6290.749456,0,NaN,0,7.00000000000003,1,2,66,0.5
323,6292.435454,6291.822788,6291.902121,6292.435454,6299.128781,1,NaN,0,5.99999999999996,2,1,65,0.5
324,6300.737446,6299.810113,6300.28278,6300.684112,6303.615443,1,2.99999999999994,0.0299999999999997,7.00000000000003,1,2,66,0.5
325,6305.006775,6304.340109,6304.561442,6305.006775,6310.532103,0,NaN,0,7.00000000000003,1,2,66,0.5
326,6311.838101,6311.104102,6311.416768,6311.784769,6315.464098,0,2.99999999999994,0.0299999999999997,5.99999999999996,2,1,65,0.5
327,6316.986096,6316.166097,6316.568763,6316.986096,6323.000757,1,NaN,0,5.99999999999996,2,1,65,0.5
328,6324.597422,6323.881423,6324.034089,6324.544089,6328.148752,1,2.99999999999994,0.0299999999999997,7.00000000000003,1,2,66,0.5
329,6329.257417,6328.644751,6328.774084,6329.257417,6336.526077,0,NaN,0,7.00000000000003,1,2,66,0.5
330,6337.876075,6337.063409,6337.408742,6337.822742,6340.952072,0,2.99999999999994,0.0299999999999997,5.99999999999996,2,1,65,0.5
331,6342.405404,6341.756738,6341.936071,6342.352071,6345.147401,1,2.99999999999994,0.0299999999999997,7.00000000000003,1,2,66,0.5
332,6346.4874,6345.780067,6345.966734,6346.434067,6349.546064,0,2.99999999999994,0.0299999999999997,5.99999999999996,2,1,65,0.5
333,6350.739396,6350.04473,6350.290729,6350.739396,6357.486056,1,NaN,0,5.99999999999996,2,1,65,0.5
334,6360.538719,6359.86072,6360.122053,6360.538719,6360.922052,1,NaN,0,5.99999999999996,2,1,65,0.5
335,6367.100046,6366.326047,6366.492713,6367.046713,6373.549373,1,2.99999999999994,0.0299999999999997,7.00000000000003,1,2,66,0.5
336,6375.025371,6374.284039,6374.432039,6374.972038,6378.987367,0,2.99999999999994,0.0299999999999997,5.99999999999996,2,1,65,0.5
337,6380.1207,6379.4727,6379.703367,6380.1207,6386.04536,1,NaN,0,5.99999999999996,2,1,65,0.5
338,6387.564026,6386.56536,6387.138693,6387.564026,6393.21202,1,NaN,0,5.99999999999996,2,1,65,0.5
339,6394.714018,6393.877353,6394.312019,6394.714018,6399.871347,1,NaN,0,5.99999999999996,2,1,65,0.5
340,6401.209345,6400.396679,6400.756012,6401.156012,6405.303341,0,2.99999999999994,0.0299999999999997,5.99999999999996,2,1,65,0.5
341,6407.084673,6405.905341,6406.656006,6407.084673,6412.406667,1,NaN,0,5.99999999999996,2,1,65,0.5
342,6413.669333,6412.993333,6413.292667,6413.669333,6419.803327,1,NaN,0,5.99999999999996,2,1,65,0.5
343,6421.429992,6420.438659,6420.975992,6421.429992,6427.530652,1,NaN,0,5.99999999999996,2,1,65,0.5
344,6429.61065,6428.096652,6429.069984,6429.557317,6433.228647,1,2.99999999999994,0.0299999999999997,7.00000000000003,1,2,66,0.5
345,6434.477979,6433.791313,6433.945979,6434.424645,6435.898644,0,2.99999999999994,0.0299999999999997,5.99999999999996,2,1,65,0.5
346,6437.410642,6436.56131,6436.979309,6437.410642,6452.537294,1,NaN,0,5.99999999999996,2,1,65,0.5
347,6454.506625,6453.701959,6453.977959,6454.453292,6458.286622,1,2.99999999999994,0.0299999999999997,7.00000000000003,1,2,66,0.5
348,6459.84062,6459.267287,6459.363954,6459.787287,6462.64995,0,2.99999999999994,0.0299999999999997,5.99999999999996,2,1,65,0.5
349,6464.377282,6463.617283,6463.925949,6464.377282,6469.567277,1,NaN,0,5.99999999999996,2,1,65,0.5
350,6471.167942,6470.233943,6470.683276,6471.114609,6473.994606,1,2.99999999999994,0.0299999999999997,7.00000000000003,1,2,66,0.5
351,6475.195271,6474.571272,6474.714605,6475.179938,6477.613936,0,2.99999999999994,0.0299999999999997,5.99999999999996,2,1,65,0.5
352,6478.941268,6478.239935,6478.504601,6478.941268,6485.391261,1,NaN,0,5.99999999999996,2,1,65,0.5
353,6486.75926,6485.851927,6486.351927,6486.75926,6492.409254,1,NaN,0,5.99999999999996,2,1,65,0.5
354,6494.137252,6493.627253,6493.741253,6494.137252,6509.271904,0,NaN,0,7.00000000000003,1,2,66,0.5
355,6511.081902,6510.301903,6510.555903,6511.028569,6514.787232,1,2.99999999999994,0.0299999999999997,7.00000000000003,1,2,66,0.5
356,6516.2119,6515.641231,6515.719897,6516.158564,6520.308559,0,2.99999999999994,0.0299999999999997,5.99999999999996,2,1,65,0.5
357,6521.314558,6520.773892,6520.889226,6521.314558,6526.302554,1,NaN,0,5.99999999999996,2,1,65,0.5
358,6544.818535,6543.458536,6544.083202,6544.765202,6551.008529,0,2.99999999999994,0.0299999999999997,5.99999999999996,2,1,65,0.5
359,6552.679194,6551.993861,6552.089194,6552.625861,6555.293858,1,2.99999999999994,0.0299999999999997,7.00000000000003,1,2,66,0.5
360,6557.169856,6556.622523,6556.65519,6557.116523,6559.88052,0,2.99999999999994,0.0299999999999997,5.99999999999996,2,1,65,0.5
361,6561.293185,6560.469186,6560.809186,6561.239852,6566.115847,1,2.99999999999994,0.0299999999999997,7.00000000000003,1,2,66,0.5
362,6567.553846,6566.92918,6567.023179,6567.515179,6571.572508,0,2.99999999999994,0.0299999999999997,5.99999999999996,2,1,65,0.5
363,6573.102507,6572.412507,6572.62184,6573.102507,6578.935168,1,NaN,0,5.99999999999996,2,1,65,0.5
364,6580.759832,6579.389834,6580.253166,6580.706499,6584.354495,1,2.99999999999994,0.0299999999999997,7.00000000000003,1,2,66,0.5
365,6585.787827,6585.163161,6585.320494,6585.775827,6587.334492,0,2.99999999999994,0.0299999999999997,5.99999999999996,2,1,65,0.5
366,6588.653824,6587.911159,6588.124492,6588.600491,6595.385151,1,2.99999999999994,0.0299999999999997,7.00000000000003,1,2,66,0.5
367,6596.44315,6595.908484,6595.973817,6596.389817,6600.437813,0,2.99999999999994,0.0299999999999997,5.99999999999996,2,1,65,0.5
368,6601.623145,6600.870479,6601.231812,6601.623145,6607.024473,1,NaN,0,5.99999999999996,2,1,65,0.5
369,6608.438471,6607.578472,6608.001805,6608.438471,6614.746465,1,NaN,0,5.99999999999996,2,1,65,0.5
370,6616.843796,6616.08713,6616.32313,6616.79113,6619.229127,0,2.99999999999994,0.0299999999999997,5.99999999999996,2,1,65,0.5
371,6621.120459,6620.307126,6620.695126,6621.120459,6626.559787,1,NaN,0,5.99999999999996,2,1,65,0.5
372,6627.919119,6627.046453,6627.517119,6627.919119,6634.209779,1,NaN,0,5.99999999999996,2,1,65,0.5
373,6635.717777,6634.754445,6635.273778,6635.717777,6642.307771,1,NaN,0,5.99999999999996,2,1,65,0.5
374,6643.885769,6643.40977,6643.48377,6643.835769,6645.507768,0,2.99999999999994,0.0299999999999997,5.99999999999996,2,1,65,0.5
375,6649.71843,6649.183764,6649.269097,6649.71843,6654.777092,1,NaN,0,5.99999999999996,2,1,65,0.5
376,6656.096424,6655.335758,6655.721091,6656.096424,6661.858418,1,NaN,0,5.99999999999996,2,1,65,0.5
377,6663.677749,6662.355751,6663.243083,6663.677749,6802.88361,1,NaN,0,5.99999999999996,2,1,65,0.5
378,6804.827608,6804.218276,6804.264942,6804.827608,6830.960249,0,NaN,0,7.00000000000003,1,2,66,0.5
379,6843.092237,6842.468237,6842.538904,6843.092237,6879.146867,1,NaN,0,5.99999999999996,2,1,65,0.5
380,6881.675531,6880.277533,6880.394199,6881.622198,6886.622193,1,2.99999999999994,0.0299999999999997,7.00000000000003,1,2,66,0.5
381,6888.886858,6888.262192,6888.378191,6888.850858,6892.010188,0,2.99999999999994,0.0299999999999997,5.99999999999996,2,1,65,0.5
382,6893.700853,6892.926854,6893.164853,6893.647519,6896.385517,1,2.99999999999994,0.0299999999999997,7.00000000000003,1,2,66,0.5
383,6897.496182,6896.986183,6897.038183,6897.442849,6899.723513,0,2.99999999999994,0.0299999999999997,5.99999999999996,2,1,65,0.5
384,6901.528845,6900.778179,6901.097512,6901.528845,6907.460839,1,NaN,0,5.99999999999996,2,1,65,0.5
385,6908.919505,6907.971505,6908.432171,6908.866171,6912.130168,1,2.99999999999994,0.0299999999999997,7.00000000000003,1,2,66,0.5
386,6913.426166,6912.894167,6912.918167,6913.372833,6915.786831,0,2.99999999999994,0.0299999999999997,5.99999999999996,2,1,65,0.5
387,6917.019496,6916.298163,6916.564163,6917.019496,6923.664156,1,NaN,0,5.99999999999996,2,1,65,0.5
388,6925.278154,6924.195492,6924.798822,6925.224821,6928.623485,1,2.99999999999994,0.0299999999999997,7.00000000000003,1,2,66,0.5
389,6929.715483,6929.124151,6929.220151,6929.66215,6932.052814,0,2.99999999999994,0.0299999999999997,5.99999999999996,2,1,65,0.5
390,6933.40348,6932.706814,6932.94548,6933.40348,6939.039474,1,NaN,0,5.99999999999996,2,1,65,0.5
391,6940.264806,6939.506807,6939.826807,6940.264806,6945.445468,1,NaN,0,5.99999999999996,2,1,65,0.5
392,6947.407466,6946.899466,6946.953466,6947.407466,6953.61946,1,NaN,0,5.99999999999996,2,1,65,0.5
393,6954.996791,6954.160126,6954.539459,6954.943458,6961.688118,1,2.99999999999994,0.0299999999999997,7.00000000000003,1,2,66,0.5
394,6963.768783,6963.296783,6963.338116,6963.768783,6969.635443,1,NaN,0,5.99999999999996,2,1,65,0.5
395,6971.314108,6970.199443,6970.896776,6971.314108,6977.542769,1,NaN,0,5.99999999999996,2,1,65,0.5
396,6979.398767,6978.146768,6978.917434,6979.345434,6983.39743,1,2.99999999999994,0.0299999999999997,7.00000000000003,1,2,66,0.5
397,6984.548762,6983.924096,6984.078762,6984.525429,6986.578093,0,2.99999999999994,0.0299999999999997,5.99999999999996,2,1,65,0.5
398,6987.799425,6987.150759,6987.382759,6987.799425,6993.641419,1,NaN,0,5.99999999999996,2,1,65,0.5
399,6995.132085,6994.118086,6994.709418,6995.132085,7000.37408,1,NaN,0,5.99999999999996,2,1,65,0.5
400,7001.668745,7000.840079,7001.185412,7001.615411,7003.912076,0,2.99999999999994,0.0299999999999997,5.99999999999996,2,1,65,0.5
401,7005.506074,7004.842742,7005.087408,7005.506074,7010.365403,1,NaN,0,5.99999999999996,2,1,65,0.5
402,7015.946064,7015.168065,7015.462064,7015.892731,7022.998723,0,2.99999999999994,0.0299999999999997,5.99999999999996,2,1,65,0.5
403,7024.360055,7023.708723,7023.897389,7024.360055,7028.597385,1,NaN,0,5.99999999999996,2,1,65,0.5
404,7030.742049,7029.88805,7030.301383,7030.742049,7036.697376,1,NaN,0,5.99999999999996,2,1,65,0.5
405,7038.288708,7037.182043,7037.851375,7038.288708,7043.314703,1,NaN,0,5.99999999999996,2,1,65,0.5
406,7044.486035,7043.757369,7044.050036,7044.432702,7047.545366,0,2.99999999999994,0.0299999999999997,5.99999999999996,2,1,65,0.5
407,7049.88203,7048.622698,7049.35403,7049.828697,7054.831358,1,2.99999999999994,0.0299999999999997,7.00000000000003,1,2,66,0.5
408,7056.391357,7055.714691,7055.830691,7056.338023,7059.975354,0,2.99999999999994,0.0299999999999997,5.99999999999996,2,1,65,0.5
409,7064.260682,7063.60935,7063.788683,7064.260682,7069.750677,1,NaN,0,5.99999999999996,2,1,65,0.5
410,7071.254675,7070.20401,7070.756009,7071.201342,7074.210006,1,2.99999999999994,0.0299999999999997,7.00000000000003,1,2,66,0.5
411,7075.362004,7074.798672,7074.922005,7075.362004,7082.259331,0,NaN,0,7.00000000000003,1,2,66,0.5
412,7084.129329,7083.423996,7083.678663,7084.129329,7167.358579,1,NaN,0,5.99999999999996,2,1,65,0.5
413,7170.134576,7169.069911,7169.373244,7170.081243,7173.885906,1,2.99999999999994,0.0299999999999997,7.00000000000003,1,2,66,0.5
414,7176.06657,7175.346571,7175.421904,7176.013237,7179.008567,0,2.99999999999994,0.0299999999999997,5.99999999999996,2,1,65,0.5
415,7181.270565,7180.557899,7180.771899,7181.217232,7186.465893,1,2.99999999999994,0.0299999999999997,7.00000000000003,1,2,66,0.5
416,7188.004558,7187.379892,7187.480559,7187.952559,7191.067889,0,2.99999999999994,0.0299999999999997,5.99999999999996,2,1,65,0.5
417,7192.662554,7191.897221,7192.226555,7192.662554,7198.189215,1,NaN,0,5.99999999999996,2,1,65,0.5
418,7199.747213,7198.748548,7199.199881,7199.69388,7203.035877,1,2.99999999999994,0.0299999999999997,7.00000000000003,1,2,66,0.5
419,7204.218542,7203.518543,7203.678543,7204.165209,7207.282539,0,2.99999999999994,0.0299999999999997,5.99999999999996,2,1,65,0.5
420,7208.987204,7208.030538,7208.461871,7208.933871,7213.277867,1,2.99999999999994,0.0299999999999997,7.00000000000003,1,2,66,0.5
421,7214.399199,7213.845199,7213.926533,7214.399199,7221.097859,0,NaN,0,7.00000000000003,1,2,66,0.5
422,7222.389857,7221.559192,7221.933191,7222.389857,7229.67385,0,NaN,0,7.00000000000003,1,2,66,0.5
423,7233.741846,7233.05118,7233.207847,7233.741846,7238.407175,0,NaN,0,7.00000000000003,1,2,66,0.5
424,7239.958507,7238.993174,7239.515174,7239.958507,7245.355168,1,NaN,0,5.99999999999996,2,1,65,0.5
425,7246.419167,7245.794501,7245.995167,7246.407833,7249.378497,0,2.99999999999994,0.0299999999999997,5.99999999999996,2,1,65,0.5
426,7251.083162,7249.936497,7250.559163,7251.029829,7253.528493,1,2.99999999999994,0.0299999999999997,7.00000000000003,1,2,66,0.5
427,7254.844492,7254.219826,7254.335825,7254.803825,7257.641155,0,2.99999999999994,0.0299999999999997,5.99999999999996,2,1,65,0.5
428,7258.985821,7258.215155,7258.554488,7258.985821,7264.144482,1,NaN,0,5.99999999999996,2,1,65,0.5
429,7265.193815,7264.640482,7264.753148,7265.140481,7268.063145,0,2.99999999999994,0.0299999999999997,5.99999999999996,2,1,65,0.5
430,7269.782477,7268.816478,7269.257144,7269.729143,7273.031807,1,2.99999999999994,0.0299999999999997,7.00000000000003,1,2,66,0.5
431,7274.222472,7273.643806,7273.745139,7274.222472,7280.216466,0,NaN,0,7.00000000000003,1,2,66,0.5
432,7281.450465,7280.689799,7280.913799,7281.397132,7283.983796,0,2.99999999999994,0.0299999999999997,5.99999999999996,2,1,65,0.5
433,7285.525128,7284.508462,7284.989795,7285.471794,7288.507791,1,2.99999999999994,0.0299999999999997,7.00000000000003,1,2,66,0.5
434,7289.77779,7289.153124,7289.267791,7289.72779,7292.556454,0,2.99999999999994,0.0299999999999997,5.99999999999996,2,1,65,0.5
435,7294.070452,7293.145787,7293.38912,7294.070452,7300.632446,1,NaN,0,5.99999999999996,2,1,65,0.5
436,7303.22311,7301.839778,7302.631777,7303.169777,7306.633773,1,2.99999999999994,0.0299999999999997,7.00000000000003,1,2,66,0.5
437,7307.965772,7307.341106,7307.435772,7307.917105,7310.457769,0,2.99999999999994,0.0299999999999997,5.99999999999996,2,1,65,0.5
438,7312.195101,7311.255769,7311.606435,7312.141768,7314.771765,1,2.99999999999994,0.0299999999999997,7.00000000000003,1,2,66,0.5
439,7320.797092,7320.004426,7320.31776,7320.797092,7326.805086,0,NaN,0,7.00000000000003,1,2,66,0.5
440,7327.906419,7327.259086,7327.475752,7327.906419,7338.535741,0,NaN,0,7.00000000000003,1,2,66,0.5
441,7340.226406,7339.34574,7339.71574,7340.173073,7342.749738,1,2.99999999999994,0.0299999999999997,7.00000000000003,1,2,66,0.5
442,7343.891069,7343.29307,7343.37507,7343.837736,7346.787066,0,2.99999999999994,0.0299999999999997,5.99999999999996,2,1,65,0.5
443,7348.289065,7347.369066,7347.781065,7348.236398,7352.519061,1,2.99999999999994,0.0299999999999997,7.00000000000003,1,2,66,0.5
444,7354.033726,7353.40906,7353.530393,7353.994392,7356.92639,0,2.99999999999994,0.0299999999999997,5.99999999999996,2,1,65,0.5
445,7358.487721,7357.575056,7357.973055,7358.434388,7361.095719,1,2.99999999999994,0.0299999999999997,7.00000000000003,1,2,66,0.5
446,7362.303717,7361.821718,7361.846385,7362.303717,7368.335045,0,NaN,0,7.00000000000003,1,2,66,0.5
447,7369.43171,7368.731044,7368.955711,7369.43171,7374.643039,0,NaN,0,7.00000000000003,1,2,66,0.5
448,7375.748371,7375.239038,7375.316371,7375.695037,7378.277035,0,2.99999999999994,0.0299999999999997,5.99999999999996,2,1,65,0.5
449,7380.408366,7379.421034,7379.894367,7380.355033,7382.806364,1,2.99999999999994,0.0299999999999997,7.00000000000003,1,2,66,0.5
450,7383.977029,7383.338363,7383.499696,7383.977029,7389.904357,0,NaN,0,7.00000000000003,1,2,66,0.5
451,7391.336355,7390.317023,7390.851689,7391.336355,7401.854345,0,NaN,0,7.00000000000003,1,2,66,0.5
452,7403.914343,7403.308343,7403.418343,7403.861676,7406.95034,0,2.99999999999994,0.0299999999999997,5.99999999999996,2,1,65,0.5
453,7408.848338,7408.026338,7408.449005,7408.848338,7414.612999,1,NaN,0,5.99999999999996,2,1,65,0.5
454,7416.79433,7415.256331,7416.33633,7416.79433,7425.952987,1,NaN,0,5.99999999999996,2,1,65,0.5
455,7428.090318,7427.201653,7427.563652,7428.036985,7430.508316,1,2.99999999999994,0.0299999999999997,7.00000000000003,1,2,66,0.5
456,7431.815648,7431.236315,7431.372982,7431.762315,7434.768978,0,2.99999999999994,0.0299999999999997,5.99999999999996,2,1,65,0.5
457,7436.39831,7435.439644,7435.884311,7436.344977,7439.39964,1,2.99999999999994,0.0299999999999997,7.00000000000003,1,2,66,0.5
458,7440.575639,7439.960973,7440.076973,7440.522306,7443.20097,0,2.99999999999994,0.0299999999999997,5.99999999999996,2,1,65,0.5
459,7444.532969,7443.760969,7444.129636,7444.532969,7450.108963,1,NaN,0,5.99999999999996,2,1,65,0.5
460,7451.776295,7450.554963,7451.359628,7451.776295,7457.340956,1,NaN,0,5.99999999999996,2,1,65,0.5
461,7461.142952,7460.578286,7460.708286,7461.142952,7466.421613,0,NaN,0,7.00000000000003,1,2,66,0.5
462,7468.117612,7467.141613,7467.638945,7468.117612,7475.391604,0,NaN,0,7.00000000000003,1,2,66,0.5
463,7477.572269,7475.823604,7477.004936,7477.572269,7482.949597,0,NaN,0,7.00000000000003,1,2,66,0.5
464,7487.330926,7485.527594,7486.204927,7487.277593,7489.882257,0,2.99999999999994,0.0299999999999997,5.99999999999996,2,1,65,0.5
465,7491.670921,7491.277589,7491.279589,7491.617588,7494.664252,1,2.99999999999994,0.0299999999999997,7.00000000000003,1,2,66,0.5
466,7496.24625,7495.317584,7495.592918,7496.24625,7502.423577,0,NaN,0,7.00000000000003,1,2,66,0.5
467,7503.894909,7503.270243,7503.507576,7503.870909,7507.452906,0,2.99999999999994,0.0299999999999997,5.99999999999996,2,1,65,0.5
468,7509.058237,7508.008238,7508.584238,7509.004904,7513.214233,1,2.99999999999994,0.0299999999999997,7.00000000000003,1,2,66,0.5
469,7514.438232,7513.830899,7514.008232,7514.438232,7520.610226,0,NaN,0,7.00000000000003,1,2,66,0.5
470,7522.158891,7521.278892,7521.683558,7522.105558,7525.052221,0,2.99999999999994,0.0299999999999997,5.99999999999996,2,1,65,0.5
471,7526.55622,7526.119554,7526.126887,7526.502887,7529.056217,1,2.99999999999994,0.0299999999999997,7.00000000000003,1,2,66,0.5
472,7530.218216,7529.51955,7529.714883,7530.218216,7536.712876,0,NaN,0,7.00000000000003,1,2,66,0.5
473,7538.059542,7537.16621,7537.609542,7538.006208,7540.533539,0,2.99999999999994,0.0299999999999997,5.99999999999996,2,1,65,0.5
474,7542.222871,7541.782871,7541.788871,7542.169538,7544.774868,1,2.99999999999994,0.0299999999999997,7.00000000000003,1,2,66,0.5
475,7545.9902,7545.260868,7545.496868,7545.936867,7548.334865,0,2.99999999999994,0.0299999999999997,5.99999999999996,2,1,65,0.5
476,7549.80553,7548.849531,7549.320864,7549.752197,7552.84486,1,2.99999999999994,0.0299999999999997,7.00000000000003,1,2,66,0.5
477,7554.308859,7553.700859,7553.808859,7554.255526,7556.801523,0,2.99999999999994,0.0299999999999997,5.99999999999996,2,1,65,0.5
478,7558.246855,7557.456189,7557.832189,7558.246855,7564.318849,1,NaN,0,5.99999999999996,2,1,65,0.5
479,7566.220847,7564.799515,7565.744181,7566.220847,7566.600847,1,NaN,0,5.99999999999996,2,1,65,0.5
480,7574.645505,7573.752839,7574.039506,7574.592172,7579.182167,0,2.99999999999994,0.0299999999999997,5.99999999999996,2,1,65,0.5
481,7581.322832,7580.368166,7580.799499,7581.269499,7583.928829,1,2.99999999999994,0.0299999999999997,7.00000000000003,1,2,66,0.5
482,7585.164161,7584.539495,7584.655495,7585.128828,7588.214158,0,2.99999999999994,0.0299999999999997,5.99999999999996,2,1,65,0.5
483,7589.63549,7588.682824,7589.128157,7589.582157,7592.743487,1,2.99999999999994,0.0299999999999997,7.00000000000003,1,2,66,0.5
484,7593.994152,7593.357486,7593.532153,7593.994152,7599.478147,0,NaN,0,7.00000000000003,1,2,66,0.5
485,7601.039479,7600.072146,7600.599479,7601.039479,7605.322141,0,NaN,0,7.00000000000003,1,2,66,0.5
486,7610.014803,7609.318804,7609.484804,7610.014803,7678.531401,1,NaN,0,5.99999999999996,2,1,65,0.5
487,7681.492065,7680.589399,7680.810066,7681.492065,7686.958059,0,NaN,0,7.00000000000003,1,2,66,0.5
488,7688.763391,7687.764725,7688.004058,7688.763391,7695.835384,1,NaN,0,5.99999999999996,2,1,65,0.5
489,7697.648715,7696.974716,7697.126049,7697.648715,7703.728043,0,NaN,0,7.00000000000003,1,2,66,0.5
490,7705.568041,7704.274042,7704.764042,7705.514708,7708.542038,1,2.99999999999994,0.0299999999999997,7.00000000000003,1,2,66,0.5
491,7710.086036,7709.344037,7709.41537,7710.086036,7715.556698,0,NaN,0,7.00000000000003,1,2,66,0.5
492,7716.95603,7715.97203,7716.455363,7716.95603,7723.161357,1,NaN,0,5.99999999999996,2,1,65,0.5
493,7724.967356,7723.954023,7724.536689,7724.967356,7734.584012,1,NaN,0,5.99999999999996,2,1,65,0.5
494,7738.220675,7737.338009,7737.700675,7738.167342,7741.420005,1,2.99999999999994,0.0299999999999997,7.00000000000003,1,2,66,0.5
495,7742.578671,7741.977338,7742.115338,7742.525337,7745.017335,0,2.99999999999994,0.0299999999999997,5.99999999999996,2,1,65,0.5
496,7747.128666,7746.328667,7746.688,7747.128666,7764.873982,1,NaN,0,5.99999999999996,2,1,65,0.5
497,7766.273314,7765.522648,7765.697981,7766.273314,7800.547279,1,NaN,0,5.99999999999996,2,1,65,0.5
498,7802.173278,7801.597945,7801.639945,7802.119944,7807.011273,0,2.99999999999994,0.0299999999999997,5.99999999999996,2,1,65,0.5
499,7813.4946,7812.869934,7813.0046,7813.4906,7818.005928,1,2.99999999999994,0.0299999999999997,7.00000000000003,1,2,66,0.5
500,7819.853927,7819.201261,7819.38926,7819.853927,7827.732585,0,NaN,0,7.00000000000003,1,2,66,0.5
501,7829.64725,7828.521918,7829.091917,7829.593917,7832.256581,1,2.99999999999994,0.0299999999999997,7.00000000000003,1,2,66,0.5
502,7833.59058,7832.86058,7833.105247,7833.537246,7835.719911,0,2.99999999999994,0.0299999999999997,5.99999999999996,2,1,65,0.5
503,7837.266576,7836.292577,7836.72191,7837.213243,7839.80924,1,2.99999999999994,0.0299999999999997,7.00000000000003,1,2,66,0.5
504,7840.930572,7840.355239,7840.447239,7840.930572,7845.868567,0,NaN,0,7.00000000000003,1,2,66,0.5
505,7847.501899,7846.635233,7847.091899,7847.501899,7864.457215,1,NaN,0,5.99999999999996,2,1,65,0.5
506,7866.52588,7865.793881,7866.108547,7866.52588,7875.921204,1,NaN,0,5.99999999999996,2,1,65,0.5
507,7876.989869,7876.493203,7876.53187,7876.936536,7879.046534,0,2.99999999999994,0.0299999999999997,5.99999999999996,2,1,65,0.5
508,7880.877199,7879.868533,7880.361199,7880.823866,7883.28053,1,2.99999999999994,0.0299999999999997,7.00000000000003,1,2,66,0.5
509,7884.522529,7883.947196,7884.041862,7884.469195,7886.910526,0,2.99999999999994,0.0299999999999997,5.99999999999996,2,1,65,0.5
510,7888.263858,7887.463859,7887.810525,7888.263858,7893.257187,1,NaN,0,5.99999999999996,2,1,65,0.5
511,7894.255852,7893.652519,7893.811186,7894.255852,7897.513182,1,NaN,0,5.99999999999996,2,1,65,0.5
512,7900.715179,7900.13918,7900.198513,7900.661846,7903.289177,0,2.99999999999994,0.0299999999999997,5.99999999999996,2,1,65,0.5
513,7904.660508,7903.871843,7904.225842,7904.660508,7911.699168,1,NaN,0,5.99999999999996,2,1,65,0.5
514,7913.383166,7912.259834,7912.443834,7913.329833,7916.655163,0,2.99999999999994,0.0299999999999997,5.99999999999996,2,1,65,0.5
515,7918.582495,7917.595162,7918.114495,7918.582495,7937.652475,1,NaN,0,5.99999999999996,2,1,65,0.5
516,7939.291807,7938.405808,7938.746474,7939.238474,7941.475805,1,2.99999999999994,0.0299999999999997,7.00000000000003,1,2,66,0.5
517,7942.845137,7942.108471,7942.346471,7942.791804,7947.022466,0,2.99999999999994,0.0299999999999997,5.99999999999996,2,1,65,0.5
518,7948.513798,7947.781132,7948.133798,7948.513798,7950.557796,1,NaN,0,5.99999999999996,2,1,65,0.5
519,7962.797117,7961.948451,7962.155118,7962.797117,7972.389774,1,NaN,0,5.99999999999996,2,1,65,0.5
520,7973.519773,7972.955773,7973.08444,7973.46644,7978.497101,0,2.99999999999994,0.0299999999999997,5.99999999999996,2,1,65,0.5
521,7981.255099,7980.220433,7980.715099,7981.201765,7985.584428,1,2.99999999999994,0.0299999999999997,7.00000000000003,1,2,66,0.5
522,7986.674427,7986.068427,7986.151094,7986.621093,7990.753089,0,2.99999999999994,0.0299999999999997,5.99999999999996,2,1,65,0.5
523,7992.028421,7991.227755,7991.659088,7992.028421,7998.351748,1,NaN,0,5.99999999999996,2,1,65,0.5
524,7999.96708,7999.032414,7999.54108,7999.96708,8005.066408,1,NaN,0,5.99999999999996,2,1,65,0.5
525,8007.601739,8006.829073,8007.119073,8007.601739,8012.621067,0,NaN,0,7.00000000000003,1,2,66,0.5
526,8015.520398,8014.851732,8015.056398,8015.520398,8035.865711,1,NaN,0,5.99999999999996,2,1,65,0.5
527,8037.450376,8036.65771,8036.93771,8037.397042,8041.937038,1,2.99999999999994,0.0299999999999997,7.00000000000003,1,2,66,0.5
528,8043.08837,8042.374371,8042.457037,8043.035037,8044.876368,0,2.99999999999994,0.0299999999999997,5.99999999999996,2,1,65,0.5
529,8046.137034,8045.817034,8045.819034,8046.137034,8062.871684,1,NaN,0,5.99999999999996,2,1,65,0.5
530,8064.693015,8063.721683,8064.131016,8064.639682,8067.369679,1,2.99999999999994,0.0299999999999997,7.00000000000003,1,2,66,0.5
531,8068.483011,8067.907679,8067.981678,8068.429678,8071.051675,0,2.99999999999994,0.0299999999999997,5.99999999999996,2,1,65,0.5
532,8072.847674,8071.626342,8072.415674,8072.847674,8075.019671,1,NaN,0,5.99999999999996,2,1,65,0.5
533,8097.211649,8096.34565,8096.426317,8097.158316,8100.278313,0,2.99999999999994,0.0299999999999997,5.99999999999996,2,1,65,0.5
534,8101.628978,8100.692312,8101.181645,8101.628978,8215.810197,1,NaN,0,5.99999999999996,2,1,65,0.5
535,8217.844195,8217.162863,8217.266863,8217.790862,8223.248857,0,2.99999999999994,0.0299999999999997,5.99999999999996,2,1,65,0.5
536,8224.950855,8223.867523,8224.384855,8224.898188,8228.198185,1,2.99999999999994,0.0299999999999997,7.00000000000003,1,2,66,0.5
537,8229.49285,8228.868185,8228.970851,8229.454184,8231.671515,0,2.99999999999994,0.0299999999999997,5.99999999999996,2,1,65,0.5
538,8233.574846,8232.594181,8233.05218,8233.521513,8236.568843,1,2.99999999999994,0.0299999999999997,7.00000000000003,1,2,66,0.5
539,8237.655509,8237.114843,8237.186176,8237.655509,8242.606171,0,NaN,0,7.00000000000003,1,2,66,0.5
540,8244.26817,8243.164837,8243.804169,8244.214836,8246.5355,0,2.99999999999994,0.0299999999999997,5.99999999999996,2,1,65,0.5
541,8248.280831,8247.412832,8247.814832,8248.280831,8252.990827,1,NaN,0,5.99999999999996,2,1,65,0.5
542,8259.334154,8258.618821,8258.775488,8259.280821,8263.47215,1,2.99999999999994,0.0299999999999997,7.00000000000003,1,2,66,0.5
543,8264.896815,8263.960149,8264.452149,8264.896815,8273.205474,1,NaN,0,5.99999999999996,2,1,65,0.5
544,8274.834805,8273.960139,8274.301472,8274.781472,8277.569469,1,2.99999999999994,0.0299999999999997,7.00000000000003,1,2,66,0.5
545,8278.574801,8278.055468,8278.103468,8278.521468,8280.618799,0,2.99999999999994,0.0299999999999997,5.99999999999996,2,1,65,0.5
546,8281.952131,8281.126799,8281.539465,8281.952131,8286.528127,1,NaN,0,5.99999999999996,2,1,65,0.5
547,8288.570791,8288.104125,8288.137458,8288.517458,8291.048789,0,2.99999999999994,0.0299999999999997,5.99999999999996,2,1,65,0.5
548,8292.491454,8291.534788,8292.046788,8292.491454,8531.443882,1,NaN,0,5.99999999999996,2,1,65,0.5
549,8534.179879,8532.931214,8533.08388,8534.126546,8535.213878,0,2.99999999999994,0.0299999999999997,5.99999999999996,2,1,65,0.5
550,8541.301872,8540.117206,8540.40854,8541.301872,8551.191195,1,NaN,0,5.99999999999996,2,1,65,0.5
551,8553.420526,8552.359194,8552.91986,8553.420526,8570.384509,1,NaN,0,5.99999999999996,2,1,65,0.5
552,8572.048508,8571.193842,8571.521842,8572.048508,8613.1158,1,NaN,0,5.99999999999996,2,1,65,0.5
553,8614.463132,8613.912466,8614.036466,8614.463132,8628.257785,1,NaN,0,5.99999999999996,2,1,65,0.5
554,8631.007782,8630.09845,8630.623783,8631.007782,8631.462448,1,NaN,0,5.99999999999996,2,1,65,0.5
555,8645.360434,8644.597769,8644.795102,8645.360434,8645.723767,0,NaN,0,7.00000000000003,1,2,66,0.5
556,8656.040424,8655.331091,8655.397758,8656.040424,8685.355061,1,NaN,0,5.99999999999996,2,1,65,0.5
557,8687.271726,8686.65106,8686.70106,8687.219059,8688.118392,1,2.99999999999994,0.0299999999999997,7.00000000000003,1,2,66,0.5
558,8696.90705,8696.394383,8696.41705,8696.90705,8721.237692,0,NaN,0,7.00000000000003,1,2,66,0.5
559,8744.877668,8744.047669,8744.487669,8744.877668,8753.164993,1,NaN,0,5.99999999999996,2,1,65,0.5
560,8768.264978,8764.689648,8765.080981,8768.264978,8768.406978,1,NaN,0,5.99999999999996,2,1,65,0.5
561,8799.60628,8786.983626,8787.132293,NaN,NaN,NaN,NaN,0,5.99999999999996,2,1,65,0.5
562,8826.089587,8813.951599,8814.211599,8826.036254,8842.495571,0,2.99999999999994,0.0299999999999997,5.99999999999996,2,1,65,0.5
563,8845.743567,8843.49957,8843.73157,8845.690234,8853.41756,0,2.99999999999994,0.0299999999999997,5.99999999999996,2,1,65,0.5
564,8854.579559,8853.960226,8854.128226,8854.579559,8857.838889,1,NaN,0,5.99999999999996,2,1,65,0.5
565,8862.884884,8862.134884,8862.462884,8862.884884,8891.208189,1,NaN,0,5.99999999999996,2,1,65,0.5
566,8901.800178,8900.995512,8901.390845,8901.800178,8904.661508,1,NaN,0,5.99999999999996,2,1,65,0.5
567,8909.54617,8908.537505,8908.740838,8909.54617,8918.914828,1,NaN,0,5.99999999999996,2,1,65,0.5
568,8931.218815,8929.882817,8930.01615,8931.218815,8955.618124,1,NaN,0,5.99999999999996,2,1,65,0.5
569,8957.120123,8956.447457,8956.683456,8957.120123,8966.442113,1,NaN,0,5.99999999999996,2,1,65,0.5
570,8970.278776,8969.533444,8969.752777,8970.278776,8970.408776,1,NaN,0,5.99999999999996,2,1,65,0.5
571,8985.296094,8984.278763,8984.432762,8985.296094,8985.459428,1,NaN,0,5.99999999999996,2,1,65,0.5
572,8998.035415,8997.260749,8997.286083,8997.982082,9003.578076,0,2.99999999999994,0.0299999999999997,5.99999999999996,2,1,65,0.5
573,9007.419406,9006.92274,9006.975406,9007.419406,9113.512633,1,NaN,0,5.99999999999996,2,1,65,0.5
574,9115.322631,9114.459965,9114.521299,9115.269298,9120.229293,0,2.99999999999994,0.0299999999999997,5.99999999999996,2,1,65,0.5
575,9124.073956,9122.975957,9123.499956,9124.020622,9126.997286,1,2.99999999999994,0.0299999999999997,7.00000000000003,1,2,66,0.5
576,9128.400618,9127.775952,9127.883952,9128.389951,9131.502615,0,2.99999999999994,0.0299999999999997,5.99999999999996,2,1,65,0.5
577,9134.258612,9133.183947,9133.61728,9134.258612,9135.419278,1,NaN,0,5.99999999999996,2,1,65,0.5
578,9142.98927,9142.245938,9142.369938,9142.935937,9146.499933,0,2.99999999999994,0.0299999999999997,5.99999999999996,2,1,65,0.5
579,9149.78993,9148.759264,9149.162597,9149.736597,9152.139261,1,2.99999999999994,0.0299999999999997,7.00000000000003,1,2,66,0.5
580,9153.34126,9152.703927,9152.866594,9153.34126,9158.125922,0,NaN,0,7.00000000000003,1,2,66,0.5
581,9159.95792,9159.303254,9159.434587,9159.904587,9161.589252,0,2.99999999999994,0.0299999999999997,5.99999999999996,2,1,65,0.5
582,9164.410582,9163.632583,9163.918583,9164.410582,9164.702582,1,NaN,0,5.99999999999996,2,1,65,0.5
583,9173.191907,9171.813908,9172.589241,9173.191907,9178.168568,0,NaN,0,7.00000000000003,1,2,66,0.5
584,9179.452567,9178.896568,9178.950568,9179.3999,9181.832565,0,2.99999999999994,0.0299999999999997,5.99999999999996,2,1,65,0.5
585,9183.846563,9182.572564,9183.31523,9183.793229,9186.90456,1,2.99999999999994,0.0299999999999997,7.00000000000003,1,2,66,0.5
586,9187.994558,9187.495892,9187.569226,9187.994558,9197.302549,0,NaN,0,7.00000000000003,1,2,66,0.5
587,9198.671214,9197.997882,9198.151882,9198.671214,9203.935209,0,NaN,0,7.00000000000003,1,2,66,0.5
588,9205.991874,9204.646542,9205.447208,9205.938541,9209.143204,1,2.99999999999994,0.0299999999999997,7.00000000000003,1,2,66,0.5
589,9210.611203,9209.622537,9210.06987,9210.557869,9212.282534,0,2.99999999999994,0.0299999999999997,5.99999999999996,2,1,65,0.5
590,9214.082532,9212.7372,9213.527866,9214.029199,9216.815196,1,2.99999999999994,0.0299999999999997,7.00000000000003,1,2,66,0.5
591,9218.187862,9217.269196,9217.703195,9218.187862,9226.355853,0,NaN,0,7.00000000000003,1,2,66,0.5
592,9228.527185,9227.547186,9228.087185,9228.527185,9237.861842,0,NaN,0,7.00000000000003,1,2,66,0.5
593,9239.59584,9238.525841,9239.111841,9239.542507,9244.125169,1,2.99999999999994,0.0299999999999997,7.00000000000003,1,2,66,0.5
594,9245.166501,9244.604502,9244.703835,9245.166501,9250.003163,0,NaN,0,7.00000000000003,1,2,66,0.5
595,9252.207161,9251.219829,9251.697161,9252.153828,9254.397159,1,2.99999999999994,0.0299999999999997,7.00000000000003,1,2,66,0.5
596,9255.787157,9254.861825,9255.307158,9255.787157,9276.38247,0,NaN,0,7.00000000000003,1,2,66,0.5
597,9278.390468,9277.587136,9278.013135,9278.390468,9280.800466,1,NaN,0,5.99999999999996,2,1,65,0.5
598,9288.982457,9288.218458,9288.562458,9288.982457,9300.939779,1,NaN,0,5.99999999999996,2,1,65,0.5
599,9301.927778,9301.360445,9301.528445,9301.927778,9327.019086,1,NaN,0,5.99999999999996,2,1,65,0.5
600,9328.465752,9328.022418,9328.089085,9328.465752,9335.148411,1,NaN,0,5.99999999999996,2,1,65,0.5
601,9339.020407,9338.071075,9338.591741,9338.967074,9340.415739,1,2.99999999999994,0.0299999999999997,7.00000000000003,1,2,66,0.5
602,9341.763071,9341.138405,9341.360405,9341.716405,9344.673735,0,2.99999999999994,0.0299999999999997,5.99999999999996,2,1,65,0.5
603,9346.169067,9345.320401,9345.731067,9346.169067,9352.571727,1,NaN,0,5.99999999999996,2,1,65,0.5
604,9361.087052,9360.226386,9360.626386,9361.087052,9384.943695,1,NaN,0,5.99999999999996,2,1,65,0.5
605,9386.773026,9385.768361,9386.21836,9386.719693,9389.671023,1,2.99999999999994,0.0299999999999997,7.00000000000003,1,2,66,0.5
606,9390.907022,9390.282356,9390.435023,9390.871022,9393.156353,0,2.99999999999994,0.0299999999999997,5.99999999999996,2,1,65,0.5
607,9394.605019,9393.689686,9394.133019,9394.551685,9397.219683,1,2.99999999999994,0.0299999999999997,7.00000000000003,1,2,66,0.5
608,9398.569015,9397.827682,9398.091015,9398.515681,9402.514344,0,2.99999999999994,0.0299999999999997,5.99999999999996,2,1,65,0.5
609,9403.953009,9403.081677,9403.48301,9403.953009,9409.009004,1,NaN,0,5.99999999999996,2,1,65,0.5
610,9411.401668,9410.675002,9410.914336,9411.348335,9418.572328,0,2.99999999999994,0.0299999999999997,5.99999999999996,2,1,65,0.5
611,9421.634991,9420.792326,9421.124325,9421.581658,9424.320322,1,2.99999999999994,0.0299999999999997,7.00000000000003,1,2,66,0.5
612,9425.584321,9424.990988,9425.126321,9425.530988,9426.632987,0,2.99999999999994,0.0299999999999997,5.99999999999996,2,1,65,0.5
613,9428.119652,9427.251653,9427.630986,9428.119652,9431.343648,1,NaN,0,5.99999999999996,2,1,65,0.5
614,9435.752311,9434.384979,9434.990978,9435.698977,9438.460975,1,2.99999999999994,0.0299999999999997,7.00000000000003,1,2,66,0.5
615,9440.126306,9439.350974,9439.612974,9440.126306,9446.786966,0,NaN,0,7.00000000000003,1,2,66,0.5
616,9448.226298,9447.305632,9447.758965,9448.226298,9452.824294,1,NaN,0,5.99999999999996,2,1,65,0.5
617,9455.334291,9454.665625,9454.878958,9455.334291,9466.26028,1,NaN,0,5.99999999999996,2,1,65,0.5
618,9467.855612,9466.888946,9467.364948,9467.802279,9470.410276,1,2.99999999999994,0.0299999999999997,7.00000000000003,1,2,66,0.5
619,9471.714941,9471.014942,9471.200942,9471.714941,9480.687599,0,NaN,0,7.00000000000003,1,2,66,0.5
620,9482.036931,9481.360932,9481.554265,9481.983598,9485.885594,0,2.99999999999994,0.0299999999999997,5.99999999999996,2,1,65,0.5
621,9487.918925,9486.91626,9487.420259,9487.865592,9491.064255,1,2.99999999999994,0.0299999999999997,7.00000000000003,1,2,66,0.5
622,9492.238254,9491.613588,9491.773588,9492.204921,9495.199585,0,2.99999999999994,0.0299999999999997,5.99999999999996,2,1,65,0.5
623,9496.634916,9495.798917,9496.225584,9496.634916,9498.627581,1,NaN,0,5.99999999999996,2,1,65,0.5
624,9504.410909,9503.771576,9503.956909,9504.410909,9522.145558,1,NaN,0,5.99999999999996,2,1,65,0.5
625,9523.516223,9522.631557,9523.03089,9523.46289,9527.078886,1,2.99999999999994,0.0299999999999997,7.00000000000003,1,2,66,0.5
626,9528.486218,9527.727552,9527.956885,9528.432885,9531.292882,0,2.99999999999994,0.0299999999999997,5.99999999999996,2,1,65,0.5
627,9532.735547,9531.889548,9532.283548,9532.735547,9620.746792,1,NaN,0,5.99999999999996,2,1,65,0.5
628,9622.409457,9621.682125,9621.809458,9622.409457,9641.013439,0,NaN,0,7.00000000000003,1,2,66,0.5
629,9642.436104,9641.503438,9641.922771,9642.382771,9646.199434,1,2.99999999999994,0.0299999999999997,7.00000000000003,1,2,66,0.5
630,9647.272766,9646.656766,9646.758766,9647.272766,9653.62876,0,NaN,0,7.00000000000003,1,2,66,0.5
631,9656.382757,9655.926091,9655.996757,9656.382757,9661.934085,1,NaN,0,5.99999999999996,2,1,65,0.5
632,9663.003417,9662.387417,9662.543417,9663.003417,9679.888733,1,NaN,0,5.99999999999996,2,1,65,0.5
633,9681.298732,9680.381399,9680.822066,9681.245399,9683.371396,1,2.99999999999994,0.0299999999999997,7.00000000000003,1,2,66,0.5
634,9684.506729,9683.933396,9684.002729,9684.453395,9687.426726,0,2.99999999999994,0.0299999999999997,5.99999999999996,2,1,65,0.5
635,9688.972057,9688.669391,9688.676058,9688.972057,9700.24338,1,NaN,0,5.99999999999996,2,1,65,0.5
636,9701.949378,9701.088045,9701.460045,9701.896045,9704.795375,1,2.99999999999994,0.0299999999999997,7.00000000000003,1,2,66,0.5
637,9705.832707,9705.326708,9705.353374,9705.832707,9717.726695,0,NaN,0,7.00000000000003,1,2,66,0.5
638,9723.351356,9722.522691,9722.894024,9723.298023,9725.97002,1,2.99999999999994,0.0299999999999997,7.00000000000003,1,2,66,0.5
639,9727.256019,9726.631353,9726.826686,9727.212019,9729.486684,0,2.99999999999994,0.0299999999999997,5.99999999999996,2,1,65,0.5
640,9730.918682,9730.01935,9730.457349,9730.865349,9733.58068,1,2.99999999999994,0.0299999999999997,7.00000000000003,1,2,66,0.5
641,9734.740678,9734.138012,9734.259346,9734.687345,9736.977343,0,2.99999999999994,0.0299999999999997,5.99999999999996,2,1,65,0.5
642,9738.768008,9738.369341,9738.370675,9738.714674,9741.392005,1,2.99999999999994,0.0299999999999997,7.00000000000003,1,2,66,0.5
643,9742.394671,9741.843338,9741.956004,9742.394671,9742.949337,0,NaN,0,7.00000000000003,1,2,66,0.5
644,9756.018657,9755.274658,9755.501324,9755.965324,9759.618654,1,2.99999999999994,0.0299999999999997,7.00000000000003,1,2,66,0.5
645,9760.779319,9760.154653,9760.277986,9760.731986,9763.929316,0,2.99999999999994,0.0299999999999997,5.99999999999996,2,1,65,0.5
646,9765.399314,9764.379315,9764.890648,9765.345981,9767.775312,1,2.99999999999994,0.0299999999999997,7.00000000000003,1,2,66,0.5
647,9768.843978,9768.237978,9768.300648,9768.843978,9769.203977,0,NaN,0,7.00000000000003,1,2,66,0.5
648,9783.403296,9782.687297,9782.92663,9783.349963,9786.301293,1,2.99999999999994,0.0299999999999997,7.00000000000003,1,2,66,0.5
649,9787.379292,9786.827293,9786.91396,9787.379292,9793.963286,0,NaN,0,7.00000000000003,1,2,66,0.5
650,9795.301284,9794.635952,9794.893285,9795.301284,9801.591945,1,NaN,0,5.99999999999996,2,1,65,0.5
651,9804.939941,9803.59861,9804.487275,9804.939941,9805.627941,0,NaN,0,7.00000000000003,1,2,66,0.5
652,9812.931934,9811.965935,9812.095934,9812.931934,9823.12259,0,NaN,0,7.00000000000003,1,2,66,0.5
653,9824.513255,9823.642589,9824.087256,9824.513255,9824.879255,1,NaN,0,5.99999999999996,2,1,65,0.5
654,9847.321232,9834.698578,9834.761245,NaN,10127.057619,NaN,NaN,0,7.00000000000003,1,2,66,0.5
655,10128.936951,10128.175618,10128.270952,10128.936951,10129.732283,0,NaN,0,7.00000000000003,1,2,66,0.5
656,10138.258942,10137.359609,10137.682942,10138.206275,10140.814939,1,2.99999999999994,0.0299999999999997,7.00000000000003,1,2,66,0.5
657,10142.560937,10141.846271,10141.934938,10142.560937,10149.376264,0,NaN,0,7.00000000000003,1,2,66,0.5
658,10154.957591,10154.024259,10154.456925,10154.957591,10165.889581,1,NaN,0,5.99999999999996,2,1,65,0.5
659,10167.739579,10167.006913,10167.242246,10167.739579,10167.909579,1,NaN,0,5.99999999999996,2,1,65,0.5
660,10180.284233,10179.088901,10179.524234,10180.2309,10183.091563,1,2.99999999999994,0.0299999999999997,7.00000000000003,1,2,66,0.5
661,10184.211562,10183.586896,10183.678229,10184.163562,10189.68289,0,2.99999999999994,0.0299999999999997,5.99999999999996,2,1,65,0.5
662,10191.436888,10190.436223,10190.922889,10191.383555,10195.762884,1,2.99999999999994,0.0299999999999997,7.00000000000003,1,2,66,0.5
663,10197.088883,10196.414217,10196.606883,10197.035549,10200.734879,0,2.99999999999994,0.0299999999999997,5.99999999999996,2,1,65,0.5
664,10202.280211,10201.854211,10201.864878,10202.226878,10205.338874,1,2.99999999999994,0.0299999999999997,7.00000000000003,1,2,66,0.5
665,10206.546873,10205.902874,10206.068207,10206.546873,10212.306201,0,NaN,0,7.00000000000003,1,2,66,0.5
666,10217.098196,10216.21553,10216.680863,10217.098196,10223.146857,1,NaN,0,5.99999999999996,2,1,65,0.5
667,10225.200855,10224.124856,10224.679522,10225.200855,10225.572188,0,NaN,0,7.00000000000003,1,2,66,0.5
668,10233.30218,10232.539514,10232.881514,10233.30218,10242.427504,1,NaN,0,5.99999999999996,2,1,65,0.5
669,10245.614834,10244.523502,10245.110835,10245.562167,10248.450831,1,2.99999999999994,0.0299999999999997,7.00000000000003,1,2,66,0.5
670,10249.74883,10249.175497,10249.268831,10249.74883,10269.96681,0,NaN,0,7.00000000000003,1,2,66,0.5
671,10271.122142,10270.416809,10270.606809,10271.122142,10304.532775,1,NaN,0,5.99999999999996,2,1,65,0.5
672,10306.094107,10305.286774,10305.624107,10306.040774,10308.438105,1,2.99999999999994,0.0299999999999997,7.00000000000003,1,2,66,0.5
673,10309.890103,10308.963437,10309.452104,10309.890103,10327.308086,0,NaN,0,7.00000000000003,1,2,66,0.5
674,10328.490085,10327.790085,10328.011418,10328.490085,10339.196741,1,NaN,0,5.99999999999996,2,1,65,0.5
675,10341.182072,10340.289406,10340.766072,10341.182072,10357.316722,1,NaN,0,5.99999999999996,2,1,65,0.5
676,10359.178054,10358.136055,10358.626721,10359.124721,10361.703385,1,2.99999999999994,0.0299999999999997,7.00000000000003,1,2,66,0.5
677,10363.10205,10362.364051,10362.594717,10363.048717,10365.902714,0,2.99999999999994,0.0299999999999997,5.99999999999996,2,1,65,0.5
678,10368.216045,10366.75738,10367.703379,10368.162712,10371.232709,0,2.99999999999994,0.0299999999999997,5.99999999999996,2,1,65,0.5
679,10372.966707,10371.864708,10372.104708,10372.913374,10378.115368,0,2.99999999999994,0.0299999999999997,5.99999999999996,2,1,65,0.5
680,10381.043365,10380.104033,10380.537366,10380.990032,10383.810696,1,2.99999999999994,0.0299999999999997,7.00000000000003,1,2,66,0.5
681,10385.369361,10384.414695,10384.717362,10385.369361,10393.45002,0,NaN,0,7.00000000000003,1,2,66,0.5
682,10399.470014,10398.852681,10399.011347,10399.41668,10405.238008,0,2.99999999999994,0.0299999999999997,5.99999999999996,2,1,65,0.5
683,10406.974673,10405.858007,10406.458673,10406.922006,10410.027336,1,2.99999999999994,0.0299999999999997,7.00000000000003,1,2,66,0.5
684,10411.475335,10410.773336,10410.952002,10411.475335,10415.059998,0,NaN,0,7.00000000000003,1,2,66,0.5
685,10421.911325,10421.499325,10421.503325,10421.857992,10424.378655,1,2.99999999999994,0.0299999999999997,7.00000000000003,1,2,66,0.5
686,10426.381987,10425.663987,10425.897987,10426.381987,10432.329314,0,NaN,0,7.00000000000003,1,2,66,0.5
687,10434.979311,10433.196647,10434.215312,10434.979311,10450.441963,1,NaN,0,5.99999999999996,2,1,65,0.5
688,10451.819295,10451.000629,10451.245295,10451.819295,10452.363294,1,NaN,0,5.99999999999996,2,1,65,0.5
689,10467.691279,10467.185279,10467.217946,10467.691279,10479.983933,0,NaN,0,7.00000000000003,1,2,66,0.5
690,10482.043931,10480.532599,10481.077932,10481.990598,10484.417262,1,2.99999999999994,0.0299999999999997,7.00000000000003,1,2,66,0.5
691,10485.913927,10485.025261,10485.360594,10485.860594,10488.800591,0,2.99999999999994,0.0299999999999997,5.99999999999996,2,1,65,0.5
692,10490.412589,10489.669257,10489.985256,10490.412589,10502.356577,1,NaN,0,5.99999999999996,2,1,65,0.5
693,10504.770575,10504.034576,10504.315909,10504.770575,10505.004575,1,NaN,0,5.99999999999996,2,1,65,0.5
694,10514.816565,10513.657233,10514.227232,10514.763232,10518.812561,1,2.99999999999994,0.0299999999999997,7.00000000000003,1,2,66,0.5
695,10520.097226,10519.325227,10519.549227,10520.043893,10521.535225,0,2.99999999999994,0.0299999999999997,5.99999999999996,2,1,65,0.5
696,10523.682556,10522.71389,10523.143223,10523.629223,10526.828553,0,2.99999999999994,0.0299999999999997,5.99999999999996,2,1,65,0.5
697,10529.139884,10528.087885,10528.586551,10529.086551,10532.386547,1,2.99999999999994,0.0299999999999997,7.00000000000003,1,2,66,0.5
698,10534.177879,10533.005213,10533.62988,10534.177879,10542.64787,0,NaN,0,7.00000000000003,1,2,66,0.5
699,10544.305869,10543.20787,10543.783869,10544.252536,10547.156533,1,2.99999999999994,0.0299999999999997,7.00000000000003,1,2,66,0.5
700,10548.505198,10547.694532,10547.899199,10548.505198,10549.047864,0,NaN,0,7.00000000000003,1,2,66,0.5
701,10596.26715,10593.824486,10593.878486,10596.213817,10598.637148,1,2.99999999999994,0.0299999999999997,7.00000000000003,1,2,66,0.5
702,10600.664479,10600.039813,10600.141813,10600.654479,10605.972474,0,2.99999999999994,0.0299999999999997,5.99999999999996,2,1,65,0.5
703,10607.480472,10607.018473,10607.025139,10607.427139,10610.18647,1,2.99999999999994,0.0299999999999997,7.00000000000003,1,2,66,0.5
704,10611.597802,10610.919802,10611.086469,10611.544468,10615.307131,0,2.99999999999994,0.0299999999999997,5.99999999999996,2,1,65,0.5
705,10616.88313,10615.914464,10616.329797,10616.829796,10619.801127,1,2.99999999999994,0.0299999999999997,7.00000000000003,1,2,66,0.5
706,10621.157792,10620.413126,10620.608459,10621.104459,10623.632456,0,2.99999999999994,0.0299999999999997,5.99999999999996,2,1,65,0.5
707,10625.351788,10624.930455,10624.935788,10625.298454,10628.883784,1,2.99999999999994,0.0299999999999997,7.00000000000003,1,2,66,0.5
708,10630.479116,10629.427117,10629.885117,10630.479116,10635.109778,0,NaN,0,7.00000000000003,1,2,66,0.5
709,10637.720442,10636.566443,10637.143776,10637.720442,10639.172441,0,NaN,0,7.00000000000003,1,2,66,0.5
710,10648.731764,10647.806432,10648.217098,10648.678431,10651.121762,1,2.99999999999994,0.0299999999999997,7.00000000000003,1,2,66,0.5
711,10652.629761,10651.773095,10652.087094,10652.576427,10655.221758,0,2.99999999999994,0.0299999999999997,5.99999999999996,2,1,65,0.5
712,10657.535756,10656.403757,10656.957756,10657.482422,10660.348419,1,2.99999999999994,0.0299999999999997,7.00000000000003,1,2,66,0.5
713,10661.501085,10660.753086,10660.980419,10661.501085,10671.398408,0,NaN,0,7.00000000000003,1,2,66,0.5
714,10672.726407,10671.905741,10672.133074,10672.673074,10673.813739,1,2.99999999999994,0.0299999999999997,7.00000000000003,1,2,66,0.5
715,10675.429071,10674.760405,10674.963071,10675.429071,10684.743728,0,NaN,0,7.00000000000003,1,2,66,0.5
716,10686.112394,10685.175728,10685.634394,10686.05906,10690.485056,1,2.99999999999994,0.0299999999999997,7.00000000000003,1,2,66,0.5
717,10691.940388,10690.987055,10691.434388,10691.887055,10695.162385,0,2.99999999999994,0.0299999999999997,5.99999999999996,2,1,65,0.5
718,10696.662383,10695.815717,10696.24505,10696.662383,10701.575045,1,NaN,0,5.99999999999996,2,1,65,0.5
719,10702.96171,10702.071711,10702.495044,10702.908377,10706.935706,1,2.99999999999994,0.0299999999999997,7.00000000000003,1,2,66,0.5
720,10708.295705,10707.380372,10707.808372,10708.295705,10708.891038,0,NaN,0,7.00000000000003,1,2,66,0.5
721,10717.896362,10717.144363,10717.449696,10717.896362,10718.247028,1,NaN,0,5.99999999999996,2,1,65,0.5
722,10728.132352,10727.393686,10727.574352,10728.132352,10743.825003,1,NaN,0,5.99999999999996,2,1,65,0.5
723,10745.223668,10744.285002,10744.740335,10745.223668,10752.650327,1,NaN,0,5.99999999999996,2,1,65,0.5
724,10753.868993,10753.226327,10753.462326,10753.868993,10765.689647,1,NaN,0,5.99999999999996,2,1,65,0.5
725,10767.518312,10766.580313,10767.032313,10767.464979,10769.92231,1,2.99999999999994,0.0299999999999997,7.00000000000003,1,2,66,0.5
726,10771.280309,10770.474309,10770.752976,10771.226975,10774.553639,0,2.99999999999994,0.0299999999999997,5.99999999999996,2,1,65,0.5
727,10776.22697,10775.434304,10775.720971,10776.173637,10779.073634,1,2.99999999999994,0.0299999999999997,7.00000000000003,1,2,66,0.5
728,10780.608966,10779.791633,10780.057633,10780.555633,10784.878962,0,2.99999999999994,0.0299999999999997,5.99999999999996,2,1,65,0.5
729,10786.07696,10785.281628,10785.692294,10786.07696,10807.066273,1,NaN,0,5.99999999999996,2,1,65,0.5
730,10819.059594,10818.136262,10818.544928,10819.006261,10821.476925,1,2.99999999999994,0.0299999999999997,7.00000000000003,1,2,66,0.5
731,10822.992257,10822.198258,10822.429591,10822.992257,10827.794252,0,NaN,0,7.00000000000003,1,2,66,0.5
732,10832.135581,10831.236249,10831.657581,10832.082914,10834.768245,1,2.99999999999994,0.0299999999999997,7.00000000000003,1,2,66,0.5
733,10836.177577,10835.368244,10835.628911,10836.124244,10838.595575,0,2.99999999999994,0.0299999999999997,5.99999999999996,2,1,65,0.5
734,10840.300906,10839.303574,10839.79224,10840.247573,10842.682904,1,2.99999999999994,0.0299999999999997,7.00000000000003,1,2,66,0.5
735,10844.021569,10843.276237,10843.552903,10844.021569,10847.666232,0,NaN,0,7.00000000000003,1,2,66,0.5
736,10853.438893,10852.599561,10852.888227,10853.38556,10855.903557,0,2.99999999999994,0.0299999999999997,5.99999999999996,2,1,65,0.5
737,10857.329556,10856.563557,10856.899556,10857.329556,10872.442874,1,NaN,0,5.99999999999996,2,1,65,0.5
738,10877.399536,10876.69887,10876.942203,10877.399536,10879.691533,1,NaN,0,5.99999999999996,2,1,65,0.5
739,10898.328181,10897.447516,10897.874849,10898.274848,10900.494846,1,2.99999999999994,0.0299999999999997,7.00000000000003,1,2,66,0.5
740,10901.706178,10901.049512,10901.249512,10901.706178,10902.176844,0,NaN,0,7.00000000000003,1,2,66,0.5
741,10915.777497,10914.884832,10915.303498,10915.777497,10949.142797,1,NaN,0,5.99999999999996,2,1,65,0.5
742,10952.948127,10952.324127,10952.531461,10952.948127,10953.422126,1,NaN,0,5.99999999999996,2,1,65,0.5
743,10961.633452,10961.124119,10961.218119,10961.633452,10981.124765,1,NaN,0,5.99999999999996,2,1,65,0.5
744,10984.494095,10983.38943,10983.631429,10984.494095,11017.129396,1,NaN,0,5.99999999999996,2,1,65,0.5
745,11018.493395,11017.776729,11018.028062,11018.493395,11023.792723,1,NaN,0,5.99999999999996,2,1,65,0.5
746,11027.912719,11026.632053,11027.411386,11027.859385,11033.646713,1,2.99999999999994,0.0299999999999997,7.00000000000003,1,2,66,0.5
747,11034.902045,11034.162712,11034.470045,11034.902045,11053.584026,0,NaN,0,7.00000000000003,1,2,66,0.5
748,11086.963326,11086.25866,11086.50066,11086.963326,11105.033975,1,NaN,0,5.99999999999996,2,1,65,0.5
749,11106.591973,11105.98864,11106.159974,11106.591973,11138.209275,1,NaN,0,5.99999999999996,2,1,65,0.5
750,11139.332607,11138.827274,11138.871941,11139.332607,11146.983933,0,NaN,0,7.00000000000003,1,2,66,0.5
751,11148.520598,11147.592599,11147.869265,11148.467265,11150.893262,1,2.99999999999994,0.0299999999999997,7.00000000000003,1,2,66,0.5
752,11152.724594,11151.764595,11152.065928,11152.67126,11155.748591,0,2.99999999999994,0.0299999999999997,5.99999999999996,2,1,65,0.5
753,11157.419256,11156.53859,11156.959923,11157.419256,11164.175916,1,NaN,0,5.99999999999996,2,1,65,0.5
754,11167.027246,11166.06858,11166.52458,11166.973913,11170.012576,1,2.99999999999994,0.0299999999999997,7.00000000000003,1,2,66,0.5
755,11171.585242,11170.509243,11171.064575,11171.585242,11176.101237,0,NaN,0,7.00000000000003,1,2,66,0.5
756,11181.953231,11181.050565,11181.502565,11181.953231,11201.443878,0,NaN,0,7.00000000000003,1,2,66,0.5
757,11203.288543,11202.382544,11202.821877,11203.23521,11205.712541,1,2.99999999999994,0.0299999999999997,7.00000000000003,1,2,66,0.5
758,11206.897206,11206.147207,11206.38654,11206.843873,11209.36187,0,2.99999999999994,0.0299999999999997,5.99999999999996,2,1,65,0.5
759,11210.883869,11209.97987,11210.399869,11210.830536,11214.347199,1,2.99999999999994,0.0299999999999997,7.00000000000003,1,2,66,0.5
760,11216.08853,11215.227865,11215.507198,11216.035197,11218.960528,0,2.99999999999994,0.0299999999999997,5.99999999999996,2,1,65,0.5
761,11220.612526,11219.657193,11220.083193,11220.559193,11223.884523,1,2.99999999999994,0.0299999999999997,7.00000000000003,1,2,66,0.5
762,11225.319854,11224.421855,11224.675855,11225.266521,11228.692518,0,2.99999999999994,0.0299999999999997,5.99999999999996,2,1,65,0.5
763,11230.036516,11229.195851,11229.61185,11230.036516,11244.481835,1,NaN,0,5.99999999999996,2,1,65,0.5
764,11246.965166,11246.387167,11246.5005,11246.911833,11251.465162,0,2.99999999999994,0.0299999999999997,5.99999999999996,2,1,65,0.5
765,11253.15316,11252.099828,11252.548494,11253.099827,11255.703824,1,2.99999999999994,0.0299999999999997,7.00000000000003,1,2,66,0.5
766,11257.029156,11256.12449,11256.525823,11257.029156,11293.982452,0,NaN,0,7.00000000000003,1,2,66,0.5
767,11295.385118,11294.484452,11294.879785,11295.331784,11298.419115,1,2.99999999999994,0.0299999999999997,7.00000000000003,1,2,66,0.5
768,11299.99378,11299.185781,11299.363781,11299.940447,11305.247775,0,2.99999999999994,0.0299999999999997,5.99999999999996,2,1,65,0.5
769,11306.627773,11305.662441,11306.12644,11306.57444,11309.35577,1,2.99999999999994,0.0299999999999997,7.00000000000003,1,2,66,0.5
770,11310.617769,11309.90377,11310.098436,11310.564436,11312.295101,0,2.99999999999994,0.0299999999999997,5.99999999999996,2,1,65,0.5
771,11314.737098,11313.793766,11314.237766,11314.683765,11317.327762,1,2.99999999999994,0.0299999999999997,7.00000000000003,1,2,66,0.5
772,11318.751094,11317.933762,11318.283762,11318.751094,11328.039085,0,NaN,0,7.00000000000003,1,2,66,0.5
773,11329.970416,11328.930418,11329.49575,11329.917083,11333.032413,1,2.99999999999994,0.0299999999999997,7.00000000000003,1,2,66,0.5
774,11334.339745,11333.547746,11333.811079,11334.286412,11337.193076,0,2.99999999999994,0.0299999999999997,5.99999999999996,2,1,65,0.5
775,11338.599741,11337.659742,11338.110408,11338.546408,11341.309072,1,2.99999999999994,0.0299999999999997,7.00000000000003,1,2,66,0.5
776,11342.569737,11342.141071,11342.142404,11342.569737,11352.98906,0,NaN,0,7.00000000000003,1,2,66,0.5
777,11354.429725,11353.378393,11353.866393,11354.376392,11356.835056,1,2.99999999999994,0.0299999999999997,7.00000000000003,1,2,66,0.5
778,11358.150388,11357.383722,11357.609056,11358.097055,11359.35772,0,2.99999999999994,0.0299999999999997,5.99999999999996,2,1,65,0.5
779,11360.998385,11360.110386,11360.551053,11360.945052,11363.986382,1,2.99999999999994,0.0299999999999997,7.00000000000003,1,2,66,0.5
780,11365.542381,11364.563049,11365.015048,11365.542381,11375.771037,0,NaN,0,7.00000000000003,1,2,66,0.5
781,11377.223036,11376.08837,11376.445037,11377.169703,11379.210367,1,2.99999999999994,0.0299999999999997,7.00000000000003,1,2,66,0.5
782,11380.357699,11379.606367,11379.878367,11380.304366,11383.819029,0,2.99999999999994,0.0299999999999997,5.99999999999996,2,1,65,0.5
783,11385.091695,11384.248362,11384.643695,11385.091695,11388.303692,1,NaN,0,5.99999999999996,2,1,65,0.5
784,11502.112244,11500.954246,11501.487578,11502.112244,11502.887577,0,NaN,0,7.00000000000003,1,2,66,0.5
785,11512.481567,11511.800901,11511.951568,11512.428234,11515.940231,0,2.99999999999994,0.0299999999999997,5.99999999999996,2,1,65,0.5
786,11517.370229,11516.44823,11516.841563,11517.316896,11519.456894,1,2.99999999999994,0.0299999999999997,7.00000000000003,1,2,66,0.5
787,11520.859559,11520.00156,11520.330226,11520.806226,11523.788889,0,2.99999999999994,0.0299999999999997,5.99999999999996,2,1,65,0.5
788,11524.994888,11524.702888,11524.724222,11524.994888,11531.463548,1,NaN,0,5.99999999999996,2,1,65,0.5
789,11533.061547,11532.054881,11532.545547,11533.008213,11535.444878,1,2.99999999999994,0.0299999999999997,7.00000000000003,1,2,66,0.5
790,11536.61621,11535.896211,11536.09421,11536.562877,11539.298874,0,2.99999999999994,0.0299999999999997,5.99999999999996,2,1,65,0.5
791,11540.708206,11539.91354,11540.25154,11540.708206,11546.6342,1,NaN,0,5.99999999999996,2,1,65,0.5
792,11549.226197,11547.980199,11548.724198,11549.226197,11555.793524,0,NaN,0,7.00000000000003,1,2,66,0.5
793,11557.200189,11556.412857,11556.68419,11557.146856,11560.042853,1,2.99999999999994,0.0299999999999997,7.00000000000003,1,2,66,0.5
794,11561.182185,11560.588186,11560.744852,11561.182185,11564.052182,0,NaN,0,7.00000000000003,1,2,66,0.5
795,11569.000177,11568.232845,11568.575511,11569.000177,11584.759495,1,NaN,0,5.99999999999996,2,1,65,0.5
796,11596.65015,11595.815484,11596.071484,11596.65015,11613.436133,1,NaN,0,5.99999999999996,2,1,65,0.5
797,11624.348122,11623.736789,11623.926123,11624.348122,11624.706122,1,NaN,0,5.99999999999996,2,1,65,0.5
798,11637.275443,11636.576777,11636.870776,11637.275443,11640.13944,1,NaN,0,5.99999999999996,2,1,65,0.5
799,11646.454767,11645.819434,11646.005434,11646.454767,11657.187423,1,NaN,0,5.99999999999996,2,1,65,0.5
800,11660.048753,11659.374754,11659.678753,11660.048753,11668.453411,1,NaN,0,5.99999999999996,2,1,65,0.5
801,11669.686077,11668.879411,11669.266744,11669.686077,11669.87941,1,NaN,0,5.99999999999996,2,1,65,0.5
802,11693.57672,11692.212054,11693.059387,11693.523386,11695.653384,1,2.99999999999994,0.0299999999999997,7.00000000000003,1,2,66,0.5
803,11697.114716,11696.407383,11696.57405,11697.061383,11701.391378,0,2.99999999999994,0.0299999999999997,5.99999999999996,2,1,65,0.5
804,11703.261377,11702.74671,11702.75271,11703.261377,11711.922035,1,NaN,0,5.99999999999996,2,1,65,0.5
805,11713.131367,11712.339367,11712.605367,11713.131367,11736.650676,1,NaN,0,5.99999999999996,2,1,65,0.5
806,11738.444008,11737.437342,11737.876009,11738.390675,11745.508668,1,2.99999999999994,0.0299999999999997,7.00000000000003,1,2,66,0.5
807,11747.060666,11746.264,11746.483333,11747.007333,11752.142661,0,2.99999999999994,0.0299999999999997,5.99999999999996,2,1,65,0.5
808,11753.55266,11752.64666,11753.03666,11753.499327,11756.257324,1,2.99999999999994,0.0299999999999997,7.00000000000003,1,2,66,0.5
809,11757.474656,11756.782656,11756.992656,11757.421322,11760.762652,0,2.99999999999994,0.0299999999999997,5.99999999999996,2,1,65,0.5
810,11762.257318,11761.264652,11761.749985,11762.257318,11769.442644,1,NaN,0,5.99999999999996,2,1,65,0.5
811,11774.149306,11773.03864,11773.54464,11774.149306,11777.481969,0,NaN,0,7.00000000000003,1,2,66,0.5
812,11780.618633,11780.048633,11780.184633,11780.565299,11784.557962,0,2.99999999999994,0.0299999999999997,5.99999999999996,2,1,65,0.5
813,11786.113294,11785.097961,11785.541294,11786.05996,11788.433291,1,2.99999999999994,0.0299999999999997,7.00000000000003,1,2,66,0.5
814,11789.695957,11788.994624,11789.193291,11789.642623,11792.354621,0,2.99999999999994,0.0299999999999997,5.99999999999996,2,1,65,0.5
815,11793.939286,11792.981287,11793.43862,11793.885953,11797.147949,1,2.99999999999994,0.0299999999999997,7.00000000000003,1,2,66,0.5
816,11798.271948,11797.525949,11797.727949,11798.218615,11800.408613,0,2.99999999999994,0.0299999999999997,5.99999999999996,2,1,65,0.5
817,11801.957278,11800.983945,11801.421278,11801.903945,11804.795275,1,2.99999999999994,0.0299999999999997,7.00000000000003,1,2,66,0.5
818,11806.05994,11805.294608,11805.537274,11806.006607,11808.574605,0,2.99999999999994,0.0299999999999997,5.99999999999996,2,1,65,0.5
819,11809.960603,11809.017271,11809.444604,11809.90727,11812.323934,1,2.99999999999994,0.0299999999999997,7.00000000000003,1,2,66,0.5
820,11813.577933,11812.8166,11813.047933,11813.577933,11818.504595,0,NaN,0,7.00000000000003,1,2,66,0.5
821,11822.213925,11821.141259,11821.513925,11822.160591,11823.603256,0,2.99999999999994,0.0299999999999997,5.99999999999996,2,1,65,0.5
822,11825.133255,11824.787922,11824.792588,11825.133255,11832.235248,1,NaN,0,5.99999999999996,2,1,65,0.5
823,11833.599913,11832.592581,11833.059913,11833.54658,11836.524577,1,2.99999999999994,0.0299999999999997,7.00000000000003,1,2,66,0.5
824,11837.990575,11837.067909,11837.381909,11837.937242,11842.299904,0,2.99999999999994,0.0299999999999997,5.99999999999996,2,1,65,0.5
825,11843.804569,11843.35257,11843.35457,11843.751236,11846.2899,1,2.99999999999994,0.0299999999999997,7.00000000000003,1,2,66,0.5
826,11847.533232,11846.7699,11847.012566,11847.479899,11850.463896,0,2.99999999999994,0.0299999999999997,5.99999999999996,2,1,65,0.5
827,11851.997228,11851.687895,11851.749895,11851.997228,11861.211885,1,NaN,0,5.99999999999996,2,1,65,0.5
828,11870.313876,11869.577877,11869.75721,11870.260543,11874.209872,0,2.99999999999994,0.0299999999999997,5.99999999999996,2,1,65,0.5
829,11875.677204,11874.669205,11875.129871,11875.623871,11879.016534,1,2.99999999999994,0.0299999999999997,7.00000000000003,1,2,66,0.5
830,11880.448533,11879.9912,11879.9952,11880.395199,11883.357196,0,2.99999999999994,0.0299999999999997,5.99999999999996,2,1,65,0.5
831,11884.943195,11883.951196,11884.392529,11884.889862,11887.647859,1,2.99999999999994,0.0299999999999997,7.00000000000003,1,2,66,0.5
832,11888.909858,11888.140525,11888.369858,11888.856524,11891.245855,0,2.99999999999994,0.0299999999999997,5.99999999999996,2,1,65,0.5
833,11892.805854,11892.001188,11892.337854,11892.805854,11899.216514,1,NaN,0,5.99999999999996,2,1,65,0.5
834,11900.399846,11899.77518,11899.967846,11900.386513,11903.225843,0,2.99999999999994,0.0299999999999997,5.99999999999996,2,1,65,0.5
835,11904.784511,11903.776509,11904.267842,11904.731175,11906.900506,1,2.99999999999994,0.0299999999999997,7.00000000000003,1,2,66,0.5
836,11908.277838,11907.808505,11907.815839,11908.224505,11911.600502,0,2.99999999999994,0.0299999999999997,5.99999999999996,2,1,65,0.5
837,11913.411166,11912.923167,11912.939167,11913.357833,11916.417163,1,2.99999999999994,0.0299999999999997,7.00000000000003,1,2,66,0.5
838,11917.701162,11916.93583,11917.155829,11917.647829,11920.901826,0,2.99999999999994,0.0299999999999997,5.99999999999996,2,1,65,0.5
839,11923.691823,11922.204491,11922.775824,11923.638489,11927.497819,0,2.99999999999994,0.0299999999999997,5.99999999999996,2,1,65,0.5
840,11929.559817,11927.991152,11928.787818,11929.506484,11933.317147,0,2.99999999999994,0.0299999999999997,5.99999999999996,2,1,65,0.5
841,11934.676478,11934.239812,11934.247146,11934.676478,11940.979139,1,NaN,0,5.99999999999996,2,1,65,0.5
842,11942.287138,11941.429138,11941.708471,11942.233804,11945.646467,0,2.99999999999994,0.0299999999999997,5.99999999999996,2,1,65,0.5
843,11947.392466,11946.203134,11946.6658,11947.339132,11949.688463,1,2.99999999999994,0.0299999999999997,7.00000000000003,1,2,66,0.5
844,11950.983795,11950.13713,11950.394463,11950.930462,11953.866459,0,2.99999999999994,0.0299999999999997,5.99999999999996,2,1,65,0.5
845,11955.551124,11955.049125,11955.051125,11955.497791,11959.373787,1,2.99999999999994,0.0299999999999997,7.00000000000003,1,2,66,0.5
846,11961.086452,11959.97712,11960.428453,11961.086452,11968.253778,0,NaN,0,7.00000000000003,1,2,66,0.5
847,11970.665109,11969.758443,11970.122443,11970.611776,11974.919105,0,2.99999999999994,0.0299999999999997,5.99999999999996,2,1,65,0.5
848,11976.46577,11975.935104,11975.940437,11976.412437,11980.2151,1,2.99999999999994,0.0299999999999997,7.00000000000003,1,2,66,0.5
849,11981.951765,11980.794432,11981.308432,11981.951765,12013.1904,0,NaN,0,7.00000000000003,1,2,66,0.5
850,12015.729731,12014.673732,12015.167731,12015.676397,12019.047727,1,2.99999999999994,0.0299999999999997,7.00000000000003,1,2,66,0.5
851,12020.313726,12019.54106,12019.746393,12020.260393,12023.107057,0,2.99999999999994,0.0299999999999997,5.99999999999996,2,1,65,0.5
852,12024.789055,12023.791723,12024.229722,12024.735722,12027.471719,1,2.99999999999994,0.0299999999999997,7.00000000000003,1,2,66,0.5
853,12028.773718,12028.008385,12028.200385,12028.773718,12034.758378,0,NaN,0,7.00000000000003,1,2,66,0.5
854,12036.25771,12035.370378,12035.823044,12036.25771,12049.801697,1,NaN,0,5.99999999999996,2,1,65,0.5
855,12051.683028,12050.428363,12050.962362,12051.629695,12054.390359,1,2.99999999999994,0.0299999999999997,7.00000000000003,1,2,66,0.5
856,12056.048357,12054.989691,12055.497024,12056.048357,12069.241677,0,NaN,0,7.00000000000003,1,2,66,0.5
857,12070.646342,12069.71501,12070.06901,12070.593009,12073.677673,0,2.99999999999994,0.0299999999999997,5.99999999999996,2,1,65,0.5
858,12075.576338,12074.396339,12074.961672,12075.523004,12079.119001,0,2.99999999999994,0.0299999999999997,5.99999999999996,2,1,65,0.5
859,12080.598999,12079.589,12080.051,12080.545666,12083.466996,1,2.99999999999994,0.0299999999999997,7.00000000000003,1,2,66,0.5
860,12084.988995,12083.990329,12084.410329,12084.988995,12090.409656,0,NaN,0,7.00000000000003,1,2,66,0.5
861,12092.278987,12091.402322,12091.672321,12092.278987,12092.625654,0,NaN,0,7.00000000000003,1,2,66,0.5
862,12103.950976,12103.06031,12103.50031,12103.950976,12104.333642,1,NaN,0,5.99999999999996,2,1,65,0.5
863,12110.668302,12109.894303,12110.241636,12110.668302,12124.998955,1,NaN,0,5.99999999999996,2,1,65,0.5
864,12126.622286,12126.072287,12126.162954,12126.622286,12127.022953,0,NaN,0,7.00000000000003,1,2,66,0.5
865,12136.366943,12135.438944,12135.900944,12136.31361,12141.254272,1,2.99999999999994,0.0299999999999997,7.00000000000003,1,2,66,0.5
866,12142.611604,12141.705605,12142.044941,12142.558271,12145.298268,0,2.99999999999994,0.0299999999999997,5.99999999999996,2,1,65,0.5
867,12146.7196,12145.820267,12146.296267,12146.7196,12153.739593,1,NaN,0,5.99999999999996,2,1,65,0.5
868,12166.824246,12165.883581,12166.33158,12166.770913,12169.379577,1,2.99999999999994,0.0299999999999997,7.00000000000003,1,2,66,0.5
869,12170.693576,12169.918243,12170.159576,12170.640242,12172.91224,0,2.99999999999994,0.0299999999999997,5.99999999999996,2,1,65,0.5
870,12174.581572,12173.436906,12173.893573,12174.528239,12177.175569,0,2.99999999999994,0.0299999999999997,5.99999999999996,2,1,65,0.5
871,12178.629568,12177.672902,12178.129568,12178.576235,12181.503565,1,2.99999999999994,0.0299999999999997,7.00000000000003,1,2,66,0.5
872,12183.134897,12182.039564,12182.554231,12183.134897,12190.964889,0,NaN,0,7.00000000000003,1,2,66,0.5
873,12192.578221,12191.698888,12192.102888,12192.524887,12196.346883,1,2.99999999999994,0.0299999999999997,7.00000000000003,1,2,66,0.5
874,12198.071548,12197.242883,12197.470882,12198.018215,12202.76021,0,2.99999999999994,0.0299999999999997,5.99999999999996,2,1,65,0.5
875,12204.042876,12203.142877,12203.548876,12203.989542,12206.83554,1,2.99999999999994,0.0299999999999997,7.00000000000003,1,2,66,0.5
876,12208.156205,12207.390872,12207.604206,12208.102872,12210.622869,0,2.99999999999994,0.0299999999999997,5.99999999999996,2,1,65,0.5
877,12212.065534,12211.122869,12211.531535,12212.012201,12215.832197,1,2.99999999999994,0.0299999999999997,7.00000000000003,1,2,66,0.5
878,12217.356862,12216.53953,12216.78753,12217.303529,12219.64086,0,2.99999999999994,0.0299999999999997,5.99999999999996,2,1,65,0.5
879,12221.236859,12220.332859,12220.735526,12221.183525,12224.229522,1,2.99999999999994,0.0299999999999997,7.00000000000003,1,2,66,0.5
880,12225.712187,12224.938855,12225.196188,12225.712187,12236.76351,0,NaN,0,7.00000000000003,1,2,66,0.5
881,12239.69284,12238.890841,12239.240174,12239.69284,12242.633504,1,NaN,0,5.99999999999996,2,1,65,0.5
882,12247.214833,12246.5275,12246.826166,12247.214833,12247.542832,1,NaN,0,5.99999999999996,2,1,65,0.5
883,12253.944826,12253.14216,12253.52216,12253.944826,12261.470818,1,NaN,0,5.99999999999996,2,1,65,0.5
884,12264.186816,12263.208817,12263.731483,12264.133482,12267.006146,1,2.99999999999994,0.0299999999999997,7.00000000000003,1,2,66,0.5
885,12268.232145,12267.430146,12267.704812,12268.178812,12270.394143,0,2.99999999999994,0.0299999999999997,5.99999999999996,2,1,65,0.5
886,12271.806808,12270.976809,12271.357475,12271.806808,12328.200085,1,NaN,0,5.99999999999996,2,1,65,0.5
887,12329.707417,12329.082751,12329.204084,12329.69875,12336.05741,0,2.99999999999994,0.0299999999999997,5.99999999999996,2,1,65,0.5
888,12338.696741,12337.686075,12337.926075,12338.643408,12340.18274,0,2.99999999999994,0.0299999999999997,5.99999999999996,2,1,65,0.5
889,12341.660071,12340.872072,12341.204739,12341.660071,12341.914738,1,NaN,0,5.99999999999996,2,1,65,0.5
890,12350.535396,12349.829397,12350.068063,12350.535396,12350.760062,1,NaN,0,5.99999999999996,2,1,65,0.5
891,12361.942718,12360.968052,12361.293385,12361.889385,12367.189379,0,2.99999999999994,0.0299999999999997,5.99999999999996,2,1,65,0.5
892,12368.632711,12367.730045,12368.159378,12368.632711,12371.453375,1,NaN,0,5.99999999999996,2,1,65,0.5
893,12391.801355,12391.150022,12391.376688,12391.801355,12398.642681,1,NaN,0,5.99999999999996,2,1,65,0.5
894,12400.014013,12399.30268,12399.48668,12399.96068,12403.401343,0,2.99999999999994,0.0299999999999997,5.99999999999996,2,1,65,0.5
895,12405.255341,12404.906008,12404.907342,12405.255341,12433.010647,1,NaN,0,5.99999999999996,2,1,65,0.5
896,12434.577312,12433.901979,12434.159312,12434.577312,12434.894645,1,NaN,0,5.99999999999996,2,1,65,0.5
897,12445.785301,12445.231301,12445.281301,12445.731967,12451.666628,0,2.99999999999994,0.0299999999999997,5.99999999999996,2,1,65,0.5
898,12453.350627,12452.291961,12452.715294,12453.297293,12455.779957,0,2.99999999999994,0.0299999999999997,5.99999999999996,2,1,65,0.5
899,12457.339289,12456.30929,12456.754623,12457.285956,12461.467952,0,2.99999999999994,0.0299999999999997,5.99999999999996,2,1,65,0.5
900,12463.011283,12462.193284,12462.590617,12463.011283,12463.23595,1,NaN,0,5.99999999999996,2,1,65,0.5
901,12471.133942,12470.509276,12470.674609,12471.099275,12473.56794,0,2.99999999999994,0.0299999999999997,5.99999999999996,2,1,65,0.5
902,12475.201938,12474.127272,12474.663938,12475.148605,12477.216603,1,2.99999999999994,0.0299999999999997,7.00000000000003,1,2,66,0.5
903,12478.619268,12477.683269,12478.117268,12478.619268,12487.959925,0,NaN,0,7.00000000000003,1,2,66,0.5
904,12493.251253,12492.303254,12492.680587,12493.19792,12496.318583,0,2.99999999999994,0.0299999999999997,5.99999999999996,2,1,65,0.5
905,12497.870582,12496.878583,12497.193916,12497.817249,12499.525914,0,2.99999999999994,0.0299999999999997,5.99999999999996,2,1,65,0.5
906,12501.002579,12500.00858,12500.461913,12500.949245,12503.529243,1,2.99999999999994,0.0299999999999997,7.00000000000003,1,2,66,0.5
907,12504.933242,12503.968576,12504.363909,12504.933242,12508.208572,0,NaN,0,7.00000000000003,1,2,66,0.5
908,12519.164561,12518.669228,12518.712561,12519.164561,12524.091889,0,NaN,0,7.00000000000003,1,2,66,0.5
909,12531.035882,12530.225216,12530.638549,12531.035882,12533.081213,1,NaN,0,5.99999999999996,2,1,65,0.5
910,12538.800541,12537.896542,12538.249875,12538.747208,12542.196538,0,2.99999999999994,0.0299999999999997,5.99999999999996,2,1,65,0.5
911,12543.54187,12542.63987,12543.092537,12543.489203,12546.0952,1,2.99999999999994,0.0299999999999997,7.00000000000003,1,2,66,0.5
912,12547.403199,12546.616533,12546.847866,12547.349866,12549.885864,0,2.99999999999994,0.0299999999999997,5.99999999999996,2,1,65,0.5
913,12551.283195,12550.317863,12550.734529,12551.229862,12554.447859,1,2.99999999999994,0.0299999999999997,7.00000000000003,1,2,66,0.5
914,12555.702524,12554.902525,12555.124525,12555.649191,12558.861854,0,2.99999999999994,0.0299999999999997,5.99999999999996,2,1,65,0.5
915,12560.420519,12559.44052,12559.875187,12560.367186,12563.896516,1,2.99999999999994,0.0299999999999997,7.00000000000003,1,2,66,0.5
916,12565.321848,12564.503849,12564.722515,12565.268515,12568.656511,0,2.99999999999994,0.0299999999999997,5.99999999999996,2,1,65,0.5
917,12570.581176,12569.52051,12569.96451,12570.527843,12575.627837,0,2.99999999999994,0.0299999999999997,5.99999999999996,2,1,65,0.5
918,12577.012503,12576.60517,12576.622503,12576.95917,12580.377166,1,2.99999999999994,0.0299999999999997,7.00000000000003,1,2,66,0.5
919,12581.747165,12580.824499,12581.158499,12581.693831,12584.361162,0,2.99999999999994,0.0299999999999997,5.99999999999996,2,1,65,0.5
920,12585.993827,12584.986495,12585.389828,12585.940494,12590.10449,0,2.99999999999994,0.0299999999999997,5.99999999999996,2,1,65,0.5
921,12591.796488,12590.823822,12591.255822,12591.743155,12594.828485,0,2.99999999999994,0.0299999999999997,5.99999999999996,2,1,65,0.5
922,12596.224484,12595.813151,12595.815817,12596.17115,12599.161814,1,2.99999999999994,0.0299999999999997,7.00000000000003,1,2,66,0.5
923,12600.689146,12599.629147,12600.06448,12600.689146,12604.587809,0,NaN,0,7.00000000000003,1,2,66,0.5
924,12638.045775,12636.645776,12637.381109,12637.992442,12641.079105,1,2.99999999999994,0.0299999999999997,7.00000000000003,1,2,66,0.5
925,12642.83177,12641.837105,12642.161771,12642.778437,12645.499768,0,2.99999999999994,0.0299999999999997,5.99999999999996,2,1,65,0.5
926,12647.099099,12646.097767,12646.5571,12647.045766,12650.123763,1,2.99999999999994,0.0299999999999997,7.00000000000003,1,2,66,0.5
927,12651.351762,12650.541096,12650.771096,12651.298428,12654.903092,0,2.99999999999994,0.0299999999999997,5.99999999999996,2,1,65,0.5
928,12656.207757,12655.818424,12655.819757,12656.207757,12664.641082,1,NaN,0,5.99999999999996,2,1,65,0.5
929,12666.072414,12665.258415,12665.461081,12666.01908,12668.983744,0,2.99999999999994,0.0299999999999997,5.99999999999996,2,1,65,0.5
930,12670.838409,12670.392409,12670.395743,12670.785076,12673.521073,1,2.99999999999994,0.0299999999999997,7.00000000000003,1,2,66,0.5
931,12674.885738,12673.993739,12674.269072,12674.832405,12678.407068,0,2.99999999999994,0.0299999999999997,5.99999999999996,2,1,65,0.5
932,12679.811733,12678.768401,12679.321067,12679.811733,12681.901065,1,NaN,0,5.99999999999996,2,1,65,0.5
933,12687.597059,12686.17506,12686.997726,12687.543726,12691.214389,1,2.99999999999994,0.0299999999999997,7.00000000000003,1,2,66,0.5
934,12692.672387,12691.775055,12692.083054,12692.619054,12694.867052,0,2.99999999999994,0.0299999999999997,5.99999999999996,2,1,65,0.5
935,12696.573717,12695.593051,12695.938384,12696.520383,12699.281047,0,2.99999999999994,0.0299999999999997,5.99999999999996,2,1,65,0.5
936,12700.831046,12699.947047,12700.26638,12700.777712,12704.522375,0,2.99999999999994,0.0299999999999997,5.99999999999996,2,1,65,0.5
937,12705.885707,12704.974375,12705.368374,12705.832374,12708.248372,1,2.99999999999994,0.0299999999999997,7.00000000000003,1,2,66,0.5
938,12709.69237,12708.682371,12709.109704,12709.69237,12720.14236,0,NaN,0,7.00000000000003,1,2,66,0.5
939,12721.435025,12720.523026,12720.919692,12721.381692,12724.024356,1,2.99999999999994,0.0299999999999997,7.00000000000003,1,2,66,0.5
940,12725.346355,12724.445022,12724.763022,12725.293021,12728.544351,0,2.99999999999994,0.0299999999999997,5.99999999999996,2,1,65,0.5
941,12730.324349,12729.357684,12729.799017,12730.271016,12733.011013,1,2.99999999999994,0.0299999999999997,7.00000000000003,1,2,66,0.5
942,12734.391679,12733.499013,12733.788346,12734.338345,12736.999009,0,2.99999999999994,0.0299999999999997,5.99999999999996,2,1,65,0.5
943,12738.640341,12737.704342,12738.100342,12738.587008,12741.880338,1,2.99999999999994,0.0299999999999997,7.00000000000003,1,2,66,0.5
944,12743.198337,12742.412337,12742.61367,12743.198337,12743.677669,0,NaN,0,7.00000000000003,1,2,66,0.5
945,12754.308992,12753.42566,12753.690993,12754.255659,12759.071654,0,2.99999999999994,0.0299999999999997,5.99999999999996,2,1,65,0.5
946,12760.265653,12759.479654,12759.825653,12760.265653,12765.695647,1,NaN,0,5.99999999999996,2,1,65,0.5
947,12767.115646,12766.204314,12766.48298,12767.062313,12768.440978,0,2.99999999999994,0.0299999999999997,5.99999999999996,2,1,65,0.5
948,12770.408309,12769.420977,12769.887643,12770.354976,12773.308306,1,2.99999999999994,0.0299999999999997,7.00000000000003,1,2,66,0.5
949,12774.744972,12773.747639,12774.048972,12774.691638,12776.754303,0,2.99999999999994,0.0299999999999997,5.99999999999996,2,1,65,0.5
950,12778.395635,12777.258303,12777.640969,12778.342301,12779.8723,0,2.99999999999994,0.0299999999999997,5.99999999999996,2,1,65,0.5
951,12781.417632,12780.425633,12780.785632,12781.364298,12784.295629,0,2.99999999999994,0.0299999999999997,5.99999999999996,2,1,65,0.5
952,12785.860294,12784.729628,12785.141628,12785.806961,12786.989626,0,2.99999999999994,0.0299999999999997,5.99999999999996,2,1,65,0.5
953,12788.511625,12787.500292,12787.973625,12788.458958,12791.943621,1,2.99999999999994,0.0299999999999997,7.00000000000003,1,2,66,0.5
954,12793.48162,12792.407621,12792.826287,12793.48162,12826.994919,0,NaN,0,7.00000000000003,1,2,66,0.5
955,12828.580252,12827.566252,12827.975585,12828.580252,12843.59357,1,NaN,0,5.99999999999996,2,1,65,0.5
956,12845.616901,12844.630235,12844.958235,12845.616901,12846.3409,0,NaN,0,7.00000000000003,1,2,66,0.5
957,12860.20022,12859.224221,12859.738887,12860.20022,12860.786219,0,NaN,0,7.00000000000003,1,2,66,0.5
958,12872.610874,12871.777541,12872.130874,12872.557541,12875.796204,1,2.99999999999994,0.0299999999999997,7.00000000000003,1,2,66,0.5
959,12877.192871,12876.431537,12876.702203,12877.192871,12877.568202,0,NaN,0,7.00000000000003,1,2,66,0.5
960,12884.824195,12883.960863,12884.367529,12884.770862,12887.750192,1,2.99999999999994,0.0299999999999997,7.00000000000003,1,2,66,0.5
961,12889.502857,12888.628191,12889.027524,12889.502857,12893.11152,0,NaN,0,7.00000000000003,1,2,66,0.5
962,12901.309512,12900.507513,12900.909512,12901.309512,12901.716845,1,NaN,0,5.99999999999996,2,1,65,0.5
963,12911.119502,12910.318836,12910.534836,12911.066169,12914.985498,0,2.99999999999994,0.0299999999999997,5.99999999999996,2,1,65,0.5
964,12916.192164,12915.366832,12915.736831,12916.192164,12924.906822,1,NaN,0,5.99999999999996,2,1,65,0.5
965,12926.462153,12925.610154,12925.941487,12926.40882,12928.844818,1,2.99999999999994,0.0299999999999997,7.00000000000003,1,2,66,0.5
966,12929.952817,12929.193484,12929.438817,12929.899483,12931.953481,0,2.99999999999994,0.0299999999999997,5.99999999999996,2,1,65,0.5
967,12933.40148,12932.573481,12932.908814,12933.348146,12937.824142,0,2.99999999999994,0.0299999999999997,5.99999999999996,2,1,65,0.5
968,12940.428139,12939.521474,12939.971473,12940.374806,12943.222137,1,2.99999999999994,0.0299999999999997,7.00000000000003,1,2,66,0.5
969,12944.334135,12943.622803,12943.810136,12944.280802,12946.971466,0,2.99999999999994,0.0299999999999997,5.99999999999996,2,1,65,0.5
970,12948.340131,12947.614799,12947.845465,12948.286798,12951.774128,0,2.99999999999994,0.0299999999999997,5.99999999999996,2,1,65,0.5
971,12953.13346,12952.258794,12952.580794,12953.080127,12955.544791,0,2.99999999999994,0.0299999999999997,5.99999999999996,2,1,65,0.5
972,12956.936123,12955.973457,12956.400123,12956.88279,12959.617454,1,2.99999999999994,0.0299999999999997,7.00000000000003,1,2,66,0.5
973,12960.791452,12960.00012,12960.22612,12960.738786,12963.174117,0,2.99999999999994,0.0299999999999997,5.99999999999996,2,1,65,0.5
974,12965.333448,12963.794116,12964.539449,12965.333448,12987.110759,0,NaN,0,7.00000000000003,1,2,66,0.5
975,12988.548091,12987.504759,12987.952092,12988.494758,12990.762089,1,2.99999999999994,0.0299999999999997,7.00000000000003,1,2,66,0.5
976,12991.994755,12991.166755,12991.418088,12991.941421,12994.713418,0,2.99999999999994,0.0299999999999997,5.99999999999996,2,1,65,0.5
977,12996.173417,12995.292751,12995.545418,12996.120084,12999.609414,0,2.99999999999994,0.0299999999999997,5.99999999999996,2,1,65,0.5
978,13000.962746,13000.570746,13000.576079,13000.909412,13003.40141,1,2.99999999999994,0.0299999999999997,7.00000000000003,1,2,66,0.5
979,13004.681409,13003.875409,13004.118076,13004.628075,13006.89474,0,2.99999999999994,0.0299999999999997,5.99999999999996,2,1,65,0.5
980,13008.602738,13007.622739,13008.072738,13008.549405,13011.277402,1,2.99999999999994,0.0299999999999997,7.00000000000003,1,2,66,0.5
981,13012.536067,13011.778068,13011.954068,13012.482734,13015.784064,0,2.99999999999994,0.0299999999999997,5.99999999999996,2,1,65,0.5
982,13017.051396,13016.14273,13016.572063,13016.998063,13019.078061,1,2.99999999999994,0.0299999999999997,7.00000000000003,1,2,66,0.5
983,13020.26206,13019.49406,13019.69006,13020.208726,13022.267391,0,2.99999999999994,0.0299999999999997,5.99999999999996,2,1,65,0.5
984,13023.762056,13022.800057,13023.142723,13023.708723,13025.573388,0,2.99999999999994,0.0299999999999997,5.99999999999996,2,1,65,0.5
985,13027.093386,13026.31672,13026.586053,13027.040053,13029.230717,0,2.99999999999994,0.0299999999999997,5.99999999999996,2,1,65,0.5
986,13030.869382,13029.795383,13030.308716,13030.816049,13032.98538,1,2.99999999999994,0.0299999999999997,7.00000000000003,1,2,66,0.5
987,13034.260712,13033.49738,13033.661379,13034.207379,13037.321376,0,2.99999999999994,0.0299999999999997,5.99999999999996,2,1,65,0.5
988,13038.647374,13037.782709,13038.046042,13038.594708,13042.198704,0,2.99999999999994,0.0299999999999997,5.99999999999996,2,1,65,0.5
989,13043.558703,13042.603371,13043.032703,13043.50537,13045.852034,1,2.99999999999994,0.0299999999999997,7.00000000000003,1,2,66,0.5
990,13047.004033,13046.252034,13046.441367,13047.004033,13047.500032,0,NaN,0,7.00000000000003,1,2,66,0.5
991,13098.311981,13097.363982,13097.687982,13098.258648,13101.923978,0,2.99999999999994,0.0299999999999997,5.99999999999996,2,1,65,0.5
992,13103.665976,13102.65731,13103.08931,13103.612643,13106.05464,1,2.99999999999994,0.0299999999999997,7.00000000000003,1,2,66,0.5
993,13107.305972,13106.521973,13106.751973,13107.305972,13322.289091,0,NaN,0,7.00000000000003,1,2,66,0.5
994,13323.597094,13323.036423,13323.082423,13323.597094,13328.493751,0,NaN,0,7.00000000000003,1,2,66,0.5
995,13334.475745,13333.48508,13333.951746,13334.422412,13337.055076,1,2.99999999999994,0.0299999999999997,7.00000000000003,1,2,66,0.5
996,13338.773074,13337.893075,13338.236408,13338.773074,13339.245741,0,NaN,0,7.00000000000003,1,2,66,0.5
997,13349.264397,13347.983065,13348.692398,13349.211064,13351.745061,1,2.99999999999994,0.0299999999999997,7.00000000000003,1,2,66,0.5
998,13353.01106,13352.262394,13352.405061,13353.01106,13353.38506,0,NaN,0,7.00000000000003,1,2,66,0.5
999,13359.849053,13358.971721,13359.433054,13359.849053,13365.405714,1,NaN,0,5.99999999999996,2,1,65,0.5
1000,13367.627046,13366.527713,13367.113713,13367.574379,13370.225043,1,2.99999999999994,0.0299999999999997,7.00000000000003,1,2,66,0.5
1001,13371.373708,13370.591043,13370.853709,13371.373708,13371.733041,0,NaN,0,7.00000000000003,1,2,66,0.5
1002,13381.815698,13380.982365,13381.273032,13381.762365,13384.283696,0,2.99999999999994,0.0299999999999997,5.99999999999996,2,1,65,0.5
1003,13385.827694,13384.787028,13385.251695,13385.774361,13387.046359,1,2.99999999999994,0.0299999999999997,7.00000000000003,1,2,66,0.5
1004,13388.041025,13387.416359,13387.573026,13387.989025,13390.261023,0,2.99999999999994,0.0299999999999997,5.99999999999996,2,1,65,0.5
1005,13391.773021,13390.806356,13391.249689,13391.719688,13394.251019,1,2.99999999999994,0.0299999999999997,7.00000000000003,1,2,66,0.5
1006,13395.421018,13394.657018,13394.886352,13395.367684,13397.203016,0,2.99999999999994,0.0299999999999997,5.99999999999996,2,1,65,0.5
1007,13398.390348,13397.679682,13397.918349,13398.337015,13400.420346,0,2.99999999999994,0.0299999999999997,5.99999999999996,2,1,65,0.5
1008,13401.693678,13400.893012,13401.233679,13401.640345,13403.969676,0,2.99999999999994,0.0299999999999997,5.99999999999996,2,1,65,0.5
1009,13405.465008,13404.477009,13404.945008,13405.411674,13408.326338,1,2.99999999999994,0.0299999999999997,7.00000000000003,1,2,66,0.5
1010,13409.885003,13408.774338,13409.026337,13409.83167,13412.477667,0,2.99999999999994,0.0299999999999997,5.99999999999996,2,1,65,0.5
1011,13414.145666,13413.263667,13413.642999,13414.092332,13416.305663,0,2.99999999999994,0.0299999999999997,5.99999999999996,2,1,65,0.5
1012,13417.532329,13416.75833,13417.058329,13417.478996,13420.054993,0,2.99999999999994,0.0299999999999997,5.99999999999996,2,1,65,0.5
1013,13421.629658,13420.539659,13421.084325,13421.576325,13424.588989,1,2.99999999999994,0.0299999999999997,7.00000000000003,1,2,66,0.5
1014,13425.879654,13425.010988,13425.264988,13425.879654,13430.997649,0,NaN,0,7.00000000000003,1,2,66,0.5
1015,13436.151644,13435.398978,13435.670311,13436.151644,13442.214304,0,NaN,0,7.00000000000003,1,2,66,0.5
1016,13443.28297,13442.592304,13442.843637,13443.229637,13445.394301,0,2.99999999999994,0.0299999999999997,5.99999999999996,2,1,65,0.5
1017,13446.911633,13445.853634,13446.307633,13446.8583,13448.802298,1,2.99999999999994,0.0299999999999997,7.00000000000003,1,2,66,0.5
1018,13449.884963,13449.152964,13449.34763,13449.83163,13452.118295,0,2.99999999999994,0.0299999999999997,5.99999999999996,2,1,65,0.5
1019,13453.783626,13452.715627,13453.251627,13453.783626,13465.010281,0,NaN,0,7.00000000000003,1,2,66,0.5
1020,13466.260947,13465.389614,13465.770281,13466.207614,13468.197612,1,2.99999999999994,0.0299999999999997,7.00000000000003,1,2,66,0.5
1021,13469.390944,13468.609611,13468.846278,13469.33761,13471.917608,0,2.99999999999994,0.0299999999999997,5.99999999999996,2,1,65,0.5
1022,13473.615606,13472.472274,13473.129607,13473.562273,13476.815603,1,2.99999999999994,0.0299999999999997,7.00000000000003,1,2,66,0.5
1023,13477.986268,13477.209603,13477.450936,13477.932935,13481.588265,0,2.99999999999994,0.0299999999999997,5.99999999999996,2,1,65,0.5
1024,13482.90493,13481.946931,13482.380264,13482.851597,13485.906927,1,2.99999999999994,0.0299999999999997,7.00000000000003,1,2,66,0.5
1025,13487.121593,13486.33826,13486.55026,13487.068259,13489.182924,0,2.99999999999994,0.0299999999999997,5.99999999999996,2,1,65,0.5
1026,13491.144922,13489.838257,13490.594256,13491.144922,13495.236918,0,NaN,0,7.00000000000003,1,2,66,0.5
1027,13500.917579,13499.83358,13500.386913,13500.864246,13503.138243,1,2.99999999999994,0.0299999999999997,7.00000000000003,1,2,66,0.5
1028,13504.336909,13503.605576,13503.796243,13504.283576,13506.960239,0,2.99999999999994,0.0299999999999997,5.99999999999996,2,1,65,0.5
1029,13508.290238,13507.514239,13507.768239,13508.236905,13510.766902,0,2.99999999999994,0.0299999999999997,5.99999999999996,2,1,65,0.5
1030,13512.386901,13511.970234,13511.971568,13512.333567,13515.403564,1,2.99999999999994,0.0299999999999997,7.00000000000003,1,2,66,0.5
1031,13516.61023,13515.830897,13516.05823,13516.61023,13520.774892,0,NaN,0,7.00000000000003,1,2,66,0.5
1032,13525.422221,13524.783555,13524.935555,13525.422221,13527.322886,0,NaN,0,7.00000000000003,1,2,66,0.5
1033,13532.540881,13531.579548,13532.054881,13532.540881,13540.779539,0,NaN,0,7.00000000000003,1,2,66,0.5
1034,13542.153538,13541.300205,13541.494205,13542.100204,13544.882202,1,2.99999999999994,0.0299999999999997,7.00000000000003,1,2,66,0.5
1035,13546.2442,13545.350868,13545.724867,13546.2442,13554.366859,0,NaN,0,7.00000000000003,1,2,66,0.5
1036,13555.552858,13554.662192,13555.092858,13555.499524,13557.668189,1,2.99999999999994,0.0299999999999997,7.00000000000003,1,2,66,0.5
1037,13558.800188,13558.087522,13558.317521,13558.800188,13562.524184,0,NaN,0,7.00000000000003,1,2,66,0.5
1038,13565.99818,13565.522848,13565.559514,13565.99818,13566.12018,0,NaN,0,7.00000000000003,1,2,66,0.5
1039,13574.835505,13573.842839,13574.259506,13574.782172,13578.018835,1,2.99999999999994,0.0299999999999997,7.00000000000003,1,2,66,0.5
1040,13579.318167,13578.429501,13578.780168,13579.318167,13581.676832,0,NaN,0,7.00000000000003,1,2,66,0.5
1041,13588.890824,13588.335491,13588.375491,13588.890824,13589.066157,0,NaN,0,7.00000000000003,1,2,66,0.5
1042,13600.418813,13599.54148,13599.960147,13600.365479,13601.469478,1,2.99999999999994,0.0299999999999997,7.00000000000003,1,2,66,0.5
1043,13602.966144,13601.855478,13602.214811,13602.91281,13605.038808,0,2.99999999999994,0.0299999999999997,5.99999999999996,2,1,65,0.5
1044,13606.505473,13605.613474,13606.015474,13606.45214,13608.779471,1,2.99999999999994,0.0299999999999997,7.00000000000003,1,2,66,0.5
1045,13610.13747,13609.268137,13609.534804,13610.13747,13612.717467,0,NaN,0,7.00000000000003,1,2,66,0.5
1046,13619.866127,13619.033461,13619.40546,13619.812793,13622.418791,1,2.99999999999994,0.0299999999999997,7.00000000000003,1,2,66,0.5
1047,13623.680789,13622.88279,13623.105457,13623.627456,13626.399453,0,2.99999999999994,0.0299999999999997,5.99999999999996,2,1,65,0.5
1048,13627.838785,13626.886786,13627.211453,13627.785452,13630.549449,0,2.99999999999994,0.0299999999999997,5.99999999999996,2,1,65,0.5
1049,13631.938781,13630.960115,13631.394116,13631.885448,13634.419445,1,2.99999999999994,0.0299999999999997,7.00000000000003,1,2,66,0.5
1050,13635.600111,13634.896778,13635.069445,13635.600111,13642.056771,0,NaN,0,7.00000000000003,1,2,66,0.5
1051,13643.45877,13642.554104,13642.989437,13643.405436,13646.185434,1,2.99999999999994,0.0299999999999997,7.00000000000003,1,2,66,0.5
1052,13647.362766,13646.596767,13646.878766,13647.362766,13665.303414,0,NaN,0,7.00000000000003,1,2,66,0.5
1053,13666.547413,13665.778747,13665.949414,13666.49408,13668.507411,0,2.99999999999994,0.0299999999999997,5.99999999999996,2,1,65,0.5
1054,13669.850743,13669.023411,13669.381415,13669.79741,13672.214074,0,2.99999999999994,0.0299999999999997,5.99999999999996,2,1,65,0.5
1055,13674.010739,13672.90874,13673.346073,13673.957406,13675.922737,1,2.99999999999994,0.0299999999999997,7.00000000000003,1,2,66,0.5
1056,13677.007403,13676.329403,13676.506737,13677.007403,13679.974066,0,NaN,0,7.00000000000003,1,2,66,0.5
1057,13687.751392,13686.783393,13687.188059,13687.751392,13688.166725,0,NaN,0,7.00000000000003,1,2,66,0.5
1058,13698.449381,13697.740049,13697.860049,13698.396048,13700.23138,0,2.99999999999994,0.0299999999999997,5.99999999999996,2,1,65,0.5
1059,13702.078044,13701.324712,13701.712711,13702.078044,13726.353353,1,NaN,0,5.99999999999996,2,1,65,0.5
1060,13729.83735,13728.720684,13729.382684,13729.784017,13731.642015,1,2.99999999999994,0.0299999999999997,7.00000000000003,1,2,66,0.5
1061,13732.75868,13732.138014,13732.326014,13732.75868,13738.362675,0,NaN,0,7.00000000000003,1,2,66,0.5
1062,13742.005338,13741.303338,13741.492672,13741.952005,13744.350002,0,2.99999999999994,0.0299999999999997,5.99999999999996,2,1,65,0.5
1063,13746.236667,13745.133335,13745.552001,13746.184,13748.147332,1,2.99999999999994,0.0299999999999997,7.00000000000003,1,2,66,0.5
1064,13749.140664,13748.541331,13748.701331,13749.140664,13756.42799,0,NaN,0,7.00000000000003,1,2,66,0.5
1065,13757.475989,13756.859323,13756.994656,13757.422656,13759.858653,0,2.99999999999994,0.0299999999999997,5.99999999999996,2,1,65,0.5
1066,13761.251319,13760.325319,13760.753319,13761.197985,13761.891985,1,2.99999999999994,0.0299999999999997,7.00000000000003,1,2,66,0.5
1067,13762.865984,13762.241318,13762.424651,13762.835984,13765.090648,0,2.99999999999994,0.0299999999999997,5.99999999999996,2,1,65,0.5
1068,13766.351313,13765.541981,13765.943981,13766.351313,13801.879945,0,NaN,0,7.00000000000003,1,2,66,0.5
1069,13802.95461,13802.301944,13802.619944,13802.95461,13803.305276,1,NaN,0,5.99999999999996,2,1,65,0.5
1070,13816.456597,13815.622598,13816.033264,13816.456597,13821.510592,0,NaN,0,7.00000000000003,1,2,66,0.5
1071,13831.014582,13830.391249,13830.610583,13830.961249,13836.988576,0,2.99999999999994,0.0299999999999997,5.99999999999996,2,1,65,0.5
1072,13842.473237,13841.722571,13841.803905,13842.419904,13844.022569,0,2.99999999999994,0.0299999999999997,5.99999999999996,2,1,65,0.5
1073,13845.333234,13844.515902,13844.827235,13845.279901,13846.8779,0,2.99999999999994,0.0299999999999997,5.99999999999996,2,1,65,0.5
1074,13848.185232,13847.335899,13847.765899,13848.131898,13850.871229,1,2.99999999999994,0.0299999999999997,7.00000000000003,1,2,66,0.5
1075,13852.008561,13851.328562,13851.548562,13852.008561,13852.446561,0,NaN,0,7.00000000000003,1,2,66,0.5
1076,13860.363219,13859.478554,13859.902553,13860.363219,13862.063218,0,NaN,0,7.00000000000003,1,2,66,0.5
1077,13873.575873,13873.023873,13873.103207,13873.52254,13875.884537,0,2.99999999999994,0.0299999999999997,5.99999999999996,2,1,65,0.5
1078,13877.836535,13877.290536,13877.370536,13877.783202,13879.155201,0,2.99999999999994,0.0299999999999997,5.99999999999996,2,1,65,0.5
1079,13880.561199,13879.666533,13880.0712,13880.507866,13883.171197,1,2.99999999999994,0.0299999999999997,7.00000000000003,1,2,66,0.5
1080,13884.295195,13883.539196,13883.773196,13884.241862,13885.250528,0,2.99999999999994,0.0299999999999997,5.99999999999996,2,1,65,0.5
1081,13886.85386,13885.781861,13886.371193,13886.800526,13889.40919,1,2.99999999999994,0.0299999999999997,7.00000000000003,1,2,66,0.5
1082,13890.618523,13889.936523,13890.105856,13890.565189,13891.493188,0,2.99999999999994,0.0299999999999997,5.99999999999996,2,1,65,0.5
1083,13892.89452,13892.019854,13892.453854,13892.841854,13895.913184,1,2.99999999999994,0.0299999999999997,7.00000000000003,1,2,66,0.5
1084,13896.910516,13896.352517,13896.494517,13896.910516,13904.233842,0,NaN,0,7.00000000000003,1,2,66,0.5
1085,13906.388507,13905.601841,13905.919841,13906.335173,13908.737838,0,2.99999999999994,0.0299999999999997,5.99999999999996,2,1,65,0.5
1086,13910.05717,13909.173171,13909.593837,13910.003836,13912.119834,0,2.99999999999994,0.0299999999999997,5.99999999999996,2,1,65,0.5
1087,13913.317166,13912.549834,13912.879167,13913.263833,13915.517164,0,2.99999999999994,0.0299999999999997,5.99999999999996,2,1,65,0.5
1088,13917.191163,13916.00383,13916.489163,13917.137829,13920.309826,1,2.99999999999994,0.0299999999999997,7.00000000000003,1,2,66,0.5
1089,13921.407158,13920.788492,13920.962492,13921.407158,13927.084486,0,NaN,0,7.00000000000003,1,2,66,0.5
1090,13928.365151,13927.481152,13927.910485,13928.311818,13930.801816,1,2.99999999999994,0.0299999999999997,7.00000000000003,1,2,66,0.5
1091,13932.073814,13931.270482,13931.504482,13932.020481,13934.635812,0,2.99999999999994,0.0299999999999997,5.99999999999996,2,1,65,0.5
1092,13936.421143,13935.916477,13935.923144,13936.36781,13939.141807,1,2.99999999999994,0.0299999999999997,7.00000000000003,1,2,66,0.5
1093,13940.943805,13940.150473,13940.335806,13940.890472,13943.417803,0,2.99999999999994,0.0299999999999997,5.99999999999996,2,1,65,0.5
1094,13944.864468,13943.915803,13944.366469,13944.811135,13947.461132,1,2.99999999999994,0.0299999999999997,7.00000000000003,1,2,66,0.5
1095,13948.845131,13948.054465,13948.321798,13948.845131,13958.505121,0,NaN,0,7.00000000000003,1,2,66,0.5
1096,13981.695098,13978.850434,13979.2971,13981.641765,13987.844425,1,2.99999999999994,0.0299999999999997,7.00000000000003,1,2,66,0.5
1097,13989.157757,13988.267758,13988.665758,13989.104424,13991.192422,0,2.99999999999994,0.0299999999999997,5.99999999999996,2,1,65,0.5
1098,13992.581754,13991.609088,13991.963088,13992.528421,13995.043085,1,2.99999999999994,0.0299999999999997,7.00000000000003,1,2,66,0.5
1099,13996.17375,13995.449751,13995.646417,13996.120417,13998.413748,0,2.99999999999994,0.0299999999999997,5.99999999999996,2,1,65,0.5
1100,14000.029746,13999.125747,13999.524414,13999.976413,14002.605744,1,2.99999999999994,0.0299999999999997,7.00000000000003,1,2,66,0.5
1101,14003.950409,14003.149077,14003.42841,14003.950409,14011.483735,0,NaN,0,7.00000000000003,1,2,66,0.5
1102,14012.741734,14011.883068,14012.203068,14012.741734,14015.043731,0,NaN,0,7.00000000000003,1,2,66,0.5
1103,14021.233725,14020.335726,14020.747059,14021.180392,14023.748389,1,2.99999999999994,0.0299999999999997,7.00000000000003,1,2,66,0.5
1104,14024.949055,14024.143056,14024.506389,14024.949055,14127.179619,0,NaN,0,7.00000000000003,1,2,66,0.5
1105,14128.905618,14127.953618,14128.340285,14128.852284,14130.989615,0,2.99999999999994,0.0299999999999997,5.99999999999996,2,1,65,0.5
1106,14132.425614,14131.570282,14131.862948,14132.372281,14134.200946,0,2.99999999999994,0.0299999999999997,5.99999999999996,2,1,65,0.5
1107,14135.846944,14134.774945,14135.245611,14135.793611,14137.692942,1,2.99999999999994,0.0299999999999997,7.00000000000003,1,2,66,0.5
1108,14138.915608,14138.223608,14138.396275,14138.915608,14139.32094,0,NaN,0,7.00000000000003,1,2,66,0.5
1109,14151.991594,14151.071595,14151.455595,14151.938261,14154.013592,1,2.99999999999994,0.0299999999999997,7.00000000000003,1,2,66,0.5
1110,14155.214258,14154.406259,14154.648925,14155.160925,14157.359589,0,2.99999999999994,0.0299999999999997,5.99999999999996,2,1,65,0.5
1111,14159.459587,14158.613588,14158.956921,14159.406254,14161.435585,1,2.99999999999994,0.0299999999999997,7.00000000000003,1,2,66,0.5
1112,14162.65225,14162.004251,14162.196918,14162.65225,14174.260906,0,NaN,0,7.00000000000003,1,2,66,0.5
1113,14175.344238,14174.759572,14174.815572,14175.290904,14177.484236,0,2.99999999999994,0.0299999999999997,5.99999999999996,2,1,65,0.5
1114,14178.738901,14177.950902,14178.249568,14178.685568,14180.656232,0,2.99999999999994,0.0299999999999997,5.99999999999996,2,1,65,0.5
1115,14181.888898,14181.152232,14181.444898,14181.835565,14183.403563,0,2.99999999999994,0.0299999999999997,5.99999999999996,2,1,65,0.5
1116,14184.714228,14183.806229,14184.222896,14184.660895,14187.548892,1,2.99999999999994,0.0299999999999997,7.00000000000003,1,2,66,0.5
1117,14188.722224,14187.992892,14188.245558,14188.722224,14189.074224,0,NaN,0,7.00000000000003,1,2,66,0.5
1118,14197.752215,14197.069549,14197.277549,14197.698882,14200.16088,1,2.99999999999994,0.0299999999999997,7.00000000000003,1,2,66,0.5
1119,14201.608878,14200.766212,14201.074212,14201.555545,14203.860876,0,2.99999999999994,0.0299999999999997,5.99999999999996,2,1,65,0.5
1120,14205.721541,14204.919542,14205.224208,14205.668207,14207.549539,1,2.99999999999994,0.0299999999999997,7.00000000000003,1,2,66,0.5
1121,14208.622871,14207.983538,14208.196872,14208.622871,14208.991537,0,NaN,0,7.00000000000003,1,2,66,0.5
1122,14216.01553,14215.168865,14215.535531,14215.962197,14218.415528,1,2.99999999999994,0.0299999999999997,7.00000000000003,1,2,66,0.5
1123,14219.56886,14218.844861,14219.066861,14219.515527,14221.136859,0,2.99999999999994,0.0299999999999997,5.99999999999996,2,1,65,0.5
1124,14222.546857,14221.657525,14222.071524,14222.493524,14224.860855,1,2.99999999999994,0.0299999999999997,7.00000000000003,1,2,66,0.5
1125,14225.938854,14225.278855,14225.443521,14225.938854,14227.966852,0,NaN,0,7.00000000000003,1,2,66,0.5
1126,14236.146844,14235.691511,14235.776177,14236.146844,14236.504177,0,NaN,0,7.00000000000003,1,2,66,0.5
1127,14245.074168,14244.190169,14244.501502,14245.020835,14246.418167,1,2.99999999999994,0.0299999999999997,7.00000000000003,1,2,66,0.5
1128,14247.620832,14246.848833,14247.098833,14247.567499,14249.94483,0,2.99999999999994,0.0299999999999997,5.99999999999996,2,1,65,0.5
1129,14251.535495,14250.572163,14251.016162,14251.482162,14253.699493,1,2.99999999999994,0.0299999999999997,7.00000000000003,1,2,66,0.5
1130,14254.784825,14254.133492,14254.323492,14254.784825,14257.310822,0,NaN,0,7.00000000000003,1,2,66,0.5
1131,14263.47815,14262.870817,14263.109483,14263.47815,14271.152809,1,NaN,0,5.99999999999996,2,1,65,0.5
1132,14280.0788,14279.414134,14279.650133,14280.0788,14280.386133,1,NaN,0,5.99999999999996,2,1,65,0.5
1133,14293.19012,14292.248121,14292.709454,14293.136787,14295.668784,1,2.99999999999994,0.0299999999999997,7.00000000000003,1,2,66,0.5
1134,14296.766116,14296.142784,14296.26745,14296.766116,14302.324777,0,NaN,0,7.00000000000003,1,2,66,0.5
1135,14310.626102,14309.987436,14310.215436,14310.626102,14318.340761,1,NaN,0,5.99999999999996,2,1,65,0.5
1136,14323.588756,14322.673424,14323.123423,14323.535423,14328.337418,1,2.99999999999994,0.0299999999999997,7.00000000000003,1,2,66,0.5
1137,14329.97275,14329.035417,14329.412084,14329.97275,14330.471416,0,NaN,0,7.00000000000003,1,2,66,0.5
1138,14341.523405,14340.820739,14341.016072,14341.470072,14343.737403,0,2.99999999999994,0.0299999999999997,5.99999999999996,2,1,65,0.5
1139,14345.112068,14344.154736,14344.584735,14345.058735,14347.470066,1,2.99999999999994,0.0299999999999997,7.00000000000003,1,2,66,0.5
1140,14348.676731,14347.998732,14348.186065,14348.676731,14361.628718,0,NaN,0,7.00000000000003,1,2,66,0.5
1141,14362.492717,14362.033384,14362.077384,14362.492717,14362.67605,0,NaN,0,7.00000000000003,1,2,66,0.5
1142,14381.803365,14381.142032,14381.343365,14381.750031,14384.734028,1,2.99999999999994,0.0299999999999997,7.00000000000003,1,2,66,0.5
1143,14385.932027,14385.308694,14385.482694,14385.932027,14389.248691,0,NaN,0,7.00000000000003,1,2,66,0.5
1144,14412.258668,14411.544002,14411.898001,14412.258668,14412.479334,1,NaN,0,5.99999999999996,2,1,65,0.5
1145,14444.798635,14443.705303,14444.016636,14444.745302,14446.756633,0,2.99999999999994,0.0299999999999997,5.99999999999996,2,1,65,0.5
1146,14448.419965,14447.302632,14447.735965,14448.366631,14450.695296,1,2.99999999999994,0.0299999999999997,7.00000000000003,1,2,66,0.5
1147,14451.875295,14451.199295,14451.383295,14451.875295,14452.313294,0,NaN,0,7.00000000000003,1,2,66,0.5
1148,14462.953284,14462.115951,14462.494617,14462.89995,14465.239948,1,2.99999999999994,0.0299999999999997,7.00000000000003,1,2,66,0.5
1149,14466.51728,14465.675281,14465.98528,14466.463947,14470.197276,0,2.99999999999994,0.0299999999999997,5.99999999999996,2,1,65,0.5
1150,14471.709941,14470.759276,14471.155942,14471.656608,14473.787939,1,2.99999999999994,0.0299999999999997,7.00000000000003,1,2,66,0.5
1151,14475.100605,14474.293272,14474.613272,14475.047271,14477.667935,0,2.99999999999994,0.0299999999999997,5.99999999999996,2,1,65,0.5
1152,14479.276601,14478.379935,14478.779268,14479.223267,14481.512598,1,2.99999999999994,0.0299999999999997,7.00000000000003,1,2,66,0.5
1153,14482.773264,14482.046598,14482.258598,14482.71993,14485.071928,0,2.99999999999994,0.0299999999999997,5.99999999999996,2,1,65,0.5
1154,14486.538593,14485.774594,14486.10526,14486.48526,14489.083257,0,2.99999999999994,0.0299999999999997,5.99999999999996,2,1,65,0.5
1155,14490.459923,14489.72459,14490.017923,14490.406589,14493.455253,0,2.99999999999994,0.0299999999999997,5.99999999999996,2,1,65,0.5
1156,14494.863918,14493.956586,14494.349919,14494.810585,14497.164583,1,2.99999999999994,0.0299999999999997,7.00000000000003,1,2,66,0.5
1157,14498.397248,14497.622582,14497.848582,14498.343915,14501.457912,0,2.99999999999994,0.0299999999999997,5.99999999999996,2,1,65,0.5
1158,14503.249243,14502.369911,14502.782577,14503.249243,14505.471241,0,NaN,0,7.00000000000003,1,2,66,0.5
1159,14623.749789,14622.88979,14623.17779,14623.696456,14630.071116,0,2.99999999999994,0.0299999999999997,5.99999999999996,2,1,65,0.5
1160,14631.683781,14630.668449,14631.139782,14631.630448,14633.985112,1,2.99999999999994,0.0299999999999997,7.00000000000003,1,2,66,0.5
1161,14635.735777,14635.136445,14635.173111,14635.682444,14637.729109,0,2.99999999999994,0.0299999999999997,5.99999999999996,2,1,65,0.5
1162,14639.175107,14638.337775,14638.759108,14639.175107,14647.417099,0,NaN,0,7.00000000000003,1,2,66,0.5
1163,14649.931763,14649.32443,14649.413097,14649.87843,14661.222419,0,2.99999999999994,0.0299999999999997,5.99999999999996,2,1,65,0.5
1164,14663.502416,14662.845084,14663.071083,14663.502416,14674.075739,0,NaN,0,7.00000000000003,1,2,66,0.5
1165,14683.59973,14682.864397,14683.180397,14683.546396,14685.625061,1,2.99999999999994,0.0299999999999997,7.00000000000003,1,2,66,0.5
1166,14687.091726,14686.025727,14686.157727,14687.091726,14687.403059,0,NaN,0,7.00000000000003,1,2,66,0.5
1167,14695.473718,14694.841718,14695.091718,14695.473718,14695.649051,1,NaN,0,5.99999999999996,2,1,65,0.5
1168,14709.651037,14708.927704,14709.209704,14709.651037,14709.75837,1,NaN,0,5.99999999999996,2,1,65,0.5
1169,14723.206357,14722.317024,14722.781024,14723.153023,14725.112355,1,2.99999999999994,0.0299999999999997,7.00000000000003,1,2,66,0.5
1170,14726.72502,14725.744354,14725.936354,14726.671686,14729.973683,0,2.99999999999994,0.0299999999999997,5.99999999999996,2,1,65,0.5
1171,14731.101682,14730.383683,14730.629016,14731.101682,14733.201013,0,NaN,0,7.00000000000003,1,2,66,0.5
1172,14741.465672,14740.571006,14740.861006,14741.412338,14743.57767,0,2.99999999999994,0.0299999999999997,5.99999999999996,2,1,65,0.5
1173,14744.872335,14744.229002,14744.439669,14744.86967,14747.583666,0,2.99999999999994,0.0299999999999997,5.99999999999996,2,1,65,0.5
1174,14748.821664,14747.975665,14748.316998,14748.768331,14749.981663,0,2.99999999999994,0.0299999999999997,5.99999999999996,2,1,65,0.5
1175,14751.289662,14750.351663,14750.811662,14751.236329,14753.374993,1,2.99999999999994,0.0299999999999997,7.00000000000003,1,2,66,0.5
1176,14754.545659,14753.825659,14753.972326,14754.545659,14763.268317,0,NaN,0,7.00000000000003,1,2,66,0.5
1177,14764.605649,14763.652983,14764.094316,14764.552315,14766.806313,1,2.99999999999994,0.0299999999999997,7.00000000000003,1,2,66,0.5
1178,14767.934979,14767.209646,14767.439646,14767.934979,14775.182305,0,NaN,0,7.00000000000003,1,2,66,0.5
1179,14778.754301,14778.075635,14778.286301,14778.754301,14779.113634,1,NaN,0,5.99999999999996,2,1,65,0.5
1180,14785.309628,14784.514962,14784.744295,14785.256295,14790.586956,0,2.99999999999994,0.0299999999999997,5.99999999999996,2,1,65,0.5
1181,14798.460948,14797.624282,14797.934282,14798.458281,14799.42628,0,2.99999999999994,0.0299999999999997,5.99999999999996,2,1,65,0.5
1182,14807.917605,14806.933606,14807.380272,14807.864272,14809.91227,1,2.99999999999994,0.0299999999999997,7.00000000000003,1,2,66,0.5
1183,14810.973602,14810.348936,14810.522269,14810.963602,14814.564932,0,2.99999999999994,0.0299999999999997,5.99999999999996,2,1,65,0.5
1184,14815.850931,14814.979598,14815.359598,14815.797597,14817.980928,0,2.99999999999994,0.0299999999999997,5.99999999999996,2,1,65,0.5
1185,14819.580927,14819.083594,14819.085594,14819.527594,14822.072924,1,2.99999999999994,0.0299999999999997,7.00000000000003,1,2,66,0.5
1186,14823.26759,14822.544257,14822.82159,14823.26759,14823.709589,0,NaN,0,7.00000000000003,1,2,66,0.5
1187,14833.276913,14832.678914,14832.898914,14833.276913,14840.482906,1,NaN,0,5.99999999999996,2,1,65,0.5
1188,14842.358237,14841.235572,14841.790238,14842.304904,14845.602234,1,2.99999999999994,0.0299999999999997,7.00000000000003,1,2,66,0.5
1189,14851.632228,14851.156895,14851.208229,14851.632228,14851.847561,0,NaN,0,7.00000000000003,1,2,66,0.5
1190,14860.889552,14860.330886,14860.372886,14860.836886,14862.67155,0,2.99999999999994,0.0299999999999997,5.99999999999996,2,1,65,0.5
1191,14864.138216,14863.372883,14863.719549,14864.138216,14871.892208,0,NaN,0,7.00000000000003,1,2,66,0.5
1192,14884.020196,14883.34953,14883.538196,14883.966862,14886.451527,1,2.99999999999994,0.0299999999999997,7.00000000000003,1,2,66,0.5
1193,14887.576192,14886.90286,14887.112859,14887.576192,14887.952192,0,NaN,0,7.00000000000003,1,2,66,0.5
1194,14897.212183,14896.375517,14896.674183,14897.158849,14901.091512,1,2.99999999999994,0.0299999999999997,7.00000000000003,1,2,66,0.5
1195,14902.383511,14901.563512,14901.881511,14902.330177,14904.649508,0,2.99999999999994,0.0299999999999997,5.99999999999996,2,1,65,0.5
1196,14906.185507,14905.594841,14905.598841,14906.132174,14908.434171,1,2.99999999999994,0.0299999999999997,7.00000000000003,1,2,66,0.5
1197,14909.58017,14908.877504,14909.049504,14909.526837,14912.146834,0,2.99999999999994,0.0299999999999997,5.99999999999996,2,1,65,0.5
1198,14913.673499,14913.274167,14913.282167,14913.620166,14917.086829,1,2.99999999999994,0.0299999999999997,7.00000000000003,1,2,66,0.5
1199,14918.274828,14917.528162,14917.764829,14918.221495,14920.229493,0,2.99999999999994,0.0299999999999997,5.99999999999996,2,1,65,0.5
1200,14921.366825,14920.698159,14920.970825,14921.366825,14928.732818,0,NaN,0,7.00000000000003,1,2,66,0.5
1201,14930.597483,14929.98615,14930.14815,14930.597483,14931.123482,0,NaN,0,7.00000000000003,1,2,66,0.5
1202,14937.509476,14936.984809,14937.024143,14937.509476,15038.510708,0,NaN,0,7.00000000000003,1,2,66,0.5
1203,15039.576707,15039.010041,15039.066041,15039.576707,15047.854699,0,NaN,0,7.00000000000003,1,2,66,0.5
1204,15054.752025,15053.963359,15054.300025,15054.752025,15069.893343,0,NaN,0,7.00000000000003,1,2,66,0.5
1205,15071.212009,15070.384009,15070.759342,15071.158675,15077.782669,1,2.99999999999994,0.0299999999999997,7.00000000000003,1,2,66,0.5
1206,15079.134001,15078.553335,15078.778668,15079.134001,15084.834662,0,NaN,0,7.00000000000003,1,2,66,0.5
1207,15098.005315,15097.263983,15097.559316,15098.005315,15106.119307,1,NaN,0,5.99999999999996,2,1,65,0.5
1208,15107.786639,15106.893306,15107.325306,15107.733305,15109.992636,1,2.99999999999994,0.0299999999999997,7.00000000000003,1,2,66,0.5
1209,15111.179969,15110.555303,15110.730636,15111.169302,15113.631299,0,2.99999999999994,0.0299999999999997,5.99999999999996,2,1,65,0.5
1210,15114.977965,15114.211966,15114.583965,15114.977965,15124.995955,0,NaN,0,7.00000000000003,1,2,66,0.5
1211,15126.28062,15125.467954,15125.743954,15126.227287,15128.546618,1,2.99999999999994,0.0299999999999997,7.00000000000003,1,2,66,0.5
1212,15129.596617,15128.999951,15129.096617,15129.54395,15131.944614,0,2.99999999999994,0.0299999999999997,5.99999999999996,2,1,65,0.5
1213,15133.32528,15132.491281,15132.845947,15133.271947,15135.715277,0,2.99999999999994,0.0299999999999997,5.99999999999996,2,1,65,0.5
1214,15137.266609,15136.81461,15136.81661,15137.213276,15140.321939,1,2.99999999999994,0.0299999999999997,7.00000000000003,1,2,66,0.5
1215,15141.498605,15140.871272,15141.059939,15141.498605,15179.8439,0,NaN,0,7.00000000000003,1,2,66,0.5
1216,15181.000566,15180.390566,15180.466566,15180.947232,15184.228562,0,2.99999999999994,0.0299999999999997,5.99999999999996,2,1,65,0.5
1217,15185.647894,15184.735228,15185.126562,15185.594561,15188.093892,1,2.99999999999994,0.0299999999999997,7.00000000000003,1,2,66,0.5
1218,15189.032558,15188.493891,15188.641224,15189.032558,15198.106548,0,NaN,0,7.00000000000003,1,2,66,0.5
1219,15199.139881,15198.465215,15198.701214,15199.139881,15200.08988,1,NaN,0,5.99999999999996,2,1,65,0.5
1220,15207.496539,15206.923206,15207.005873,15207.443206,15210.030536,1,2.99999999999994,0.0299999999999997,7.00000000000003,1,2,66,0.5
1221,15211.661868,15211.117869,15211.204535,15211.661868,15212.065201,0,NaN,0,7.00000000000003,1,2,66,0.5
1222,15245.482501,15244.714502,15244.939835,15245.482501,15246.101834,0,NaN,0,7.00000000000003,1,2,66,0.5
1223,15265.441148,15264.607149,15264.882482,15265.387814,15267.635812,0,2.99999999999994,0.0299999999999997,5.99999999999996,2,1,65,0.5
1224,15269.128477,15268.205145,15268.572478,15269.075144,15271.703808,1,2.99999999999994,0.0299999999999997,7.00000000000003,1,2,66,0.5
1225,15272.75714,15272.151808,15272.285808,15272.703807,15280.737132,0,2.99999999999994,0.0299999999999997,5.99999999999996,2,1,65,0.5
1226,15282.036464,15281.196465,15281.423798,15281.983131,15283.697129,1,2.99999999999994,0.0299999999999997,7.00000000000003,1,2,66,0.5
1227,15284.781795,15284.165796,15284.315795,15284.781795,15285.121795,0,NaN,0,7.00000000000003,1,2,66,0.5
1228,15307.609106,15306.85444,15307.124439,15307.609106,15319.013761,0,NaN,0,7.00000000000003,1,2,66,0.5
1229,15426.885653,15414.262999,15414.381665,NaN,NaN,NaN,NaN,0,5.99999999999996,2,1,65,0.5
1230,15442.058971,15441.272305,15441.521638,15442.058971,15442.568971,0,NaN,0,7.00000000000003,1,2,66,0.5
1231,15450.893629,15449.894963,15449.92763,15450.840296,15453.11096,1,2.99999999999994,0.0299999999999997,7.00000000000003,1,2,66,0.5
1232,15500.397579,15499.54158,15499.772247,15500.344246,15502.394911,0,2.99999999999994,0.0299999999999997,5.99999999999996,2,1,65,0.5
1233,15503.46091,15502.870244,15503.07691,15503.407576,15512.933567,0,2.99999999999994,0.0299999999999997,5.99999999999996,2,1,65,0.5
1234,15525.090221,15524.091556,15524.384222,15525.090221,15525.602221,0,NaN,0,7.00000000000003,1,2,66,0.5
1235,15560.978852,15548.356198,15548.654864,NaN,15569.360844,NaN,NaN,0,7.00000000000003,1,2,66,0.5
1236,15576.897503,15576.158837,15576.421503,15576.84417,15580.602833,1,2.99999999999994,0.0299999999999997,7.00000000000003,1,2,66,0.5
1237,15581.548832,15581.030832,15581.102832,15581.541498,15583.33483,0,2.99999999999994,0.0299999999999997,5.99999999999996,2,1,65,0.5
1238,15584.522829,15583.892163,15584.128829,15584.522829,15584.924162,0,NaN,0,7.00000000000003,1,2,66,0.5
1239,15596.24415,15595.492818,15595.710817,15596.241484,15598.833481,0,2.99999999999994,0.0299999999999997,5.99999999999996,2,1,65,0.5
1240,15600.07548,15599.398147,15599.61948,15600.07548,15600.472146,0,NaN,0,7.00000000000003,1,2,66,0.5
1241,15607.918805,15607.224806,15607.445472,15607.865472,15609.394137,0,2.99999999999994,0.0299999999999997,5.99999999999996,2,1,65,0.5
1242,15610.464803,15609.834803,15610.03947,15610.464803,15618.903461,0,NaN,0,7.00000000000003,1,2,66,0.5
1243,15625.746121,15624.913455,15625.260788,15625.746121,15641.943438,0,NaN,0,7.00000000000003,1,2,66,0.5
1244,15645.098768,15644.273436,15644.468769,15645.098768,15645.420768,0,NaN,0,7.00000000000003,1,2,66,0.5
1245,15665.321415,15652.69876,15652.983427,NaN,NaN,NaN,NaN,0,7.00000000000003,1,2,66,0.5
1246,15675.941404,15675.178071,15675.426071,15675.941404,15676.76807,0,NaN,0,7.00000000000003,1,2,66,0.5
1247,15698.590048,15698.035382,15698.196048,15698.536715,15701.044712,1,2.99999999999994,0.0299999999999997,7.00000000000003,1,2,66,0.5
1248,15702.89271,15702.219378,15702.452044,15702.89271,15710.463369,0,NaN,0,7.00000000000003,1,2,66,0.5
1249,15711.897368,15710.998035,15711.366702,15711.844035,15714.840698,1,2.99999999999994,0.0299999999999997,7.00000000000003,1,2,66,0.5
1250,15717.111363,15716.592697,15716.689363,15717.111363,15717.312029,0,NaN,0,7.00000000000003,1,2,66,0.5
1251,15736.86801,15736.19201,15736.399343,15736.814676,15743.526003,1,2.99999999999994,0.0299999999999997,7.00000000000003,1,2,66,0.5
1252,15760.965319,15760.501319,15760.693319,NaN,15780.836632,NaN,NaN,0,7.00000000000003,1,2,66,0.5
1253,15802.537277,15801.619945,15802.040611,15802.483944,15805.885274,1,2.99999999999994,0.0299999999999997,7.00000000000003,1,2,66,0.5
1254,15807.195939,15806.48394,15806.66994,15807.142606,15810.350603,0,2.99999999999994,0.0299999999999997,5.99999999999996,2,1,65,0.5
1255,15811.625268,15810.842602,15811.132602,15811.597935,15814.476599,0,2.99999999999994,0.0299999999999997,5.99999999999996,2,1,65,0.5
1256,15815.711931,15815.065931,15815.279931,15815.711931,15822.867924,0,NaN,0,7.00000000000003,1,2,66,0.5
1257,15824.924588,15823.58459,15823.877256,15824.924588,15825.353254,1,NaN,0,5.99999999999996,2,1,65,0.5
1258,15835.509911,15834.639912,15834.991912,15835.456578,15837.351909,1,2.99999999999994,0.0299999999999997,7.00000000000003,1,2,66,0.5
1259,15838.940574,15838.465241,15838.490575,15838.940574,15865.551881,0,NaN,0,7.00000000000003,1,2,66,0.5
1260,15866.714546,15865.951881,15866.209214,15866.714546,16178.419568,1,NaN,0,5.99999999999996,2,1,65,0.5
1261,16182.322231,16181.318898,16181.502232,16182.322231,16191.270222,1,NaN,0,5.99999999999996,2,1,65,0.5
1262,16213.395533,16212.360201,16212.836867,16213.3422,16215.499531,1,2.99999999999994,0.0299999999999997,7.00000000000003,1,2,66,0.5
1263,16219.423527,16218.706861,16218.864194,16219.423527,16234.987511,0,NaN,0,7.00000000000003,1,2,66,0.5
1264,16240.183506,16239.442174,16239.784173,16240.183506,16255.184158,1,NaN,0,5.99999999999996,2,1,65,0.5
1265,16258.153488,16257.306156,16257.548822,16258.100155,16260.445486,0,2.99999999999994,0.0299999999999997,5.99999999999996,2,1,65,0.5
1266,16261.824151,16260.973485,16261.380818,16261.770818,16263.769483,1,2.99999999999994,0.0299999999999997,7.00000000000003,1,2,66,0.5
1267,16264.950148,16264.360815,16264.508149,16264.950148,16265.291481,0,NaN,0,7.00000000000003,1,2,66,0.5
1268,16274.746138,16273.987472,16274.242806,16274.746138,16274.952805,1,NaN,0,5.99999999999996,2,1,65,0.5
1269,16298.587448,16285.964794,16285.998127,NaN,16306.832106,NaN,NaN,0,7.00000000000003,1,2,66,0.5
1270,16307.965438,16307.264773,16307.492772,16307.965438,16308.278105,0,NaN,0,7.00000000000003,1,2,66,0.5
1271,16320.982092,16320.178096,16320.446759,16320.982092,16331.962081,1,NaN,0,5.99999999999996,2,1,65,0.5
1272,16334.370079,16333.587413,16333.825413,16334.370079,16381.711365,0,NaN,0,7.00000000000003,1,2,66,0.5
1273,16388.565358,16387.113359,16388.015358,16388.512691,16391.622688,1,2.99999999999994,0.0299999999999997,7.00000000000003,1,2,66,0.5
1274,16392.849354,16392.252021,16392.288021,16392.79602,16395.176685,0,2.99999999999994,0.0299999999999997,5.99999999999996,2,1,65,0.5
1275,16396.548683,16395.640684,16396.06535,16396.49535,16399.385347,1,2.99999999999994,0.0299999999999997,7.00000000000003,1,2,66,0.5
1276,16400.344013,16399.79068,16399.924013,16400.344013,16410.921336,0,NaN,0,7.00000000000003,1,2,66,0.5
1277,16412.193334,16411.356002,16411.677335,16412.140001,16414.214666,1,2.99999999999994,0.0299999999999997,7.00000000000003,1,2,66,0.5
1278,16416.143997,16415.331998,16415.644664,16416.143997,NaN,0,NaN,0,7.00000000000003,1,2,66,0.5
