trial,outcome,center_in,center_out,side_in,last_side_out,actions,reward,trial_types,odors,port_side,schedule,odor_name,odor_dur
1,403.141742,402.151742,402.587742,403.141742,1781.144242,1,NaN,0,5.99999999999996,2,1,65,0.5
2,1783.555242,1782.664742,1782.871242,1783.555242,1845.852242,1,NaN,0,5.99999999999996,2,1,65,0.5
3,1848.965242,1846.753242,1847.323242,1848.912742,1879.689746,0,2.99999999999994,0.0299999999999997,5.99999999999996,2,1,65,0.5
4,1881.367242,1880.431742,1880.833743,1881.367242,1922.063242,1,NaN,0,5.99999999999996,2,1,65,0.5
5,1925.052242,1923.655741,1924.189242,1924.999242,1942.340743,1,2.99999999999994,0.0299999999999997,7.00000000000003,1,2,66,0.5
6,1944.604742,1943.772742,1943.991243,1944.604742,1965.237242,0,NaN,0,7.00000000000003,1,2,66,0.5
7,1966.460742,1965.656741,1965.910746,1966.407742,1970.387242,0,2.99999999999994,0.0299999999999997,5.99999999999996,2,1,65,0.5
8,1971.893242,1970.815742,1971.355742,1971.893242,1985.793242,0,NaN,0,7.00000000000003,1,2,66,0.5
9,1987.313742,1986.588742,1986.853742,1987.261242,1995.830242,1,2.99999999999994,0.0299999999999997,7.00000000000003,1,2,66,0.5
10,1997.147242,1996.327242,1996.581242,1997.147242,2003.502242,0,NaN,0,7.00000000000003,1,2,66,0.5
11,2004.666242,2004.016242,2004.280242,2004.666242,2018.948742,0,NaN,0,7.00000000000003,1,2,66,0.5
12,2020.299242,2019.526742,2019.808742,2020.246742,2024.149242,0,2.99999999999994,0.0299999999999997,5.99999999999996,2,1,65,0.5
13,2025.152246,2024.528742,2024.726243,2025.132246,2029.120742,0,2.99999999999994,0.0299999999999997,5.99999999999996,2,1,65,0.5
14,2030.262242,2029.611242,2029.883742,2030.262242,2039.874741,0,NaN,0,7.00000000000003,1,2,66,0.5
15,2047.832246,2047.265242,2047.400742,2047.832246,2065.523242,0,NaN,0,7.00000000000003,1,2,66,0.5
16,2066.595742,2066.107242,2066.236242,2066.595742,2084.129742,0,NaN,0,7.00000000000003,1,2,66,0.5
17,2085.149242,2084.540743,2084.718744,2085.149242,2090.815241,0,NaN,0,7.00000000000003,1,2,66,0.5
18,2092.950242,2091.928742,2092.503242,2092.897242,2099.830742,1,2.99999999999994,0.0299999999999997,7.00000000000003,1,2,66,0.5
19,2101.212742,2100.486742,2100.662241,2101.212742,2109.525242,0,NaN,0,7.00000000000003,1,2,66,0.5
20,2110.575246,2109.965242,2110.083237,2110.575246,2118.982742,0,NaN,0,7.00000000000003,1,2,66,0.5
21,2120.578742,2119.480742,2119.991745,2120.525746,2123.149742,0,2.99999999999994,0.0299999999999997,5.99999999999996,2,1,65,0.5
22,2124.378742,2123.535242,2123.948242,2124.378742,2144.731242,0,NaN,0,7.00000000000003,1,2,66,0.5
23,2148.882242,2148.023742,2148.376742,2148.882242,2163.696742,0,NaN,0,7.00000000000003,1,2,66,0.5
24,2165.121742,2164.298242,2164.634742,2165.069242,2168.596246,0,2.99999999999994,0.0299999999999997,5.99999999999996,2,1,65,0.5
25,2170.178742,2169.097242,2169.621742,2170.125746,2175.527242,1,2.99999999999994,0.0299999999999997,7.00000000000003,1,2,66,0.5
26,2176.762742,2176.102742,2176.308742,2176.762742,2221.510242,0,NaN,0,7.00000000000003,1,2,66,0.5
27,2222.809242,2221.979742,2222.300742,2222.756742,2229.029242,1,2.99999999999994,0.0299999999999997,7.00000000000003,1,2,66,0.5
28,2230.281242,2229.657242,2229.862242,2230.247242,2234.108742,0,2.99999999999994,0.0299999999999997,5.99999999999996,2,1,65,0.5
29,2235.427742,2234.644242,2234.968741,2235.374242,2240.458242,1,2.99999999999994,0.0299999999999997,7.00000000000003,1,2,66,0.5
30,2241.559242,2240.830742,2241.055242,2241.559242,2244.983742,0,NaN,0,7.00000000000003,1,2,66,0.5
31,2249.470743,2248.848242,2249.037242,2249.466743,2253.590244,1,2.99999999999994,0.0299999999999997,7.00000000000003,1,2,66,0.5
32,2255.140242,2254.307243,2254.526243,2255.087746,2257.983742,0,2.99999999999994,0.0299999999999997,5.99999999999996,2,1,65,0.5
33,2259.092244,2258.328742,2258.642244,2259.039742,2262.899742,1,2.99999999999994,0.0299999999999997,7.00000000000003,1,2,66,0.5
34,2264.161742,2263.507741,2263.698242,2264.161742,2268.094241,0,NaN,0,7.00000000000003,1,2,66,0.5
35,2272.142242,2271.639242,2271.675742,2272.089242,2275.832242,1,2.99999999999994,0.0299999999999997,7.00000000000003,1,2,66,0.5
36,2276.925742,2276.302242,2276.458736,2276.893742,2279.923242,0,2.99999999999994,0.0299999999999997,5.99999999999996,2,1,65,0.5
37,2281.126748,2280.286736,2280.583742,2281.074242,2283.744746,0,2.99999999999994,0.0299999999999997,5.99999999999996,2,1,65,0.5
38,2284.789742,2284.095742,2284.391242,2284.789742,2289.671242,1,NaN,0,5.99999999999996,2,1,65,0.5
39,2291.339746,2290.715742,2290.944742,2291.339746,2298.574742,1,NaN,0,5.99999999999996,2,1,65,0.5
40,2299.609243,2298.931242,2299.143242,2299.556742,2303.528246,1,2.99999999999994,0.0299999999999997,7.00000000000003,1,2,66,0.5
41,2304.811742,2303.930742,2304.302742,2304.758746,2308.119742,0,2.99999999999994,0.0299999999999997,5.99999999999996,2,1,65,0.5
42,2309.323243,2308.475242,2308.831242,2309.270243,2313.484242,1,2.99999999999994,0.0299999999999997,7.00000000000003,1,2,66,0.5
43,2314.767242,2313.869746,2314.109746,2314.714242,2317.861242,0,2.99999999999994,0.0299999999999997,5.99999999999996,2,1,65,0.5
44,2318.882243,2318.194742,2318.417742,2318.829242,2322.770742,1,2.99999999999994,0.0299999999999997,7.00000000000003,1,2,66,0.5
45,2324.543742,2323.776742,2323.946242,2324.543742,2330.812742,0,NaN,0,7.00000000000003,1,2,66,0.5
46,2332.268242,2331.605742,2331.768742,2332.268242,2333.973742,0,NaN,0,7.00000000000003,1,2,66,0.5
47,2339.957742,2339.309246,2339.566742,2339.957742,2345.634742,1,NaN,0,5.99999999999996,2,1,65,0.5
48,2347.119242,2346.133742,2346.502745,2347.066742,2351.416242,1,2.99999999999994,0.0299999999999997,7.00000000000003,1,2,66,0.5
49,2352.530246,2351.906242,2352.099742,2352.498746,2355.142242,0,2.99999999999994,0.0299999999999997,5.99999999999996,2,1,65,0.5
50,2356.269742,2355.507242,2355.821242,2356.217241,2358.791742,0,2.99999999999994,0.0299999999999997,5.99999999999996,2,1,65,0.5
51,2359.976242,2359.203742,2359.529742,2359.922742,2363.921242,1,2.99999999999994,0.0299999999999997,7.00000000000003,1,2,66,0.5
52,2364.999246,2364.615242,2364.619246,2364.946242,2367.053242,0,2.99999999999994,0.0299999999999997,5.99999999999996,2,1,65,0.5
53,2368.287242,2367.560742,2367.832742,2368.234242,2370.561242,0,2.99999999999994,0.0299999999999997,5.99999999999996,2,1,65,0.5
54,2371.669242,2370.884742,2371.218742,2371.616242,2375.502242,1,2.99999999999994,0.0299999999999997,7.00000000000003,1,2,66,0.5
55,2376.453242,2375.839742,2375.976242,2376.400246,2378.940742,0,2.99999999999994,0.0299999999999997,5.99999999999996,2,1,65,0.5
56,2380.146242,2379.364242,2379.688242,2380.093742,2383.384742,1,2.99999999999994,0.0299999999999997,7.00000000000003,1,2,66,0.5
57,2384.254242,2383.688243,2383.819243,2384.254242,2389.640242,0,NaN,0,7.00000000000003,1,2,66,0.5
58,2390.891242,2389.934742,2390.431742,2390.838242,2394.287242,1,2.99999999999994,0.0299999999999997,7.00000000000003,1,2,66,0.5
59,2395.418242,2394.681242,2394.884242,2395.365742,2397.705242,0,2.99999999999994,0.0299999999999997,5.99999999999996,2,1,65,0.5
60,2398.875242,2398.070743,2398.451742,2398.822742,2401.617242,1,2.99999999999994,0.0299999999999997,7.00000000000003,1,2,66,0.5
61,2402.712242,2402.046741,2402.227742,2402.712242,2410.438742,0,NaN,0,7.00000000000003,1,2,66,0.5
62,2411.668742,2410.804242,2411.229747,2411.616242,2414.714742,1,2.99999999999994,0.0299999999999997,7.00000000000003,1,2,66,0.5
63,2415.657242,2415.073742,2415.203242,2415.604242,2418.333742,0,2.99999999999994,0.0299999999999997,5.99999999999996,2,1,65,0.5
64,2419.601242,2418.810242,2419.126243,2419.548242,2421.280742,0,2.99999999999994,0.0299999999999997,5.99999999999996,2,1,65,0.5
65,2422.384244,2421.678242,2421.913742,2422.331244,2423.985242,0,2.99999999999994,0.0299999999999997,5.99999999999996,2,1,65,0.5
66,2425.155242,2424.403742,2424.744742,2425.101746,2428.374736,1,2.99999999999994,0.0299999999999997,7.00000000000003,1,2,66,0.5
67,2429.286242,2428.727242,2428.865243,2429.286242,2432.723742,0,NaN,0,7.00000000000003,1,2,66,0.5
68,2450.290746,2449.507242,2449.738241,2450.238742,2453.165242,1,2.99999999999994,0.0299999999999997,7.00000000000003,1,2,66,0.5
69,2454.332742,2453.780742,2453.838742,2454.280242,2456.953242,0,2.99999999999994,0.0299999999999997,5.99999999999996,2,1,65,0.5
70,2457.949742,2457.326742,2457.565742,2457.923243,2460.342742,0,2.99999999999994,0.0299999999999997,5.99999999999996,2,1,65,0.5
71,2461.500242,2460.751246,2461.061746,2461.447242,2464.305741,1,2.99999999999994,0.0299999999999997,7.00000000000003,1,2,66,0.5
72,2465.484745,2464.810242,2465.051242,2465.432742,2467.604742,0,2.99999999999994,0.0299999999999997,5.99999999999996,2,1,65,0.5
73,2468.704742,2468.023742,2468.269742,2468.651742,2470.998741,0,2.99999999999994,0.0299999999999997,5.99999999999996,2,1,65,0.5
74,2472.056242,2471.311742,2471.615742,2472.003242,2475.198242,1,2.99999999999994,0.0299999999999997,7.00000000000003,1,2,66,0.5
75,2476.102742,2475.493242,2475.642743,2476.050241,2479.028241,0,2.99999999999994,0.0299999999999997,5.99999999999996,2,1,65,0.5
76,2480.301741,2479.475742,2479.774242,2480.249242,2482.825742,1,2.99999999999994,0.0299999999999997,7.00000000000003,1,2,66,0.5
77,2483.827242,2483.204242,2483.386242,2483.786243,2486.002746,0,2.99999999999994,0.0299999999999997,5.99999999999996,2,1,65,0.5
78,2487.307742,2486.446242,2486.742742,2487.255241,2490.646242,1,2.99999999999994,0.0299999999999997,7.00000000000003,1,2,66,0.5
79,2491.634742,2491.033241,2491.171242,2491.582242,2494.133242,0,2.99999999999994,0.0299999999999997,5.99999999999996,2,1,65,0.5
80,2495.182242,2494.503242,2494.786242,2495.182242,2502.044742,1,NaN,0,5.99999999999996,2,1,65,0.5
81,2503.205242,2502.582242,2502.748242,2503.158742,2505.415242,0,2.99999999999994,0.0299999999999997,5.99999999999996,2,1,65,0.5
82,2506.659243,2505.830242,2506.185242,2506.606742,2509.253246,1,2.99999999999994,0.0299999999999997,7.00000000000003,1,2,66,0.5
83,2510.162746,2509.582246,2509.722246,2510.162746,2515.546242,0,NaN,0,7.00000000000003,1,2,66,0.5
84,2520.276242,2519.499242,2519.833242,2520.224242,2522.141242,0,2.99999999999994,0.0299999999999997,5.99999999999996,2,1,65,0.5
85,2523.088742,2522.470742,2522.675244,2523.036242,2525.670742,0,2.99999999999994,0.0299999999999997,5.99999999999996,2,1,65,0.5
86,2526.744742,2526.039742,2526.393241,2526.744742,2530.561742,0,NaN,0,7.00000000000003,1,2,66,0.5
87,2535.433742,2534.823242,2535.034242,2535.433742,2554.591241,1,NaN,0,5.99999999999996,2,1,65,0.5
88,2555.770742,2555.008246,2555.266242,2555.718241,2557.836742,0,2.99999999999994,0.0299999999999997,5.99999999999996,2,1,65,0.5
89,2558.768242,2558.093246,2558.284745,2558.715242,2560.843742,0,2.99999999999994,0.0299999999999997,5.99999999999996,2,1,65,0.5
90,2561.873242,2561.211742,2561.389744,2561.873242,2563.522736,0,NaN,0,7.00000000000003,1,2,66,0.5
91,2574.444742,2573.354242,2573.777742,2574.444742,2576.327242,0,NaN,0,7.00000000000003,1,2,66,0.5
92,2586.098242,2585.374742,2585.704745,2586.098242,2586.423742,1,NaN,0,5.99999999999996,2,1,65,0.5
93,2633.876242,2633.065241,2633.317742,2633.876242,2665.440242,0,NaN,0,7.00000000000003,1,2,66,0.5
94,2666.605746,2665.768742,2666.005742,2666.553242,2670.830742,0,2.99999999999994,0.0299999999999997,5.99999999999996,2,1,65,0.5
95,2672.262742,2671.390243,2671.740242,2672.209242,2676.521742,1,2.99999999999994,0.0299999999999997,7.00000000000003,1,2,66,0.5
96,2677.835246,2677.211242,2677.421742,2677.828243,2679.965236,0,2.99999999999994,0.0299999999999997,5.99999999999996,2,1,65,0.5
97,2681.027243,2680.327742,2680.573742,2680.973742,2683.279242,0,2.99999999999994,0.0299999999999997,5.99999999999996,2,1,65,0.5
98,2684.481742,2683.614746,2684.022242,2684.429741,2687.647242,1,2.99999999999994,0.0299999999999997,7.00000000000003,1,2,66,0.5
99,2688.603742,2688.002242,2688.161742,2688.603742,2735.565242,0,NaN,0,7.00000000000003,1,2,66,0.5
100,2736.701242,2736.052742,2736.172244,2736.701242,2748.032742,0,NaN,0,7.00000000000003,1,2,66,0.5
101,2758.866742,2758.041242,2758.428242,2758.813742,2765.279742,1,2.99999999999994,0.0299999999999997,7.00000000000003,1,2,66,0.5
102,2766.333242,2765.624742,2765.814242,2766.280242,2768.276742,0,2.99999999999994,0.0299999999999997,5.99999999999996,2,1,65,0.5
103,2769.409742,2768.652742,2768.964242,2769.356742,2773.368242,1,2.99999999999994,0.0299999999999997,7.00000000000003,1,2,66,0.5
104,2775.596742,2774.996242,2775.171742,2775.596742,2782.009242,0,NaN,0,7.00000000000003,1,2,66,0.5
105,2782.970742,2782.380242,2782.583742,2782.970742,2784.097742,1,NaN,0,5.99999999999996,2,1,65,0.5
106,2799.833742,2799.083242,2799.404742,2799.781242,2803.754742,1,2.99999999999994,0.0299999999999997,7.00000000000003,1,2,66,0.5
107,2804.950242,2804.266742,2804.476244,2804.897742,2807.576242,0,2.99999999999994,0.0299999999999997,5.99999999999996,2,1,65,0.5
108,2808.822242,2807.979242,2808.367742,2808.769742,2812.398242,1,2.99999999999994,0.0299999999999997,7.00000000000003,1,2,66,0.5
109,2813.548246,2812.838242,2813.025742,2813.548246,2820.693742,0,NaN,0,7.00000000000003,1,2,66,0.5
110,2824.149746,2823.304242,2823.697742,2824.097242,2827.946743,1,2.99999999999994,0.0299999999999997,7.00000000000003,1,2,66,0.5
111,2829.549244,2828.722742,2828.953742,2829.496242,2831.812742,0,2.99999999999994,0.0299999999999997,5.99999999999996,2,1,65,0.5
112,2832.925244,2832.168742,2832.495742,2832.873242,2836.664242,1,2.99999999999994,0.0299999999999997,7.00000000000003,1,2,66,0.5
113,2837.857743,2837.436242,2837.440242,2837.805242,2840.023742,0,2.99999999999994,0.0299999999999997,5.99999999999996,2,1,65,0.5
114,2841.294242,2840.474742,2840.853742,2841.241742,2844.501242,1,2.99999999999994,0.0299999999999997,7.00000000000003,1,2,66,0.5
115,2845.605242,2844.901242,2845.081242,2845.605242,2845.892243,0,NaN,0,7.00000000000003,1,2,66,0.5
116,2858.889742,2857.893742,2858.302742,2858.836742,2861.663742,1,2.99999999999994,0.0299999999999997,7.00000000000003,1,2,66,0.5
117,2862.945742,2862.134742,2862.294242,2862.892742,2865.078242,0,2.99999999999994,0.0299999999999997,5.99999999999996,2,1,65,0.5
118,2866.307742,2865.457242,2865.810742,2866.255242,2869.372242,1,2.99999999999994,0.0299999999999997,7.00000000000003,1,2,66,0.5
119,2870.457242,2869.819742,2869.994242,2870.457242,2872.342242,0,NaN,0,7.00000000000003,1,2,66,0.5
120,2877.320242,2876.567242,2876.899242,2877.267742,2880.243242,1,2.99999999999994,0.0299999999999997,7.00000000000003,1,2,66,0.5
121,2881.618242,2880.731242,2881.061242,2881.565242,2884.173742,0,2.99999999999994,0.0299999999999997,5.99999999999996,2,1,65,0.5
122,2885.436742,2884.621246,2884.947242,2885.383742,2888.543242,1,2.99999999999994,0.0299999999999997,7.00000000000003,1,2,66,0.5
123,2889.553743,2888.969742,2889.126242,2889.553743,2893.079742,0,NaN,0,7.00000000000003,1,2,66,0.5
124,2898.825242,2898.268242,2898.305242,2898.772742,2903.990242,1,2.99999999999994,0.0299999999999997,7.00000000000003,1,2,66,0.5
125,2905.248241,2904.425742,2904.658742,2905.194742,2907.459742,0,2.99999999999994,0.0299999999999997,5.99999999999996,2,1,65,0.5
126,2908.606242,2907.806742,2908.159242,2908.553742,2911.916242,1,2.99999999999994,0.0299999999999997,7.00000000000003,1,2,66,0.5
127,2912.924742,2912.247743,2912.434742,2912.924742,2913.143742,0,NaN,0,7.00000000000003,1,2,66,0.5
128,2953.073746,2952.268242,2952.521741,2953.073746,2956.183242,1,NaN,0,5.99999999999996,2,1,65,0.5
129,2965.516742,2964.845242,2965.118742,2965.516742,2972.472742,1,NaN,0,5.99999999999996,2,1,65,0.5
130,2974.074742,2973.324242,2973.658742,2974.074742,2974.630242,1,NaN,0,5.99999999999996,2,1,65,0.5
131,2994.112246,2993.466242,2993.692746,2994.059242,2997.106741,0,2.99999999999994,0.0299999999999997,5.99999999999996,2,1,65,0.5
132,2998.551742,2997.491742,2997.872742,2998.499242,3001.698742,1,2.99999999999994,0.0299999999999997,7.00000000000003,1,2,66,0.5
133,3002.764742,3002.069742,3002.230742,3002.711742,3005.174742,0,2.99999999999994,0.0299999999999997,5.99999999999996,2,1,65,0.5
134,3006.319242,3005.512746,3005.868242,3006.266742,3010.457742,1,2.99999999999994,0.0299999999999997,7.00000000000003,1,2,66,0.5
135,3011.498242,3010.808742,3010.961242,3011.445742,3013.934742,0,2.99999999999994,0.0299999999999997,5.99999999999996,2,1,65,0.5
136,3014.976742,3014.352742,3014.622236,3014.954242,3016.375742,0,2.99999999999994,0.0299999999999997,5.99999999999996,2,1,65,0.5
137,3017.317242,3016.692746,3016.964742,3017.285242,3020.273242,0,2.99999999999994,0.0299999999999997,5.99999999999996,2,1,65,0.5
138,3021.556742,3020.678742,3021.056742,3021.504242,3024.936242,1,2.99999999999994,0.0299999999999997,7.00000000000003,1,2,66,0.5
139,3025.892242,3025.268743,3025.400242,3025.853242,3028.613242,0,2.99999999999994,0.0299999999999997,5.99999999999996,2,1,65,0.5
140,3029.550742,3028.993242,3029.170742,3029.550742,3029.886236,0,NaN,0,7.00000000000003,1,2,66,0.5
141,3040.630742,3038.949242,3038.996742,3040.630742,3051.269742,1,NaN,0,5.99999999999996,2,1,65,0.5
142,3056.345242,3055.511742,3055.792739,3056.292242,3058.271742,0,2.99999999999994,0.0299999999999997,5.99999999999996,2,1,65,0.5
143,3059.369242,3058.553241,3058.844242,3059.316242,3061.412742,0,2.99999999999994,0.0299999999999997,5.99999999999996,2,1,65,0.5
144,3062.736742,3062.083242,3062.281746,3062.684242,3065.437736,1,2.99999999999994,0.0299999999999997,7.00000000000003,1,2,66,0.5
145,3066.623237,3065.926742,3066.129242,3066.623237,3076.335742,0,NaN,0,7.00000000000003,1,2,66,0.5
146,3077.227242,3076.700742,3076.775742,3077.227242,3077.413242,0,NaN,0,7.00000000000003,1,2,66,0.5
147,3084.179742,3083.390742,3083.654746,3084.126742,3086.616242,0,2.99999999999994,0.0299999999999997,5.99999999999996,2,1,65,0.5
148,3087.841242,3087.111742,3087.325242,3087.788742,3089.846743,0,2.99999999999994,0.0299999999999997,5.99999999999996,2,1,65,0.5
149,3091.037242,3090.346246,3090.618742,3090.984246,3093.122242,0,2.99999999999994,0.0299999999999997,5.99999999999996,2,1,65,0.5
150,3094.483742,3093.564242,3093.905742,3094.430742,3098.697242,1,2.99999999999994,0.0299999999999997,7.00000000000003,1,2,66,0.5
151,3099.907742,3099.122742,3099.399742,3099.907742,3107.927746,0,NaN,0,7.00000000000003,1,2,66,0.5
152,3109.111242,3108.272742,3108.658242,3109.058742,3112.707742,1,2.99999999999994,0.0299999999999997,7.00000000000003,1,2,66,0.5
153,3113.960742,3113.142742,3113.429242,3113.907742,3115.976242,0,2.99999999999994,0.0299999999999997,5.99999999999996,2,1,65,0.5
154,3117.389742,3116.722242,3116.907742,3117.337242,3120.153742,1,2.99999999999994,0.0299999999999997,7.00000000000003,1,2,66,0.5
155,3121.302742,3120.646736,3120.815242,3121.302742,3154.171742,0,NaN,0,7.00000000000003,1,2,66,0.5
156,3156.171742,3155.323242,3155.516242,3156.171742,3208.409242,0,NaN,0,7.00000000000003,1,2,66,0.5
157,3209.535743,3208.978242,3209.108742,3209.535743,3214.692242,0,NaN,0,7.00000000000003,1,2,66,0.5
158,3216.094242,3215.219742,3215.591742,3216.041242,3220.858742,1,2.99999999999994,0.0299999999999997,7.00000000000003,1,2,66,0.5
159,3222.126744,3221.410742,3221.570742,3222.126744,3230.991242,0,NaN,0,7.00000000000003,1,2,66,0.5
160,3235.084742,3234.495742,3234.540242,3235.031742,3237.033244,0,2.99999999999994,0.0299999999999997,5.99999999999996,2,1,65,0.5
161,3238.377742,3237.559242,3237.889242,3238.324742,3241.657742,1,2.99999999999994,0.0299999999999997,7.00000000000003,1,2,66,0.5
162,3242.808242,3242.110242,3242.291242,3242.808242,3247.897242,0,NaN,0,7.00000000000003,1,2,66,0.5
163,3255.608242,3254.801745,3255.177742,3255.555741,3258.075242,1,2.99999999999994,0.0299999999999997,7.00000000000003,1,2,66,0.5
164,3259.798246,3258.811742,3259.101742,3259.798246,3265.179742,0,NaN,0,7.00000000000003,1,2,66,0.5
165,3266.563242,3265.800242,3266.174242,3266.563242,3266.938742,1,NaN,0,5.99999999999996,2,1,65,0.5
166,3283.280742,3282.506242,3282.870742,3283.227242,3286.905743,1,2.99999999999994,0.0299999999999997,7.00000000000003,1,2,66,0.5
167,3288.464242,3287.360242,3287.713242,3288.410742,3290.543242,0,2.99999999999994,0.0299999999999997,5.99999999999996,2,1,65,0.5
168,3291.504742,3290.880742,3291.113242,3291.462742,3293.453242,0,2.99999999999994,0.0299999999999997,5.99999999999996,2,1,65,0.5
169,3294.595742,3293.863242,3294.177742,3294.543242,3297.667736,1,2.99999999999994,0.0299999999999997,7.00000000000003,1,2,66,0.5
170,3298.740242,3298.119746,3298.268742,3298.740242,3304.982742,0,NaN,0,7.00000000000003,1,2,66,0.5
171,3307.340246,3306.364242,3306.805742,3307.287742,3309.773242,0,2.99999999999994,0.0299999999999997,5.99999999999996,2,1,65,0.5
172,3310.914742,3310.181742,3310.487742,3310.861742,3313.659742,1,2.99999999999994,0.0299999999999997,7.00000000000003,1,2,66,0.5
173,3315.144742,3314.455741,3314.656243,3315.144742,3324.659242,0,NaN,0,7.00000000000003,1,2,66,0.5
174,3325.765743,3325.031742,3325.358242,3325.713242,3328.491242,1,2.99999999999994,0.0299999999999997,7.00000000000003,1,2,66,0.5
175,3329.594242,3328.970742,3329.108742,3329.551242,3332.068242,0,2.99999999999994,0.0299999999999997,5.99999999999996,2,1,65,0.5
176,3333.122742,3332.519246,3332.737242,3333.122742,3338.914242,0,NaN,0,7.00000000000003,1,2,66,0.5
177,3340.285242,3339.396242,3339.838242,3340.232242,3343.203742,1,2.99999999999994,0.0299999999999997,7.00000000000003,1,2,66,0.5
178,3344.543742,3343.757242,3343.986742,3344.491242,3346.608242,0,2.99999999999994,0.0299999999999997,5.99999999999996,2,1,65,0.5
179,3347.820242,3347.002242,3347.343242,3347.767742,3350.469242,1,2.99999999999994,0.0299999999999997,7.00000000000003,1,2,66,0.5
180,3351.716242,3351.094242,3351.238742,3351.663242,3353.919742,0,2.99999999999994,0.0299999999999997,5.99999999999996,2,1,65,0.5
181,3355.242742,3354.436742,3354.770242,3355.189742,3359.554242,1,2.99999999999994,0.0299999999999997,7.00000000000003,1,2,66,0.5
182,3360.746742,3360.054242,3360.266242,3360.746742,3364.921742,0,NaN,0,7.00000000000003,1,2,66,0.5
183,3377.976742,3377.048742,3377.344742,3377.924242,3380.234742,0,2.99999999999994,0.0299999999999997,5.99999999999996,2,1,65,0.5
184,3381.269242,3380.574742,3380.812742,3381.215742,3383.301241,0,2.99999999999994,0.0299999999999997,5.99999999999996,2,1,65,0.5
185,3384.267242,3383.643742,3383.908742,3384.250742,3386.165742,0,2.99999999999994,0.0299999999999997,5.99999999999996,2,1,65,0.5
186,3387.431743,3386.561742,3386.921242,3387.378742,3390.365242,1,2.99999999999994,0.0299999999999997,7.00000000000003,1,2,66,0.5
187,3391.444742,3390.792741,3390.958742,3391.444742,3391.707742,0,NaN,0,7.00000000000003,1,2,66,0.5
188,3398.185242,3397.424742,3397.766742,3398.185242,3423.496742,1,NaN,0,5.99999999999996,2,1,65,0.5
189,3425.055742,3424.136242,3424.426742,3425.002742,3428.272746,0,2.99999999999994,0.0299999999999997,5.99999999999996,2,1,65,0.5
190,3429.444742,3428.692746,3428.929242,3429.391746,3431.361742,0,2.99999999999994,0.0299999999999997,5.99999999999996,2,1,65,0.5
191,3432.457743,3431.762242,3431.967242,3432.405242,3434.428742,0,2.99999999999994,0.0299999999999997,5.99999999999996,2,1,65,0.5
192,3435.717242,3434.837742,3435.204742,3435.664743,3439.232242,1,2.99999999999994,0.0299999999999997,7.00000000000003,1,2,66,0.5
193,3440.808742,3440.164742,3440.260242,3440.808742,3449.209742,0,NaN,0,7.00000000000003,1,2,66,0.5
194,3450.419742,3449.635742,3449.963242,3450.366244,3454.597242,1,2.99999999999994,0.0299999999999997,7.00000000000003,1,2,66,0.5
195,3455.978742,3455.040743,3455.332241,3455.925742,3458.272742,0,2.99999999999994,0.0299999999999997,5.99999999999996,2,1,65,0.5
196,3459.510742,3458.709742,3459.066742,3459.457742,3461.715742,0,2.99999999999994,0.0299999999999997,5.99999999999996,2,1,65,0.5
197,3462.900742,3462.123242,3462.450242,3462.847242,3466.033246,1,2.99999999999994,0.0299999999999997,7.00000000000003,1,2,66,0.5
198,3467.085242,3466.443746,3466.609742,3467.085242,3473.047742,0,NaN,0,7.00000000000003,1,2,66,0.5
199,3474.605242,3473.749242,3474.113242,3474.552744,3478.590742,1,2.99999999999994,0.0299999999999997,7.00000000000003,1,2,66,0.5
200,3479.988742,3479.054242,3479.292746,3479.935742,3482.235742,0,2.99999999999994,0.0299999999999997,5.99999999999996,2,1,65,0.5
201,3483.510242,3482.638243,3483.005741,3483.457742,3486.765242,1,2.99999999999994,0.0299999999999997,7.00000000000003,1,2,66,0.5
202,3487.849742,3487.168742,3487.331743,3487.849742,3491.627741,0,NaN,0,7.00000000000003,1,2,66,0.5
203,3498.016242,3497.329742,3497.536742,3497.963242,3500.716742,1,2.99999999999994,0.0299999999999997,7.00000000000003,1,2,66,0.5
204,3502.152746,3501.245742,3501.586742,3502.100243,3504.179242,0,2.99999999999994,0.0299999999999997,5.99999999999996,2,1,65,0.5
205,3505.523742,3504.649742,3505.044246,3505.470742,3509.014242,1,2.99999999999994,0.0299999999999997,7.00000000000003,1,2,66,0.5
206,3510.057742,3509.433742,3509.569742,3510.053242,3512.023742,0,2.99999999999994,0.0299999999999997,5.99999999999996,2,1,65,0.5
207,3513.269743,3512.462242,3512.800242,3513.217242,3516.561242,1,2.99999999999994,0.0299999999999997,7.00000000000003,1,2,66,0.5
208,3517.658742,3516.970742,3517.165244,3517.606242,3519.906742,0,2.99999999999994,0.0299999999999997,5.99999999999996,2,1,65,0.5
209,3521.013742,3520.318744,3520.564242,3520.961242,3522.912242,0,2.99999999999994,0.0299999999999997,5.99999999999996,2,1,65,0.5
210,3524.044742,3523.246742,3523.533242,3524.044742,3578.573242,1,NaN,0,5.99999999999996,2,1,65,0.5
211,3580.999742,3580.346742,3580.477242,3580.999742,3586.138243,0,NaN,0,7.00000000000003,1,2,66,0.5
212,3587.424242,3586.582242,3586.933242,3587.371242,3590.782242,1,2.99999999999994,0.0299999999999997,7.00000000000003,1,2,66,0.5
213,3592.072742,3591.303742,3591.506242,3592.019242,3593.834242,0,2.99999999999994,0.0299999999999997,5.99999999999996,2,1,65,0.5
214,3594.876242,3594.259242,3594.497742,3594.823742,3596.694242,0,2.99999999999994,0.0299999999999997,5.99999999999996,2,1,65,0.5
215,3597.749742,3597.126241,3597.357743,3597.711242,3599.850242,0,2.99999999999994,0.0299999999999997,5.99999999999996,2,1,65,0.5
216,3601.055742,3600.266242,3600.601744,3601.002742,3604.85524,1,2.99999999999994,0.0299999999999997,7.00000000000003,1,2,66,0.5
217,3605.809742,3605.203242,3605.335742,3605.809742,3622.360742,0,NaN,0,7.00000000000003,1,2,66,0.5
218,3623.860242,3623.087742,3623.251242,3623.807242,3625.624242,0,2.99999999999994,0.0299999999999997,5.99999999999996,2,1,65,0.5
219,3626.744242,3625.972742,3626.299242,3626.691242,3629.824242,1,2.99999999999994,0.0299999999999997,7.00000000000003,1,2,66,0.5
220,3630.706742,3630.148741,3630.269742,3630.706742,3670.206746,0,NaN,0,7.00000000000003,1,2,66,0.5
221,3671.690743,3671.088742,3671.197746,3671.638241,3675.393742,0,2.99999999999994,0.0299999999999997,5.99999999999996,2,1,65,0.5
222,3677.180236,3675.847742,3676.036741,3677.180236,3680.256242,1,NaN,0,5.99999999999996,2,1,65,0.5
223,3693.777742,3692.822244,3693.205742,3693.777742,3709.396236,0,NaN,0,7.00000000000003,1,2,66,0.5
224,3710.519745,3709.716746,3710.081741,3710.467242,3714.207742,1,2.99999999999994,0.0299999999999997,7.00000000000003,1,2,66,0.5
225,3715.400244,3714.650244,3714.914742,3715.400244,3721.564742,0,NaN,0,7.00000000000003,1,2,66,0.5
226,3722.736242,3721.908742,3722.298746,3722.736242,3722.988242,1,NaN,0,5.99999999999996,2,1,65,0.5
227,3733.990242,3733.332242,3733.578246,3733.937742,3737.012242,1,2.99999999999994,0.0299999999999997,7.00000000000003,1,2,66,0.5
228,3738.356742,3737.736242,3737.905742,3738.356742,3744.810242,0,NaN,0,7.00000000000003,1,2,66,0.5
229,3745.976742,3745.121242,3745.520242,3745.976742,3746.385242,0,NaN,0,7.00000000000003,1,2,66,0.5
230,3753.022742,3752.267742,3752.623242,3752.969242,3755.520242,1,2.99999999999994,0.0299999999999997,7.00000000000003,1,2,66,0.5
231,3756.630242,3755.969742,3756.143241,3756.630242,3766.108742,0,NaN,0,7.00000000000003,1,2,66,0.5
232,3771.177242,3770.674242,3770.773742,3771.177242,3779.168242,0,NaN,0,7.00000000000003,1,2,66,0.5
233,3780.383742,3779.529242,3779.909742,3780.331246,3783.500241,1,2.99999999999994,0.0299999999999997,7.00000000000003,1,2,66,0.5
234,3784.546242,3783.905242,3784.095242,3784.546242,3810.394242,0,NaN,0,7.00000000000003,1,2,66,0.5
235,3813.762242,3812.967242,3813.334242,3813.709242,3817.140246,1,2.99999999999994,0.0299999999999997,7.00000000000003,1,2,66,0.5
236,3818.49474,3817.595242,3818.032242,3818.49474,3818.904242,0,NaN,0,7.00000000000003,1,2,66,0.5
237,3975.698742,3973.627742,3973.709746,3975.645242,3978.248242,1,2.99999999999994,0.0299999999999997,7.00000000000003,1,2,66,0.5
238,3980.294742,3978.966242,3979.286242,3980.267742,3982.759242,0,2.99999999999994,0.0299999999999997,5.99999999999996,2,1,65,0.5
239,3984.159742,3983.289742,3983.649243,3984.159742,3984.562242,0,NaN,0,7.00000000000003,1,2,66,0.5
240,3996.752242,3995.877742,3996.257242,3996.752242,4014.826242,0,NaN,0,7.00000000000003,1,2,66,0.5
241,4015.964242,4015.363242,4015.447242,4015.910742,4018.276742,0,2.99999999999994,0.0299999999999997,5.99999999999996,2,1,65,0.5
242,4019.355243,4018.762242,4018.964742,4019.302242,4021.987242,0,2.99999999999994,0.0299999999999997,5.99999999999996,2,1,65,0.5
243,4023.432242,4022.554242,4022.921742,4023.378742,4026.437742,1,2.99999999999994,0.0299999999999997,7.00000000000003,1,2,66,0.5
244,4027.699742,4026.885242,4027.183242,4027.699742,4216.099742,0,NaN,0,7.00000000000003,1,2,66,0.5
245,4217.840241,4216.949246,4217.214742,4217.840241,4224.145742,0,NaN,0,7.00000000000003,1,2,66,0.5
246,4228.837246,4227.962741,4228.324742,4228.784742,4231.250242,0,2.99999999999994,0.0299999999999997,5.99999999999996,2,1,65,0.5
247,4232.740742,4231.902242,4232.266242,4232.688242,4236.822242,1,2.99999999999994,0.0299999999999997,7.00000000000003,1,2,66,0.5
248,4238.143242,4237.545743,4237.671241,4238.143242,4241.280242,0,NaN,0,7.00000000000003,1,2,66,0.5
249,4246.963241,4246.272242,4246.496742,4246.910242,4249.579742,0,2.99999999999994,0.0299999999999997,5.99999999999996,2,1,65,0.5
250,4250.590746,4249.914741,4250.195242,4250.538742,4252.383736,0,2.99999999999994,0.0299999999999997,5.99999999999996,2,1,65,0.5
251,4253.762742,4252.799246,4253.238746,4253.709754,4256.847743,1,2.99999999999994,0.0299999999999997,7.00000000000003,1,2,66,0.5
252,4258.204742,4257.581242,4257.735741,4258.188242,4260.873242,0,2.99999999999994,0.0299999999999997,5.99999999999996,2,1,65,0.5
253,4262.322242,4261.643742,4261.872242,4262.268742,4266.147744,1,2.99999999999994,0.0299999999999997,7.00000000000003,1,2,66,0.5
254,4273.347742,4272.645742,4272.876743,4273.347742,4275.221742,0,NaN,0,7.00000000000003,1,2,66,0.5
255,4281.364242,4280.838243,4280.871242,4281.364242,4285.685743,0,NaN,0,7.00000000000003,1,2,66,0.5
256,4294.919742,4294.062242,4294.502242,4294.919742,4297.135242,0,NaN,0,7.00000000000003,1,2,66,0.5
257,4310.780742,4309.559742,4309.997242,4310.728242,4313.660241,1,2.99999999999994,0.0299999999999997,7.00000000000003,1,2,66,0.5
258,4314.680746,4313.964241,4314.254242,4314.680746,4323.929746,0,NaN,0,7.00000000000003,1,2,66,0.5
259,4330.232742,4329.442742,4329.835742,4330.179742,4333.086248,1,2.99999999999994,0.0299999999999997,7.00000000000003,1,2,66,0.5
260,4334.350242,4333.526242,4333.869742,4334.297242,4336.157242,0,2.99999999999994,0.0299999999999997,5.99999999999996,2,1,65,0.5
261,4337.201742,4336.574742,4336.823742,4337.199244,4339.062742,0,2.99999999999994,0.0299999999999997,5.99999999999996,2,1,65,0.5
262,4340.017242,4339.393242,4339.647242,4339.990742,4342.108742,0,2.99999999999994,0.0299999999999997,5.99999999999996,2,1,65,0.5
263,4343.220742,4342.428243,4342.726242,4343.168242,4346.435743,1,2.99999999999994,0.0299999999999997,7.00000000000003,1,2,66,0.5
264,4347.614242,4346.883246,4347.084242,4347.561742,4349.983742,0,2.99999999999994,0.0299999999999997,5.99999999999996,2,1,65,0.5
265,4350.851246,4350.363742,4350.529737,4350.798742,4352.929742,0,2.99999999999994,0.0299999999999997,5.99999999999996,2,1,65,0.5
266,4353.978242,4353.250242,4353.551742,4353.978242,4357.432242,0,NaN,0,7.00000000000003,1,2,66,0.5
267,4363.171242,4362.417242,4362.743742,4363.118742,4366.338242,1,2.99999999999994,0.0299999999999997,7.00000000000003,1,2,66,0.5
268,4367.536742,4366.725745,4367.059242,4367.536742,4368.978742,0,NaN,0,7.00000000000003,1,2,66,0.5
269,4379.679244,4378.592242,4378.943742,4379.626743,4382.072742,0,2.99999999999994,0.0299999999999997,5.99999999999996,2,1,65,0.5
270,4383.262242,4382.437742,4382.770242,4383.209242,4386.501246,1,2.99999999999994,0.0299999999999997,7.00000000000003,1,2,66,0.5
271,4387.676243,4387.030745,4387.190742,4387.676243,4392.968742,0,NaN,0,7.00000000000003,1,2,66,0.5
272,4394.336242,4393.439242,4393.860242,4394.283242,4397.960747,1,2.99999999999994,0.0299999999999997,7.00000000000003,1,2,66,0.5
273,4399.192746,4398.371746,4398.660242,4399.14074,4401.416242,0,2.99999999999994,0.0299999999999997,5.99999999999996,2,1,65,0.5
274,4402.508242,4401.795242,4402.101242,4402.508242,4402.945242,0,NaN,0,7.00000000000003,1,2,66,0.5
275,4494.980242,4494.109742,4494.337742,4494.927742,4498.485742,0,2.99999999999994,0.0299999999999997,5.99999999999996,2,1,65,0.5
276,4499.907242,4498.963242,4499.355742,4499.907242,4512.160744,0,NaN,0,7.00000000000003,1,2,66,0.5
277,4513.450242,4512.563742,4512.934742,4513.397242,4516.918243,1,2.99999999999994,0.0299999999999997,7.00000000000003,1,2,66,0.5
278,4518.517742,4517.712742,4517.888742,4518.517742,4519.083247,0,NaN,0,7.00000000000003,1,2,66,0.5
279,4531.838742,4531.079742,4531.318742,4531.838742,4542.382746,0,NaN,0,7.00000000000003,1,2,66,0.5
280,4543.802742,4542.978742,4543.352742,4543.750742,4547.680743,1,2.99999999999994,0.0299999999999997,7.00000000000003,1,2,66,0.5
281,4549.489242,4548.151242,4548.335741,4549.436242,4558.796242,1,2.99999999999994,0.0299999999999997,7.00000000000003,1,2,66,0.5
282,4560.440742,4559.754742,4559.924742,4560.440742,4594.401742,0,NaN,0,7.00000000000003,1,2,66,0.5
283,4595.721742,4594.864742,4595.108241,4595.719242,4597.768242,0,2.99999999999994,0.0299999999999997,5.99999999999996,2,1,65,0.5
284,4598.979742,4598.152242,4598.475742,4598.927242,4602.577743,1,2.99999999999994,0.0299999999999997,7.00000000000003,1,2,66,0.5
285,4603.597242,4602.916742,4603.070742,4603.544742,4605.842743,0,2.99999999999994,0.0299999999999997,5.99999999999996,2,1,65,0.5
286,4606.940242,4606.318742,4606.533242,4606.887742,4608.942742,0,2.99999999999994,0.0299999999999997,5.99999999999996,2,1,65,0.5
287,4610.085742,4609.348742,4609.571742,4610.085742,4612.191743,0,NaN,0,7.00000000000003,1,2,66,0.5
288,4625.319242,4624.548242,4624.864746,4625.319242,4631.721242,1,NaN,0,5.99999999999996,2,1,65,0.5
289,4632.801742,4632.124241,4632.251742,4632.801742,4638.992242,0,NaN,0,7.00000000000003,1,2,66,0.5
290,4642.251742,4641.670742,4641.822741,4642.199242,4645.700242,1,2.99999999999994,0.0299999999999997,7.00000000000003,1,2,66,0.5
291,4646.690742,4646.130241,4646.275244,4646.690742,4646.911742,0,NaN,0,7.00000000000003,1,2,66,0.5
292,4654.994742,4654.091742,4654.491237,4654.991742,4656.881242,0,2.99999999999994,0.0299999999999997,5.99999999999996,2,1,65,0.5
293,4658.045742,4657.225242,4657.559743,4657.993242,4658.909742,0,2.99999999999994,0.0299999999999997,5.99999999999996,2,1,65,0.5
294,4660.009742,4659.358742,4659.613742,4660.009742,4677.671242,1,NaN,0,5.99999999999996,2,1,65,0.5
295,4681.719243,4680.967742,4681.184242,4681.716242,4683.503241,0,2.99999999999994,0.0299999999999997,5.99999999999996,2,1,65,0.5
296,4684.538741,4683.807742,4684.103242,4684.485742,4687.488246,1,2.99999999999994,0.0299999999999997,7.00000000000003,1,2,66,0.5
297,4688.674742,4687.922742,4688.108246,4688.621246,4690.356736,0,2.99999999999994,0.0299999999999997,5.99999999999996,2,1,65,0.5
298,4691.573742,4690.809242,4691.126742,4691.520742,4694.217242,1,2.99999999999994,0.0299999999999997,7.00000000000003,1,2,66,0.5
299,4695.355242,4694.633742,4694.795243,4695.302242,4699.845242,0,2.99999999999994,0.0299999999999997,5.99999999999996,2,1,65,0.5
300,4700.945742,4700.198242,4700.529242,4700.893242,4703.507742,0,2.99999999999994,0.0299999999999997,5.99999999999996,2,1,65,0.5
301,4704.784242,4703.994742,4704.281242,4704.731742,4708.142242,1,2.99999999999994,0.0299999999999997,7.00000000000003,1,2,66,0.5
302,4709.288743,4708.584242,4708.744242,4709.235743,4711.147242,0,2.99999999999994,0.0299999999999997,5.99999999999996,2,1,65,0.5
303,4712.221742,4711.599242,4711.820742,4712.168246,4714.583742,0,2.99999999999994,0.0299999999999997,5.99999999999996,2,1,65,0.5
304,4715.661242,4714.987742,4715.279242,4715.661242,4784.005242,1,NaN,0,5.99999999999996,2,1,65,0.5
305,4785.534736,4784.839246,4784.899742,4785.534736,4788.861742,0,NaN,0,7.00000000000003,1,2,66,0.5
306,4792.383242,4791.655242,4791.888742,4792.330242,4795.148742,0,2.99999999999994,0.0299999999999997,5.99999999999996,2,1,65,0.5
307,4796.458242,4795.582242,4795.986742,4796.458242,4800.816742,0,NaN,0,7.00000000000003,1,2,66,0.5
308,4803.855742,4802.999242,4803.279742,4803.802742,4805.803742,0,2.99999999999994,0.0299999999999997,5.99999999999996,2,1,65,0.5
309,4807.082242,4806.201742,4806.529742,4807.029742,4810.190246,1,2.99999999999994,0.0299999999999997,7.00000000000003,1,2,66,0.5
310,4811.317242,4810.640246,4810.807742,4811.317242,4815.248742,0,NaN,0,7.00000000000003,1,2,66,0.5
311,4817.802742,4816.972742,4817.289742,4817.749742,4820.895742,1,2.99999999999994,0.0299999999999997,7.00000000000003,1,2,66,0.5
312,4822.028241,4821.301242,4821.488242,4822.028241,4829.850242,0,NaN,0,7.00000000000003,1,2,66,0.5
313,4830.770242,4830.204742,4830.286742,4830.770242,4831.007742,0,NaN,0,7.00000000000003,1,2,66,0.5
314,4843.402243,4842.603742,4842.951742,4843.349742,4846.376742,1,2.99999999999994,0.0299999999999997,7.00000000000003,1,2,66,0.5
315,4847.600746,4846.820746,4847.024742,4847.548242,4849.761244,0,2.99999999999994,0.0299999999999997,5.99999999999996,2,1,65,0.5
316,4850.930242,4850.207242,4850.527742,4850.930242,4856.008246,0,NaN,0,7.00000000000003,1,2,66,0.5
317,4857.729742,4856.973242,4857.306242,4857.677242,4860.918242,1,2.99999999999994,0.0299999999999997,7.00000000000003,1,2,66,0.5
318,4862.127242,4861.317742,4861.490742,4862.127242,4869.706242,0,NaN,0,7.00000000000003,1,2,66,0.5
319,4871.097742,4870.253242,4870.487742,4871.045242,4873.348746,0,2.99999999999994,0.0299999999999997,5.99999999999996,2,1,65,0.5
320,4874.379742,4873.754242,4873.962742,4874.379742,4874.693242,0,NaN,0,7.00000000000003,1,2,66,0.5
321,4885.811742,4884.990742,4885.359243,4885.759242,4888.610242,1,2.99999999999994,0.0299999999999997,7.00000000000003,1,2,66,0.5
322,4889.768242,4889.401742,4889.405242,4889.768242,4895.401742,0,NaN,0,7.00000000000003,1,2,66,0.5
323,4896.862242,4895.974242,4896.404242,4896.809742,4900.350742,1,2.99999999999994,0.0299999999999997,7.00000000000003,1,2,66,0.5
324,4901.685742,4900.977742,4901.157242,4901.685742,4903.581742,0,NaN,0,7.00000000000003,1,2,66,0.5
325,4908.595242,4907.831245,4908.164742,4908.542742,4911.349244,1,2.99999999999994,0.0299999999999997,7.00000000000003,1,2,66,0.5
326,4912.744743,4911.772742,4912.235742,4912.744743,4923.001242,0,NaN,0,7.00000000000003,1,2,66,0.5
327,4924.244244,4923.415742,4923.792242,4924.191242,4927.729742,1,2.99999999999994,0.0299999999999997,7.00000000000003,1,2,66,0.5
328,4928.866742,4928.179242,4928.360242,4928.866742,4929.341741,0,NaN,0,7.00000000000003,1,2,66,0.5
329,4938.451241,4937.533241,4937.849241,4938.451241,4939.992242,0,NaN,0,7.00000000000003,1,2,66,0.5
330,4946.260742,4945.446742,4945.844742,4946.207742,4949.315242,1,2.99999999999994,0.0299999999999997,7.00000000000003,1,2,66,0.5
331,4950.583742,4949.695242,4949.959242,4950.530742,4952.647742,0,2.99999999999994,0.0299999999999997,5.99999999999996,2,1,65,0.5
332,4953.922246,4953.048742,4953.437742,4953.869742,4957.464742,1,2.99999999999994,0.0299999999999997,7.00000000000003,1,2,66,0.5
333,4958.536242,4957.878242,4958.098242,4958.536242,4958.899242,0,NaN,0,7.00000000000003,1,2,66,0.5
334,5200.554743,5199.569742,5199.773741,5200.549743,5203.863743,0,2.99999999999994,0.0299999999999997,5.99999999999996,2,1,65,0.5
335,5205.440243,5204.523242,5204.943242,5205.440243,5213.433743,0,NaN,0,7.00000000000003,1,2,66,0.5
336,5215.599242,5214.258742,5214.393242,5215.546742,5217.555742,0,2.99999999999994,0.0299999999999997,5.99999999999996,2,1,65,0.5
337,5218.951241,5218.088746,5218.487742,5218.898242,5222.359246,1,2.99999999999994,0.0299999999999997,7.00000000000003,1,2,66,0.5
338,5223.877742,5222.816742,5222.987242,5223.824742,5280.836242,1,2.99999999999994,0.0299999999999997,7.00000000000003,1,2,66,0.5
339,5282.774242,5281.838736,5281.956742,5282.774242,5289.380243,0,NaN,0,7.00000000000003,1,2,66,0.5
340,5298.686742,5297.893242,5298.265742,5298.633742,5301.234742,1,2.99999999999994,0.0299999999999997,7.00000000000003,1,2,66,0.5
341,5302.611242,5301.770236,5301.980746,5302.611242,5306.001742,0,NaN,0,7.00000000000003,1,2,66,0.5
342,5312.776242,5311.914242,5312.287242,5312.723242,5315.645742,1,2.99999999999994,0.0299999999999997,7.00000000000003,1,2,66,0.5
343,5316.874742,5316.026742,5316.241241,5316.821242,5318.863742,0,2.99999999999994,0.0299999999999997,5.99999999999996,2,1,65,0.5
344,5319.949736,5319.362742,5319.566742,5319.949736,5328.804242,0,NaN,0,7.00000000000003,1,2,66,0.5
345,5331.635242,5330.478242,5330.801742,5331.582742,5335.948742,1,2.99999999999994,0.0299999999999997,7.00000000000003,1,2,66,0.5
346,5337.571242,5336.401242,5336.630742,5337.518242,5339.587744,0,2.99999999999994,0.0299999999999997,5.99999999999996,2,1,65,0.5
347,5340.832742,5340.024242,5340.365242,5340.780241,5343.725742,1,2.99999999999994,0.0299999999999997,7.00000000000003,1,2,66,0.5
348,5344.897242,5344.147742,5344.379244,5344.897242,5347.301242,0,NaN,0,7.00000000000003,1,2,66,0.5
349,5351.697742,5351.074242,5351.155742,5351.690742,5354.845242,1,2.99999999999994,0.0299999999999997,7.00000000000003,1,2,66,0.5
350,5356.320236,5355.631742,5355.740746,5356.267242,5358.546742,0,2.99999999999994,0.0299999999999997,5.99999999999996,2,1,65,0.5
351,5359.842742,5359.008241,5359.344742,5359.789242,5362.799242,1,2.99999999999994,0.0299999999999997,7.00000000000003,1,2,66,0.5
352,5363.911242,5363.261242,5363.428742,5363.911242,5364.258242,0,NaN,0,7.00000000000003,1,2,66,0.5
353,5409.520742,5408.615742,5408.883241,5409.467742,5413.035742,0,2.99999999999994,0.0299999999999997,5.99999999999996,2,1,65,0.5
354,5414.384742,5413.501242,5413.785242,5414.384742,5421.054242,0,NaN,0,7.00000000000003,1,2,66,0.5
355,5422.383242,5421.495242,5421.874742,5422.330742,5425.482742,1,2.99999999999994,0.0299999999999997,7.00000000000003,1,2,66,0.5
356,5426.698242,5425.923242,5426.134242,5426.698242,5428.590742,0,NaN,0,7.00000000000003,1,2,66,0.5
357,5438.632246,5437.846242,5438.176243,5438.578742,5441.338742,1,2.99999999999994,0.0299999999999997,7.00000000000003,1,2,66,0.5
358,5442.649742,5441.721741,5441.921742,5442.649742,5447.922245,0,NaN,0,7.00000000000003,1,2,66,0.5
359,5449.984742,5448.818242,5449.403743,5449.984742,5466.401242,0,NaN,0,7.00000000000003,1,2,66,0.5
360,5469.257242,5468.772741,5468.819743,5469.204242,5473.544242,1,2.99999999999994,0.0299999999999997,7.00000000000003,1,2,66,0.5
361,5474.714742,5473.963742,5474.110242,5474.714742,5585.816246,0,NaN,0,7.00000000000003,1,2,66,0.5
362,5588.360242,5587.555242,5587.824742,5588.360242,5622.242742,0,NaN,0,7.00000000000003,1,2,66,0.5
363,5624.200742,5623.493242,5623.515242,5624.200742,5630.807242,0,NaN,0,7.00000000000003,1,2,66,0.5
364,5632.411742,5631.723742,5631.981242,5632.411742,5859.587242,0,NaN,0,7.00000000000003,1,2,66,0.5
365,5866.267242,5860.787242,5860.911246,5866.267242,5870.449242,0,NaN,0,7.00000000000003,1,2,66,0.5
366,5872.763736,5871.824742,5872.230742,5872.710742,5877.235742,1,2.99999999999994,0.0299999999999997,7.00000000000003,1,2,66,0.5
367,5878.713742,5878.089742,5878.224742,5878.705242,5885.903242,1,2.99999999999994,0.0299999999999997,7.00000000000003,1,2,66,0.5
368,5887.760742,5886.588742,5887.028242,5887.760742,5892.406242,0,NaN,0,7.00000000000003,1,2,66,0.5
369,5897.605242,5896.712242,5897.105242,5897.552242,5900.622246,1,2.99999999999994,0.0299999999999997,7.00000000000003,1,2,66,0.5
370,5902.172242,5901.091242,5901.439242,5902.172242,5907.553742,0,NaN,0,7.00000000000003,1,2,66,0.5
371,5908.785742,5907.957242,5908.371242,5908.785742,5909.707242,1,NaN,0,5.99999999999996,2,1,65,0.5
372,5916.073242,5915.377742,5915.689242,5916.073242,5916.495243,1,NaN,0,5.99999999999996,2,1,65,0.5
373,5924.645743,5923.937242,5924.155742,5924.592746,5926.651742,0,2.99999999999994,0.0299999999999997,5.99999999999996,2,1,65,0.5
374,5927.788742,5927.075742,5927.342742,5927.735742,5930.144742,0,2.99999999999994,0.0299999999999997,5.99999999999996,2,1,65,0.5
375,5931.314742,5930.628242,5930.838741,5931.261742,5933.292241,0,2.99999999999994,0.0299999999999997,5.99999999999996,2,1,65,0.5
376,5934.500742,5933.637242,5933.976742,5934.448242,5937.701742,1,2.99999999999994,0.0299999999999997,7.00000000000003,1,2,66,0.5
377,5939.050742,5938.275242,5938.468742,5938.998742,5941.018242,0,2.99999999999994,0.0299999999999997,5.99999999999996,2,1,65,0.5
378,5942.123242,5941.420742,5941.691242,5942.070242,5944.309742,0,2.99999999999994,0.0299999999999997,5.99999999999996,2,1,65,0.5
379,5945.261742,5944.669242,5944.865246,5945.209242,5947.545241,0,2.99999999999994,0.0299999999999997,5.99999999999996,2,1,65,0.5
380,5948.813246,5947.912746,5948.248742,5948.760246,5952.127243,1,2.99999999999994,0.0299999999999997,7.00000000000003,1,2,66,0.5
381,5953.262742,5952.481242,5952.710742,5953.262742,5953.601242,0,NaN,0,7.00000000000003,1,2,66,0.5
382,5960.749242,5959.644742,5959.961242,5960.696742,5963.797242,0,2.99999999999994,0.0299999999999997,5.99999999999996,2,1,65,0.5
383,5965.046742,5964.241742,5964.529742,5965.046742,5971.480243,1,NaN,0,5.99999999999996,2,1,65,0.5
384,5973.146743,5972.426742,5972.613746,5973.094246,5976.477742,1,2.99999999999994,0.0299999999999997,7.00000000000003,1,2,66,0.5
385,5977.781242,5976.936242,5977.264742,5977.781242,5981.590242,0,NaN,0,7.00000000000003,1,2,66,0.5
386,5985.166742,5984.340742,5984.666742,5985.114246,5988.180742,1,2.99999999999994,0.0299999999999997,7.00000000000003,1,2,66,0.5
387,5989.339743,5988.598742,5988.780242,5989.287242,5991.526742,0,2.99999999999994,0.0299999999999997,5.99999999999996,2,1,65,0.5
388,5992.702242,5991.950242,5992.221742,5992.649242,5994.647242,0,2.99999999999994,0.0299999999999997,5.99999999999996,2,1,65,0.5
389,5995.848744,5995.155742,5995.408242,5995.848744,5998.723242,0,NaN,0,7.00000000000003,1,2,66,0.5
390,6003.399242,6002.774742,6002.903242,6003.378742,6006.211242,1,2.99999999999994,0.0299999999999997,7.00000000000003,1,2,66,0.5
391,6007.484242,6006.684742,6006.933241,6007.484242,6015.175242,0,NaN,0,7.00000000000003,1,2,66,0.5
392,6016.433742,6015.667242,6015.887242,6016.381742,6018.322242,0,2.99999999999994,0.0299999999999997,5.99999999999996,2,1,65,0.5
393,6019.597242,6018.748242,6019.058741,6019.544746,6023.217742,1,2.99999999999994,0.0299999999999997,7.00000000000003,1,2,66,0.5
394,6024.297242,6023.554741,6023.737242,6024.297242,6031.199242,0,NaN,0,7.00000000000003,1,2,66,0.5
395,6032.344742,6031.571742,6031.845742,6032.291242,6034.449742,0,2.99999999999994,0.0299999999999997,5.99999999999996,2,1,65,0.5
396,6035.519742,6034.787742,6035.028742,6035.466744,6037.644745,0,2.99999999999994,0.0299999999999997,5.99999999999996,2,1,65,0.5
397,6038.618242,6037.995242,6038.209242,6038.600242,6040.800242,0,2.99999999999994,0.0299999999999997,5.99999999999996,2,1,65,0.5
398,6041.949742,6041.117242,6041.415246,6041.896742,6045.047742,1,2.99999999999994,0.0299999999999997,7.00000000000003,1,2,66,0.5
399,6046.127742,6045.702242,6045.706746,6046.127742,6051.935742,0,NaN,0,7.00000000000003,1,2,66,0.5
400,6053.338242,6052.447742,6052.831242,6053.285242,6055.858742,1,2.99999999999994,0.0299999999999997,7.00000000000003,1,2,66,0.5
401,6057.364744,6056.225242,6056.388242,6057.362242,6059.775242,0,2.99999999999994,0.0299999999999997,5.99999999999996,2,1,65,0.5
402,6060.901242,6060.172242,6060.361242,6060.848742,6062.940742,0,2.99999999999994,0.0299999999999997,5.99999999999996,2,1,65,0.5
403,6063.951742,6063.328242,6063.562242,6063.934742,6067.041242,0,2.99999999999994,0.0299999999999997,5.99999999999996,2,1,65,0.5
404,6068.375742,6067.457242,6067.809742,6068.323242,6071.134242,1,2.99999999999994,0.0299999999999997,7.00000000000003,1,2,66,0.5
405,6072.346242,6071.567242,6071.774741,6072.346242,6078.290245,0,NaN,0,7.00000000000003,1,2,66,0.5
406,6080.678742,6079.368242,6079.696743,6080.626242,6083.320242,1,2.99999999999994,0.0299999999999997,7.00000000000003,1,2,66,0.5
407,6084.687242,6083.725243,6083.894742,6084.687242,6087.031241,0,NaN,0,7.00000000000003,1,2,66,0.5
408,6091.664241,6090.828742,6091.148742,6091.611242,6094.880742,1,2.99999999999994,0.0299999999999997,7.00000000000003,1,2,66,0.5
409,6096.123743,6095.271242,6095.518742,6096.071242,6098.734241,0,2.99999999999994,0.0299999999999997,5.99999999999996,2,1,65,0.5
410,6099.948242,6099.129742,6099.439242,6099.894742,6102.934742,1,2.99999999999994,0.0299999999999997,7.00000000000003,1,2,66,0.5
411,6104.139742,6103.325742,6103.468242,6104.139742,6109.236742,0,NaN,0,7.00000000000003,1,2,66,0.5
412,6110.422242,6109.757742,6109.998242,6110.422242,6110.833741,1,NaN,0,5.99999999999996,2,1,65,0.5
413,6117.492242,6116.737746,6116.961742,6117.440242,6119.646742,0,2.99999999999994,0.0299999999999997,5.99999999999996,2,1,65,0.5
414,6120.831242,6119.983242,6120.270742,6120.779242,6122.595242,0,2.99999999999994,0.0299999999999997,5.99999999999996,2,1,65,0.5
415,6123.659242,6122.966242,6123.171742,6123.659242,6279.449742,0,NaN,0,7.00000000000003,1,2,66,0.5
416,6292.086742,6290.710736,6291.268242,6292.034742,6295.714242,1,2.99999999999994,0.0299999999999997,7.00000000000003,1,2,66,0.5
417,6297.334242,6296.259242,6296.397242,6297.281742,6298.725242,0,2.99999999999994,0.0299999999999997,5.99999999999996,2,1,65,0.5
418,6299.951242,6299.178242,6299.365242,6299.948742,6303.393242,0,2.99999999999994,0.0299999999999997,5.99999999999996,2,1,65,0.5
419,6304.697242,6303.809742,6304.155742,6304.644742,6307.309742,1,2.99999999999994,0.0299999999999997,7.00000000000003,1,2,66,0.5
420,6308.499242,6307.785242,6307.890242,6308.446742,6312.099742,0,2.99999999999994,0.0299999999999997,5.99999999999996,2,1,65,0.5
421,6313.073742,6312.456743,6312.648742,6313.020746,6315.049742,0,2.99999999999994,0.0299999999999997,5.99999999999996,2,1,65,0.5
422,6316.147742,6315.419742,6315.680242,6316.094742,6318.133242,0,2.99999999999994,0.0299999999999997,5.99999999999996,2,1,65,0.5
423,6319.347242,6318.516742,6318.822242,6319.294242,6322.347242,1,2.99999999999994,0.0299999999999997,7.00000000000003,1,2,66,0.5
424,6323.410244,6322.716242,6322.853242,6323.410244,6323.702243,0,NaN,0,7.00000000000003,1,2,66,0.5
425,6331.561242,6330.746742,6331.089242,6331.508742,6333.794242,1,2.99999999999994,0.0299999999999997,7.00000000000003,1,2,66,0.5
426,6335.010746,6334.386742,6334.515242,6334.996742,6337.016742,0,2.99999999999994,0.0299999999999997,5.99999999999996,2,1,65,0.5
427,6338.103742,6337.509242,6337.735242,6338.051242,6339.856742,0,2.99999999999994,0.0299999999999997,5.99999999999996,2,1,65,0.5
428,6341.094242,6340.280741,6340.566242,6341.041242,6343.739742,1,2.99999999999994,0.0299999999999997,7.00000000000003,1,2,66,0.5
429,6344.830743,6344.115242,6344.252242,6344.830743,6374.189742,0,NaN,0,7.00000000000003,1,2,66,0.5
430,6375.380242,6374.640242,6374.856244,6375.380242,6376.222242,0,NaN,0,7.00000000000003,1,2,66,0.5
431,6383.474744,6382.692244,6383.017241,6383.422246,6386.508742,1,2.99999999999994,0.0299999999999997,7.00000000000003,1,2,66,0.5
432,6387.733242,6386.922242,6387.100242,6387.680742,6389.732241,0,2.99999999999994,0.0299999999999997,5.99999999999996,2,1,65,0.5
433,6390.909742,6390.247742,6390.454742,6390.909742,6396.344742,0,NaN,0,7.00000000000003,1,2,66,0.5
434,6397.684742,6396.790242,6397.230742,6397.631242,6400.545742,1,2.99999999999994,0.0299999999999997,7.00000000000003,1,2,66,0.5
435,6401.669742,6401.059742,6401.142242,6401.669742,6401.771742,0,NaN,0,7.00000000000003,1,2,66,0.5
436,6408.518741,6407.895742,6408.080742,6408.506742,6411.079242,1,2.99999999999994,0.0299999999999997,7.00000000000003,1,2,66,0.5
437,6412.217742,6411.493742,6411.651242,6412.165242,6414.053742,0,2.99999999999994,0.0299999999999997,5.99999999999996,2,1,65,0.5
438,6415.391742,6414.545241,6414.910242,6415.339241,6417.690242,1,2.99999999999994,0.0299999999999997,7.00000000000003,1,2,66,0.5
439,6418.639242,6418.093742,6418.183242,6418.639242,6418.766742,0,NaN,0,7.00000000000003,1,2,66,0.5
440,6426.651742,6425.949746,6426.128242,6426.599242,6428.236742,0,2.99999999999994,0.0299999999999997,5.99999999999996,2,1,65,0.5
441,6429.441742,6428.632242,6428.962242,6429.388742,6432.156743,1,2.99999999999994,0.0299999999999997,7.00000000000003,1,2,66,0.5
442,6433.376742,6432.745742,6432.808741,6433.376742,6433.921242,0,NaN,0,7.00000000000003,1,2,66,0.5
443,6446.573243,6445.765246,6445.925742,6446.520742,6448.529246,0,2.99999999999994,0.0299999999999997,5.99999999999996,2,1,65,0.5
444,6449.761742,6448.930242,6449.243242,6449.709242,6469.286242,1,2.99999999999994,0.0299999999999997,7.00000000000003,1,2,66,0.5
445,6471.860242,6471.091242,6471.441242,6471.860242,6472.459742,0,NaN,0,7.00000000000003,1,2,66,0.5
446,6505.864746,6505.136246,6505.356742,6505.862742,6507.647242,0,2.99999999999994,0.0299999999999997,5.99999999999996,2,1,65,0.5
447,6508.639742,6508.024242,6508.247741,6508.639742,6826.138741,0,NaN,0,7.00000000000003,1,2,66,0.5
448,6828.063242,6827.171242,6827.304742,6828.063242,6839.018742,0,NaN,0,7.00000000000003,1,2,66,0.5
449,6849.328742,6848.333742,6848.756242,6849.328742,6849.683742,0,NaN,0,7.00000000000003,1,2,66,0.5
450,6859.827242,6858.852242,6859.117742,6859.773742,6864.174242,1,2.99999999999994,0.0299999999999997,7.00000000000003,1,2,66,0.5
451,6866.119742,6864.660242,6864.829242,6866.066742,6868.297242,1,2.99999999999994,0.0299999999999997,7.00000000000003,1,2,66,0.5
452,6875.024242,6874.095742,6874.212742,6874.971242,6877.727742,1,2.99999999999994,0.0299999999999997,7.00000000000003,1,2,66,0.5
453,6879.197242,6878.596742,6878.695242,6879.197242,6915.754246,0,NaN,0,7.00000000000003,1,2,66,0.5
454,6917.413246,6916.159742,6916.612242,6917.360742,6920.732742,1,2.99999999999994,0.0299999999999997,7.00000000000003,1,2,66,0.5
455,6922.590742,6921.894246,6922.031742,6922.590742,6932.182742,0,NaN,0,7.00000000000003,1,2,66,0.5
456,6938.373742,6937.752742,6937.876742,6938.371742,6940.949742,1,2.99999999999994,0.0299999999999997,7.00000000000003,1,2,66,0.5
457,6942.486242,6941.712742,6941.852242,6942.43324,6944.380243,0,2.99999999999994,0.0299999999999997,5.99999999999996,2,1,65,0.5
458,6945.544742,6944.909742,6945.104742,6945.544742,6959.444242,0,NaN,0,7.00000000000003,1,2,66,0.5
459,6966.909742,6966.130242,6966.364746,6966.909742,6973.075742,1,NaN,0,5.99999999999996,2,1,65,0.5
460,6976.327742,6975.421742,6975.886242,6976.275242,6979.146742,1,2.99999999999994,0.0299999999999997,7.00000000000003,1,2,66,0.5
461,6980.372742,6979.641242,6979.802742,6980.372742,7004.083743,0,NaN,0,7.00000000000003,1,2,66,0.5
462,7008.974742,7008.239742,7008.520242,7008.974742,7009.287742,1,NaN,0,5.99999999999996,2,1,65,0.5
463,7018.963742,7017.971242,7018.201242,7018.963742,7019.314742,1,NaN,0,5.99999999999996,2,1,65,0.5
464,7047.969742,7047.202742,7047.432242,7047.916243,7054.469742,1,2.99999999999994,0.0299999999999997,7.00000000000003,1,2,66,0.5
465,7056.009744,7055.255742,7055.392242,7055.957242,7058.618742,0,2.99999999999994,0.0299999999999997,5.99999999999996,2,1,65,0.5
466,7059.836742,7059.111743,7059.360241,7059.783742,7061.601242,0,2.99999999999994,0.0299999999999997,5.99999999999996,2,1,65,0.5
467,7062.771741,7062.088742,7062.337242,7062.718742,7064.747242,0,2.99999999999994,0.0299999999999997,5.99999999999996,2,1,65,0.5
468,7065.853742,7065.151242,7065.347242,7065.853742,7066.187242,0,NaN,0,7.00000000000003,1,2,66,0.5
469,7093.372242,7092.671742,7092.747242,7093.319742,7099.368246,1,2.99999999999994,0.0299999999999997,7.00000000000003,1,2,66,0.5
470,7100.791742,7099.932242,7100.020242,7100.788746,7102.937742,0,2.99999999999994,0.0299999999999997,5.99999999999996,2,1,65,0.5
471,7104.220242,7103.431242,7103.612244,7104.220242,7104.341743,0,NaN,0,7.00000000000003,1,2,66,0.5
472,7139.580742,7126.959242,7127.053241,NaN,NaN,NaN,NaN,0,7.00000000000003,1,2,66,0.5
473,7284.447242,7283.492742,7283.549742,7284.394242,7295.166744,1,2.99999999999994,0.0299999999999997,7.00000000000003,1,2,66,0.5
474,7300.793742,7299.810242,7300.164242,7300.740742,7303.518742,1,2.99999999999994,0.0299999999999997,7.00000000000003,1,2,66,0.5
475,7306.741742,7305.474742,7305.885242,7306.739242,7313.147242,1,2.99999999999994,0.0299999999999997,7.00000000000003,1,2,66,0.5
476,7317.614242,7316.821246,7317.123742,7317.614242,7358.820242,1,NaN,0,5.99999999999996,2,1,65,0.5
477,7365.538242,7364.447741,7364.700242,7365.484742,7367.789742,0,2.99999999999994,0.0299999999999997,5.99999999999996,2,1,65,0.5
478,7369.536743,7368.604742,7368.934742,7369.484242,7372.772242,1,2.99999999999994,0.0299999999999997,7.00000000000003,1,2,66,0.5
479,7374.429742,7373.548742,7373.603242,7374.427243,7376.606242,0,2.99999999999994,0.0299999999999997,5.99999999999996,2,1,65,0.5
480,7378.060242,7377.236242,7377.467746,7378.060242,7378.406242,1,NaN,0,5.99999999999996,2,1,65,0.5
481,7386.128242,7385.471236,7385.708242,7386.128242,7386.548742,1,NaN,0,5.99999999999996,2,1,65,0.5
482,7392.993242,7392.076743,7392.298742,7392.940242,7394.706742,0,2.99999999999994,0.0299999999999997,5.99999999999996,2,1,65,0.5
483,7396.161242,7395.562742,7395.634243,7396.108242,7400.234746,1,2.99999999999994,0.0299999999999997,7.00000000000003,1,2,66,0.5
484,7403.646742,7402.606242,7402.964246,7403.594242,7406.357242,1,2.99999999999994,0.0299999999999997,7.00000000000003,1,2,66,0.5
485,7407.834742,7407.210742,7407.237242,7407.828241,7409.898742,0,2.99999999999994,0.0299999999999997,5.99999999999996,2,1,65,0.5
486,7411.439743,7410.471241,7410.862742,7411.386744,7414.170742,1,2.99999999999994,0.0299999999999997,7.00000000000003,1,2,66,0.5
487,7415.774246,7414.964242,7415.118242,7415.774246,7565.014741,0,NaN,0,7.00000000000003,1,2,66,0.5
488,7566.504242,7565.676742,7565.696742,7566.504242,7567.054242,0,NaN,0,7.00000000000003,1,2,66,0.5
489,7577.944745,7576.826242,7577.098242,7577.891244,7580.221742,0,2.99999999999994,0.0299999999999997,5.99999999999996,2,1,65,0.5
490,7581.541742,7580.703742,7580.979242,7581.489242,7585.926742,1,2.99999999999994,0.0299999999999997,7.00000000000003,1,2,66,0.5
491,7589.605244,7586.603744,7586.751742,7589.552742,7596.160242,1,2.99999999999994,0.0299999999999997,7.00000000000003,1,2,66,0.5
492,7600.533742,7599.644742,7599.721742,7600.533742,7646.435242,0,NaN,0,7.00000000000003,1,2,66,0.5
493,7868.702741,7867.751236,7868.044242,7868.702741,7877.437742,1,NaN,0,5.99999999999996,2,1,65,0.5
494,7880.570742,7878.300742,7878.392243,7880.518242,7883.124742,1,2.99999999999994,0.0299999999999997,7.00000000000003,1,2,66,0.5
495,7885.894746,7884.172242,7884.846742,7885.892242,7888.399242,1,2.99999999999994,0.0299999999999997,7.00000000000003,1,2,66,0.5
496,7890.265742,7889.568241,7889.634742,7890.213242,7891.679742,0,2.99999999999994,0.0299999999999997,5.99999999999996,2,1,65,0.5
497,7893.350742,7892.367742,7892.768242,7893.298242,7896.223241,1,2.99999999999994,0.0299999999999997,7.00000000000003,1,2,66,0.5
498,7897.463742,7896.674742,7896.839742,7897.410242,7899.639242,0,2.99999999999994,0.0299999999999997,5.99999999999996,2,1,65,0.5
499,7901.349742,7900.348742,7900.538242,7901.296742,7904.897742,1,2.99999999999994,0.0299999999999997,7.00000000000003,1,2,66,0.5
500,7906.281242,7905.369742,7905.541242,7906.228742,7908.203242,0,2.99999999999994,0.0299999999999997,5.99999999999996,2,1,65,0.5
501,7910.013247,7909.191742,7909.539242,7909.960742,7912.060742,0,2.99999999999994,0.0299999999999997,5.99999999999996,2,1,65,0.5
502,7913.259742,7912.549242,7912.793742,7913.206742,7915.070742,0,2.99999999999994,0.0299999999999997,5.99999999999996,2,1,65,0.5
503,7916.355242,7915.474242,7915.781242,7916.302742,7919.009743,1,2.99999999999994,0.0299999999999997,7.00000000000003,1,2,66,0.5
504,7920.170242,7919.547242,7919.583242,7920.163742,7922.084242,0,2.99999999999994,0.0299999999999997,5.99999999999996,2,1,65,0.5
505,7923.479742,7922.669742,7922.858242,7923.479742,7923.728742,0,NaN,0,7.00000000000003,1,2,66,0.5
506,7936.326742,7935.285746,7935.555746,7936.273742,7938.220242,0,2.99999999999994,0.0299999999999997,5.99999999999996,2,1,65,0.5
507,7939.353742,7938.610242,7938.908741,7939.300242,7941.422743,0,2.99999999999994,0.0299999999999997,5.99999999999996,2,1,65,0.5
508,7942.517742,7941.839742,7942.019242,7942.515242,7944.196242,0,2.99999999999994,0.0299999999999997,5.99999999999996,2,1,65,0.5
509,7945.681742,7944.644742,7944.974742,7945.628742,7948.206246,1,2.99999999999994,0.0299999999999997,7.00000000000003,1,2,66,0.5
510,8413.957742,8412.871242,8413.062742,8413.905236,8417.688242,0,2.99999999999994,0.0299999999999997,5.99999999999996,2,1,65,0.5
511,8419.205246,8418.324246,8418.594246,8419.152742,8421.114242,0,2.99999999999994,0.0299999999999997,5.99999999999996,2,1,65,0.5
512,8422.209742,8421.574742,8421.772742,8422.207242,8424.399742,0,2.99999999999994,0.0299999999999997,5.99999999999996,2,1,65,0.5
513,8425.772742,8424.863243,8425.037242,8425.720242,8430.563242,1,2.99999999999994,0.0299999999999997,7.00000000000003,1,2,66,0.5
514,8431.951242,8431.052242,8431.134242,8431.951242,8439.641242,0,NaN,0,7.00000000000003,1,2,66,0.5
515,8441.851242,8440.430242,8441.073242,8441.851242,8441.972742,0,NaN,0,7.00000000000003,1,2,66,0.5
516,8452.146743,8451.398242,8451.602742,8452.146743,8452.978742,1,NaN,0,5.99999999999996,2,1,65,0.5
517,8460.195242,8459.287242,8459.568741,8460.192742,8462.552742,0,2.99999999999994,0.0299999999999997,5.99999999999996,2,1,65,0.5
518,8464.246742,8463.295742,8463.677746,8464.194242,8467.807742,1,2.99999999999994,0.0299999999999997,7.00000000000003,1,2,66,0.5
519,8470.182246,8469.176242,8469.465242,8470.129244,8474.978242,1,2.99999999999994,0.0299999999999997,7.00000000000003,1,2,66,0.5
520,8479.777246,8478.970742,8479.179242,8479.777246,8480.470742,0,NaN,0,7.00000000000003,1,2,66,0.5
521,8494.467742,8493.468242,8493.739242,8494.414744,8496.319742,0,2.99999999999994,0.0299999999999997,5.99999999999996,2,1,65,0.5
522,8497.706743,8496.791742,8497.114742,8497.653744,8500.801745,1,2.99999999999994,0.0299999999999997,7.00000000000003,1,2,66,0.5
523,8502.237242,8501.389242,8501.462741,8502.234742,8505.330241,1,2.99999999999994,0.0299999999999997,7.00000000000003,1,2,66,0.5
524,8517.027746,8516.157246,8516.406246,8516.975743,8518.807242,0,2.99999999999994,0.0299999999999997,5.99999999999996,2,1,65,0.5
525,8519.966246,8519.270742,8519.480742,8519.913742,8522.026242,0,2.99999999999994,0.0299999999999997,5.99999999999996,2,1,65,0.5
526,8523.416744,8522.473742,8522.815242,8523.364242,8525.867242,1,2.99999999999994,0.0299999999999997,7.00000000000003,1,2,66,0.5
527,8527.682242,8526.776742,8526.906742,8527.629744,8529.660242,0,2.99999999999994,0.0299999999999997,5.99999999999996,2,1,65,0.5
528,8531.513243,8530.585242,8530.935742,8531.459742,8553.132742,1,2.99999999999994,0.0299999999999997,7.00000000000003,1,2,66,0.5
529,8562.355742,8561.490242,8561.752742,8562.355742,8562.987746,1,NaN,0,5.99999999999996,2,1,65,0.5
530,8576.590742,8575.824746,8575.997741,8576.590742,8577.339246,0,NaN,0,7.00000000000003,1,2,66,0.5
531,8589.005242,8588.102242,8588.448246,8588.952242,8593.196742,1,2.99999999999994,0.0299999999999997,7.00000000000003,1,2,66,0.5
532,8599.082742,8598.219742,8598.446242,8599.029742,8602.466742,1,2.99999999999994,0.0299999999999997,7.00000000000003,1,2,66,0.5
533,8604.117242,8603.208242,8603.243742,8604.064242,8606.166242,0,2.99999999999994,0.0299999999999997,5.99999999999996,2,1,65,0.5
534,8607.570745,8606.669242,8606.952742,8607.518242,8609.369242,0,2.99999999999994,0.0299999999999997,5.99999999999996,2,1,65,0.5
535,8610.760242,8609.876742,8610.231242,8610.707743,8613.326242,1,2.99999999999994,0.0299999999999997,7.00000000000003,1,2,66,0.5
536,8624.693741,8623.598743,8624.025242,8624.693741,8625.150741,1,NaN,0,5.99999999999996,2,1,65,0.5
537,8788.660242,8787.766741,8788.000242,8788.607242,8791.103242,0,2.99999999999994,0.0299999999999997,5.99999999999996,2,1,65,0.5
538,8792.982742,8791.933242,8792.276742,8792.929742,8795.726742,1,2.99999999999994,0.0299999999999997,7.00000000000003,1,2,66,0.5
539,8837.724242,8836.448242,8836.869242,8837.671742,8843.950742,1,2.99999999999994,0.0299999999999997,7.00000000000003,1,2,66,0.5
540,8851.179242,8850.376742,8850.638241,8851.179242,8851.779242,1,NaN,0,5.99999999999996,2,1,65,0.5
541,8861.986242,8861.051742,8861.339242,8861.934242,8863.556742,0,2.99999999999994,0.0299999999999997,5.99999999999996,2,1,65,0.5
542,8865.672242,8864.782242,8865.055742,8865.619242,8867.959742,1,2.99999999999994,0.0299999999999997,7.00000000000003,1,2,66,0.5
543,8874.030742,8872.709242,8872.935742,8874.028742,8876.440242,0,2.99999999999994,0.0299999999999997,5.99999999999996,2,1,65,0.5
544,8877.606742,8876.867742,8877.133742,8877.553742,8879.147242,0,2.99999999999994,0.0299999999999997,5.99999999999996,2,1,65,0.5
545,8880.307742,8879.570242,8879.780742,8880.254746,8882.144744,0,2.99999999999994,0.0299999999999997,5.99999999999996,2,1,65,0.5
546,8883.512742,8882.601742,8882.934742,8883.459742,8886.022242,1,2.99999999999994,0.0299999999999997,7.00000000000003,1,2,66,0.5
547,8899.314242,8898.231242,8898.494742,8899.311242,8901.578743,1,2.99999999999994,0.0299999999999997,7.00000000000003,1,2,66,0.5
548,8906.207242,8904.810242,8905.107742,8906.155242,8908.596742,1,2.99999999999994,0.0299999999999997,7.00000000000003,1,2,66,0.5
549,8925.022242,8924.078242,8924.376746,8924.969242,8926.468242,0,2.99999999999994,0.0299999999999997,5.99999999999996,2,1,65,0.5
550,8938.841244,8936.999242,8937.815242,8938.838742,8940.388742,1,2.99999999999994,0.0299999999999997,7.00000000000003,1,2,66,0.5
551,8952.104747,8949.945242,8950.439242,8951.554242,8955.833242,0,NaN,0,5.99999999999996,2,1,65,0.5
552,8962.227742,8960.696742,8961.083242,8962.227742,8962.490242,1,NaN,0,5.99999999999996,2,1,65,0.5
553,9001.082742,9000.316746,8990.935241,NaN,NaN,NaN,NaN,0,5.99999999999996,2,1,65,0.5
554,9014.882242,9011.027742,9012.318742,9014.882242,9020.913242,1,NaN,0,5.99999999999996,2,1,65,0.5
555,9025.594742,9021.282742,9022.633742,9025.594742,9032.486742,1,NaN,0,5.99999999999996,2,1,65,0.5
556,9045.661742,9044.675744,9045.090242,9045.661742,9052.310742,1,NaN,0,5.99999999999996,2,1,65,0.5
557,9060.908242,9057.809742,9059.141742,9060.357742,9077.949242,0,NaN,0,5.99999999999996,2,1,65,0.5
558,9081.512242,9080.511241,9080.801742,9081.512242,9083.774242,1,NaN,0,5.99999999999996,2,1,65,0.5
559,9092.920242,9091.381242,9092.238743,9092.917242,9095.783242,1,2.99999999999994,0.0299999999999997,7.00000000000003,1,2,66,0.5
560,9097.508746,9096.520242,9096.730242,9097.456742,9099.022242,0,2.99999999999994,0.0299999999999997,5.99999999999996,2,1,65,0.5
561,9100.651742,9099.728742,9100.138742,9100.599242,9103.197742,1,2.99999999999994,0.0299999999999997,7.00000000000003,1,2,66,0.5
562,9104.782742,9103.740242,9103.932742,9104.773242,9106.532242,0,2.99999999999994,0.0299999999999997,5.99999999999996,2,1,65,0.5
563,9107.863242,9106.954742,9107.354242,9107.810742,9110.897242,1,2.99999999999994,0.0299999999999997,7.00000000000003,1,2,66,0.5
564,9112.395242,9111.301242,9111.788242,9112.395242,9112.683242,0,NaN,0,7.00000000000003,1,2,66,0.5
565,9120.852242,9119.857742,9120.238746,9120.799742,9123.408242,1,2.99999999999994,0.0299999999999997,7.00000000000003,1,2,66,0.5
566,9124.643746,9123.860742,9123.989242,9124.591743,9126.209242,0,2.99999999999994,0.0299999999999997,5.99999999999996,2,1,65,0.5
567,9127.550742,9126.658242,9127.025242,9127.497746,9130.047742,1,2.99999999999994,0.0299999999999997,7.00000000000003,1,2,66,0.5
568,9136.730742,9132.373742,9132.484242,9136.730742,9136.922242,1,NaN,0,5.99999999999996,2,1,65,0.5
569,9147.435741,9146.572242,9146.930746,9147.435741,9147.845742,1,NaN,0,5.99999999999996,2,1,65,0.5
570,9175.790746,9174.660742,9174.711742,9175.787742,9177.898741,1,2.99999999999994,0.0299999999999997,7.00000000000003,1,2,66,0.5
571,9191.314742,9190.157242,9190.485742,9191.314742,9201.680242,1,NaN,0,5.99999999999996,2,1,65,0.5
572,9211.507242,9210.462246,9210.711242,9211.454742,9213.696242,0,2.99999999999994,0.0299999999999997,5.99999999999996,2,1,65,0.5
573,9230.162742,9221.987242,9222.278742,9230.162742,9256.139242,1,NaN,0,5.99999999999996,2,1,65,0.5
574,9260.350743,9258.426746,9259.356242,9260.350743,9260.468742,1,NaN,0,5.99999999999996,2,1,65,0.5
575,9458.630242,9457.039742,9457.406241,9458.630242,9459.244242,1,NaN,0,5.99999999999996,2,1,65,0.5
576,9475.785742,9473.796745,9474.059242,9475.785742,9476.243242,1,NaN,0,5.99999999999996,2,1,65,0.5
577,9485.505242,9484.317742,9484.609742,9485.453242,9487.506242,0,2.99999999999994,0.0299999999999997,5.99999999999996,2,1,65,0.5
578,9488.781242,9488.041243,9488.285243,9488.727742,9490.320242,0,2.99999999999994,0.0299999999999997,5.99999999999996,2,1,65,0.5
579,9491.548243,9490.805242,9491.032241,9491.494742,9493.266242,0,2.99999999999994,0.0299999999999997,5.99999999999996,2,1,65,0.5
580,9494.477242,9493.776242,9494.024242,9494.475242,9496.348242,0,2.99999999999994,0.0299999999999997,5.99999999999996,2,1,65,0.5
581,9497.784742,9496.817242,9497.160741,9497.731742,9500.553742,1,2.99999999999994,0.0299999999999997,7.00000000000003,1,2,66,0.5
582,9502.060244,9501.267742,9501.453742,9502.057742,9504.098242,0,2.99999999999994,0.0299999999999997,5.99999999999996,2,1,65,0.5
583,9505.240242,9504.617242,9504.804742,9505.235242,9507.069242,0,2.99999999999994,0.0299999999999997,5.99999999999996,2,1,65,0.5
584,9508.381742,9507.612242,9507.868742,9508.381742,9508.783742,0,NaN,0,7.00000000000003,1,2,66,0.5
585,9517.003242,9516.056242,9516.486242,9516.950242,9519.916742,1,2.99999999999994,0.0299999999999997,7.00000000000003,1,2,66,0.5
586,9529.041242,9528.366242,9528.594244,9529.041242,9529.383742,0,NaN,0,7.00000000000003,1,2,66,0.5
587,9625.728242,9621.989242,9622.254242,NaN,9629.522242,NaN,NaN,0,5.99999999999996,2,1,65,0.5
588,9642.046742,9639.299742,9640.332742,9641.993742,9737.872242,1,2.99999999999994,0.0299999999999997,7.00000000000003,1,2,66,0.5
589,9752.510242,9739.889242,9740.261246,NaN,NaN,NaN,NaN,0,5.99999999999996,2,1,65,0.5
590,10195.410242,10182.789242,10183.153243,NaN,NaN,NaN,NaN,0,5.99999999999996,2,1,65,0.5
591,10268.475742,10267.355741,10267.766742,10268.475742,10269.177742,1,NaN,0,5.99999999999996,2,1,65,0.5
592,10278.251242,10277.195242,10277.654242,10278.248742,10281.093242,1,2.99999999999994,0.0299999999999997,7.00000000000003,1,2,66,0.5
593,10282.599242,10281.703743,10281.901242,10282.599242,10283.062746,0,NaN,0,7.00000000000003,1,2,66,0.5
594,10299.895242,10297.479742,10298.860242,10299.842741,10302.900242,1,2.99999999999994,0.0299999999999997,7.00000000000003,1,2,66,0.5
595,10316.635242,10311.401742,10311.677742,10316.582242,10320.356242,0,2.99999999999994,0.0299999999999997,5.99999999999996,2,1,65,0.5
596,10321.963246,10321.004746,10321.372739,10321.910242,10324.524242,1,2.99999999999994,0.0299999999999997,7.00000000000003,1,2,66,0.5
597,10328.473243,10326.831242,10327.642242,10328.420742,10331.005246,1,2.99999999999994,0.0299999999999997,7.00000000000003,1,2,66,0.5
598,10699.835242,10698.719242,10699.079242,10699.835242,10736.627742,1,NaN,0,5.99999999999996,2,1,65,0.5
599,10749.215242,10747.291242,10747.627742,10749.212742,10753.146242,1,2.99999999999994,0.0299999999999997,7.00000000000003,1,2,66,0.5
600,10754.871242,10753.842742,10754.041242,10754.871242,10755.587242,0,NaN,0,7.00000000000003,1,2,66,0.5
601,10780.095242,10776.072242,10776.316743,10780.095242,10780.595742,1,NaN,0,5.99999999999996,2,1,65,0.5
602,10795.837242,10795.029242,10795.295742,10795.837242,10810.736742,1,NaN,0,5.99999999999996,2,1,65,0.5
603,10820.102742,10819.193241,10819.387242,10820.049742,10822.134742,0,2.99999999999994,0.0299999999999997,5.99999999999996,2,1,65,0.5
604,10823.653242,10822.811742,10823.073242,10823.650742,10825.840742,0,2.99999999999994,0.0299999999999997,5.99999999999996,2,1,65,0.5
605,10827.181242,10826.331742,10826.594742,10827.128242,10829.334246,0,2.99999999999994,0.0299999999999997,5.99999999999996,2,1,65,0.5
606,10830.890242,10829.949242,10830.317742,10830.837742,10833.831742,1,2.99999999999994,0.0299999999999997,7.00000000000003,1,2,66,0.5
607,10835.263242,10834.484242,10834.684742,10835.210242,10837.254742,0,2.99999999999994,0.0299999999999997,5.99999999999996,2,1,65,0.5
608,10838.567242,10837.874242,10838.090742,10838.565242,10840.190742,0,2.99999999999994,0.0299999999999997,5.99999999999996,2,1,65,0.5
609,10841.443746,10840.727742,10840.974746,10841.391242,10842.858742,0,2.99999999999994,0.0299999999999997,5.99999999999996,2,1,65,0.5
610,10844.399242,10843.450242,10843.817242,10844.346742,10847.254242,1,2.99999999999994,0.0299999999999997,7.00000000000003,1,2,66,0.5
611,10848.410742,10847.717742,10847.851242,10848.410742,10854.402742,0,NaN,0,7.00000000000003,1,2,66,0.5
612,10859.788742,10858.954242,10859.006242,10859.788742,10860.259742,1,NaN,0,5.99999999999996,2,1,65,0.5
613,10867.542742,10866.768242,10867.052742,10867.542742,10874.311242,1,NaN,0,5.99999999999996,2,1,65,0.5
614,10876.541241,10875.575742,10875.974242,10876.487742,10879.382741,1,2.99999999999994,0.0299999999999997,7.00000000000003,1,2,66,0.5
615,10881.004242,10879.861242,10880.132242,10880.951242,10882.537242,0,2.99999999999994,0.0299999999999997,5.99999999999996,2,1,65,0.5
616,10883.957242,10883.080745,10883.335741,10883.904742,10885.761242,0,2.99999999999994,0.0299999999999997,5.99999999999996,2,1,65,0.5
617,10887.246742,10886.231743,10886.670242,10887.193742,10890.042742,1,2.99999999999994,0.0299999999999997,7.00000000000003,1,2,66,0.5
618,10891.359742,10890.492742,10890.701242,10891.306742,10893.215742,0,2.99999999999994,0.0299999999999997,5.99999999999996,2,1,65,0.5
619,10894.852742,10893.870242,10894.262243,10894.852742,10895.135242,0,NaN,0,7.00000000000003,1,2,66,0.5
620,10906.991242,10905.568242,10905.857742,10906.938741,10910.552742,1,2.99999999999994,0.0299999999999997,7.00000000000003,1,2,66,0.5
621,10912.249242,10911.065742,10911.306742,10912.196742,10914.349242,0,2.99999999999994,0.0299999999999997,5.99999999999996,2,1,65,0.5
622,10916.133742,10915.107742,10915.532743,10916.080245,10918.175742,0,2.99999999999994,0.0299999999999997,5.99999999999996,2,1,65,0.5
623,10931.461242,10918.840242,10919.101242,NaN,10945.667242,NaN,NaN,0,5.99999999999996,2,1,65,0.5
624,10953.365242,10952.349742,10952.659741,10953.365242,10954.163242,0,NaN,0,7.00000000000003,1,2,66,0.5
625,10960.107242,10959.146742,10959.525742,10960.107242,10967.842242,1,NaN,0,5.99999999999996,2,1,65,0.5
626,10970.707242,10968.954242,10969.053742,10970.654242,10975.736236,1,2.99999999999994,0.0299999999999997,7.00000000000003,1,2,66,0.5
627,10980.917742,10979.393742,10979.642243,10980.865242,10982.473242,0,2.99999999999994,0.0299999999999997,5.99999999999996,2,1,65,0.5
628,10984.037742,10983.055742,10983.402742,10983.984742,10986.669742,1,2.99999999999994,0.0299999999999997,7.00000000000003,1,2,66,0.5
629,10987.988246,10987.231742,10987.413742,10987.988246,10988.364742,0,NaN,0,7.00000000000003,1,2,66,0.5
630,11005.446742,11004.514742,11004.917242,11005.394242,11008.174742,1,2.99999999999994,0.0299999999999997,7.00000000000003,1,2,66,0.5
631,11009.535242,11008.719742,11008.899742,11009.535242,11017.015742,0,NaN,0,7.00000000000003,1,2,66,0.5
632,11018.313242,11017.404742,11017.745742,11018.260242,11019.872242,0,2.99999999999994,0.0299999999999997,5.99999999999996,2,1,65,0.5
633,11021.069742,11020.284242,11020.534742,11021.016742,11023.096742,0,2.99999999999994,0.0299999999999997,5.99999999999996,2,1,65,0.5
634,11024.451242,11023.534742,11023.871742,11024.398242,11026.900243,1,2.99999999999994,0.0299999999999997,7.00000000000003,1,2,66,0.5
635,11029.493242,11027.415742,11027.532242,11029.440742,11031.924242,1,2.99999999999994,0.0299999999999997,7.00000000000003,1,2,66,0.5
636,11033.733741,11032.797742,11033.117242,11033.730742,11035.377746,0,2.99999999999994,0.0299999999999997,5.99999999999996,2,1,65,0.5
637,11036.622243,11035.929246,11036.123242,11036.569246,11038.727242,0,2.99999999999994,0.0299999999999997,5.99999999999996,2,1,65,0.5
638,11039.894242,11039.209242,11039.454742,11039.891742,11041.741742,0,2.99999999999994,0.0299999999999997,5.99999999999996,2,1,65,0.5
639,11043.018742,11042.267242,11042.567242,11043.018742,11043.385242,0,NaN,0,7.00000000000003,1,2,66,0.5
640,11120.263242,11119.375242,11119.633242,11120.263242,11120.628241,1,NaN,0,5.99999999999996,2,1,65,0.5
641,11329.527742,11326.482242,11326.700742,11329.527742,11330.499242,1,NaN,0,5.99999999999996,2,1,65,0.5
642,11342.933242,11339.661742,11340.231741,11342.880242,11347.237742,1,2.99999999999994,0.0299999999999997,7.00000000000003,1,2,66,0.5
643,11348.484246,11347.869742,11347.973242,11348.484246,11348.911236,0,NaN,0,7.00000000000003,1,2,66,0.5
644,11358.547246,11357.611242,11357.879742,11358.494742,11360.616742,0,2.99999999999994,0.0299999999999997,5.99999999999996,2,1,65,0.5
645,11361.799742,11361.077242,11361.316743,11361.791742,11363.988241,0,2.99999999999994,0.0299999999999997,5.99999999999996,2,1,65,0.5
646,11365.504242,11364.453242,11364.794242,11365.451242,11368.377742,1,2.99999999999994,0.0299999999999997,7.00000000000003,1,2,66,0.5
647,11372.405242,11371.400242,11371.710742,11372.352242,11374.726246,0,2.99999999999994,0.0299999999999997,5.99999999999996,2,1,65,0.5
648,11376.179742,11375.455246,11375.708742,11376.177736,11378.494742,0,2.99999999999994,0.0299999999999997,5.99999999999996,2,1,65,0.5
649,11379.697242,11378.996742,11379.204742,11379.644742,11381.341742,0,2.99999999999994,0.0299999999999997,5.99999999999996,2,1,65,0.5
650,11383.026242,11382.064242,11382.437742,11382.973242,11385.892242,1,2.99999999999994,0.0299999999999997,7.00000000000003,1,2,66,0.5
651,11393.588242,11392.219742,11392.538742,11393.535242,11402.003242,1,2.99999999999994,0.0299999999999997,7.00000000000003,1,2,66,0.5
652,11410.769242,11409.839242,11410.233742,11410.716742,11413.370242,1,2.99999999999994,0.0299999999999997,7.00000000000003,1,2,66,0.5
653,11414.765243,11413.888242,11414.060242,11414.762742,11416.326242,0,2.99999999999994,0.0299999999999997,5.99999999999996,2,1,65,0.5
654,11417.538242,11416.907742,11417.088242,11417.538242,11417.833243,0,NaN,0,7.00000000000003,1,2,66,0.5
655,11435.680242,11432.462242,11433.141242,NaN,NaN,NaN,NaN,0,5.99999999999996,2,1,65,0.5
656,11455.993242,11453.183242,11453.262742,NaN,11460.524742,NaN,NaN,0,7.00000000000003,1,2,66,0.5
657,11485.617242,11483.832242,11484.213743,NaN,11491.138242,NaN,NaN,0,7.00000000000003,1,2,66,0.5
658,11504.729742,11498.838742,11499.455742,NaN,11525.623242,NaN,NaN,0,5.99999999999996,2,1,65,0.5
659,11532.025242,11529.114242,11529.348742,11531.972746,11535.191242,1,2.99999999999994,0.0299999999999997,7.00000000000003,1,2,66,0.5
660,11549.730742,11537.310246,11537.415742,NaN,NaN,NaN,NaN,0,5.99999999999996,2,1,65,0.5
661,11559.336742,11558.416742,11558.831242,11559.283242,11563.129242,1,2.99999999999994,0.0299999999999997,7.00000000000003,1,2,66,0.5
662,11570.323242,11570.323242,11566.737243,NaN,11603.373242,NaN,NaN,0,5.99999999999996,2,1,65,0.5
663,11727.972742,11726.432236,11726.70175,11727.972742,11728.447742,1,NaN,0,5.99999999999996,2,1,65,0.5
664,11772.853742,11761.578742,11761.619742,NaN,NaN,NaN,NaN,0,5.99999999999996,2,1,65,0.5
665,11788.159743,11784.573746,11785.116242,11788.159743,11795.092242,0,NaN,0,7.00000000000003,1,2,66,0.5
666,11919.011245,11907.773242,11908.024242,NaN,NaN,NaN,NaN,0,7.00000000000003,1,2,66,0.5
667,11939.352742,11931.566247,11931.614242,11939.300242,11942.347242,1,2.99999999999994,0.0299999999999997,7.00000000000003,1,2,66,0.5
668,11944.340742,11943.142244,11943.242743,11944.338242,11946.235742,0,2.99999999999994,0.0299999999999997,5.99999999999996,2,1,65,0.5
669,11949.059242,11947.914742,11948.185742,11949.006242,11951.836242,1,2.99999999999994,0.0299999999999997,7.00000000000003,1,2,66,0.5
670,12059.097742,12046.475742,12046.669242,NaN,NaN,NaN,NaN,0,5.99999999999996,2,1,65,0.5
671,12116.286242,12104.100242,12104.475241,12116.233244,12118.871242,1,2.99999999999994,0.0299999999999997,7.00000000000003,1,2,66,0.5
672,12132.401742,12119.780742,12119.811742,NaN,NaN,NaN,NaN,0,7.00000000000003,1,2,66,0.5
673,12246.207742,12244.325742,12244.744746,12246.154746,12258.154246,1,2.99999999999994,0.0299999999999997,7.00000000000003,1,2,66,0.5
674,12283.115746,12273.332242,12273.421242,12283.115746,12283.818242,1,NaN,0,5.99999999999996,2,1,65,0.5
675,12293.097242,12292.275743,12292.636742,12293.097242,12293.879742,0,NaN,0,7.00000000000003,1,2,66,0.5
676,12313.941242,12312.327242,12312.705242,12313.938742,12316.693741,1,2.99999999999994,0.0299999999999997,7.00000000000003,1,2,66,0.5
677,12333.994242,12321.372743,12321.568244,NaN,NaN,NaN,NaN,0,7.00000000000003,1,2,66,0.5
678,12358.875742,12356.320742,12357.739742,12358.875742,12360.102246,1,NaN,0,5.99999999999996,2,1,65,0.5
679,12381.147243,12380.278242,12380.691242,NaN,NaN,NaN,NaN,0,7.00000000000003,1,2,66,0.5
680,12393.202742,12392.134242,12392.590242,12393.150242,12395.946742,1,2.99999999999994,0.0299999999999997,7.00000000000003,1,2,66,0.5
681,12400.970742,12398.857242,12400.027742,12400.918242,12403.079742,1,2.99999999999994,0.0299999999999997,7.00000000000003,1,2,66,0.5
682,12405.647242,12404.535242,12405.036242,12405.594742,12406.850242,0,2.99999999999994,0.0299999999999997,5.99999999999996,2,1,65,0.5
683,12425.470242,12424.409742,12424.868242,12425.417742,12586.780242,1,2.99999999999994,0.0299999999999997,7.00000000000003,1,2,66,0.5
684,12653.477242,12641.171242,12643.613241,NaN,NaN,NaN,NaN,0,5.99999999999996,2,1,65,0.5
685,12678.336742,12677.051743,12677.404742,12678.334242,12681.117242,1,2.99999999999994,0.0299999999999997,7.00000000000003,1,2,66,0.5
686,12713.450242,12710.045742,12711.390742,12713.450242,12790.763242,1,NaN,0,5.99999999999996,2,1,65,0.5
687,12802.936742,12801.161242,12802.324247,12802.936742,12803.323242,1,NaN,0,5.99999999999996,2,1,65,0.5
688,12812.511742,12811.198742,12811.959742,12812.511742,12813.127242,1,NaN,0,5.99999999999996,2,1,65,0.5
689,12822.940242,12821.957242,12822.421743,12822.940242,12825.659242,1,NaN,0,5.99999999999996,2,1,65,0.5
690,12889.921742,12889.241742,12889.284242,12889.869742,12979.741242,1,2.99999999999994,0.0299999999999997,7.00000000000003,1,2,66,0.5
691,12982.288242,12981.364242,12981.413742,12982.285243,13016.406746,0,2.99999999999994,0.0299999999999997,5.99999999999996,2,1,65,0.5
692,13029.788742,13017.168242,13017.336242,NaN,NaN,NaN,NaN,0,5.99999999999996,2,1,65,0.5
693,13038.260742,13037.291242,13037.538742,13038.208742,13039.841242,0,2.99999999999994,0.0299999999999997,5.99999999999996,2,1,65,0.5
694,13041.143242,13040.319242,13040.549243,13041.091242,13042.820242,0,2.99999999999994,0.0299999999999997,5.99999999999996,2,1,65,0.5
695,13044.144742,13043.426742,13043.636742,13044.091742,13046.704742,0,2.99999999999994,0.0299999999999997,5.99999999999996,2,1,65,0.5
696,13048.218742,13047.271742,13047.656242,13048.166742,13051.300742,1,2.99999999999994,0.0299999999999997,7.00000000000003,1,2,66,0.5
697,13052.763242,13051.926743,13052.057743,13052.763242,13259.901242,0,NaN,0,7.00000000000003,1,2,66,0.5
698,13284.889742,13272.268242,13272.651246,NaN,NaN,NaN,NaN,0,7.00000000000003,1,2,66,0.5
699,13291.791742,13291.042743,13291.206744,13291.791742,13292.185242,1,NaN,0,5.99999999999996,2,1,65,0.5
700,13334.196242,13327.275242,13327.590242,13334.143242,13351.471742,1,2.99999999999994,0.0299999999999997,7.00000000000003,1,2,66,0.5
701,13366.926742,13365.713742,13365.761742,13366.873742,13370.658742,1,2.99999999999994,0.0299999999999997,7.00000000000003,1,2,66,0.5
702,13479.210242,13476.312242,13476.762742,13479.157742,13485.364242,1,2.99999999999994,0.0299999999999997,7.00000000000003,1,2,66,0.5
703,13490.084242,13488.679242,13488.785742,13490.031742,13499.755242,0,2.99999999999994,0.0299999999999997,5.99999999999996,2,1,65,0.5
704,13641.656242,13629.034742,13629.135242,NaN,NaN,NaN,NaN,0,7.00000000000003,1,2,66,0.5
705,13660.398741,13658.898242,13658.948742,13660.398741,13663.397242,1,NaN,0,5.99999999999996,2,1,65,0.5
706,13669.533742,13668.468242,13668.574742,13669.533742,13670.453742,1,NaN,0,5.99999999999996,2,1,65,0.5
707,13684.914242,13676.963746,13677.326742,13684.914242,13711.899746,1,NaN,0,5.99999999999996,2,1,65,0.5
708,13715.291742,13714.160242,13714.199742,13715.238742,13717.364242,0,2.99999999999994,0.0299999999999997,5.99999999999996,2,1,65,0.5
709,13718.841742,13718.073742,13718.246742,13718.788742,13721.045242,0,2.99999999999994,0.0299999999999997,5.99999999999996,2,1,65,0.5
710,13722.321242,13721.697242,13721.929242,13722.284742,13724.718742,0,2.99999999999994,0.0299999999999997,5.99999999999996,2,1,65,0.5
711,13726.073242,13725.315742,13725.554742,13726.020742,13728.101242,0,2.99999999999994,0.0299999999999997,5.99999999999996,2,1,65,0.5
712,13729.662742,13728.692242,13729.093243,13729.609742,13732.671742,1,2.99999999999994,0.0299999999999997,7.00000000000003,1,2,66,0.5
713,13737.890742,13736.875246,13737.110242,13737.890742,13762.251742,1,NaN,0,5.99999999999996,2,1,65,0.5
714,13776.164742,13775.368742,13775.487742,13776.162242,13778.263242,0,2.99999999999994,0.0299999999999997,5.99999999999996,2,1,65,0.5
715,13779.324743,13778.780241,13778.832742,13779.324743,13779.594742,0,NaN,0,7.00000000000003,1,2,66,0.5
716,13798.083742,13793.803742,13794.116742,13798.031242,13800.197742,0,2.99999999999994,0.0299999999999997,5.99999999999996,2,1,65,0.5
717,13801.732242,13800.776242,13801.191236,13801.680241,13804.059242,1,2.99999999999994,0.0299999999999997,7.00000000000003,1,2,66,0.5
718,13818.553741,13805.932242,13806.416242,NaN,13822.114242,NaN,NaN,0,7.00000000000003,1,2,66,0.5
719,13832.063242,13830.723242,13831.095742,13832.063242,13832.490742,1,NaN,0,5.99999999999996,2,1,65,0.5
720,13872.143742,13865.154742,13865.409742,13872.109742,13875.133742,0,2.99999999999994,0.0299999999999997,5.99999999999996,2,1,65,0.5
721,13891.664242,13880.032242,13880.660744,NaN,13999.092241,NaN,NaN,0,5.99999999999996,2,1,65,0.5
722,14011.750242,14010.653742,14011.061742,14011.747742,14015.116743,1,2.99999999999994,0.0299999999999997,7.00000000000003,1,2,66,0.5
723,14017.375742,14016.405242,14016.475742,14017.323242,14031.836242,0,2.99999999999994,0.0299999999999997,5.99999999999996,2,1,65,0.5
724,14035.090742,14033.754242,14034.387242,14035.037242,14037.768242,1,2.99999999999994,0.0299999999999997,7.00000000000003,1,2,66,0.5
725,14040.385742,14039.239737,14039.434742,14040.385742,14051.073742,0,NaN,0,7.00000000000003,1,2,66,0.5
726,14053.075742,14051.978242,14052.464742,14053.023742,14056.199742,1,2.99999999999994,0.0299999999999997,7.00000000000003,1,2,66,0.5
727,14058.477242,14057.660742,14057.787241,14058.474742,14060.490742,0,2.99999999999994,0.0299999999999997,5.99999999999996,2,1,65,0.5
728,14062.200746,14061.338742,14061.595242,14062.198243,14064.278242,0,2.99999999999994,0.0299999999999997,5.99999999999996,2,1,65,0.5
729,14066.150742,14064.843742,14065.140242,14066.098242,14068.433243,1,2.99999999999994,0.0299999999999997,7.00000000000003,1,2,66,0.5
730,14099.168242,14098.009242,14098.371742,14099.115242,14108.827743,1,2.99999999999994,0.0299999999999997,7.00000000000003,1,2,66,0.5
731,14111.362746,14110.451247,14110.824242,14111.309742,14114.159742,1,2.99999999999994,0.0299999999999997,7.00000000000003,1,2,66,0.5
732,14115.932242,14115.177242,14115.362242,14115.879742,14117.627242,0,2.99999999999994,0.0299999999999997,5.99999999999996,2,1,65,0.5
733,14119.430242,14118.574743,14118.876742,14119.377242,14121.443742,0,2.99999999999994,0.0299999999999997,5.99999999999996,2,1,65,0.5
734,14123.620742,14122.810242,14123.082242,14123.568242,14126.198242,1,2.99999999999994,0.0299999999999997,7.00000000000003,1,2,66,0.5
735,14128.218743,14127.312242,14127.437242,14128.165744,14168.726742,0,2.99999999999994,0.0299999999999997,5.99999999999996,2,1,65,0.5
736,14180.231242,14179.141742,14179.498242,14180.179242,14181.803242,0,2.99999999999994,0.0299999999999997,5.99999999999996,2,1,65,0.5
737,14183.250742,14182.418742,14182.676242,14183.250742,14183.690742,1,NaN,0,5.99999999999996,2,1,65,0.5
738,14196.157242,14194.846242,14195.067742,14196.104742,14198.019742,1,2.99999999999994,0.0299999999999997,7.00000000000003,1,2,66,0.5
739,14201.256742,14200.110742,14200.331242,14201.254742,14338.496742,1,2.99999999999994,0.0299999999999997,7.00000000000003,1,2,66,0.5
740,14386.719744,14385.596242,14385.785742,14386.667742,14461.477242,0,2.99999999999994,0.0299999999999997,5.99999999999996,2,1,65,0.5
741,14462.839246,14461.878742,14462.145242,14462.839246,14463.196742,0,NaN,0,7.00000000000003,1,2,66,0.5
742,14484.014742,14481.624742,14482.512742,14484.014742,14530.237742,1,NaN,0,5.99999999999996,2,1,65,0.5
743,14593.222242,14591.718742,14592.158242,14593.222242,14593.617242,1,NaN,0,5.99999999999996,2,1,65,0.5
744,14613.293242,14600.671742,14600.975742,NaN,14620.676742,NaN,NaN,0,5.99999999999996,2,1,65,0.5
745,14623.324242,14621.301242,14621.611742,14623.324242,14630.321242,1,NaN,0,5.99999999999996,2,1,65,0.5
746,14632.052742,14631.103242,14631.588742,14632.052742,14636.388242,0,NaN,0,7.00000000000003,1,2,66,0.5
747,14775.319242,14771.562242,14771.763242,14775.265742,14777.359742,1,2.99999999999994,0.0299999999999997,7.00000000000003,1,2,66,0.5
748,14788.813246,14782.268742,14782.569742,14788.760742,14792.172241,1,2.99999999999994,0.0299999999999997,7.00000000000003,1,2,66,0.5
749,14824.185242,14811.564242,14811.766742,NaN,14831.750742,NaN,NaN,0,5.99999999999996,2,1,65,0.5
750,14858.690743,14852.844242,14852.940742,NaN,14860.916747,NaN,NaN,0,5.99999999999996,2,1,65,0.5
751,14877.046742,14875.715242,14876.093742,14876.994242,14879.717742,1,2.99999999999994,0.0299999999999997,7.00000000000003,1,2,66,0.5
752,14900.697743,14888.076242,14888.347242,NaN,NaN,NaN,NaN,0,5.99999999999996,2,1,65,0.5
753,14931.779742,14930.780246,14931.004242,14931.777242,14944.862242,0,2.99999999999994,0.0299999999999997,5.99999999999996,2,1,65,0.5
754,14954.169243,14950.219242,14950.361242,14954.169243,14954.709742,0,NaN,0,7.00000000000003,1,2,66,0.5
755,14976.504742,14975.093242,14975.262242,14975.954242,NaN,1,NaN,0,7.00000000000003,1,2,66,0.5
756,14994.986742,14982.365742,14982.521246,NaN,NaN,NaN,NaN,0,5.99999999999996,2,1,65,0.5
757,15015.702242,15003.080242,15003.204242,NaN,NaN,NaN,NaN,0,5.99999999999996,2,1,65,0.5
758,15065.698742,15053.077241,15053.557242,NaN,NaN,NaN,NaN,0,7.00000000000003,1,2,66,0.5
759,15087.270242,15083.184742,15083.306742,15087.267742,15091.493242,0,2.99999999999994,0.0299999999999997,5.99999999999996,2,1,65,0.5
760,15093.215742,15092.351244,15092.586242,15093.162742,15094.667743,0,2.99999999999994,0.0299999999999997,5.99999999999996,2,1,65,0.5
761,15104.745742,15099.524242,15099.722742,15104.745742,15104.980742,1,NaN,0,5.99999999999996,2,1,65,0.5
762,15124.146242,15122.075243,15122.382742,15124.093244,15125.659243,1,2.99999999999994,0.0299999999999997,7.00000000000003,1,2,66,0.5
763,15132.662242,15131.685242,15131.727242,15132.659742,15146.880742,0,2.99999999999994,0.0299999999999997,5.99999999999996,2,1,65,0.5
764,15165.663246,15164.973241,15165.123746,NaN,NaN,NaN,NaN,0,7.00000000000003,1,2,66,0.5
765,15183.175742,15182.183242,15182.429242,15183.122742,15358.873242,1,2.99999999999994,0.0299999999999997,7.00000000000003,1,2,66,0.5
766,15459.632742,15458.193742,15458.482244,15459.580742,15471.841742,1,2.99999999999994,0.0299999999999997,7.00000000000003,1,2,66,0.5
767,15487.116742,15474.494742,15474.712242,NaN,15498.846242,NaN,NaN,0,5.99999999999996,2,1,65,0.5
768,15510.659242,15508.558742,15508.561242,15510.659242,15511.684747,1,NaN,0,5.99999999999996,2,1,65,0.5
769,15525.49424,15524.382742,15524.660242,15525.49424,15624.879242,1,NaN,0,5.99999999999996,2,1,65,0.5
770,15633.795242,15632.822236,15633.240742,15633.792742,15638.472236,1,2.99999999999994,0.0299999999999997,7.00000000000003,1,2,66,0.5
771,15640.082742,15639.311241,15639.436246,15640.029742,15642.285242,0,2.99999999999994,0.0299999999999997,5.99999999999996,2,1,65,0.5
772,15643.707742,15643.083746,15643.292742,15643.694742,15645.945741,0,2.99999999999994,0.0299999999999997,5.99999999999996,2,1,65,0.5
773,15647.212742,15646.542242,15646.755742,15647.210242,15649.131244,0,2.99999999999994,0.0299999999999997,5.99999999999996,2,1,65,0.5
774,15650.203746,15649.667742,15649.842736,15650.203746,15650.437742,0,NaN,0,7.00000000000003,1,2,66,0.5
775,15672.895242,15664.519742,15664.874742,NaN,15845.848242,NaN,NaN,0,5.99999999999996,2,1,65,0.5
776,15887.059742,15882.891742,15883.064742,NaN,NaN,NaN,NaN,0,7.00000000000003,1,2,66,0.5
777,15908.353242,15895.730742,15895.988742,NaN,NaN,NaN,NaN,0,5.99999999999996,2,1,65,0.5
778,15952.000746,15939.379242,15939.605742,NaN,NaN,NaN,NaN,0,5.99999999999996,2,1,65,0.5
779,15973.918242,15961.296242,15961.326242,NaN,15982.660242,NaN,NaN,0,5.99999999999996,2,1,65,0.5
780,16030.633242,16018.012742,16018.338242,NaN,NaN,NaN,NaN,0,7.00000000000003,1,2,66,0.5
781,16045.542742,16044.701242,16044.972242,16045.542742,16052.678242,1,NaN,0,5.99999999999996,2,1,65,0.5
782,16054.325242,16053.162742,16053.407742,16054.325242,16062.028242,1,NaN,0,5.99999999999996,2,1,65,0.5
783,16066.258742,16065.619742,16065.936242,16066.258742,16066.771742,1,NaN,0,5.99999999999996,2,1,65,0.5
784,16075.071242,16074.153746,16074.614242,16075.018742,16077.970242,1,2.99999999999994,0.0299999999999997,7.00000000000003,1,2,66,0.5
785,16079.505742,16078.695742,16078.957243,16079.503242,16081.317742,0,2.99999999999994,0.0299999999999997,5.99999999999996,2,1,65,0.5
786,16082.808242,16082.071742,16082.323242,16082.755742,16084.989742,0,2.99999999999994,0.0299999999999997,5.99999999999996,2,1,65,0.5
787,16086.471242,16085.533246,16085.932746,16086.418242,16089.647742,1,2.99999999999994,0.0299999999999997,7.00000000000003,1,2,66,0.5
788,16105.012242,16103.648742,16103.991242,16105.012242,16105.228241,0,NaN,0,7.00000000000003,1,2,66,0.5
789,16162.756242,16160.562742,16162.026742,16162.756242,16181.147242,1,NaN,0,5.99999999999996,2,1,65,0.5
790,16214.239246,16213.514242,16213.718742,NaN,16239.794742,NaN,NaN,0,5.99999999999996,2,1,65,0.5
791,16262.215242,16261.304242,16261.581743,16262.215242,16262.607742,1,NaN,0,5.99999999999996,2,1,65,0.5
792,16313.423742,16312.425742,16312.886242,16313.370743,16318.922742,1,2.99999999999994,0.0299999999999997,7.00000000000003,1,2,66,0.5
793,16337.700242,16333.235741,16333.437242,16337.700242,16337.913742,0,NaN,0,7.00000000000003,1,2,66,0.5
794,16357.753742,16357.102242,16357.329741,16357.753742,16358.266742,1,NaN,0,5.99999999999996,2,1,65,0.5
795,16374.540742,16373.851241,16373.985742,16374.540742,16375.366242,1,NaN,0,5.99999999999996,2,1,65,0.5
796,16893.756742,16890.973242,16891.549742,16893.756742,16907.079742,1,NaN,0,5.99999999999996,2,1,65,0.5
797,16908.588242,16907.601742,16907.793742,16908.534742,16910.808242,0,2.99999999999994,0.0299999999999997,5.99999999999996,2,1,65,0.5
798,16912.382742,16911.437742,16911.770242,16912.380242,16915.523742,1,2.99999999999994,0.0299999999999997,7.00000000000003,1,2,66,0.5
799,16918.700242,16917.679742,16917.881743,16918.700242,16959.953742,1,NaN,0,5.99999999999996,2,1,65,0.5
800,16967.295242,16962.759242,16963.034242,16967.242242,16969.984242,0,2.99999999999994,0.0299999999999997,5.99999999999996,2,1,65,0.5
801,16971.472242,16970.644242,16970.839242,16971.419742,16974.647242,0,2.99999999999994,0.0299999999999997,5.99999999999996,2,1,65,0.5
802,16976.770742,16976.042743,16976.259742,16976.717741,16979.308742,1,2.99999999999994,0.0299999999999997,7.00000000000003,1,2,66,0.5
803,16990.411742,16989.459742,16989.837742,16990.411742,17010.381242,1,NaN,0,5.99999999999996,2,1,65,0.5
804,17018.631241,17017.470742,17017.799742,17018.631241,17025.730742,1,NaN,0,5.99999999999996,2,1,65,0.5
805,17039.639242,17034.591242,17034.799742,17039.639242,17050.055241,1,NaN,0,5.99999999999996,2,1,65,0.5
806,17051.421242,17050.487242,17050.935742,17051.369242,17054.318242,1,2.99999999999994,0.0299999999999997,7.00000000000003,1,2,66,0.5
807,17056.813743,17056.119742,17056.177742,17056.811242,17059.048242,0,2.99999999999994,0.0299999999999997,5.99999999999996,2,1,65,0.5
808,17060.191742,17059.581742,17059.738242,17060.189242,17061.726242,0,2.99999999999994,0.0299999999999997,5.99999999999996,2,1,65,0.5
809,17063.436242,17062.503241,17062.773242,17063.434242,17064.664246,0,2.99999999999994,0.0299999999999997,5.99999999999996,2,1,65,0.5
810,17066.415743,17065.075742,17065.391742,17066.415743,17066.930242,1,NaN,0,5.99999999999996,2,1,65,0.5
811,17362.093242,17360.978242,17361.233746,17362.093242,17370.456742,1,NaN,0,5.99999999999996,2,1,65,0.5
812,17372.029242,17371.164743,17371.269242,17371.975742,17373.772742,0,2.99999999999994,0.0299999999999997,5.99999999999996,2,1,65,0.5
813,17375.371742,17374.761242,17374.818242,17375.318243,17379.751242,1,2.99999999999994,0.0299999999999997,7.00000000000003,1,2,66,0.5
814,17381.056736,17380.377742,17380.441742,17381.003741,17383.791742,0,2.99999999999994,0.0299999999999997,5.99999999999996,2,1,65,0.5
815,17385.277742,17384.361742,17384.737242,17385.225242,17388.867242,1,2.99999999999994,0.0299999999999997,7.00000000000003,1,2,66,0.5
816,17390.117242,17389.477242,17389.553242,17390.117242,17394.852242,0,NaN,0,7.00000000000003,1,2,66,0.5
817,17398.691242,17397.191242,17398.108242,17398.638742,17402.013242,1,2.99999999999994,0.0299999999999997,7.00000000000003,1,2,66,0.5
818,17403.560742,17402.834742,17402.945742,17403.557242,17406.036242,0,2.99999999999994,0.0299999999999997,5.99999999999996,2,1,65,0.5
819,17407.099746,17406.512742,17406.692242,17407.047242,17409.096743,0,2.99999999999994,0.0299999999999997,5.99999999999996,2,1,65,0.5
820,17410.354242,17409.540742,17409.818742,17410.354242,17410.584742,0,NaN,0,7.00000000000003,1,2,66,0.5
821,17419.993742,17419.213742,17419.460746,17419.941742,17422.694742,1,2.99999999999994,0.0299999999999997,7.00000000000003,1,2,66,0.5
822,17424.159242,17423.336742,17423.558243,17424.106742,17426.268242,0,2.99999999999994,0.0299999999999997,5.99999999999996,2,1,65,0.5
823,17427.587742,17426.843243,17427.142742,17427.587742,17439.431242,1,NaN,0,5.99999999999996,2,1,65,0.5
824,17441.146242,17440.523242,17440.621742,17441.122246,17443.120742,0,2.99999999999994,0.0299999999999997,5.99999999999996,2,1,65,0.5
825,17444.474743,17443.683742,17444.028742,17444.421242,17446.751742,1,2.99999999999994,0.0299999999999997,7.00000000000003,1,2,66,0.5
826,17448.100242,17447.397242,17447.609242,17448.047742,17449.631742,0,2.99999999999994,0.0299999999999997,5.99999999999996,2,1,65,0.5
827,17451.320743,17450.210742,17450.466242,17451.268242,17456.012244,1,2.99999999999994,0.0299999999999997,7.00000000000003,1,2,66,0.5
828,17457.605743,17456.885242,17457.138242,17457.605743,17458.008742,1,NaN,0,5.99999999999996,2,1,65,0.5
829,17484.068242,17483.152242,17483.330241,17484.068242,17484.246742,1,NaN,0,5.99999999999996,2,1,65,0.5
830,17501.822246,17501.074742,17501.403742,17501.822246,17501.981746,1,NaN,0,5.99999999999996,2,1,65,0.5
831,17510.366242,17509.715742,17509.885742,17510.366242,17522.087743,1,NaN,0,5.99999999999996,2,1,65,0.5
832,17523.653243,17522.849242,17523.102242,17523.650742,17525.509242,0,2.99999999999994,0.0299999999999997,5.99999999999996,2,1,65,0.5
833,17526.774242,17525.984242,17526.282246,17526.774242,17527.050742,1,NaN,0,5.99999999999996,2,1,65,0.5
834,17536.546741,17535.666742,17536.006742,17536.546741,17547.762246,1,NaN,0,5.99999999999996,2,1,65,0.5
835,17549.176242,17548.213742,17548.454742,17549.173746,17551.106242,0,2.99999999999994,0.0299999999999997,5.99999999999996,2,1,65,0.5
836,17552.426242,17551.660742,17551.980242,17552.373242,17555.167246,0,2.99999999999994,0.0299999999999997,5.99999999999996,2,1,65,0.5
837,17556.468742,17555.674242,17556.003243,17556.416242,17559.154742,1,2.99999999999994,0.0299999999999997,7.00000000000003,1,2,66,0.5
838,17562.826242,17561.391742,17561.847742,17562.826242,17563.245742,1,NaN,0,5.99999999999996,2,1,65,0.5
839,17583.216242,17574.934742,17575.302242,NaN,17598.675742,NaN,NaN,0,5.99999999999996,2,1,65,0.5
840,17600.119742,17599.322242,17599.538242,17600.067742,17603.279242,0,2.99999999999994,0.0299999999999997,5.99999999999996,2,1,65,0.5
841,17605.245242,17603.950742,17604.347742,17605.245242,17605.304742,1,NaN,0,5.99999999999996,2,1,65,0.5
842,17613.898242,17612.960741,17613.414741,17613.845242,17616.525242,1,2.99999999999994,0.0299999999999997,7.00000000000003,1,2,66,0.5
843,17617.745242,17616.999742,17617.152742,17617.692742,17620.812742,0,2.99999999999994,0.0299999999999997,5.99999999999996,2,1,65,0.5
844,17622.052742,17621.285246,17621.607241,17622.050242,17623.997246,0,2.99999999999994,0.0299999999999997,5.99999999999996,2,1,65,0.5
845,17625.163242,17624.540241,17624.821742,17625.151742,17627.049243,0,2.99999999999994,0.0299999999999997,5.99999999999996,2,1,65,0.5
846,17628.412742,17627.531742,17627.905742,17628.360241,17631.584742,1,2.99999999999994,0.0299999999999997,7.00000000000003,1,2,66,0.5
847,17632.847242,17632.157242,17632.305742,17632.847242,17633.062242,0,NaN,0,7.00000000000003,1,2,66,0.5
848,17651.747742,17650.910242,17651.273742,17651.694742,17653.443742,0,2.99999999999994,0.0299999999999997,5.99999999999996,2,1,65,0.5
849,17654.532742,17653.908746,17654.123242,17654.502742,17656.077742,0,2.99999999999994,0.0299999999999997,5.99999999999996,2,1,65,0.5
850,17657.180742,17656.556742,17656.807242,17657.157741,17658.834742,0,2.99999999999994,0.0299999999999997,5.99999999999996,2,1,65,0.5
851,17660.132242,17659.294742,17659.603243,17660.080242,17662.637242,1,2.99999999999994,0.0299999999999997,7.00000000000003,1,2,66,0.5
852,17664.039742,17663.418742,17663.534242,17663.986742,17665.877242,0,2.99999999999994,0.0299999999999997,5.99999999999996,2,1,65,0.5
853,17667.122742,17666.437241,17666.695247,17667.069242,17668.790742,0,2.99999999999994,0.0299999999999997,5.99999999999996,2,1,65,0.5
854,17670.041242,17669.315244,17669.609242,17670.041242,17670.400242,1,NaN,0,5.99999999999996,2,1,65,0.5
855,17952.319742,17951.022746,17951.381242,17952.319742,17953.075242,1,NaN,0,5.99999999999996,2,1,65,0.5
856,18052.502742,18051.282741,18051.697242,18052.450242,18066.839742,1,2.99999999999994,0.0299999999999997,7.00000000000003,1,2,66,0.5
857,18080.248742,18079.421242,18079.688742,18080.248742,18080.346242,1,NaN,0,5.99999999999996,2,1,65,0.5
858,18089.230246,18088.404742,18088.466742,18089.177742,18091.430241,0,2.99999999999994,0.0299999999999997,5.99999999999996,2,1,65,0.5
859,18092.658242,18091.974742,18092.169242,18092.655243,18094.599242,0,2.99999999999994,0.0299999999999997,5.99999999999996,2,1,65,0.5
860,18096.041244,18095.318746,18095.635242,18095.988243,18097.975742,0,2.99999999999994,0.0299999999999997,5.99999999999996,2,1,65,0.5
861,18099.311242,18098.439242,18098.770742,18099.258246,18101.976242,1,2.99999999999994,0.0299999999999997,7.00000000000003,1,2,66,0.5
862,18115.499242,18102.878242,18102.976742,NaN,18118.635243,NaN,NaN,0,7.00000000000003,1,2,66,0.5
863,18124.179742,18122.688242,18123.450242,18124.126242,18126.632742,1,2.99999999999994,0.0299999999999997,7.00000000000003,1,2,66,0.5
864,18147.835242,18144.026246,18145.275746,NaN,NaN,NaN,NaN,0,5.99999999999996,2,1,65,0.5
865,18160.976742,18159.867742,18160.432742,18160.924242,18165.759242,1,2.99999999999994,0.0299999999999997,7.00000000000003,1,2,66,0.5
866,18172.778242,18166.793242,18166.981243,18172.725242,18175.347242,0,2.99999999999994,0.0299999999999997,5.99999999999996,2,1,65,0.5
867,18176.739742,18176.034742,18176.324742,18176.739742,18185.268242,1,NaN,0,5.99999999999996,2,1,65,0.5
868,18194.688742,18193.858242,18194.081242,18194.635746,18196.251742,0,2.99999999999994,0.0299999999999997,5.99999999999996,2,1,65,0.5
869,18211.101242,18209.971742,18210.571743,18211.049242,18216.109744,1,2.99999999999994,0.0299999999999997,7.00000000000003,1,2,66,0.5
870,18217.453742,18216.628242,18216.936246,18217.400246,18219.508742,1,2.99999999999994,0.0299999999999997,7.00000000000003,1,2,66,0.5
871,18223.834742,18222.494242,18222.891741,18223.781743,18286.515242,1,2.99999999999994,0.0299999999999997,7.00000000000003,1,2,66,0.5
872,18301.683242,18295.238242,18295.288242,18301.683242,18334.064242,1,NaN,0,5.99999999999996,2,1,65,0.5
873,18345.803741,18344.301242,18344.416242,18345.750242,18366.806742,1,2.99999999999994,0.0299999999999997,7.00000000000003,1,2,66,0.5
874,18372.782242,18371.947742,18372.265242,18372.782242,18382.694742,1,NaN,0,5.99999999999996,2,1,65,0.5
875,18403.600242,18399.424742,18399.557742,NaN,NaN,NaN,NaN,0,5.99999999999996,2,1,65,0.5
876,18425.348742,18412.727742,18412.947242,NaN,18467.350742,NaN,NaN,0,5.99999999999996,2,1,65,0.5
877,18476.768242,18475.968742,18476.288742,18476.768242,18477.205242,1,NaN,0,5.99999999999996,2,1,65,0.5
878,18505.322742,18504.154242,18504.622242,18505.270242,18507.807742,1,2.99999999999994,0.0299999999999997,7.00000000000003,1,2,66,0.5
879,18509.346742,18508.648742,18508.801736,18509.293746,18511.019742,0,2.99999999999994,0.0299999999999997,5.99999999999996,2,1,65,0.5
880,18512.826243,18511.942742,18512.221242,18512.773742,18514.704242,0,2.99999999999994,0.0299999999999997,5.99999999999996,2,1,65,0.5
881,18515.956742,18515.188242,18515.488742,18515.956742,18516.430741,1,NaN,0,5.99999999999996,2,1,65,0.5
882,18529.746742,18528.726741,18529.150742,18529.693742,18531.571741,0,2.99999999999994,0.0299999999999997,5.99999999999996,2,1,65,0.5
883,18532.906742,18532.043746,18532.401242,18532.853746,18535.180242,1,2.99999999999994,0.0299999999999997,7.00000000000003,1,2,66,0.5
884,18536.587242,18535.911742,18536.093742,18536.585242,18538.556243,0,2.99999999999994,0.0299999999999997,5.99999999999996,2,1,65,0.5
885,18540.043242,18539.280242,18539.585242,18539.990742,18542.368242,1,2.99999999999994,0.0299999999999997,7.00000000000003,1,2,66,0.5
886,18543.801242,18542.871242,18543.218742,18543.801242,18544.006242,0,NaN,0,7.00000000000003,1,2,66,0.5
887,18554.808242,18553.819742,18554.274242,18554.755742,18556.868242,1,2.99999999999994,0.0299999999999997,7.00000000000003,1,2,66,0.5
888,18847.127742,18834.506242,18835.375742,NaN,18855.151742,NaN,NaN,0,5.99999999999996,2,1,65,0.5
889,18997.464742,18984.843742,18985.370242,NaN,19182.519242,NaN,NaN,0,7.00000000000003,1,2,66,0.5
890,19196.916746,19196.516746,19196.865242,NaN,19223.791242,NaN,NaN,0,5.99999999999996,2,1,65,0.5
891,19225.191242,19224.333742,19224.750242,19225.137746,19228.534742,1,2.99999999999994,0.0299999999999997,7.00000000000003,1,2,66,0.5
892,19230.236242,19229.484242,19229.626242,19230.183242,19232.279242,0,2.99999999999994,0.0299999999999997,5.99999999999996,2,1,65,0.5
893,19233.619242,19232.736242,19233.108242,19233.565742,19236.233242,1,2.99999999999994,0.0299999999999997,7.00000000000003,1,2,66,0.5
894,19239.029742,19237.959742,19238.336742,19238.976742,19248.507242,1,2.99999999999994,0.0299999999999997,7.00000000000003,1,2,66,0.5
895,19251.369242,19250.541742,19250.872242,19251.369242,19251.747242,1,NaN,0,5.99999999999996,2,1,65,0.5
896,19259.477746,19258.569742,19258.836242,19259.424742,19261.289742,0,2.99999999999994,0.0299999999999997,5.99999999999996,2,1,65,0.5
897,19262.582742,19261.797242,19262.018742,19262.582742,19262.925242,0,NaN,0,7.00000000000003,1,2,66,0.5
898,19280.960242,19279.714742,19280.013242,19280.907242,19283.258746,1,2.99999999999994,0.0299999999999997,7.00000000000003,1,2,66,0.5
899,19285.854242,19284.784242,19285.088242,19285.801242,19288.134742,0,2.99999999999994,0.0299999999999997,5.99999999999996,2,1,65,0.5
900,19289.609242,19288.698243,19289.114242,19289.556742,19292.083742,1,2.99999999999994,0.0299999999999997,7.00000000000003,1,2,66,0.5
901,19293.977742,19293.354742,19293.422242,19293.950742,19295.595742,0,2.99999999999994,0.0299999999999997,5.99999999999996,2,1,65,0.5
902,19296.879242,19296.065742,19296.413242,19296.826242,19299.502742,1,2.99999999999994,0.0299999999999997,7.00000000000003,1,2,66,0.5
903,19304.489742,19303.572742,19303.957742,19304.487242,19312.179242,1,2.99999999999994,0.0299999999999997,7.00000000000003,1,2,66,0.5
904,19342.887242,19337.373742,19337.484742,19342.887242,19343.068742,0,NaN,0,7.00000000000003,1,2,66,0.5
905,19364.392242,19353.629744,19353.881741,NaN,NaN,NaN,NaN,0,5.99999999999996,2,1,65,0.5
906,19377.544743,19376.630242,19376.987742,19377.541743,19379.595242,1,2.99999999999994,0.0299999999999997,7.00000000000003,1,2,66,0.5
907,19394.868242,19382.247242,19382.529742,NaN,NaN,NaN,NaN,0,5.99999999999996,2,1,65,0.5
908,19442.789741,19430.254741,19430.470242,NaN,19451.380242,NaN,NaN,0,5.99999999999996,2,1,65,0.5
909,19661.077242,19648.456242,19648.514242,NaN,19673.490742,NaN,NaN,0,5.99999999999996,2,1,65,0.5
910,19675.274742,19674.313742,19674.654742,19675.221742,19679.329742,1,2.99999999999994,0.0299999999999997,7.00000000000003,1,2,66,0.5
911,19681.171742,19680.451742,19680.499742,19681.118742,19683.181742,0,2.99999999999994,0.0299999999999997,5.99999999999996,2,1,65,0.5
912,19684.531242,19683.802242,19684.031242,19684.478242,19686.277742,0,2.99999999999994,0.0299999999999997,5.99999999999996,2,1,65,0.5
913,19688.843742,19688.170242,19688.383242,19688.790742,19690.605742,0,2.99999999999994,0.0299999999999997,5.99999999999996,2,1,65,0.5
914,19691.749742,19691.072743,19691.372742,19691.697742,19693.802241,0,2.99999999999994,0.0299999999999997,5.99999999999996,2,1,65,0.5
915,19694.997746,19694.365242,19694.590241,19694.995241,19696.986243,0,2.99999999999994,0.0299999999999997,5.99999999999996,2,1,65,0.5
916,19698.472242,19697.572742,19697.922242,19698.419742,19700.868742,1,2.99999999999994,0.0299999999999997,7.00000000000003,1,2,66,0.5
917,19702.329243,19701.770242,19701.843742,19702.329243,19702.451742,0,NaN,0,7.00000000000003,1,2,66,0.5
918,19730.672242,19723.246743,19723.520741,19730.619742,19732.265242,0,2.99999999999994,0.0299999999999997,5.99999999999996,2,1,65,0.5
919,19735.805242,19734.845242,19735.336742,19735.752242,19738.030244,1,2.99999999999994,0.0299999999999997,7.00000000000003,1,2,66,0.5
920,19742.366242,19741.597742,19741.856242,19742.313742,19743.893742,0,2.99999999999994,0.0299999999999997,5.99999999999996,2,1,65,0.5
921,19745.536742,19744.682742,19745.020746,19745.483742,19747.581742,1,2.99999999999994,0.0299999999999997,7.00000000000003,1,2,66,0.5
922,19751.567242,19749.392742,19749.807242,19751.565242,19753.685242,1,2.99999999999994,0.0299999999999997,7.00000000000003,1,2,66,0.5
923,19765.453242,19763.883742,19764.645242,19765.453242,19766.239741,1,NaN,0,5.99999999999996,2,1,65,0.5
924,19802.469746,19791.789242,19791.967742,19802.469746,19832.297742,1,NaN,0,5.99999999999996,2,1,65,0.5
925,19854.704242,19842.333742,19842.485742,19854.651242,19856.217242,0,2.99999999999994,0.0299999999999997,5.99999999999996,2,1,65,0.5
926,19858.189242,19857.625742,19857.652244,19858.137242,19860.377242,1,2.99999999999994,0.0299999999999997,7.00000000000003,1,2,66,0.5
927,19875.397742,19862.777242,19863.029736,NaN,20082.873742,NaN,NaN,0,7.00000000000003,1,2,66,0.5
928,20096.203242,20083.653243,20083.851243,NaN,20162.638742,NaN,NaN,0,5.99999999999996,2,1,65,0.5
929,20176.363742,20163.743242,20164.120242,NaN,NaN,NaN,NaN,0,5.99999999999996,2,1,65,0.5
930,20222.549742,20220.625242,20221.599242,20222.549742,20277.732742,1,NaN,0,5.99999999999996,2,1,65,0.5
931,20280.536242,20279.572242,20279.929242,20280.536242,20342.529241,1,NaN,0,5.99999999999996,2,1,65,0.5
932,20360.734742,20348.112742,20348.139244,NaN,NaN,NaN,NaN,0,5.99999999999996,2,1,65,0.5
933,20384.178242,20371.555742,20371.801241,NaN,NaN,NaN,NaN,0,5.99999999999996,2,1,65,0.5
934,20437.988742,20436.895742,20437.317742,20437.935743,20446.213242,1,2.99999999999994,0.0299999999999997,7.00000000000003,1,2,66,0.5
935,20457.878242,20456.753246,20457.229743,20457.878242,20460.079242,1,NaN,0,5.99999999999996,2,1,65,0.5
936,20549.701742,20541.027743,20541.078242,20549.649242,20552.378742,0,2.99999999999994,0.0299999999999997,5.99999999999996,2,1,65,0.5
937,20554.004746,20553.122742,20553.395246,20553.952242,20555.726742,0,2.99999999999994,0.0299999999999997,5.99999999999996,2,1,65,0.5
938,20556.967742,20556.216242,20556.468242,20556.915242,20559.234242,0,2.99999999999994,0.0299999999999997,5.99999999999996,2,1,65,0.5
939,20560.489242,20559.765241,20560.037242,20560.436742,20562.511242,0,2.99999999999994,0.0299999999999997,5.99999999999996,2,1,65,0.5
940,20563.980242,20563.069742,20563.417742,20563.927241,20566.455742,1,2.99999999999994,0.0299999999999997,7.00000000000003,1,2,66,0.5
941,20568.249242,20567.501742,20567.712742,20568.196742,20570.119242,0,2.99999999999994,0.0299999999999997,5.99999999999996,2,1,65,0.5
942,20571.475742,20570.587242,20570.862742,20571.422742,20574.196242,1,2.99999999999994,0.0299999999999997,7.00000000000003,1,2,66,0.5
943,20575.811742,20575.229742,20575.250742,20575.811742,20576.265242,0,NaN,0,7.00000000000003,1,2,66,0.5
944,20815.170242,20814.047742,20814.291243,20815.117242,20816.070742,0,2.99999999999994,0.0299999999999997,5.99999999999996,2,1,65,0.5
945,20833.536742,20830.926242,20831.132742,20833.483242,20835.428742,0,2.99999999999994,0.0299999999999997,5.99999999999996,2,1,65,0.5
946,20849.029246,20836.408242,20836.712742,NaN,NaN,NaN,NaN,0,5.99999999999996,2,1,65,0.5
947,21036.960236,21036.071242,21036.143742,21036.907242,21043.725742,1,2.99999999999994,0.0299999999999997,7.00000000000003,1,2,66,0.5
948,21045.126242,21044.321742,21044.437242,21045.126242,21045.621742,0,NaN,0,7.00000000000003,1,2,66,0.5
949,21060.795742,21059.734242,21060.010244,21060.742742,21064.628742,1,2.99999999999994,0.0299999999999997,7.00000000000003,1,2,66,0.5
950,21066.220742,21065.496742,21065.614242,21066.218742,21068.209742,0,2.99999999999994,0.0299999999999997,5.99999999999996,2,1,65,0.5
951,21069.672742,21068.876742,21069.151742,21069.620241,21071.813742,0,2.99999999999994,0.0299999999999997,5.99999999999996,2,1,65,0.5
952,21073.450742,21072.452242,21072.609242,21073.450742,21080.808242,1,NaN,0,5.99999999999996,2,1,65,0.5
953,21088.947242,21088.062742,21088.495236,21088.893742,21090.842241,1,2.99999999999994,0.0299999999999997,7.00000000000003,1,2,66,0.5
954,21092.159242,21091.485242,21091.544742,21092.159242,21128.823242,0,NaN,0,7.00000000000003,1,2,66,0.5
955,21130.474242,21129.295242,21129.574742,21130.421741,21132.528742,0,2.99999999999994,0.0299999999999997,5.99999999999996,2,1,65,0.5
956,21133.728242,21133.104242,21133.354242,21133.711746,21135.911743,0,2.99999999999994,0.0299999999999997,5.99999999999996,2,1,65,0.5
957,21136.995742,21136.447246,21136.620742,21136.942742,21139.546236,0,2.99999999999994,0.0299999999999997,5.99999999999996,2,1,65,0.5
958,21140.983242,21140.115742,21140.448742,21140.930742,21144.149742,1,2.99999999999994,0.0299999999999997,7.00000000000003,1,2,66,0.5
959,21147.214742,21145.911242,21146.543742,21147.161244,21149.880742,1,2.99999999999994,0.0299999999999997,7.00000000000003,1,2,66,0.5
960,21151.530242,21150.760742,21150.921242,21151.477742,21153.463742,0,2.99999999999994,0.0299999999999997,5.99999999999996,2,1,65,0.5
961,21154.465742,21153.949242,21154.048742,21154.412242,21156.030742,0,2.99999999999994,0.0299999999999997,5.99999999999996,2,1,65,0.5
962,21157.156742,21156.476242,21156.762242,21157.104242,21159.193242,0,2.99999999999994,0.0299999999999997,5.99999999999996,2,1,65,0.5
963,21160.459246,21159.644742,21159.997246,21160.459246,21160.659742,0,NaN,0,7.00000000000003,1,2,66,0.5
964,21171.201742,21170.437742,21170.689242,21171.201742,21277.898742,1,NaN,0,5.99999999999996,2,1,65,0.5
965,21279.764243,21278.619242,21278.855742,21279.711246,21281.894742,0,2.99999999999994,0.0299999999999997,5.99999999999996,2,1,65,0.5
966,21295.212742,21294.266743,21294.453242,NaN,21295.817742,NaN,NaN,0,5.99999999999996,2,1,65,0.5
967,21302.879742,21301.952242,21302.337742,21302.827242,21305.340246,1,2.99999999999994,0.0299999999999997,7.00000000000003,1,2,66,0.5
968,21308.842242,21307.440741,21307.751242,21308.789242,21311.073242,1,2.99999999999994,0.0299999999999997,7.00000000000003,1,2,66,0.5
969,21329.134742,21325.644242,21325.957242,NaN,NaN,NaN,NaN,0,5.99999999999996,2,1,65,0.5
970,21399.624742,21387.067242,21387.228242,NaN,21542.473242,NaN,NaN,0,5.99999999999996,2,1,65,0.5
971,21569.966746,21569.078743,21569.309242,21569.913742,21571.632242,0,2.99999999999994,0.0299999999999997,5.99999999999996,2,1,65,0.5
972,21572.963242,21572.263242,21572.473742,21572.910742,21574.794242,0,2.99999999999994,0.0299999999999997,5.99999999999996,2,1,65,0.5
973,21575.907742,21575.308742,21575.477242,21575.907742,21576.307742,0,NaN,0,7.00000000000003,1,2,66,0.5
974,21596.870242,21594.219742,21594.531242,21596.817746,21599.613742,1,2.99999999999994,0.0299999999999997,7.00000000000003,1,2,66,0.5
975,21612.637242,21609.520243,21609.748742,NaN,21630.437242,NaN,NaN,0,7.00000000000003,1,2,66,0.5
976,21631.590242,21630.919242,21631.153242,21631.590242,21639.977744,0,NaN,0,7.00000000000003,1,2,66,0.5
977,21646.973742,21646.124242,21646.240742,21646.973742,21647.230242,1,NaN,0,5.99999999999996,2,1,65,0.5
978,21668.007247,21661.816242,21662.031742,NaN,21680.471241,NaN,NaN,0,5.99999999999996,2,1,65,0.5
979,21681.807742,21681.074742,21681.282242,21681.807742,21682.325743,0,NaN,0,7.00000000000003,1,2,66,0.5
980,21719.281742,21718.277242,21718.696742,21719.229242,21724.186242,1,2.99999999999994,0.0299999999999997,7.00000000000003,1,2,66,0.5
981,21728.360742,21727.789741,21727.882742,21728.360742,21734.069742,1,NaN,0,5.99999999999996,2,1,65,0.5
982,21736.327242,21734.769242,21734.987242,21736.327242,21736.487242,0,NaN,0,7.00000000000003,1,2,66,0.5
983,21746.846242,21746.072242,21746.358742,21746.846242,21747.682742,1,NaN,0,5.99999999999996,2,1,65,0.5
984,21796.437746,21794.483242,21794.886742,21796.435742,21799.630242,1,2.99999999999994,0.0299999999999997,7.00000000000003,1,2,66,0.5
985,21801.215742,21800.414742,21800.463242,21801.215742,21801.493742,0,NaN,0,7.00000000000003,1,2,66,0.5
986,21897.832246,21896.916741,21897.130742,21897.832246,21904.443242,1,NaN,0,5.99999999999996,2,1,65,0.5
987,21905.889241,21905.098242,21905.357242,21905.889241,21906.150742,1,NaN,0,5.99999999999996,2,1,65,0.5
988,21923.661242,21915.338742,21915.683242,21923.661242,21923.698742,1,NaN,0,5.99999999999996,2,1,65,0.5
989,22026.883742,22025.791742,22026.147242,22026.883742,22026.969742,0,NaN,0,7.00000000000003,1,2,66,0.5
990,22046.813742,22043.306242,22043.525245,22046.813742,22047.083742,0,NaN,0,7.00000000000003,1,2,66,0.5
991,22103.313742,22090.692242,22090.857742,NaN,22160.878742,NaN,NaN,0,7.00000000000003,1,2,66,0.5
992,22162.293742,22161.363742,22161.634242,22162.240244,22164.552742,0,2.99999999999994,0.0299999999999997,5.99999999999996,2,1,65,0.5
993,22166.016742,22165.163242,22165.399742,22166.016742,22213.399246,0,NaN,0,7.00000000000003,1,2,66,0.5
994,22214.954742,22214.024242,22214.403742,22214.901742,22241.517242,1,2.99999999999994,0.0299999999999997,7.00000000000003,1,2,66,0.5
995,22258.422742,22258.422742,22245.773742,NaN,22263.120742,NaN,NaN,0,5.99999999999996,2,1,65,0.5
996,22266.453242,22264.811742,22265.437242,22266.400242,22268.265742,0,2.99999999999994,0.0299999999999997,5.99999999999996,2,1,65,0.5
997,22269.906246,22268.899243,22269.395242,22269.853242,22272.808742,1,2.99999999999994,0.0299999999999997,7.00000000000003,1,2,66,0.5
998,22274.461746,22273.701746,22273.953742,22274.461746,22278.073242,0,NaN,0,7.00000000000003,1,2,66,0.5
999,22282.235742,22280.731242,22281.317242,22282.183242,22284.147742,0,2.99999999999994,0.0299999999999997,5.99999999999996,2,1,65,0.5
1000,22285.548742,22284.666742,22285.025244,22285.496742,22288.490742,1,2.99999999999994,0.0299999999999997,7.00000000000003,1,2,66,0.5
1001,22291.426243,22290.040742,22290.890242,22291.373243,22302.794743,1,2.99999999999994,0.0299999999999997,7.00000000000003,1,2,66,0.5
1002,22304.370244,22303.473742,22303.869242,22304.317242,22307.070242,1,2.99999999999994,0.0299999999999997,7.00000000000003,1,2,66,0.5
1003,22308.504242,22307.771742,22307.953242,22308.501742,22310.749742,0,2.99999999999994,0.0299999999999997,5.99999999999996,2,1,65,0.5
1004,22312.299242,22311.444742,22311.751742,22312.246742,22314.092242,0,2.99999999999994,0.0299999999999997,5.99999999999996,2,1,65,0.5
1005,22318.934242,22318.192242,22318.466742,22318.881246,22321.846242,0,2.99999999999994,0.0299999999999997,5.99999999999996,2,1,65,0.5
1006,22333.351242,22331.072742,22331.538242,22333.298242,22335.706742,1,2.99999999999994,0.0299999999999997,7.00000000000003,1,2,66,0.5
1007,22369.042243,22368.118742,22368.259242,22369.042243,22383.239741,0,NaN,0,7.00000000000003,1,2,66,0.5
1008,22401.629742,22389.007742,22389.281742,NaN,22431.735242,NaN,NaN,0,5.99999999999996,2,1,65,0.5
1009,22445.606742,22432.985242,22433.073746,NaN,NaN,NaN,NaN,0,5.99999999999996,2,1,65,0.5
1010,22476.541242,22475.241242,22476.005242,22476.488242,22486.496742,1,2.99999999999994,0.0299999999999997,7.00000000000003,1,2,66,0.5
1011,22492.127242,22490.956742,22491.039742,22492.124247,22494.179742,0,2.99999999999994,0.0299999999999997,5.99999999999996,2,1,65,0.5
1012,22495.647742,22494.743242,22495.074236,22495.595241,22499.192242,1,2.99999999999994,0.0299999999999997,7.00000000000003,1,2,66,0.5
1013,22500.777242,22499.971744,22500.210242,22500.724242,22502.991242,0,2.99999999999994,0.0299999999999997,5.99999999999996,2,1,65,0.5
1014,22504.216742,22503.593242,22503.841742,22504.202242,22511.147742,0,2.99999999999994,0.0299999999999997,5.99999999999996,2,1,65,0.5
1015,22512.480742,22511.624742,22511.867242,22512.428242,22514.692742,0,2.99999999999994,0.0299999999999997,5.99999999999996,2,1,65,0.5
1016,22515.990242,22515.165246,22515.496742,22515.937742,22518.488242,1,2.99999999999994,0.0299999999999997,7.00000000000003,1,2,66,0.5
1017,22695.447242,22694.576742,22694.849242,22695.395242,22697.478243,0,2.99999999999994,0.0299999999999997,5.99999999999996,2,1,65,0.5
1018,22699.159746,22698.225744,22698.477742,22699.107242,22701.223746,0,2.99999999999994,0.0299999999999997,5.99999999999996,2,1,65,0.5
1019,22702.515242,22701.891742,22702.103242,22702.486242,22704.724242,0,2.99999999999994,0.0299999999999997,5.99999999999996,2,1,65,0.5
1020,22706.195242,22705.309742,22705.653742,22706.142742,22713.649741,1,2.99999999999994,0.0299999999999997,7.00000000000003,1,2,66,0.5
1021,22715.238742,22714.233242,22714.655742,22715.185742,22718.420242,1,2.99999999999994,0.0299999999999997,7.00000000000003,1,2,66,0.5
1022,22719.794242,22719.050742,22719.184742,22719.741242,22721.796242,0,2.99999999999994,0.0299999999999997,5.99999999999996,2,1,65,0.5
1023,22723.755242,22722.877741,22723.182242,22723.702742,22848.740241,1,2.99999999999994,0.0299999999999997,7.00000000000003,1,2,66,0.5
1024,22919.681242,22918.676742,22918.996742,22919.628242,22923.222242,1,2.99999999999994,0.0299999999999997,7.00000000000003,1,2,66,0.5
1025,22924.837742,22924.199242,22924.266742,22924.837742,22925.489242,0,NaN,0,7.00000000000003,1,2,66,0.5
1026,22945.574242,22944.924242,22944.946742,22945.571742,22947.386742,0,2.99999999999994,0.0299999999999997,5.99999999999996,2,1,65,0.5
1027,22948.754242,22947.954742,22948.235742,22948.701242,22951.110242,1,2.99999999999994,0.0299999999999997,7.00000000000003,1,2,66,0.5
1028,22952.975746,22951.939242,22951.982242,22952.92374,22954.870242,0,2.99999999999994,0.0299999999999997,5.99999999999996,2,1,65,0.5
1029,22956.774242,22955.971742,22956.236742,22956.721242,22959.132742,1,2.99999999999994,0.0299999999999997,7.00000000000003,1,2,66,0.5
1030,22960.657742,22960.065242,22960.189242,22960.605242,22962.488742,0,2.99999999999994,0.0299999999999997,5.99999999999996,2,1,65,0.5
1031,22964.040243,22963.112242,22963.480742,22963.987742,22966.628242,1,2.99999999999994,0.0299999999999997,7.00000000000003,1,2,66,0.5
1032,22968.076742,22967.390742,22967.528742,22968.074742,22969.723242,0,2.99999999999994,0.0299999999999997,5.99999999999996,2,1,65,0.5
1033,22970.971742,22970.294243,22970.512243,22970.918742,22972.791242,0,2.99999999999994,0.0299999999999997,5.99999999999996,2,1,65,0.5
1034,22974.035242,22973.260241,22973.462742,22974.035242,22979.551242,0,NaN,0,7.00000000000003,1,2,66,0.5
1035,22982.094742,22980.139742,22980.742242,22982.042242,22984.612242,1,2.99999999999994,0.0299999999999997,7.00000000000003,1,2,66,0.5
1036,22987.561742,22985.226742,22985.455741,22987.509242,22989.825746,1,2.99999999999994,0.0299999999999997,7.00000000000003,1,2,66,0.5
1037,22991.251241,22990.277742,22990.487242,22991.251241,23076.660742,0,NaN,0,7.00000000000003,1,2,66,0.5
1038,23136.273242,23135.443242,23135.750241,23136.220746,23139.215242,1,2.99999999999994,0.0299999999999997,7.00000000000003,1,2,66,0.5
1039,23140.778741,23140.162242,23140.316742,23140.778741,23141.274742,0,NaN,0,7.00000000000003,1,2,66,0.5
1040,23267.908742,23265.639242,23265.870247,23267.908742,23398.018741,1,NaN,0,5.99999999999996,2,1,65,0.5
1041,23409.792242,23399.125742,23399.446242,23409.792242,23423.537742,0,NaN,0,7.00000000000003,1,2,66,0.5
1042,23426.439242,23426.041742,23426.132242,23426.386742,23431.375241,0,2.99999999999994,0.0299999999999997,5.99999999999996,2,1,65,0.5
1043,23443.790743,23443.025242,23443.420242,23443.790743,23444.100742,1,NaN,0,5.99999999999996,2,1,65,0.5
1044,23467.065741,23454.443742,23454.648242,NaN,NaN,NaN,NaN,0,5.99999999999996,2,1,65,0.5
