trial,outcome,center_in,center_out,side_in,last_side_out,actions,reward,trial_types,odors,port_side,schedule,odor_name,odor_dur
1,551.603061,550.933728,551.079728,551.603061,563.702382,0,NaN,0,7.00000000000003,1,2,66,0.5
2,565.433047,564.941047,565.037714,565.379714,580.302365,1,1.99999999999996,0.0200000000000003,7.00000000000003,1,2,66,0.5
3,581.461031,580.711032,581.008365,581.407698,584.425695,1,1.99999999999996,0.0200000000000003,7.00000000000003,1,2,66,0.5
4,586.571026,585.921026,586.245026,586.571026,594.619018,0,NaN,0,7.00000000000003,1,2,66,0.5
5,599.14768,598.447681,598.784347,599.14768,599.781013,1,NaN,0,5.99999999999996,2,1,65,0.5
6,609.948336,609.399003,609.592336,609.948336,614.440331,0,NaN,0,7.00000000000003,1,2,66,0.5
7,618.057661,617.439662,617.700328,618.057661,633.216979,1,NaN,0,5.99999999999996,2,1,65,0.5
8,640.146972,639.136973,639.558973,640.093639,643.134969,1,1.99999999999996,0.0200000000000003,7.00000000000003,1,2,66,0.5
9,646.349633,645.194967,645.877633,646.296299,648.53363,1,1.99999999999996,0.0200000000000003,7.00000000000003,1,2,66,0.5
10,649.524963,648.962298,649.13763,649.492963,652.338293,0,1.99999999999996,0.0200000000000003,5.99999999999996,2,1,65,0.5
11,653.466959,652.874293,653.132959,653.466959,660.068952,1,NaN,0,5.99999999999996,2,1,65,0.5
12,661.224951,660.451619,660.731618,661.171618,662.79895,0,1.99999999999996,0.0200000000000003,5.99999999999996,2,1,65,0.5
13,663.772949,663.090949,663.372949,663.772949,664.041615,1,NaN,0,5.99999999999996,2,1,65,0.5
14,678.195601,677.576935,677.774935,678.142268,680.021599,1,1.99999999999996,0.0200000000000003,7.00000000000003,1,2,66,0.5
15,681.184265,680.400932,680.610265,681.130931,683.691595,0,1.99999999999996,0.0200000000000003,5.99999999999996,2,1,65,0.5
16,684.797594,684.049595,684.356928,684.744261,686.620259,1,1.99999999999996,0.0200000000000003,7.00000000000003,1,2,66,0.5
17,687.538925,686.914259,687.113592,687.503592,690.853588,0,1.99999999999996,0.0200000000000003,5.99999999999996,2,1,65,0.5
18,691.863587,691.155588,691.453588,691.810254,692.49692,0,1.99999999999996,0.0200000000000003,5.99999999999996,2,1,65,0.5
19,702.15491,701.268244,701.648911,702.101577,704.022242,1,1.99999999999996,0.0200000000000003,7.00000000000003,1,2,66,0.5
20,704.980241,704.376908,704.496241,704.980241,717.905561,0,NaN,0,7.00000000000003,1,2,66,0.5
21,720.432892,719.422226,719.824893,720.424225,721.722224,1,1.99999999999996,0.0200000000000003,7.00000000000003,1,2,66,0.5
22,730.810215,730.185549,730.460882,730.806215,731.94488,0,1.99999999999996,0.0200000000000003,5.99999999999996,2,1,65,0.5
23,732.864213,732.255547,732.512213,732.81088,734.898211,0,1.99999999999996,0.0200000000000003,5.99999999999996,2,1,65,0.5
24,736.079543,735.443544,735.658877,736.02621,736.706209,1,1.99999999999996,0.0200000000000003,7.00000000000003,1,2,66,0.5
25,745.689533,744.857534,745.070201,745.686867,747.684865,0,1.99999999999996,0.0200000000000003,5.99999999999996,2,1,65,0.5
26,749.186197,748.061531,748.268197,749.132863,750.898861,1,1.99999999999996,0.0200000000000003,7.00000000000003,1,2,66,0.5
27,758.950187,758.216187,758.550854,758.896853,761.341518,1,1.99999999999996,0.0200000000000003,7.00000000000003,1,2,66,0.5
28,762.25285,761.672184,761.776851,762.199517,763.994182,0,1.99999999999996,0.0200000000000003,5.99999999999996,2,1,65,0.5
29,765.40818,764.783514,764.993514,765.363514,767.044179,0,1.99999999999996,0.0200000000000003,5.99999999999996,2,1,65,0.5
30,768.048178,767.423512,767.679511,768.039511,770.428175,0,1.99999999999996,0.0200000000000003,5.99999999999996,2,1,65,0.5
31,771.510174,770.734842,771.084841,771.456841,773.744172,1,1.99999999999996,0.0200000000000003,7.00000000000003,1,2,66,0.5
32,778.081501,777.351502,777.583501,778.081501,780.406165,0,NaN,0,7.00000000000003,1,2,66,0.5
33,785.45016,784.700828,785.010161,785.396827,787.631491,1,1.99999999999996,0.0200000000000003,7.00000000000003,1,2,66,0.5
34,788.344824,787.926824,787.971491,788.291491,790.312155,0,1.99999999999996,0.0200000000000003,5.99999999999996,2,1,65,0.5
35,791.327488,790.730155,790.931488,791.274154,793.140153,0,1.99999999999996,0.0200000000000003,5.99999999999996,2,1,65,0.5
36,794.104818,793.522819,793.724819,794.051485,795.781483,0,1.99999999999996,0.0200000000000003,5.99999999999996,2,1,65,0.5
37,796.800149,796.182816,796.412816,796.800149,810.126802,0,NaN,0,7.00000000000003,1,2,66,0.5
38,812.172134,811.628134,811.8688,812.172134,819.242126,0,NaN,0,7.00000000000003,1,2,66,0.5
39,823.072123,822.370123,822.713456,823.072123,823.562122,1,NaN,0,5.99999999999996,2,1,65,0.5
40,834.129445,833.034113,833.468112,834.109445,836.685442,1,1.99999999999996,0.0200000000000003,7.00000000000003,1,2,66,0.5
41,837.532108,837.014775,837.056775,837.532108,837.831441,0,NaN,0,7.00000000000003,1,2,66,0.5
42,855.192757,854.561425,854.816758,855.192757,855.639423,1,NaN,0,5.99999999999996,2,1,65,0.5
43,869.176077,868.67141,868.860077,869.176077,877.148069,1,NaN,0,5.99999999999996,2,1,65,0.5
44,878.365401,877.610735,877.914068,878.312067,880.629398,0,1.99999999999996,0.0200000000000003,5.99999999999996,2,1,65,0.5
45,881.622064,880.915398,881.187398,881.568731,883.517396,0,1.99999999999996,0.0200000000000003,5.99999999999996,2,1,65,0.5
46,884.587394,883.817395,884.182062,884.534061,888.124724,1,1.99999999999996,0.0200000000000003,7.00000000000003,1,2,66,0.5
47,889.611389,888.646057,888.828057,889.611389,899.09538,0,NaN,0,7.00000000000003,1,2,66,0.5
48,901.91471,901.038711,901.485378,901.91471,910.936701,1,NaN,0,5.99999999999996,2,1,65,0.5
49,912.147367,911.359368,911.754034,912.147367,918.470694,1,NaN,0,5.99999999999996,2,1,65,0.5
50,920.850692,919.626026,920.186692,920.797358,922.84869,1,1.99999999999996,0.0200000000000003,7.00000000000003,1,2,66,0.5
51,923.960688,923.173356,923.444022,923.907355,926.370019,0,1.99999999999996,0.0200000000000003,5.99999999999996,2,1,65,0.5
52,927.422018,926.714019,927.026685,927.368685,929.110683,0,1.99999999999996,0.0200000000000003,5.99999999999996,2,1,65,0.5
53,930.148682,929.524016,929.768682,930.100682,932.20868,0,1.99999999999996,0.0200000000000003,5.99999999999996,2,1,65,0.5
54,933.347346,932.69068,932.896013,933.344679,935.77401,0,1.99999999999996,0.0200000000000003,5.99999999999996,2,1,65,0.5
55,936.890675,936.162676,936.412676,936.837342,938.044008,0,1.99999999999996,0.0200000000000003,5.99999999999996,2,1,65,0.5
56,939.008007,938.413341,938.642674,938.954673,939.687339,0,1.99999999999996,0.0200000000000003,5.99999999999996,2,1,65,0.5
57,940.896671,940.104672,940.415339,940.896671,957.923988,1,NaN,0,5.99999999999996,2,1,65,0.5
58,983.473962,982.77663,983.073296,983.471301,984.055962,0,1.99999999999996,0.0200000000000003,5.99999999999996,2,1,65,0.5
59,985.236627,984.387961,984.782628,985.183295,988.424624,1,1.99999999999996,0.0200000000000003,7.00000000000003,1,2,66,0.5
60,989.372623,988.730624,988.91529,989.372623,992.723953,0,NaN,0,7.00000000000003,1,2,66,0.5
61,996.697949,996.012616,996.260616,996.644616,998.863947,1,1.99999999999996,0.0200000000000003,7.00000000000003,1,2,66,0.5
62,999.853279,999.24528,999.409946,999.799946,1002.069944,0,1.99999999999996,0.0200000000000003,5.99999999999996,2,1,65,0.5
63,1003.326609,1002.559943,1002.81261,1003.273276,1005.203274,0,1.99999999999996,0.0200000000000003,5.99999999999996,2,1,65,0.5
64,1006.265273,1005.51794,1005.745273,1006.243939,1008.515937,1,1.99999999999996,0.0200000000000003,7.00000000000003,1,2,66,0.5
65,1009.534603,1008.92527,1009.011937,1009.48127,1011.707267,0,1.99999999999996,0.0200000000000003,5.99999999999996,2,1,65,0.5
66,1012.875266,1012.1506,1012.4486,1012.821933,1015.346597,1,1.99999999999996,0.0200000000000003,7.00000000000003,1,2,66,0.5
67,1016.393929,1016.009263,1016.01793,1016.393929,1019.832593,0,NaN,0,7.00000000000003,1,2,66,0.5
68,1024.267255,1023.203923,1023.256589,1024.267255,1029.478583,0,NaN,0,7.00000000000003,1,2,66,0.5
69,1030.591915,1029.838583,1030.154582,1030.591915,1078.283201,1,NaN,0,5.99999999999996,2,1,65,0.5
70,1081.272531,1080.467865,1080.711865,1081.219198,1083.703195,1,1.99999999999996,0.0200000000000003,7.00000000000003,1,2,66,0.5
71,1084.981194,1084.223861,1084.379861,1084.927861,1087.345192,0,1.99999999999996,0.0200000000000003,5.99999999999996,2,1,65,0.5
72,1091.361188,1090.467189,1090.699188,1091.307854,1093.875185,1,1.99999999999996,0.0200000000000003,7.00000000000003,1,2,66,0.5
73,1094.821184,1094.271851,1094.383185,1094.821184,1105.55184,0,NaN,0,7.00000000000003,1,2,66,0.5
74,1106.670506,1105.92784,1106.221173,1106.670506,1111.259834,1,NaN,0,5.99999999999996,2,1,65,0.5
75,1118.583827,1117.819161,1117.883161,1118.530494,1120.353825,0,1.99999999999996,0.0200000000000003,5.99999999999996,2,1,65,0.5
76,1121.621157,1120.774492,1121.196491,1121.567824,1123.716489,1,1.99999999999996,0.0200000000000003,7.00000000000003,1,2,66,0.5
77,1124.667154,1124.069155,1124.167822,1124.664488,1126.732486,0,1.99999999999996,0.0200000000000003,5.99999999999996,2,1,65,0.5
78,1127.912484,1127.192485,1127.417818,1127.912484,1134.156478,0,NaN,0,7.00000000000003,1,2,66,0.5
79,1139.266473,1138.715807,1138.771807,1139.266473,1144.322468,0,NaN,0,7.00000000000003,1,2,66,0.5
80,1150.845795,1150.244462,1150.466462,1150.845795,1153.349792,1,NaN,0,5.99999999999996,2,1,65,0.5
81,1167.796445,1167.331778,1167.373778,1167.796445,1172.895773,0,NaN,0,7.00000000000003,1,2,66,0.5
82,1183.362429,1182.451763,1182.887763,1183.309096,1185.586427,1,1.99999999999996,0.0200000000000003,7.00000000000003,1,2,66,0.5
83,1188.287091,1187.444425,1187.703091,1188.233757,1190.651088,0,1.99999999999996,0.0200000000000003,5.99999999999996,2,1,65,0.5
84,1191.748421,1191.128421,1191.327088,1191.695087,1193.755085,0,1.99999999999996,0.0200000000000003,5.99999999999996,2,1,65,0.5
85,1194.887751,1194.101752,1194.446418,1194.834418,1198.511081,1,1.99999999999996,0.0200000000000003,7.00000000000003,1,2,66,0.5
86,1199.711079,1199.03108,1199.30708,1199.711079,1199.921746,1,NaN,0,5.99999999999996,2,1,65,0.5
87,1212.257733,1211.484401,1211.591734,1212.257733,1219.965059,0,NaN,0,7.00000000000003,1,2,66,0.5
88,1221.017725,1220.288392,1220.569725,1221.017725,1236.794376,1,NaN,0,5.99999999999996,2,1,65,0.5
89,1239.060373,1238.320374,1238.689707,1239.00704,1241.591704,0,1.99999999999996,0.0200000000000003,5.99999999999996,2,1,65,0.5
90,1242.80437,1242.06637,1242.359037,1242.80437,1243.437036,1,NaN,0,5.99999999999996,2,1,65,0.5
91,1249.26903,1248.454364,1248.811697,1249.215696,1250.629028,1,1.99999999999996,0.0200000000000003,7.00000000000003,1,2,66,0.5
92,1252.45036,1251.713694,1251.979694,1252.447693,1255.92769,0,1.99999999999996,0.0200000000000003,5.99999999999996,2,1,65,0.5
93,1257.044355,1256.316356,1256.637689,1257.044355,1277.092335,1,NaN,0,5.99999999999996,2,1,65,0.5
94,1278.322334,1277.711668,1277.815001,1278.269001,1280.921665,0,1.99999999999996,0.0200000000000003,5.99999999999996,2,1,65,0.5
95,1282.344997,1281.503664,1281.856997,1282.291663,1284.796994,1,1.99999999999996,0.0200000000000003,7.00000000000003,1,2,66,0.5
96,1286.026993,1285.398994,1285.472327,1285.97366,1291.334321,0,1.99999999999996,0.0200000000000003,5.99999999999996,2,1,65,0.5
97,1292.482987,1291.690321,1292.053654,1292.429653,1294.431651,1,1.99999999999996,0.0200000000000003,7.00000000000003,1,2,66,0.5
98,1295.452984,1295.025651,1295.028984,1295.39965,1298.100981,0,1.99999999999996,0.0200000000000003,5.99999999999996,2,1,65,0.5
99,1299.246313,1298.549647,1298.851647,1299.19298,1300.001646,0,1.99999999999996,0.0200000000000003,5.99999999999996,2,1,65,0.5
100,1301.432978,1300.562312,1300.933645,1301.380311,1304.720974,1,1.99999999999996,0.0200000000000003,7.00000000000003,1,2,66,0.5
101,1305.97164,1305.346974,1305.41564,1305.94964,1307.356972,0,1.99999999999996,0.0200000000000003,5.99999999999996,2,1,65,0.5
102,1308.464304,1308.021638,1308.050971,1308.410971,1312.001634,1,1.99999999999996,0.0200000000000003,7.00000000000003,1,2,66,0.5
103,1313.536965,1312.748966,1313.131633,1313.483632,1318.890293,1,1.99999999999996,0.0200000000000003,7.00000000000003,1,2,66,0.5
104,1321.238958,1320.444292,1320.772292,1321.238958,1332.67828,1,NaN,0,5.99999999999996,2,1,65,0.5
105,1333.937612,1333.334279,1333.446279,1333.884278,1338.360274,0,1.99999999999996,0.0200000000000003,5.99999999999996,2,1,65,0.5
106,1339.47894,1338.789607,1339.053607,1339.425606,1342.367603,0,1.99999999999996,0.0200000000000003,5.99999999999996,2,1,65,0.5
107,1343.728269,1342.834936,1343.219602,1343.674935,1346.519599,1,1.99999999999996,0.0200000000000003,7.00000000000003,1,2,66,0.5
108,1347.659598,1346.980265,1347.044932,1347.606265,1349.325596,0,1.99999999999996,0.0200000000000003,5.99999999999996,2,1,65,0.5
109,1350.330929,1349.706263,1349.961596,1350.312262,1353.569592,0,1.99999999999996,0.0200000000000003,5.99999999999996,2,1,65,0.5
110,1354.684924,1354.078925,1354.269591,1354.682258,1357.227588,0,1.99999999999996,0.0200000000000003,5.99999999999996,2,1,65,0.5
111,1358.456921,1357.724922,1358.010921,1358.403587,1360.248919,0,1.99999999999996,0.0200000000000003,5.99999999999996,2,1,65,0.5
112,1361.316251,1360.616918,1360.891585,1361.262918,1362.800916,0,1.99999999999996,0.0200000000000003,5.99999999999996,2,1,65,0.5
113,1364.043582,1363.170916,1363.530916,1363.990248,1369.876243,1,1.99999999999996,0.0200000000000003,7.00000000000003,1,2,66,0.5
114,1371.316241,1370.527575,1370.862242,1371.262908,1373.965572,0,1.99999999999996,0.0200000000000003,5.99999999999996,2,1,65,0.5
115,1375.236237,1374.384905,1374.743571,1375.182904,1377.792235,1,1.99999999999996,0.0200000000000003,7.00000000000003,1,2,66,0.5
116,1378.7409,1378.174234,1378.227567,1378.7409,1404.073542,0,NaN,0,7.00000000000003,1,2,66,0.5
117,1405.306207,1404.608208,1404.713541,1405.252874,1406.927539,0,1.99999999999996,0.0200000000000003,5.99999999999996,2,1,65,0.5
118,1408.048871,1407.274872,1407.589538,1407.995538,1409.936202,1,1.99999999999996,0.0200000000000003,7.00000000000003,1,2,66,0.5
119,1410.909535,1410.292202,1410.320202,1410.909535,1415.238197,0,NaN,0,7.00000000000003,1,2,66,0.5
120,1418.432861,1417.578195,1417.900861,1418.379527,1420.846858,1,1.99999999999996,0.0200000000000003,7.00000000000003,1,2,66,0.5
121,1423.368189,1422.784856,1422.973523,1423.314856,1425.98352,1,1.99999999999996,0.0200000000000003,7.00000000000003,1,2,66,0.5
122,1427.779518,1427.054185,1427.236852,1427.726185,1429.473516,0,1.99999999999996,0.0200000000000003,5.99999999999996,2,1,65,0.5
123,1430.654848,1429.882183,1430.219515,1430.602182,1433.238179,1,1.99999999999996,0.0200000000000003,7.00000000000003,1,2,66,0.5
124,1434.453511,1433.737512,1433.986178,1434.453511,1442.833503,0,NaN,0,7.00000000000003,1,2,66,0.5
125,1446.497499,1445.6915,1446.006167,1446.444166,1448.768831,1,1.99999999999996,0.0200000000000003,7.00000000000003,1,2,66,0.5
126,1449.814829,1449.190163,1449.310163,1449.770829,1450.915495,0,1.99999999999996,0.0200000000000003,5.99999999999996,2,1,65,0.5
127,1452.114827,1451.312161,1451.672163,1452.062163,1454.500158,1,1.99999999999996,0.0200000000000003,7.00000000000003,1,2,66,0.5
128,1455.624823,1455.060157,1455.084157,1455.624823,1476.07947,0,NaN,0,7.00000000000003,1,2,66,0.5
129,1477.680801,1477.020135,1477.135469,1477.680801,1484.738794,0,NaN,0,7.00000000000003,1,2,66,0.5
130,1486.751459,1485.206794,1485.252794,1486.751459,1487.226792,1,NaN,0,5.99999999999996,2,1,65,0.5
131,1494.386118,1493.799452,1494.037452,1494.386118,1500.246779,1,NaN,0,5.99999999999996,2,1,65,0.5
132,1501.422778,1500.670112,1500.936111,1501.369444,1503.277443,0,1.99999999999996,0.0200000000000003,5.99999999999996,2,1,65,0.5
133,1504.466775,1503.656775,1503.995442,1504.413441,1506.939439,1,1.99999999999996,0.0200000000000003,7.00000000000003,1,2,66,0.5
134,1508.178104,1507.384105,1507.628105,1508.124771,1510.926101,0,1.99999999999996,0.0200000000000003,5.99999999999996,2,1,65,0.5
135,1512.029434,1511.268768,1511.599434,1511.9761,1514.269431,1,1.99999999999996,0.0200000000000003,7.00000000000003,1,2,66,0.5
136,1515.42343,1514.676098,1514.866764,1515.370097,1518.603427,0,1.99999999999996,0.0200000000000003,5.99999999999996,2,1,65,0.5
137,1519.672759,1519.026093,1519.266093,1519.670093,1522.028757,0,1.99999999999996,0.0200000000000003,5.99999999999996,2,1,65,0.5
138,1523.157423,1522.532756,1522.766756,1523.139423,1524.698088,0,1.99999999999996,0.0200000000000003,5.99999999999996,2,1,65,0.5
139,1525.810087,1525.040087,1525.348754,1525.756753,1528.229417,1,1.99999999999996,0.0200000000000003,7.00000000000003,1,2,66,0.5
140,1529.419416,1528.63475,1528.89475,1529.419416,1529.988082,0,NaN,0,7.00000000000003,1,2,66,0.5
141,1535.922743,1535.062744,1535.41541,1535.86941,1536.660076,1,1.99999999999996,0.0200000000000003,7.00000000000003,1,2,66,0.5
142,1537.782741,1537.063409,1537.248742,1537.729408,1538.71274,0,1.99999999999996,0.0200000000000003,5.99999999999996,2,1,65,0.5
143,1540.195406,1539.317406,1539.682073,1540.142072,1543.808735,1,1.99999999999996,0.0200000000000003,7.00000000000003,1,2,66,0.5
144,1544.915401,1544.290735,1544.416735,1544.878068,1547.586065,0,1.99999999999996,0.0200000000000003,5.99999999999996,2,1,65,0.5
145,1548.95673,1548.159398,1548.470064,1548.903397,1552.620726,1,1.99999999999996,0.0200000000000003,7.00000000000003,1,2,66,0.5
146,1553.713392,1553.106059,1553.122726,1553.713392,1559.728053,0,NaN,0,7.00000000000003,1,2,66,0.5
147,1561.047385,1560.203386,1560.584718,1560.994051,1563.270049,1,1.99999999999996,0.0200000000000003,7.00000000000003,1,2,66,0.5
148,1564.329381,1563.723382,1563.825382,1564.276048,1566.553379,0,1.99999999999996,0.0200000000000003,5.99999999999996,2,1,65,0.5
149,1567.697378,1567.089379,1567.340045,1567.644045,1570.080042,0,1.99999999999996,0.0200000000000003,5.99999999999996,2,1,65,0.5
150,1571.332041,1570.560708,1570.864708,1571.278708,1573.713372,1,1.99999999999996,0.0200000000000003,7.00000000000003,1,2,66,0.5
151,1574.655371,1574.104038,1574.172038,1574.655371,1583.703362,0,NaN,0,7.00000000000003,1,2,66,0.5
152,1584.982694,1584.190695,1584.542694,1584.929361,1587.455358,0,1.99999999999996,0.0200000000000003,5.99999999999996,2,1,65,0.5
153,1588.585357,1587.867358,1588.166691,1588.532024,1590.645355,0,1.99999999999996,0.0200000000000003,5.99999999999996,2,1,65,0.5
154,1591.835354,1591.050688,1591.375354,1591.782021,1593.624685,1,1.99999999999996,0.0200000000000003,7.00000000000003,1,2,66,0.5
155,1594.636018,1593.958685,1594.158685,1594.636018,1596.609349,0,NaN,0,7.00000000000003,1,2,66,0.5
156,1609.749336,1608.98667,1609.283336,1609.696003,1613.176666,0,1.99999999999996,0.0200000000000003,5.99999999999996,2,1,65,0.5
157,1614.350665,1613.512666,1613.857999,1614.297331,1616.850662,1,1.99999999999996,0.0200000000000003,7.00000000000003,1,2,66,0.5
158,1617.996661,1617.371995,1617.479328,1617.949994,1620.093326,0,1.99999999999996,0.0200000000000003,5.99999999999996,2,1,65,0.5
159,1621.324658,1620.548658,1620.869325,1621.271324,1623.548655,1,1.99999999999996,0.0200000000000003,7.00000000000003,1,2,66,0.5
160,1624.573988,1623.881988,1624.036655,1624.520655,1628.63665,0,1.99999999999996,0.0200000000000003,5.99999999999996,2,1,65,0.5
161,1629.681316,1628.93865,1629.23665,1629.678649,1631.788647,0,1.99999999999996,0.0200000000000003,5.99999999999996,2,1,65,0.5
162,1633.001313,1632.18198,1632.53198,1632.947979,1635.209311,1,1.99999999999996,0.0200000000000003,7.00000000000003,1,2,66,0.5
163,1636.291309,1635.713977,1635.797977,1636.237976,1638.124641,0,1.99999999999996,0.0200000000000003,5.99999999999996,2,1,65,0.5
164,1639.24864,1638.643974,1638.849974,1639.24864,1729.149883,0,NaN,0,7.00000000000003,1,2,66,0.5
165,1730.569215,1729.761216,1730.043216,1730.569215,1736.431876,1,NaN,0,5.99999999999996,2,1,65,0.5
166,1737.506542,1736.843876,1737.040542,1737.503875,1740.973871,0,1.99999999999996,0.0200000000000003,5.99999999999996,2,1,65,0.5
167,1742.274537,1741.441204,1741.793871,1742.221203,1744.578534,1,1.99999999999996,0.0200000000000003,7.00000000000003,1,2,66,0.5
168,1745.7352,1745.110534,1745.245867,1745.6832,1746.842532,0,1.99999999999996,0.0200000000000003,5.99999999999996,2,1,65,0.5
169,1748.171864,1747.549198,1747.755865,1748.171864,1750.145862,0,NaN,0,7.00000000000003,1,2,66,0.5
170,1798.367814,1797.803815,1797.817815,1798.367814,1822.644456,0,NaN,0,7.00000000000003,1,2,66,0.5
171,1824.877121,1824.120455,1824.412455,1824.823788,1828.120451,1,1.99999999999996,0.0200000000000003,7.00000000000003,1,2,66,0.5
172,1829.455783,1828.939117,1828.96845,1829.455783,1829.48245,1,NaN,0,5.99999999999996,2,1,65,0.5
173,1837.813775,1837.048442,1837.309775,1837.760441,1839.179773,1,1.99999999999996,0.0200000000000003,7.00000000000003,1,2,66,0.5
174,1840.021106,1839.517773,1839.612439,1840.021106,1842.45977,0,NaN,0,7.00000000000003,1,2,66,0.5
175,1848.045098,1847.205099,1847.561098,1847.991764,1849.185763,1,1.99999999999996,0.0200000000000003,7.00000000000003,1,2,66,0.5
176,1850.703095,1849.949762,1850.210429,1850.649762,1851.537094,0,1.99999999999996,0.0200000000000003,5.99999999999996,2,1,65,0.5
177,1852.774426,1852.065094,1852.390427,1852.721093,1859.48442,0,1.99999999999996,0.0200000000000003,5.99999999999996,2,1,65,0.5
178,1860.828418,1859.949086,1860.301085,1860.775085,1863.470416,1,1.99999999999996,0.0200000000000003,7.00000000000003,1,2,66,0.5
179,1864.463748,1863.878415,1864.005748,1864.463748,1867.489078,0,NaN,0,7.00000000000003,1,2,66,0.5
180,1874.865737,1874.092405,1874.453071,1874.812404,1877.083069,1,1.99999999999996,0.0200000000000003,7.00000000000003,1,2,66,0.5
181,1878.051734,1877.453068,1877.534402,1878.051734,1884.402395,0,NaN,0,7.00000000000003,1,2,66,0.5
182,1886.501726,1885.773727,1886.081726,1886.501726,1897.464382,1,NaN,0,5.99999999999996,2,1,65,0.5
183,1898.673714,1897.903048,1898.238381,1898.671047,1900.696378,0,1.99999999999996,0.0200000000000003,5.99999999999996,2,1,65,0.5
184,1902.081044,1901.193045,1901.531711,1902.02771,1903.961042,1,1.99999999999996,0.0200000000000003,7.00000000000003,1,2,66,0.5
185,1904.897707,1904.277708,1904.445041,1904.897707,1911.114368,0,NaN,0,7.00000000000003,1,2,66,0.5
186,1912.522367,1911.677034,1912.0457,1912.469033,1914.841031,1,1.99999999999996,0.0200000000000003,7.00000000000003,1,2,66,0.5
187,1917.019695,1916.071696,1916.439029,1917.019695,1920.249692,0,NaN,0,7.00000000000003,1,2,66,0.5
188,1926.012353,1924.394355,1924.727688,1925.959686,1926.607686,1,1.99999999999996,0.0200000000000003,7.00000000000003,1,2,66,0.5
189,1927.736351,1926.954352,1927.124352,1927.736351,1931.499681,0,NaN,0,7.00000000000003,1,2,66,0.5
190,1934.665678,1933.900345,1934.255011,1934.613011,1935.947676,1,1.99999999999996,0.0200000000000003,7.00000000000003,1,2,66,0.5
191,1937.777675,1936.430343,1936.685009,1937.226342,1944.309002,0,NaN,0,5.99999999999996,2,1,65,0.5
192,1945.667667,1944.911667,1945.253001,1945.614333,1946.602999,1,1.99999999999996,0.0200000000000003,7.00000000000003,1,2,66,0.5
193,1948.260331,1946.913665,1947.225665,1947.708998,NaN,0,NaN,0,5.99999999999996,2,1,65,0.5
194,1956.288989,1954.998991,1955.268324,1956.288989,1958.524987,1,NaN,0,5.99999999999996,2,1,65,0.5
195,1973.724972,1972.710306,1973.112973,1973.671639,1977.336302,1,1.99999999999996,0.0200000000000003,7.00000000000003,1,2,66,0.5
196,1978.694967,1977.854301,1978.188968,1978.694967,1983.092296,0,NaN,0,7.00000000000003,1,2,66,0.5
197,1987.772958,1986.810292,1987.099625,1987.770291,1988.664957,0,1.99999999999996,0.0200000000000003,5.99999999999996,2,1,65,0.5
198,1990.240955,1989.389623,1989.735623,1990.187622,1994.160952,1,1.99999999999996,0.0200000000000003,7.00000000000003,1,2,66,0.5
199,1997.506282,1996.841616,1997.006949,1997.506282,1997.624281,0,NaN,0,7.00000000000003,1,2,66,0.5
200,2007.004939,2006.192273,2006.428273,2006.951605,2008.933603,1,1.99999999999996,0.0200000000000003,7.00000000000003,1,2,66,0.5
201,2010.483602,2009.768936,2010.008269,2010.483602,2020.505592,0,NaN,0,7.00000000000003,1,2,66,0.5
202,2021.572924,2020.804925,2021.042925,2021.519591,2023.839589,1,1.99999999999996,0.0200000000000003,7.00000000000003,1,2,66,0.5
203,2025.413587,2024.404255,2024.568921,2025.36092,2026.813586,0,1.99999999999996,0.0200000000000003,5.99999999999996,2,1,65,0.5
204,2028.206917,2027.582251,2027.794251,2028.188251,2029.263583,0,1.99999999999996,0.0200000000000003,5.99999999999996,2,1,65,0.5
205,2030.649582,2029.852249,2030.154916,2030.596248,2032.84158,0,1.99999999999996,0.0200000000000003,5.99999999999996,2,1,65,0.5
206,2034.253579,2033.351579,2033.704245,2034.200245,2036.698242,1,1.99999999999996,0.0200000000000003,7.00000000000003,1,2,66,0.5
207,2037.932241,2037.221575,2037.408908,2037.878908,2040.581572,0,1.99999999999996,0.0200000000000003,5.99999999999996,2,1,65,0.5
208,2041.824904,2041.078238,2041.388904,2041.824904,2048.745564,0,NaN,0,7.00000000000003,1,2,66,0.5
209,2118.377494,2111.874834,2111.960167,2118.377494,2125.466154,0,NaN,0,7.00000000000003,1,2,66,0.5
210,2126.850819,2126.035486,2126.396819,2126.797486,2129.097483,1,1.99999999999996,0.0200000000000003,7.00000000000003,1,2,66,0.5
211,2130.175482,2129.492816,2129.617483,2130.122149,2131.998147,0,1.99999999999996,0.0200000000000003,5.99999999999996,2,1,65,0.5
212,2133.186813,2132.446147,2132.76548,2133.133479,2135.537477,1,1.99999999999996,0.0200000000000003,7.00000000000003,1,2,66,0.5
213,2136.654809,2135.99481,2136.146143,2136.654809,2142.020804,0,NaN,0,7.00000000000003,1,2,66,0.5
214,2143.730802,2142.955469,2143.239469,2143.730802,2147.120799,0,NaN,0,7.00000000000003,1,2,66,0.5
215,2150.434795,2149.625463,2149.980129,2150.381462,2152.634793,1,1.99999999999996,0.0200000000000003,7.00000000000003,1,2,66,0.5
216,2153.636125,2152.988793,2153.150793,2153.636125,2160.883452,0,NaN,0,7.00000000000003,1,2,66,0.5
217,2162.04145,2161.518784,2161.600117,2162.026117,2164.565448,0,1.99999999999996,0.0200000000000003,5.99999999999996,2,1,65,0.5
218,2165.77078,2164.917448,2165.249447,2165.77078,2168.244111,0,NaN,0,7.00000000000003,1,2,66,0.5
219,2176.999435,2176.288103,2176.542103,2176.946102,2179.324766,1,1.99999999999996,0.0200000000000003,7.00000000000003,1,2,66,0.5
220,2180.813432,2180.116099,2180.290765,2180.760098,2182.896763,0,1.99999999999996,0.0200000000000003,5.99999999999996,2,1,65,0.5
221,2184.040762,2183.286096,2183.580762,2183.987428,2187.034759,1,1.99999999999996,0.0200000000000003,7.00000000000003,1,2,66,0.5
222,2188.194758,2187.438092,2187.670091,2188.141424,2190.605422,0,1.99999999999996,0.0200000000000003,5.99999999999996,2,1,65,0.5
223,2191.878754,2191.254088,2191.518088,2191.872087,2194.092752,0,1.99999999999996,0.0200000000000003,5.99999999999996,2,1,65,0.5
224,2195.032084,2194.407418,2194.634751,2194.985417,2197.446082,0,1.99999999999996,0.0200000000000003,5.99999999999996,2,1,65,0.5
225,2198.61608,2197.821415,2198.131414,2198.562747,2200.952745,1,1.99999999999996,0.0200000000000003,7.00000000000003,1,2,66,0.5
226,2201.966077,2201.341411,2201.465411,2201.956077,2204.634074,0,1.99999999999996,0.0200000000000003,5.99999999999996,2,1,65,0.5
227,2205.81874,2205.194074,2205.35874,2205.789407,2208.524071,0,1.99999999999996,0.0200000000000003,5.99999999999996,2,1,65,0.5
228,2209.711403,2208.982737,2209.250736,2209.658069,2212.432733,0,1.99999999999996,0.0200000000000003,5.99999999999996,2,1,65,0.5
229,2213.686065,2212.943399,2213.167399,2213.686065,2216.044063,0,NaN,0,7.00000000000003,1,2,66,0.5
230,2224.764721,2223.895388,2224.231388,2224.711388,2228.63605,1,1.99999999999996,0.0200000000000003,7.00000000000003,1,2,66,0.5
231,2230.082049,2229.714716,2229.726716,2230.082049,2239.40804,0,NaN,0,7.00000000000003,1,2,66,0.5
232,2240.518039,2239.794039,2240.046039,2240.464706,2242.122037,0,1.99999999999996,0.0200000000000003,5.99999999999996,2,1,65,0.5
233,2243.281369,2242.55137,2242.904703,2243.281369,2252.48536,1,NaN,0,5.99999999999996,2,1,65,0.5
234,2253.786692,2252.900693,2253.319359,2253.733359,2256.197356,1,1.99999999999996,0.0200000000000003,7.00000000000003,1,2,66,0.5
235,2257.352688,2256.586689,2256.908689,2257.352688,2263.970015,0,NaN,0,7.00000000000003,1,2,66,0.5
236,2265.306014,2264.549348,2264.868681,2265.25268,2267.468679,1,1.99999999999996,0.0200000000000003,7.00000000000003,1,2,66,0.5
237,2268.594677,2267.884012,2268.040678,2268.594677,2270.142676,0,NaN,0,7.00000000000003,1,2,66,0.5
238,2277.117335,2276.331336,2276.736669,2277.064002,2279.701333,1,1.99999999999996,0.0200000000000003,7.00000000000003,1,2,66,0.5
239,2280.910665,2280.067999,2280.262665,2280.910665,2287.643325,0,NaN,0,7.00000000000003,1,2,66,0.5
240,2289.224656,2288.165991,2288.363991,2289.224656,2291.517988,0,NaN,0,7.00000000000003,1,2,66,0.5
241,2297.513315,2296.701316,2297.083315,2297.513315,2297.934648,1,NaN,0,5.99999999999996,2,1,65,0.5
242,2422.411857,2421.537858,2421.653191,2422.411857,2422.999856,0,NaN,0,7.00000000000003,1,2,66,0.5
243,2430.446515,2429.765183,2429.867183,2430.393182,2433.486512,1,1.99999999999996,0.0200000000000003,7.00000000000003,1,2,66,0.5
244,2434.533845,2433.937845,2434.024512,2434.480511,2437.047842,0,1.99999999999996,0.0200000000000003,5.99999999999996,2,1,65,0.5
245,2438.065841,2437.401175,2437.561841,2438.065841,2448.661164,0,NaN,0,7.00000000000003,1,2,66,0.5
246,2449.833829,2449.040497,2449.336497,2449.780496,2451.831161,1,1.99999999999996,0.0200000000000003,7.00000000000003,1,2,66,0.5
247,2452.763826,2452.13916,2452.266493,2452.718493,2455.161824,0,1.99999999999996,0.0200000000000003,5.99999999999996,2,1,65,0.5
248,2456.214489,2455.589823,2455.857823,2456.19649,2458.381154,0,1.99999999999996,0.0200000000000003,5.99999999999996,2,1,65,0.5
249,2459.371153,2458.752487,2458.963153,2459.31782,2461.737151,0,1.99999999999996,0.0200000000000003,5.99999999999996,2,1,65,0.5
250,2462.895149,2462.128484,2462.424483,2462.841816,2466.477813,1,1.99999999999996,0.0200000000000003,7.00000000000003,1,2,66,0.5
251,2468.015811,2466.857146,2466.969812,2468.007811,2470.287809,0,1.99999999999996,0.0200000000000003,5.99999999999996,2,1,65,0.5
252,2471.316474,2470.657142,2470.955141,2471.316474,2471.553141,0,NaN,0,7.00000000000003,1,2,66,0.5
253,2478.655134,2477.877801,2478.124468,2478.6018,2481.225798,1,1.99999999999996,0.0200000000000003,7.00000000000003,1,2,66,0.5
254,2482.437797,2481.697131,2481.844464,2482.437797,2482.73513,0,NaN,0,7.00000000000003,1,2,66,0.5
255,2490.240455,2489.48579,2489.787789,2490.240455,2492.81912,1,NaN,0,5.99999999999996,2,1,65,0.5
256,2497.471782,2496.645116,2496.960449,2497.418448,2499.515113,1,1.99999999999996,0.0200000000000003,7.00000000000003,1,2,66,0.5
257,2502.213777,2501.291111,2501.576444,2502.160444,2508.080438,1,1.99999999999996,0.0200000000000003,7.00000000000003,1,2,66,0.5
258,2509.703103,2508.826437,2509.154437,2509.649769,2512.706433,0,1.99999999999996,0.0200000000000003,5.99999999999996,2,1,65,0.5
259,2513.734432,2513.109766,2513.369099,2513.727765,2516.763096,0,1.99999999999996,0.0200000000000003,5.99999999999996,2,1,65,0.5
260,2517.870428,2517.159095,2517.438428,2517.817095,2520.615758,0,1.99999999999996,0.0200000000000003,5.99999999999996,2,1,65,0.5
261,2521.820424,2520.995091,2521.304425,2521.767091,2526.063753,1,1.99999999999996,0.0200000000000003,7.00000000000003,1,2,66,0.5
262,2527.181752,2526.405753,2526.597086,2527.181752,2531.470414,0,NaN,0,7.00000000000003,1,2,66,0.5
263,2542.65907,2541.899737,2542.218403,2542.65907,2544.647734,1,NaN,0,5.99999999999996,2,1,65,0.5
264,2555.83039,2554.989724,2555.373724,2555.777057,2558.046388,1,1.99999999999996,0.0200000000000003,7.00000000000003,1,2,66,0.5
265,2559.250386,2558.53572,2558.570387,2559.197053,2561.714384,0,1.99999999999996,0.0200000000000003,5.99999999999996,2,1,65,0.5
266,2562.975716,2562.20505,2562.547717,2562.922383,2568.63971,1,1.99999999999996,0.0200000000000003,7.00000000000003,1,2,66,0.5
267,2570.041042,2569.296376,2569.38971,2570.038376,2573.973038,0,1.99999999999996,0.0200000000000003,5.99999999999996,2,1,65,0.5
268,2575.27237,2574.494371,2574.805038,2575.27237,2581.89903,0,NaN,0,7.00000000000003,1,2,66,0.5
269,2583.601029,2583.020363,2583.135029,2583.601029,2584.170362,0,NaN,0,7.00000000000003,1,2,66,0.5
270,2590.238355,2589.288356,2589.680356,2590.185022,2594.629018,1,1.99999999999996,0.0200000000000003,7.00000000000003,1,2,66,0.5
271,2595.75635,2595.177684,2595.251684,2595.703017,2599.001013,0,1.99999999999996,0.0200000000000003,5.99999999999996,2,1,65,0.5
272,2600.308345,2599.44968,2599.711013,2600.305679,2602.906343,0,1.99999999999996,0.0200000000000003,5.99999999999996,2,1,65,0.5
273,2604.013008,2603.319009,2603.541675,2603.959675,2606.360339,0,1.99999999999996,0.0200000000000003,5.99999999999996,2,1,65,0.5
274,2607.629671,2606.820339,2607.146339,2607.576338,2612.267,1,1.99999999999996,0.0200000000000003,7.00000000000003,1,2,66,0.5
275,2613.619665,2612.938999,2613.010333,2613.566332,2615.884996,0,1.99999999999996,0.0200000000000003,5.99999999999996,2,1,65,0.5
276,2617.304328,2616.325663,2616.716329,2617.304328,2632.55898,0,NaN,0,7.00000000000003,1,2,66,0.5
277,2633.950312,2633.035646,2633.384979,2633.896978,2638.395641,0,1.99999999999996,0.0200000000000003,5.99999999999996,2,1,65,0.5
278,2639.776973,2638.93764,2639.304973,2639.723639,2642.209637,1,1.99999999999996,0.0200000000000003,7.00000000000003,1,2,66,0.5
279,2643.296969,2642.692303,2642.788303,2643.296969,2643.885635,0,NaN,0,7.00000000000003,1,2,66,0.5
280,2650.141629,2649.25363,2649.460296,2650.088296,2653.800959,1,1.99999999999996,0.0200000000000003,7.00000000000003,1,2,66,0.5
281,2655.022291,2654.633624,2654.640958,2654.968957,2657.028289,0,1.99999999999996,0.0200000000000003,5.99999999999996,2,1,65,0.5
282,2658.330954,2657.543621,2657.802955,2658.277621,2660.894285,1,1.99999999999996,0.0200000000000003,7.00000000000003,1,2,66,0.5
283,2662.14495,2661.622951,2661.634284,2662.091617,2664.250281,0,1.99999999999996,0.0200000000000003,5.99999999999996,2,1,65,0.5
284,2665.398947,2664.744948,2664.947614,2665.398947,2667.662278,0,NaN,0,7.00000000000003,1,2,66,0.5
285,2701.709577,2700.769578,2701.126911,2701.656244,2704.346241,1,1.99999999999996,0.0200000000000003,7.00000000000003,1,2,66,0.5
286,2705.73424,2704.915574,2705.168241,2705.73424,2711.339568,0,NaN,0,7.00000000000003,1,2,66,0.5
287,2712.401567,2711.743567,2711.985567,2712.401567,2719.382893,1,NaN,0,5.99999999999996,2,1,65,0.5
288,2721.082225,2720.187559,2720.390225,2721.028891,2723.591555,1,1.99999999999996,0.0200000000000003,7.00000000000003,1,2,66,0.5
289,2724.932887,2724.160222,2724.311555,2724.879554,2726.320219,0,1.99999999999996,0.0200000000000003,5.99999999999996,2,1,65,0.5
290,2727.618218,2726.743553,2727.097552,2727.564885,2729.436883,1,1.99999999999996,0.0200000000000003,7.00000000000003,1,2,66,0.5
291,2730.606882,2729.902216,2730.063549,2730.553549,2731.946214,0,1.99999999999996,0.0200000000000003,5.99999999999996,2,1,65,0.5
292,2733.313546,2732.46688,2732.815546,2733.260212,2736.075543,1,1.99999999999996,0.0200000000000003,7.00000000000003,1,2,66,0.5
293,2737.266875,2736.521543,2736.576876,2737.266875,2742.985536,0,NaN,0,7.00000000000003,1,2,66,0.5
294,2745.841533,2745.083534,2745.3282,2745.7882,2747.950198,1,1.99999999999996,0.0200000000000003,7.00000000000003,1,2,66,0.5
295,2748.99553,2748.303531,2748.426197,2748.942197,2750.173529,0,1.99999999999996,0.0200000000000003,5.99999999999996,2,1,65,0.5
296,2751.636194,2750.748195,2750.954861,2751.636194,2751.860194,1,NaN,0,5.99999999999996,2,1,65,0.5
297,2760.432852,2759.34952,2759.724186,2760.379519,2762.749516,1,1.99999999999996,0.0200000000000003,7.00000000000003,1,2,66,0.5
298,2764.010848,2763.172849,2763.391516,2763.957515,2767.094845,0,1.99999999999996,0.0200000000000003,5.99999999999996,2,1,65,0.5
299,2768.197511,2767.486178,2767.744845,2768.144178,2769.590843,0,1.99999999999996,0.0200000000000003,5.99999999999996,2,1,65,0.5
300,2770.758175,2769.987509,2770.258175,2770.704842,2773.552172,1,1.99999999999996,0.0200000000000003,7.00000000000003,1,2,66,0.5
301,2774.670838,2774.019505,2774.132838,2774.670838,2775.28017,0,NaN,0,7.00000000000003,1,2,66,0.5
302,2783.475496,2782.74083,2783.032829,2783.475496,2784.580828,1,NaN,0,5.99999999999996,2,1,65,0.5
303,2790.750822,2789.922156,2790.219489,2790.750822,2792.485487,1,NaN,0,5.99999999999996,2,1,65,0.5
304,2807.186139,2806.514806,2806.730139,2807.186139,2809.50347,1,NaN,0,5.99999999999996,2,1,65,0.5
305,2819.78746,2818.89546,2819.224793,2819.734126,2822.892789,1,1.99999999999996,0.0200000000000003,7.00000000000003,1,2,66,0.5
306,2823.976122,2823.251456,2823.451456,2823.976122,2824.514121,0,NaN,0,7.00000000000003,1,2,66,0.5
307,2830.596782,2829.575449,2830.098116,2830.543448,2833.662779,1,1.99999999999996,0.0200000000000003,7.00000000000003,1,2,66,0.5
308,2834.952777,2834.100778,2834.365445,2834.899444,2837.762108,0,1.99999999999996,0.0200000000000003,5.99999999999996,2,1,65,0.5
309,2839.068107,2838.263441,2838.590107,2839.014773,2841.377438,1,1.99999999999996,0.0200000000000003,7.00000000000003,1,2,66,0.5
310,2842.51877,2841.710104,2842.024104,2842.51877,2842.910103,0,NaN,0,7.00000000000003,1,2,66,0.5
311,2853.536759,2852.73676,2853.026759,2853.483426,2855.140757,1,1.99999999999996,0.0200000000000003,7.00000000000003,1,2,66,0.5
312,2856.106756,2855.461424,2855.594757,2856.106756,2877.254068,0,NaN,0,7.00000000000003,1,2,66,0.5
313,2896.674049,2896.042716,2896.12605,2896.674049,2916.797362,0,NaN,0,7.00000000000003,1,2,66,0.5
314,2922.172024,2918.055361,2918.236027,2922.11869,2926.504686,1,1.99999999999996,0.0200000000000003,7.00000000000003,1,2,66,0.5
315,2927.844018,2927.012685,2927.355352,2927.790685,2930.106016,1,1.99999999999996,0.0200000000000003,7.00000000000003,1,2,66,0.5
316,2931.487348,2930.586682,2930.941348,2931.434014,2933.482012,0,1.99999999999996,0.0200000000000003,5.99999999999996,2,1,65,0.5
317,2934.832678,2934.016678,2934.300678,2934.779344,2936.007343,1,1.99999999999996,0.0200000000000003,7.00000000000003,1,2,66,0.5
318,2936.978009,2936.326009,2936.522676,2936.978009,2954.622658,0,NaN,0,7.00000000000003,1,2,66,0.5
319,2955.73199,2954.997324,2955.27199,2955.678657,2958.177321,0,1.99999999999996,0.0200000000000003,5.99999999999996,2,1,65,0.5
320,2959.38132,2958.68732,2958.890653,2959.327986,2960.899318,0,1.99999999999996,0.0200000000000003,5.99999999999996,2,1,65,0.5
321,2962.05065,2961.329318,2961.595984,2961.997317,2962.957983,0,1.99999999999996,0.0200000000000003,5.99999999999996,2,1,65,0.5
322,2964.235315,2963.433316,2963.740649,2964.181982,2965.414647,1,1.99999999999996,0.0200000000000003,7.00000000000003,1,2,66,0.5
323,2969.511976,2968.227311,2968.841977,2969.458643,2974.035305,1,1.99999999999996,0.0200000000000003,7.00000000000003,1,2,66,0.5
324,2976.01797,2975.278637,2975.531303,2976.01797,2976.739969,0,NaN,0,7.00000000000003,1,2,66,0.5
325,2983.669962,2982.877296,2983.157296,2983.669962,2994.446618,1,NaN,0,5.99999999999996,2,1,65,0.5
326,2995.661283,2994.821284,2995.165284,2995.60795,2998.350614,1,1.99999999999996,0.0200000000000003,7.00000000000003,1,2,66,0.5
327,2999.304613,2998.679947,2998.866614,2999.29128,3001.439278,0,1.99999999999996,0.0200000000000003,5.99999999999996,2,1,65,0.5
328,3002.629943,3002.005278,3002.233277,3002.59661,3005.205274,0,1.99999999999996,0.0200000000000003,5.99999999999996,2,1,65,0.5
329,3006.263273,3005.638607,3005.832607,3006.235273,3008.77327,0,1.99999999999996,0.0200000000000003,5.99999999999996,2,1,65,0.5
330,3009.930602,3009.248603,3009.435936,3009.930602,3016.928595,0,NaN,0,7.00000000000003,1,2,66,0.5
331,3138.753807,3137.945141,3138.234474,3138.753807,3139.25314,1,NaN,0,5.99999999999996,2,1,65,0.5
332,3152.69046,3151.861794,3152.085127,3152.687793,3153.833125,0,1.99999999999996,0.0200000000000003,5.99999999999996,2,1,65,0.5
333,3154.993791,3154.207792,3154.489125,3154.940457,3158.012454,1,1.99999999999996,0.0200000000000003,7.00000000000003,1,2,66,0.5
334,3159.01712,3158.463121,3158.515121,3158.963787,3162.10445,0,1.99999999999996,0.0200000000000003,5.99999999999996,2,1,65,0.5
335,3163.729782,3162.965116,3163.134449,3163.729782,3165.917113,0,NaN,0,7.00000000000003,1,2,66,0.5
336,3182.195763,3181.556431,3181.645097,3182.195763,3182.761763,0,NaN,0,7.00000000000003,1,2,66,0.5
337,3189.567089,3188.754424,3189.090423,3189.513756,3191.423754,1,1.99999999999996,0.0200000000000003,7.00000000000003,1,2,66,0.5
338,3192.621086,3192.031087,3192.13642,3192.621086,3193.795085,0,NaN,0,7.00000000000003,1,2,66,0.5
339,3200.728412,3199.925079,3200.233079,3200.675079,3203.775742,1,1.99999999999996,0.0200000000000003,7.00000000000003,1,2,66,0.5
340,3207.430405,3204.118408,3204.171742,3207.430405,3215.482397,0,NaN,0,7.00000000000003,1,2,66,0.5
341,3217.205728,3216.531063,3216.765729,3217.152395,3219.954392,1,1.99999999999996,0.0200000000000003,7.00000000000003,1,2,66,0.5
342,3221.033058,3220.272393,3220.493725,3220.979725,3223.537056,0,1.99999999999996,0.0200000000000003,5.99999999999996,2,1,65,0.5
343,3224.581721,3223.899722,3224.085722,3224.581721,3234.429711,0,NaN,0,7.00000000000003,1,2,66,0.5
344,3238.211707,3237.370375,3237.747708,3238.158374,3241.048371,1,1.99999999999996,0.0200000000000003,7.00000000000003,1,2,66,0.5
345,3243.679035,3242.71637,3243.004369,3243.625702,3245.9097,1,1.99999999999996,0.0200000000000003,7.00000000000003,1,2,66,0.5
346,3247.708365,3246.594366,3246.956365,3247.655031,3250.185029,1,1.99999999999996,0.0200000000000003,7.00000000000003,1,2,66,0.5
347,3251.234361,3250.520362,3250.733028,3251.234361,3253.767025,0,NaN,0,7.00000000000003,1,2,66,0.5
348,3258.645687,3257.823688,3258.037021,3258.645687,3258.904353,1,NaN,0,5.99999999999996,2,1,65,0.5
349,3268.213011,3267.429678,3267.787678,3268.213011,3274.543004,1,NaN,0,5.99999999999996,2,1,65,0.5
350,3275.727003,3274.948337,3275.280337,3275.727003,3277.843001,1,NaN,0,5.99999999999996,2,1,65,0.5
351,3286.020326,3285.193661,3285.554327,3285.966993,3287.940324,1,1.99999999999996,0.0200000000000003,7.00000000000003,1,2,66,0.5
352,3288.83499,3288.238324,3288.346991,3288.83499,3288.852324,0,NaN,0,7.00000000000003,1,2,66,0.5
353,3297.899648,3296.978982,3297.232982,3297.846315,3299.707646,0,1.99999999999996,0.0200000000000003,5.99999999999996,2,1,65,0.5
354,3300.904978,3300.060979,3300.316312,3300.851645,3303.374976,0,1.99999999999996,0.0200000000000003,5.99999999999996,2,1,65,0.5
355,3304.437641,3303.734309,3303.975642,3304.384308,3306.966972,0,1.99999999999996,0.0200000000000003,5.99999999999996,2,1,65,0.5
356,3308.260971,3307.380305,3307.572972,3308.207638,3313.118299,1,1.99999999999996,0.0200000000000003,7.00000000000003,1,2,66,0.5
357,3314.238298,3313.553632,3313.755632,3314.238298,3320.566292,0,NaN,0,7.00000000000003,1,2,66,0.5
358,3321.834957,3321.078291,3321.387624,3321.834957,3324.661621,1,NaN,0,5.99999999999996,2,1,65,0.5
359,3332.638946,3331.781614,3332.096947,3332.638946,3332.793613,0,NaN,0,7.00000000000003,1,2,66,0.5
360,3341.296271,3340.530272,3340.826272,3341.293604,3344.744934,1,1.99999999999996,0.0200000000000003,7.00000000000003,1,2,66,0.5
361,3346.1316,3345.2016,3345.612267,3346.078266,3351.104928,1,1.99999999999996,0.0200000000000003,7.00000000000003,1,2,66,0.5
362,3352.157594,3351.517594,3351.747594,3352.157594,3356.392256,0,NaN,0,7.00000000000003,1,2,66,0.5
363,3374.546905,3373.826905,3374.046238,3374.546905,3387.731558,0,NaN,0,7.00000000000003,1,2,66,0.5
364,3394.466218,3393.519552,3393.918218,3394.413551,3397.390882,1,1.99999999999996,0.0200000000000003,7.00000000000003,1,2,66,0.5
365,3398.932213,3398.094214,3398.263547,3398.87888,3401.533544,0,1.99999999999996,0.0200000000000003,5.99999999999996,2,1,65,0.5
366,3402.624876,3401.95021,3402.17821,3402.571543,3404.776208,0,1.99999999999996,0.0200000000000003,5.99999999999996,2,1,65,0.5
367,3407.252872,3406.396206,3406.688872,3407.252872,3409.410203,0,NaN,0,7.00000000000003,1,2,66,0.5
368,3428.203517,3426.980852,3427.306852,3428.150184,3431.676181,1,1.99999999999996,0.0200000000000003,7.00000000000003,1,2,66,0.5
369,3432.857513,3432.27218,3432.332847,3432.80418,3434.476845,0,1.99999999999996,0.0200000000000003,5.99999999999996,2,1,65,0.5
370,3435.57951,3434.880844,3435.138177,3435.526177,3437.132175,0,1.99999999999996,0.0200000000000003,5.99999999999996,2,1,65,0.5
371,3438.246174,3437.621508,3437.849508,3438.225507,3440.653505,0,1.99999999999996,0.0200000000000003,5.99999999999996,2,1,65,0.5
372,3442.11817,3441.144171,3441.352838,3442.064837,3448.634164,1,1.99999999999996,0.0200000000000003,7.00000000000003,1,2,66,0.5
373,3449.878163,3449.103497,3449.29683,3449.824829,3452.202827,0,1.99999999999996,0.0200000000000003,5.99999999999996,2,1,65,0.5
374,3453.485492,3452.71616,3452.899493,3453.485492,3457.294155,0,NaN,0,7.00000000000003,1,2,66,0.5
375,3460.016152,3459.030153,3459.321486,3459.962819,3463.543482,1,1.99999999999996,0.0200000000000003,7.00000000000003,1,2,66,0.5
376,3465.101481,3464.438815,3464.612814,3465.101481,3466.408813,0,NaN,0,7.00000000000003,1,2,66,0.5
377,3519.05276,3517.806095,3518.126095,3519.05276,3527.269418,1,NaN,0,5.99999999999996,2,1,65,0.5
378,3528.593417,3527.690085,3528.083418,3528.540084,3532.018747,1,1.99999999999996,0.0200000000000003,7.00000000000003,1,2,66,0.5
379,3533.227412,3532.602746,3532.662746,3533.191413,3536.322076,0,1.99999999999996,0.0200000000000003,5.99999999999996,2,1,65,0.5
380,3537.492742,3536.748742,3537.041409,3537.439408,3540.167406,0,1.99999999999996,0.0200000000000003,5.99999999999996,2,1,65,0.5
381,3542.587403,3541.95807,3542.197404,3542.587403,3552.265393,0,NaN,0,7.00000000000003,1,2,66,0.5
382,3553.374059,3552.646726,3552.790726,3553.320726,3555.95739,0,1.99999999999996,0.0200000000000003,5.99999999999996,2,1,65,0.5
383,3557.258722,3556.566722,3556.822722,3557.206055,3559.39272,0,1.99999999999996,0.0200000000000003,5.99999999999996,2,1,65,0.5
384,3560.886718,3559.972719,3560.342719,3560.833385,3565.125381,1,1.99999999999996,0.0200000000000003,7.00000000000003,1,2,66,0.5
385,3567.108045,3566.231379,3566.600712,3567.055379,3569.756709,1,1.99999999999996,0.0200000000000003,7.00000000000003,1,2,66,0.5
386,3571.154041,3570.529375,3570.668708,3571.143375,3574.302705,0,1.99999999999996,0.0200000000000003,5.99999999999996,2,1,65,0.5
387,3575.572703,3574.948037,3575.128704,3575.536704,3577.826035,0,1.99999999999996,0.0200000000000003,5.99999999999996,2,1,65,0.5
388,3578.949367,3578.238701,3578.486701,3578.896033,3580.782032,0,1.99999999999996,0.0200000000000003,5.99999999999996,2,1,65,0.5
389,3582.137364,3581.290698,3581.569364,3582.08403,3588.198691,1,1.99999999999996,0.0200000000000003,7.00000000000003,1,2,66,0.5
390,3589.814693,3588.918023,3589.281356,3589.761357,3592.202687,0,1.99999999999996,0.0200000000000003,5.99999999999996,2,1,65,0.5
391,3593.453352,3592.71602,3592.903353,3593.453352,3597.262682,0,NaN,0,7.00000000000003,1,2,66,0.5
392,3599.811346,3598.874013,3599.268013,3599.758013,3604.108008,1,1.99999999999996,0.0200000000000003,7.00000000000003,1,2,66,0.5
393,3605.706673,3604.624008,3605.052674,3605.706673,3609.910669,0,NaN,0,7.00000000000003,1,2,66,0.5
394,3613.903998,3613.152666,3613.315999,3613.903998,3614.625331,1,NaN,0,5.99999999999996,2,1,65,0.5
395,3631.001981,3629.856649,3630.140649,3631.001981,3643.394636,0,NaN,0,7.00000000000003,1,2,66,0.5
396,3644.545968,3643.921302,3644.048635,3644.525302,3648.093298,0,1.99999999999996,0.0200000000000003,5.99999999999996,2,1,65,0.5
397,3649.227963,3648.535964,3648.741964,3649.17463,3651.685294,0,1.99999999999996,0.0200000000000003,5.99999999999996,2,1,65,0.5
398,3652.851293,3652.06196,3652.36596,3652.79796,3654.827958,1,1.99999999999996,0.0200000000000003,7.00000000000003,1,2,66,0.5
399,3656.06329,3655.275957,3655.450624,3656.009956,3658.433287,0,1.99999999999996,0.0200000000000003,5.99999999999996,2,1,65,0.5
400,3659.515953,3658.891953,3659.107953,3659.495286,3661.573951,0,1.99999999999996,0.0200000000000003,5.99999999999996,2,1,65,0.5
401,3663.006616,3662.03195,3662.321283,3662.953283,3665.420614,1,1.99999999999996,0.0200000000000003,7.00000000000003,1,2,66,0.5
402,3666.659279,3665.904613,3666.066613,3666.659279,3672.54594,0,NaN,0,7.00000000000003,1,2,66,0.5
403,3673.736606,3672.889273,3673.220606,3673.733939,3677.225935,1,1.99999999999996,0.0200000000000003,7.00000000000003,1,2,66,0.5
404,3678.531267,3677.721268,3677.907934,3678.477934,3680.813932,0,1.99999999999996,0.0200000000000003,5.99999999999996,2,1,65,0.5
405,3682.135264,3681.602597,3681.653264,3682.08193,3686.284593,1,1.99999999999996,0.0200000000000003,7.00000000000003,1,2,66,0.5
406,3687.468592,3686.701259,3686.888592,3687.468592,3690.295922,0,NaN,0,7.00000000000003,1,2,66,0.5
407,3696.255249,3695.30725,3695.695917,3696.201916,3698.74058,1,1.99999999999996,0.0200000000000003,7.00000000000003,1,2,66,0.5
408,3700.054579,3699.20458,3699.457913,3700.001246,3701.977244,0,1.99999999999996,0.0200000000000003,5.99999999999996,2,1,65,0.5
409,3703.019909,3702.40191,3702.602576,3702.966576,3705.329907,0,1.99999999999996,0.0200000000000003,5.99999999999996,2,1,65,0.5
410,3706.432573,3705.807907,3706.055906,3706.398573,3709.04657,0,1.99999999999996,0.0200000000000003,5.99999999999996,2,1,65,0.5
411,3710.327902,3709.455236,3709.765903,3710.274569,3712.4499,1,1.99999999999996,0.0200000000000003,7.00000000000003,1,2,66,0.5
412,3713.703899,3712.909899,3712.977899,3713.703899,3720.416559,0,NaN,0,7.00000000000003,1,2,66,0.5
413,3721.563224,3720.789225,3721.101891,3721.563224,3723.157223,1,NaN,0,5.99999999999996,2,1,65,0.5
414,3783.215829,3782.41983,3782.531163,3783.215829,3788.021824,0,NaN,0,7.00000000000003,1,2,66,0.5
415,3790.096489,3789.369156,3789.643823,3790.096489,3796.627149,1,NaN,0,5.99999999999996,2,1,65,0.5
416,3811.405801,3810.690468,3810.909135,3811.352468,3814.035132,1,1.99999999999996,0.0200000000000003,7.00000000000003,1,2,66,0.5
417,3815.152464,3814.547798,3814.647798,3815.099131,3817.741795,0,1.99999999999996,0.0200000000000003,5.99999999999996,2,1,65,0.5
418,3818.76846,3818.181128,3818.345127,3818.76846,3819.06646,0,NaN,0,7.00000000000003,1,2,66,0.5
419,3829.155783,3828.433784,3828.693784,3829.10245,3830.939115,0,1.99999999999996,0.0200000000000003,5.99999999999996,2,1,65,0.5
420,3832.006447,3831.329114,3831.556447,3831.953114,3833.880445,0,1.99999999999996,0.0200000000000003,5.99999999999996,2,1,65,0.5
421,3835.159111,3834.273111,3834.464445,3835.105777,3837.673108,1,1.99999999999996,0.0200000000000003,7.00000000000003,1,2,66,0.5
422,3838.791774,3838.159774,3838.205107,3838.791774,3867.549745,0,NaN,0,7.00000000000003,1,2,66,0.5
423,3873.157739,3872.39174,3872.582406,3873.104406,3875.183737,1,1.99999999999996,0.0200000000000003,7.00000000000003,1,2,66,0.5
424,3876.190403,3875.57107,3875.659737,3876.190403,3890.131056,0,NaN,0,7.00000000000003,1,2,66,0.5
425,3892.21372,3891.508388,3891.733721,3892.160387,3894.793051,1,1.99999999999996,0.0200000000000003,7.00000000000003,1,2,66,0.5
426,3895.95905,3895.334384,3895.427717,3895.91105,3898.641047,0,1.99999999999996,0.0200000000000003,5.99999999999996,2,1,65,0.5
427,3899.760379,3898.941047,3899.30438,3899.707046,3902.769043,1,1.99999999999996,0.0200000000000003,7.00000000000003,1,2,66,0.5
428,3907.456372,3906.628373,3906.840372,3907.403038,3908.693704,0,1.99999999999996,0.0200000000000003,5.99999999999996,2,1,65,0.5
429,3909.763036,3909.13837,3909.34437,3909.758369,3911.279701,0,1.99999999999996,0.0200000000000003,5.99999999999996,2,1,65,0.5
430,3912.569033,3911.797701,3912.120367,3912.5157,3915.069697,1,1.99999999999996,0.0200000000000003,7.00000000000003,1,2,66,0.5
431,3916.326363,3915.572363,3915.66703,3916.326363,3920.957025,0,NaN,0,7.00000000000003,1,2,66,0.5
432,3923.454356,3922.606356,3922.903689,3923.401022,3926.597686,1,1.99999999999996,0.0200000000000003,7.00000000000003,1,2,66,0.5
433,3928.130351,3927.085685,3927.269018,3928.130351,3930.731682,0,NaN,0,7.00000000000003,1,2,66,0.5
434,4008.030271,4007.104272,4007.506272,4007.976938,4010.418269,1,1.99999999999996,0.0200000000000003,7.00000000000003,1,2,66,0.5
435,4033.552912,4032.59758,4032.889579,4033.499579,4035.36091,1,1.99999999999996,0.0200000000000003,7.00000000000003,1,2,66,0.5
436,4036.572242,4036.002243,4036.049576,4036.518909,4038.620907,0,1.99999999999996,0.0200000000000003,5.99999999999996,2,1,65,0.5
437,4039.744239,4039.119573,4039.287573,4039.723573,4041.758904,0,1.99999999999996,0.0200000000000003,5.99999999999996,2,1,65,0.5
438,4042.990903,4042.222237,4042.474903,4042.937569,4045.168901,1,1.99999999999996,0.0200000000000003,7.00000000000003,1,2,66,0.5
439,4046.213566,4045.591567,4045.6349,4046.213566,4046.933565,0,NaN,0,7.00000000000003,1,2,66,0.5
440,4063.418882,4062.69555,4062.934883,4063.418882,4069.457543,1,NaN,0,5.99999999999996,2,1,65,0.5
441,4070.667542,4069.848876,4070.169542,4070.614208,4074.583538,1,1.99999999999996,0.0200000000000003,7.00000000000003,1,2,66,0.5
442,4081.890864,4081.071531,4081.295531,4081.890864,4086.712192,1,NaN,0,5.99999999999996,2,1,65,0.5
443,4091.598854,4090.882188,4091.166855,4091.545521,4093.864852,0,1.99999999999996,0.0200000000000003,5.99999999999996,2,1,65,0.5
444,4095.116851,4094.340185,4094.591518,4095.063517,4097.193515,1,1.99999999999996,0.0200000000000003,7.00000000000003,1,2,66,0.5
445,4098.288181,4097.569515,4097.692848,4098.288181,4102.526177,0,NaN,0,7.00000000000003,1,2,66,0.5
446,4106.285506,4105.48484,4105.727507,4106.232173,4108.324837,0,1.99999999999996,0.0200000000000003,5.99999999999996,2,1,65,0.5
447,4109.369503,4108.700837,4108.972837,4109.369503,4116.07483,1,NaN,0,5.99999999999996,2,1,65,0.5
448,4117.304828,4116.460163,4116.816829,4117.251495,4120.092159,1,1.99999999999996,0.0200000000000003,7.00000000000003,1,2,66,0.5
449,4121.324158,4120.493492,4120.660158,4121.324158,4121.476824,0,NaN,0,7.00000000000003,1,2,66,0.5
450,4127.681485,4127.213485,4127.225485,4127.628151,4129.871483,0,1.99999999999996,0.0200000000000003,5.99999999999996,2,1,65,0.5
451,4131.123481,4130.296149,4130.579482,4131.123481,4134.306811,0,NaN,0,7.00000000000003,1,2,66,0.5
452,4271.174675,4269.811343,4270.132009,4271.174675,4271.283341,1,NaN,0,5.99999999999996,2,1,65,0.5
453,4280.164666,4279.285333,4279.681333,4280.111332,4282.763996,1,1.99999999999996,0.0200000000000003,7.00000000000003,1,2,66,0.5
454,4284.188662,4283.452662,4283.550662,4284.135328,4289.429323,0,1.99999999999996,0.0200000000000003,5.99999999999996,2,1,65,0.5
455,4290.670655,4289.854656,4290.132656,4290.617322,4293.269319,1,1.99999999999996,0.0200000000000003,7.00000000000003,1,2,66,0.5
456,4294.472651,4293.765985,4293.847985,4294.472651,4299.133313,0,NaN,0,7.00000000000003,1,2,66,0.5
457,4302.260643,4301.437316,4301.673311,4302.20731,4303.557309,0,1.99999999999996,0.0200000000000003,5.99999999999996,2,1,65,0.5
458,4304.855308,4304.293975,4304.341308,4304.801974,4308.129971,1,1.99999999999996,0.0200000000000003,7.00000000000003,1,2,66,0.5
459,4309.418636,4308.564638,4308.722637,4309.418636,4309.575969,0,NaN,0,7.00000000000003,1,2,66,0.5
460,4320.670625,4319.722626,4320.107959,4320.617292,4322.624623,1,1.99999999999996,0.0200000000000003,7.00000000000003,1,2,66,0.5
461,4323.705955,4323.026623,4323.239956,4323.705955,4330.176616,0,NaN,0,7.00000000000003,1,2,66,0.5
462,4331.088615,4330.510615,4330.565282,4331.088615,4332.24928,0,NaN,0,7.00000000000003,1,2,66,0.5
463,4342.170604,4341.279271,4341.465271,4342.11727,4344.782601,1,1.99999999999996,0.0200000000000003,7.00000000000003,1,2,66,0.5
464,4346.109266,4345.177267,4345.363934,4346.055933,4347.365932,0,1.99999999999996,0.0200000000000003,5.99999999999996,2,1,65,0.5
465,4348.576597,4347.757265,4348.097931,4348.523264,4350.799928,1,1.99999999999996,0.0200000000000003,7.00000000000003,1,2,66,0.5
466,4352.03726,4351.268594,4351.491928,4351.983927,4355.413257,0,1.99999999999996,0.0200000000000003,5.99999999999996,2,1,65,0.5
467,4356.653922,4355.861257,4356.151256,4356.651256,4359.168587,0,1.99999999999996,0.0200000000000003,5.99999999999996,2,1,65,0.5
468,4360.528585,4359.703253,4359.915252,4360.475252,4363.615249,1,1.99999999999996,0.0200000000000003,7.00000000000003,1,2,66,0.5
469,4364.847914,4364.526581,4364.535914,4364.847914,4365.163914,0,NaN,0,7.00000000000003,1,2,66,0.5
470,4373.499239,4372.646573,4372.869239,4373.445906,4376.443903,1,1.99999999999996,0.0200000000000003,7.00000000000003,1,2,66,0.5
471,4377.751235,4376.928569,4377.132569,4377.697901,4380.197232,0,1.99999999999996,0.0200000000000003,5.99999999999996,2,1,65,0.5
472,4381.335898,4380.654565,4380.894565,4381.282564,4383.200562,0,1.99999999999996,0.0200000000000003,5.99999999999996,2,1,65,0.5
473,4384.306561,4383.728562,4383.919228,4384.306561,4398.290547,0,NaN,0,7.00000000000003,1,2,66,0.5
474,4400.103879,4399.268546,4399.615213,4400.050546,4402.70921,1,1.99999999999996,0.0200000000000003,7.00000000000003,1,2,66,0.5
475,4403.757875,4403.069209,4403.217876,4403.704542,4406.459206,0,1.99999999999996,0.0200000000000003,5.99999999999996,2,1,65,0.5
476,4407.756538,4407.126539,4407.333205,4407.756538,4413.665199,0,NaN,0,7.00000000000003,1,2,66,0.5
477,4414.837865,4414.127198,4414.409865,4414.784531,4418.315194,1,1.99999999999996,0.0200000000000003,7.00000000000003,1,2,66,0.5
478,4419.599193,4418.816527,4419.047193,4419.599193,4419.684526,0,NaN,0,7.00000000000003,1,2,66,0.5
479,4426.159186,4425.53452,4425.743853,4426.13652,4428.62385,0,1.99999999999996,0.0200000000000003,5.99999999999996,2,1,65,0.5
480,4429.689849,4428.956517,4429.23585,4429.636516,4432.15718,0,1.99999999999996,0.0200000000000003,5.99999999999996,2,1,65,0.5
481,4433.278512,4432.533847,4432.781846,4433.225179,4435.781843,0,1.99999999999996,0.0200000000000003,5.99999999999996,2,1,65,0.5
482,4437.067175,4436.269843,4436.550509,4437.013842,4440.683838,1,1.99999999999996,0.0200000000000003,7.00000000000003,1,2,66,0.5
483,4441.858504,4441.112505,4441.342504,4441.858504,4444.255168,0,NaN,0,7.00000000000003,1,2,66,0.5
484,4448.003831,4447.288498,4447.539832,4448.003831,4448.989163,1,NaN,0,5.99999999999996,2,1,65,0.5
485,4455.27849,4454.572491,4454.852491,4455.27849,4460.724485,1,NaN,0,5.99999999999996,2,1,65,0.5
486,4462.405817,4461.596484,4461.939817,4462.352483,4465.33448,1,1.99999999999996,0.0200000000000003,7.00000000000003,1,2,66,0.5
487,4466.309146,4465.685147,4465.839813,4466.309146,4472.941139,0,NaN,0,7.00000000000003,1,2,66,0.5
488,4474.258471,4473.575139,4473.734472,4474.205138,4477.256468,1,1.99999999999996,0.0200000000000003,7.00000000000003,1,2,66,0.5
489,4478.464467,4477.683801,4477.955134,4478.464467,4481.610464,0,NaN,0,7.00000000000003,1,2,66,0.5
490,4487.420458,4486.611792,4486.805126,4487.367125,4490.753788,1,1.99999999999996,0.0200000000000003,7.00000000000003,1,2,66,0.5
491,4491.839787,4491.204455,4491.349121,4491.839787,4500.897111,0,NaN,0,7.00000000000003,1,2,66,0.5
492,4502.264443,4501.494444,4501.719111,4502.21111,4505.823107,1,1.99999999999996,0.0200000000000003,7.00000000000003,1,2,66,0.5
493,4507.421772,4506.328439,4506.544439,4507.421772,4509.943102,0,NaN,0,7.00000000000003,1,2,66,0.5
494,4515.035097,4514.305765,4514.629764,4515.035097,4516.372429,1,NaN,0,5.99999999999996,2,1,65,0.5
495,4526.957085,4526.155753,4526.504419,4526.903752,4529.823749,1,1.99999999999996,0.0200000000000003,7.00000000000003,1,2,66,0.5
496,4531.292414,4530.232415,4530.407749,4531.292414,4537.506408,0,NaN,0,7.00000000000003,1,2,66,0.5
497,4541.421738,4540.568405,4540.883071,4541.368404,4544.843068,1,1.99999999999996,0.0200000000000003,7.00000000000003,1,2,66,0.5
498,4545.955733,4545.275734,4545.4204,4545.9024,4548.015731,0,1.99999999999996,0.0200000000000003,5.99999999999996,2,1,65,0.5
499,4549.26373,4548.522397,4548.71573,4549.210397,4552.105727,0,1.99999999999996,0.0200000000000003,5.99999999999996,2,1,65,0.5
500,4554.068392,4553.317059,4553.648392,4554.015058,4557.091055,1,1.99999999999996,0.0200000000000003,7.00000000000003,1,2,66,0.5
501,4558.611054,4557.881721,4558.083721,4558.611054,4563.569715,0,NaN,0,7.00000000000003,1,2,66,0.5
502,4567.046379,4566.334379,4566.507046,4566.993045,4569.797709,1,1.99999999999996,0.0200000000000003,7.00000000000003,1,2,66,0.5
503,4571.265708,4570.236375,4570.431709,4571.265708,4571.351708,0,NaN,0,7.00000000000003,1,2,66,0.5
504,4578.161701,4577.556368,4577.670368,4578.161701,4583.601695,0,NaN,0,7.00000000000003,1,2,66,0.5
505,4587.459692,4586.567026,4586.995025,4587.459692,4587.936358,1,NaN,0,5.99999999999996,2,1,65,0.5
506,4595.251684,4594.249685,4594.612351,4595.251684,4601.255678,0,NaN,0,7.00000000000003,1,2,66,0.5
507,4602.735676,4601.870344,4602.223677,4602.682343,4606.799006,1,1.99999999999996,0.0200000000000003,7.00000000000003,1,2,66,0.5
508,4608.085671,4607.365005,4607.560338,4608.085671,4612.654333,0,NaN,0,7.00000000000003,1,2,66,0.5
509,4614.557664,4613.823665,4614.113665,4614.504331,4615.944996,1,1.99999999999996,0.0200000000000003,7.00000000000003,1,2,66,0.5
510,4619.436326,4617.674995,4617.884994,4619.43366,4620.656325,1,1.99999999999996,0.0200000000000003,7.00000000000003,1,2,66,0.5
511,4623.372322,4621.752324,4621.99299,4623.318989,4626.156986,1,1.99999999999996,0.0200000000000003,7.00000000000003,1,2,66,0.5
512,4632.19298,4631.428314,4631.784981,4632.19298,4633.415646,1,NaN,0,5.99999999999996,2,1,65,0.5
513,4640.974305,4640.155639,4640.454305,4640.920971,4643.181636,0,1.99999999999996,0.0200000000000003,5.99999999999996,2,1,65,0.5
514,4644.293635,4643.610302,4643.874302,4644.240301,4646.669632,0,1.99999999999996,0.0200000000000003,5.99999999999996,2,1,65,0.5
515,4649.384296,4647.344298,4647.564965,4649.38163,4651.488961,1,1.99999999999996,0.0200000000000003,7.00000000000003,1,2,66,0.5
516,4653.530959,4652.768293,4652.956295,4653.477626,4655.847623,0,1.99999999999996,0.0200000000000003,5.99999999999996,2,1,65,0.5
517,4657.108289,4656.334289,4656.560289,4657.054955,4659.654953,0,1.99999999999996,0.0200000000000003,5.99999999999996,2,1,65,0.5
518,4660.728952,4660.140286,4660.332285,4660.728952,4667.455612,0,NaN,0,7.00000000000003,1,2,66,0.5
519,4669.16361,4668.022944,4668.512944,4669.110277,4672.266273,1,1.99999999999996,0.0200000000000003,7.00000000000003,1,2,66,0.5
520,4673.502939,4672.67294,4672.888273,4673.449606,4675.78427,0,1.99999999999996,0.0200000000000003,5.99999999999996,2,1,65,0.5
521,4677.110269,4676.215603,4676.596269,4677.056935,4680.270265,1,1.99999999999996,0.0200000000000003,7.00000000000003,1,2,66,0.5
522,4681.750264,4680.968931,4681.143598,4681.696931,4683.696929,0,1.99999999999996,0.0200000000000003,5.99999999999996,2,1,65,0.5
523,4685.190261,4684.514928,4684.766261,4685.190261,4691.486254,0,NaN,0,7.00000000000003,1,2,66,0.5
524,4692.776253,4692.018254,4692.257587,4692.72292,4695.415584,0,1.99999999999996,0.0200000000000003,5.99999999999996,2,1,65,0.5
525,4696.667582,4695.890916,4696.204916,4696.667582,4703.125576,1,NaN,0,5.99999999999996,2,1,65,0.5
526,4704.594241,4703.443576,4704.008242,4704.540908,4707.900238,0,1.99999999999996,0.0200000000000003,5.99999999999996,2,1,65,0.5
527,4709.18157,4708.321571,4708.68757,4709.128237,4712.2989,1,1.99999999999996,0.0200000000000003,7.00000000000003,1,2,66,0.5
528,4713.613565,4712.713566,4712.942899,4713.560232,4715.39023,0,1.99999999999996,0.0200000000000003,5.99999999999996,2,1,65,0.5
529,4716.830896,4716.08423,4716.362896,4716.777562,4719.870892,0,1.99999999999996,0.0200000000000003,5.99999999999996,2,1,65,0.5
530,4721.250224,4720.420892,4720.682892,4721.196891,4724.818888,1,1.99999999999996,0.0200000000000003,7.00000000000003,1,2,66,0.5
531,4726.229553,4725.39422,4725.561553,4726.17622,4729.098883,0,1.99999999999996,0.0200000000000003,5.99999999999996,2,1,65,0.5
532,4730.670215,4729.906216,4730.186216,4730.616882,4733.502879,0,1.99999999999996,0.0200000000000003,5.99999999999996,2,1,65,0.5
533,4734.732211,4733.927545,4734.230878,4734.678878,4738.66754,1,1.99999999999996,0.0200000000000003,7.00000000000003,1,2,66,0.5
534,4739.902872,4739.126873,4739.214873,4739.902872,4745.160201,0,NaN,0,7.00000000000003,1,2,66,0.5
535,4746.736866,4745.697533,4745.870866,4746.683532,4750.487529,1,1.99999999999996,0.0200000000000003,7.00000000000003,1,2,66,0.5
536,4755.35419,4754.484858,4754.778858,4755.35419,4761.082185,1,NaN,0,5.99999999999996,2,1,65,0.5
537,4762.469517,4761.634851,4762.031517,4762.469517,4774.760171,1,NaN,0,5.99999999999996,2,1,65,0.5
538,4776.382836,4775.341504,4775.75217,4776.329503,4779.106167,0,1.99999999999996,0.0200000000000003,5.99999999999996,2,1,65,0.5
539,4780.406832,4779.551499,4779.856166,4780.353499,4782.985496,0,1.99999999999996,0.0200000000000003,5.99999999999996,2,1,65,0.5
540,4784.338828,4783.435496,4783.790829,4784.285495,4787.574158,1,1.99999999999996,0.0200000000000003,7.00000000000003,1,2,66,0.5
541,4788.764157,4788.135491,4788.234157,4788.764157,4795.676817,0,NaN,0,7.00000000000003,1,2,66,0.5
542,4797.152815,4796.140817,4796.423483,4797.152815,4802.144144,1,NaN,0,5.99999999999996,2,1,65,0.5
543,4821.088791,4820.392792,4820.632792,4821.035458,4823.481456,0,1.99999999999996,0.0200000000000003,5.99999999999996,2,1,65,0.5
544,4824.819454,4824.194788,4824.411455,4824.793454,4827.234785,0,1.99999999999996,0.0200000000000003,5.99999999999996,2,1,65,0.5
545,4828.520117,4827.638785,4827.850785,4828.466784,4832.247447,1,1.99999999999996,0.0200000000000003,7.00000000000003,1,2,66,0.5
546,4833.488779,4832.864113,4832.929446,4833.482112,4836.142776,0,1.99999999999996,0.0200000000000003,5.99999999999996,2,1,65,0.5
547,4837.486108,4836.594776,4836.961442,4837.432775,4841.112771,1,1.99999999999996,0.0200000000000003,7.00000000000003,1,2,66,0.5
548,4842.282103,4841.520104,4841.672104,4842.282103,4855.130757,0,NaN,0,7.00000000000003,1,2,66,0.5
549,4856.567422,4855.487424,4855.96409,4856.514089,4859.40742,1,1.99999999999996,0.0200000000000003,7.00000000000003,1,2,66,0.5
550,4861.184752,4859.761419,4860.022752,4860.633418,NaN,0,NaN,0,5.99999999999996,2,1,65,0.5
551,4868.250744,4867.464745,4867.701411,4868.197411,4870.390742,0,1.99999999999996,0.0200000000000003,5.99999999999996,2,1,65,0.5
552,4871.342741,4870.822075,4870.938742,4871.340074,4873.164073,0,1.99999999999996,0.0200000000000003,5.99999999999996,2,1,65,0.5
553,4874.626071,4873.653405,4874.064072,4874.626071,4880.484732,0,NaN,0,7.00000000000003,1,2,66,0.5
554,4882.651396,4881.810731,4882.173397,4882.598063,4885.740727,1,1.99999999999996,0.0200000000000003,7.00000000000003,1,2,66,0.5
555,4891.983387,4891.362054,4891.570721,4891.983387,4935.989343,0,NaN,0,7.00000000000003,1,2,66,0.5
556,4937.142675,4936.404009,4936.559342,4937.142675,4940.943338,0,NaN,0,7.00000000000003,1,2,66,0.5
557,4943.797335,4942.970003,4943.318002,4943.744002,4946.321999,0,1.99999999999996,0.0200000000000003,5.99999999999996,2,1,65,0.5
558,4947.481332,4946.699999,4946.899999,4947.427998,4951.179995,1,1.99999999999996,0.0200000000000003,7.00000000000003,1,2,66,0.5
559,4952.21666,4951.592661,4951.705994,4952.19466,4954.017325,0,1.99999999999996,0.0200000000000003,5.99999999999996,2,1,65,0.5
560,4955.321324,4954.513324,4954.781991,4955.26799,4957.401988,0,1.99999999999996,0.0200000000000003,5.99999999999996,2,1,65,0.5
561,4958.707987,4957.915988,4958.196654,4958.654654,4960.920651,1,1.99999999999996,0.0200000000000003,7.00000000000003,1,2,66,0.5
562,4962.131317,4961.373984,4961.604651,4962.077984,4964.183315,0,1.99999999999996,0.0200000000000003,5.99999999999996,2,1,65,0.5
563,4965.404647,4964.779981,4964.989314,4965.36998,4966.750646,0,1.99999999999996,0.0200000000000003,5.99999999999996,2,1,65,0.5
564,4967.961311,4967.225312,4967.489978,4967.907978,4970.223309,0,1.99999999999996,0.0200000000000003,5.99999999999996,2,1,65,0.5
565,4971.486641,4970.717308,4971.003975,4971.433308,4974.649304,1,1.99999999999996,0.0200000000000003,7.00000000000003,1,2,66,0.5
566,4975.89797,4975.067971,4975.29597,4975.844637,4976.704636,0,1.99999999999996,0.0200000000000003,5.99999999999996,2,1,65,0.5
567,4977.991968,4977.293302,4977.553968,4977.938634,4978.8513,0,1.99999999999996,0.0200000000000003,5.99999999999996,2,1,65,0.5
568,4980.206632,4979.239966,4979.782633,4980.200632,4982.575963,0,1.99999999999996,0.0200000000000003,5.99999999999996,2,1,65,0.5
569,4983.825295,4982.939296,4983.295962,4983.771962,4988.121958,1,1.99999999999996,0.0200000000000003,7.00000000000003,1,2,66,0.5
570,4989.361956,4988.578624,4988.757957,4989.308623,4991.98662,0,1.99999999999996,0.0200000000000003,5.99999999999996,2,1,65,0.5
571,4993.218619,4992.517287,4992.71862,4993.165286,4995.581283,0,1.99999999999996,0.0200000000000003,5.99999999999996,2,1,65,0.5
572,4996.748616,4996.030616,4996.274616,4996.695282,4998.69528,0,1.99999999999996,0.0200000000000003,5.99999999999996,2,1,65,0.5
573,5000.065279,4999.23328,4999.560613,5000.011946,5005.329274,1,1.99999999999996,0.0200000000000003,7.00000000000003,1,2,66,0.5
574,5006.555272,5005.87394,5005.967273,5006.555272,5013.065266,0,NaN,0,7.00000000000003,1,2,66,0.5
575,5016.07593,5015.037931,5015.366597,5016.073263,5019.861259,1,1.99999999999996,0.0200000000000003,7.00000000000003,1,2,66,0.5
576,5021.185925,5020.385925,5020.591925,5021.132591,5024.071922,0,1.99999999999996,0.0200000000000003,5.99999999999996,2,1,65,0.5
577,5026.06192,5025.42192,5025.664587,5026.06192,5029.286583,0,NaN,0,7.00000000000003,1,2,66,0.5
578,5034.288578,5033.383912,5033.624579,5034.235245,5036.827909,1,1.99999999999996,0.0200000000000003,7.00000000000003,1,2,66,0.5
579,5037.934574,5037.237908,5037.371908,5037.881241,5040.033906,0,1.99999999999996,0.0200000000000003,5.99999999999996,2,1,65,0.5
580,5041.108571,5040.518572,5040.708572,5041.055238,5043.384569,0,1.99999999999996,0.0200000000000003,5.99999999999996,2,1,65,0.5
581,5044.622568,5043.859902,5044.169902,5044.622568,5044.984567,0,NaN,0,7.00000000000003,1,2,66,0.5
582,5050.936561,5050.015896,5050.369895,5050.883228,5053.337892,0,1.99999999999996,0.0200000000000003,5.99999999999996,2,1,65,0.5
583,5054.493891,5053.763892,5054.050558,5054.440558,5056.531889,0,1.99999999999996,0.0200000000000003,5.99999999999996,2,1,65,0.5
584,5057.870555,5056.959889,5057.299223,5057.817221,5062.097217,1,1.99999999999996,0.0200000000000003,7.00000000000003,1,2,66,0.5
585,5065.069881,5064.362548,5064.633881,5065.069881,5065.24988,0,NaN,0,7.00000000000003,1,2,66,0.5
586,5072.369207,5071.331208,5071.467874,5072.315873,5083.034529,1,1.99999999999996,0.0200000000000003,7.00000000000003,1,2,66,0.5
587,5084.649861,5083.742529,5083.911862,5084.649861,5087.651858,0,NaN,0,7.00000000000003,1,2,66,0.5
588,5092.05452,5091.065855,5091.426521,5092.001854,5095.833183,1,1.99999999999996,0.0200000000000003,7.00000000000003,1,2,66,0.5
589,5097.809181,5096.931849,5097.167182,5097.755848,5101.405844,1,1.99999999999996,0.0200000000000003,7.00000000000003,1,2,66,0.5
590,5102.875843,5102.155844,5102.18451,5102.82251,5104.258508,0,1.99999999999996,0.0200000000000003,5.99999999999996,2,1,65,0.5
591,5105.502507,5104.725174,5104.993174,5105.449174,5108.131838,0,1.99999999999996,0.0200000000000003,5.99999999999996,2,1,65,0.5
592,5109.210503,5108.585837,5108.813837,5109.202503,5111.173835,0,1.99999999999996,0.0200000000000003,5.99999999999996,2,1,65,0.5
593,5113.568499,5112.7005,5112.921166,5113.515166,5117.518495,1,1.99999999999996,0.0200000000000003,7.00000000000003,1,2,66,0.5
594,5118.69916,5118.084494,5118.136494,5118.645827,5119.986492,0,1.99999999999996,0.0200000000000003,5.99999999999996,2,1,65,0.5
595,5121.249158,5120.468492,5120.735158,5121.195825,5122.615823,0,1.99999999999996,0.0200000000000003,5.99999999999996,2,1,65,0.5
596,5123.848489,5123.045156,5123.406489,5123.795155,5126.188486,0,1.99999999999996,0.0200000000000003,5.99999999999996,2,1,65,0.5
597,5127.852485,5126.847819,5127.043152,5127.799151,5133.655145,1,1.99999999999996,0.0200000000000003,7.00000000000003,1,2,66,0.5
598,5134.825144,5134.175145,5134.271145,5134.825144,5175.883103,0,NaN,0,7.00000000000003,1,2,66,0.5
599,5177.122435,5176.355769,5176.453769,5177.122435,5177.921101,0,NaN,0,7.00000000000003,1,2,66,0.5
600,5195.63175,5195.067084,5195.092417,5195.63175,5201.829077,0,NaN,0,7.00000000000003,1,2,66,0.5
601,5203.727742,5202.905076,5203.215742,5203.674409,5205.996406,1,1.99999999999996,0.0200000000000003,7.00000000000003,1,2,66,0.5
602,5207.016405,5206.403739,5206.561739,5207.016405,5210.056402,0,NaN,0,7.00000000000003,1,2,66,0.5
603,5215.401064,5214.497065,5214.867731,5215.401064,5216.201063,1,NaN,0,5.99999999999996,2,1,65,0.5
604,5227.396385,5226.529719,5226.751052,5227.343052,5231.144381,1,1.99999999999996,0.0200000000000003,7.00000000000003,1,2,66,0.5
605,5232.189714,5231.661047,5231.685047,5232.189714,5232.299047,0,NaN,0,7.00000000000003,1,2,66,0.5
606,5239.38704,5238.739707,5239.02104,5239.38704,5243.188369,0,NaN,0,7.00000000000003,1,2,66,0.5
607,5246.315033,5245.336367,5245.619033,5246.261699,5249.414363,1,1.99999999999996,0.0200000000000003,7.00000000000003,1,2,66,0.5
608,5251.223028,5249.945696,5250.064362,5250.671695,5254.482358,0,NaN,0,5.99999999999996,2,1,65,0.5
609,5258.025021,5257.226355,5257.555021,5257.971688,5260.831685,1,1.99999999999996,0.0200000000000003,7.00000000000003,1,2,66,0.5
610,5262.31835,5261.512351,5261.761017,5262.265017,5265.153681,1,1.99999999999996,0.0200000000000003,7.00000000000003,1,2,66,0.5
611,5267.909678,5267.051679,5267.305012,5267.909678,5270.845008,1,NaN,0,5.99999999999996,2,1,65,0.5
612,5278.861667,5277.955001,5278.301667,5278.808334,5280.450332,1,1.99999999999996,0.0200000000000003,7.00000000000003,1,2,66,0.5
613,5281.372331,5280.762998,5280.825665,5281.318998,5282.40633,0,1.99999999999996,0.0200000000000003,5.99999999999996,2,1,65,0.5
614,5283.728995,5282.994996,5283.195663,5283.675662,5285.874993,0,1.99999999999996,0.0200000000000003,5.99999999999996,2,1,65,0.5
615,5287.030992,5286.251659,5286.450326,5287.028325,5289.429656,0,1.99999999999996,0.0200000000000003,5.99999999999996,2,1,65,0.5
616,5290.634322,5289.837656,5290.131656,5290.580988,5293.384319,1,1.99999999999996,0.0200000000000003,7.00000000000003,1,2,66,0.5
617,5295.638317,5294.796984,5295.036984,5295.584983,5296.336983,1,1.99999999999996,0.0200000000000003,7.00000000000003,1,2,66,0.5
618,5297.564982,5296.870315,5297.074315,5297.512315,5300.510312,0,1.99999999999996,0.0200000000000003,5.99999999999996,2,1,65,0.5
619,5301.650977,5301.042311,5301.230978,5301.597644,5304.332308,0,1.99999999999996,0.0200000000000003,5.99999999999996,2,1,65,0.5
620,5305.582973,5305.082974,5305.202307,5305.582973,5448.306164,0,NaN,0,7.00000000000003,1,2,66,0.5
621,5453.986825,5452.895493,5453.078826,5453.933492,5455.464824,1,1.99999999999996,0.0200000000000003,7.00000000000003,1,2,66,0.5
622,5456.546156,5455.900823,5456.08349,5456.546156,5457.136156,0,NaN,0,7.00000000000003,1,2,66,0.5
623,5481.925464,5481.068131,5481.289468,5481.87213,5483.648129,0,1.99999999999996,0.0200000000000003,5.99999999999996,2,1,65,0.5
624,5485.770793,5484.870128,5485.170127,5485.770793,5486.07346,1,NaN,0,5.99999999999996,2,1,65,0.5
625,5492.27612,5491.433454,5491.610787,5492.273453,5494.602118,1,1.99999999999996,0.0200000000000003,7.00000000000003,1,2,66,0.5
626,5496.17745,5495.462784,5495.650117,5496.17745,5499.022113,1,NaN,0,5.99999999999996,2,1,65,0.5
627,5503.782775,5502.932109,5503.278776,5503.782775,5506.220773,1,NaN,0,5.99999999999996,2,1,65,0.5
628,5513.766765,5512.742766,5513.141433,5513.766765,5514.878097,1,NaN,0,5.99999999999996,2,1,65,0.5
629,5543.995402,5543.307402,5543.506069,5543.942068,5545.996066,0,1.99999999999996,0.0200000000000003,5.99999999999996,2,1,65,0.5
630,5547.015399,5546.472733,5546.653399,5546.962065,5548.975397,0,1.99999999999996,0.0200000000000003,5.99999999999996,2,1,65,0.5
631,5550.481395,5549.680063,5549.844729,5550.428062,5554.726058,1,1.99999999999996,0.0200000000000003,7.00000000000003,1,2,66,0.5
632,5555.89739,5555.181391,5555.314057,5555.89739,5556.640056,0,NaN,0,7.00000000000003,1,2,66,0.5
633,5566.698046,5565.854047,5566.08738,5566.644712,5571.504708,1,1.99999999999996,0.0200000000000003,7.00000000000003,1,2,66,0.5
634,5572.851373,5572.07404,5572.218707,5572.79804,5575.20937,0,1.99999999999996,0.0200000000000003,5.99999999999996,2,1,65,0.5
635,5576.277369,5575.644703,5575.862703,5576.277369,5583.560695,0,NaN,0,7.00000000000003,1,2,66,0.5
636,5584.586694,5583.943362,5584.034028,5584.586694,5593.762019,0,NaN,0,7.00000000000003,1,2,66,0.5
637,5595.102684,5594.551351,5594.594018,5595.102684,5595.840017,0,NaN,0,7.00000000000003,1,2,66,0.5
638,5606.310006,5605.38734,5605.602007,5606.256673,5609.629336,1,1.99999999999996,0.0200000000000003,7.00000000000003,1,2,66,0.5
639,5610.816002,5610.216002,5610.268002,5610.816002,5611.948001,0,NaN,0,7.00000000000003,1,2,66,0.5
640,5617.585995,5616.805329,5617.078662,5617.585995,5618.370661,1,NaN,0,5.99999999999996,2,1,65,0.5
641,5627.215318,5626.597319,5626.695319,5627.215318,5627.388652,0,NaN,0,7.00000000000003,1,2,66,0.5
642,5644.610634,5643.906635,5644.044635,5644.610634,5667.212612,0,NaN,0,7.00000000000003,1,2,66,0.5
643,5688.307257,5687.457925,5687.709925,5688.304591,5692.023254,1,1.99999999999996,0.0200000000000003,7.00000000000003,1,2,66,0.5
644,5693.284586,5692.66992,5692.752586,5693.284586,5693.609252,0,NaN,0,7.00000000000003,1,2,66,0.5
645,5705.045241,5704.368575,5704.453908,5705.045241,5720.389225,0,NaN,0,7.00000000000003,1,2,66,0.5
646,5737.992541,5737.021209,5737.467208,5737.939208,5741.106538,1,1.99999999999996,0.0200000000000003,7.00000000000003,1,2,66,0.5
647,5742.583203,5741.826537,5741.862537,5742.583203,5748.316531,0,NaN,0,7.00000000000003,1,2,66,0.5
648,5751.071861,5750.241862,5750.564528,5751.018528,5754.723191,1,1.99999999999996,0.0200000000000003,7.00000000000003,1,2,66,0.5
649,5756.00319,5755.211857,5755.436524,5756.00319,5759.11252,0,NaN,0,7.00000000000003,1,2,66,0.5
650,5778.052501,5777.199835,5777.553835,5777.999168,5782.872496,1,1.99999999999996,0.0200000000000003,7.00000000000003,1,2,66,0.5
651,5785.165827,5784.473828,5784.685828,5785.165827,5789.277156,1,NaN,0,5.99999999999996,2,1,65,0.5
652,5794.368485,5793.443152,5793.879152,5794.315151,5797.963814,1,1.99999999999996,0.0200000000000003,7.00000000000003,1,2,66,0.5
653,5799.433813,5798.677814,5798.923813,5799.38048,5802.38581,0,1.99999999999996,0.0200000000000003,5.99999999999996,2,1,65,0.5
654,5803.438476,5802.885143,5803.024476,5803.385142,5805.94714,0,1.99999999999996,0.0200000000000003,5.99999999999996,2,1,65,0.5
655,5807.252472,5806.691139,5806.855806,5807.252472,5814.142465,0,NaN,0,7.00000000000003,1,2,66,0.5
656,5815.744463,5814.522465,5814.937131,5815.69113,5821.309124,0,1.99999999999996,0.0200000000000003,5.99999999999996,2,1,65,0.5
657,5823.753789,5822.955123,5823.256456,5823.753789,5827.464452,0,NaN,0,7.00000000000003,1,2,66,0.5
658,5830.893781,5829.915782,5830.069782,5830.840449,5834.839778,1,1.99999999999996,0.0200000000000003,7.00000000000003,1,2,66,0.5
659,5836.892442,5835.708443,5836.101776,5836.839109,5840.681772,1,1.99999999999996,0.0200000000000003,7.00000000000003,1,2,66,0.5
660,5842.609103,5842.01977,5842.055104,5842.609103,5849.189763,0,NaN,0,7.00000000000003,1,2,66,0.5
661,5873.052406,5872.08774,5872.239073,5872.999073,5875.534404,0,1.99999999999996,0.0200000000000003,5.99999999999996,2,1,65,0.5
662,5876.882402,5876.310403,5876.370403,5876.879735,5880.219065,1,1.99999999999996,0.0200000000000003,7.00000000000003,1,2,66,0.5
663,5881.517731,5880.761065,5880.889065,5881.464398,5884.284395,0,1.99999999999996,0.0200000000000003,5.99999999999996,2,1,65,0.5
664,5885.55506,5884.834394,5885.107727,5885.55506,5886.529059,0,NaN,0,7.00000000000003,1,2,66,0.5
665,5892.596386,5891.572387,5891.94572,5892.596386,5893.258386,0,NaN,0,7.00000000000003,1,2,66,0.5
666,5964.927647,5964.265648,5964.323648,5964.927647,5968.092311,0,NaN,0,7.00000000000003,1,2,66,0.5
667,5974.720304,5974.086305,5974.255638,5974.720304,5976.070303,1,NaN,0,5.99999999999996,2,1,65,0.5
668,5992.480287,5991.584954,5991.892287,5992.426953,5994.442951,1,1.99999999999996,0.0200000000000003,7.00000000000003,1,2,66,0.5
669,5996.370949,5995.646283,5995.767617,5996.317616,5998.500281,0,1.99999999999996,0.0200000000000003,5.99999999999996,2,1,65,0.5
670,5999.634279,5999.009613,5999.184947,5999.592946,6001.577611,0,1.99999999999996,0.0200000000000003,5.99999999999996,2,1,65,0.5
671,6003.072943,6002.230943,6002.436943,6003.019609,6008.398937,1,1.99999999999996,0.0200000000000003,7.00000000000003,1,2,66,0.5
672,6009.838269,6009.060937,6009.27827,6009.784936,6011.774934,0,1.99999999999996,0.0200000000000003,5.99999999999996,2,1,65,0.5
673,6014.090932,6013.411599,6013.654265,6014.090932,6018.880261,0,NaN,0,7.00000000000003,1,2,66,0.5
674,6020.935591,6019.996259,6020.257592,6020.882258,6024.432255,1,1.99999999999996,0.0200000000000003,7.00000000000003,1,2,66,0.5
675,6025.692253,6025.008921,6025.196254,6025.692253,6038.158241,0,NaN,0,7.00000000000003,1,2,66,0.5
676,6039.287573,6038.751574,6038.86624,6039.23424,6040.823572,0,1.99999999999996,0.0200000000000003,5.99999999999996,2,1,65,0.5
677,6042.14557,6041.323571,6041.532238,6042.092237,6045.9589,1,1.99999999999996,0.0200000000000003,7.00000000000003,1,2,66,0.5
678,6047.686898,6046.483566,6046.667566,6047.686898,6058.095554,0,NaN,0,7.00000000000003,1,2,66,0.5
679,6059.356886,6058.472887,6058.829554,6059.303553,6062.848883,1,1.99999999999996,0.0200000000000003,7.00000000000003,1,2,66,0.5
680,6065.299547,6063.388882,6063.584215,6065.24688,6067.877544,1,1.99999999999996,0.0200000000000003,7.00000000000003,1,2,66,0.5
681,6069.443543,6068.60021,6068.86421,6069.440877,6075.154871,0,1.99999999999996,0.0200000000000003,5.99999999999996,2,1,65,0.5
682,6076.478203,6075.779537,6075.97087,6076.424869,6078.7922,0,1.99999999999996,0.0200000000000003,5.99999999999996,2,1,65,0.5
683,6080.143532,6079.478866,6079.660866,6080.143532,6095.293517,0,NaN,0,7.00000000000003,1,2,66,0.5
684,6096.698182,6095.80885,6096.145516,6096.644849,6100.872178,1,1.99999999999996,0.0200000000000003,7.00000000000003,1,2,66,0.5
685,6102.692843,6101.385511,6101.548177,6102.63951,6108.92017,1,1.99999999999996,0.0200000000000003,7.00000000000003,1,2,66,0.5
686,6110.402835,6109.51217,6109.782836,6110.349502,6113.439499,0,1.99999999999996,0.0200000000000003,5.99999999999996,2,1,65,0.5
687,6115.72683,6114.753498,6115.037497,6115.724163,6121.662824,1,1.99999999999996,0.0200000000000003,7.00000000000003,1,2,66,0.5
688,6122.958156,6122.606156,6122.61149,6122.904823,6125.862153,0,1.99999999999996,0.0200000000000003,5.99999999999996,2,1,65,0.5
689,6127.144819,6126.431486,6126.638819,6127.091485,6130.203482,0,1.99999999999996,0.0200000000000003,5.99999999999996,2,1,65,0.5
690,6131.383481,6130.758815,6130.936148,6131.335481,6133.872145,0,1.99999999999996,0.0200000000000003,5.99999999999996,2,1,65,0.5
691,6134.942144,6134.377478,6134.480811,6134.942144,6140.527472,0,NaN,0,7.00000000000003,1,2,66,0.5
692,6142.46347,6141.396138,6141.834137,6142.410137,6146.266799,1,1.99999999999996,0.0200000000000003,7.00000000000003,1,2,66,0.5
693,6147.788131,6146.736132,6147.000132,6147.788131,6154.262791,0,NaN,0,7.00000000000003,1,2,66,0.5
694,6174.325438,6173.507439,6173.632772,6174.272105,6176.232769,0,1.99999999999996,0.0200000000000003,5.99999999999996,2,1,65,0.5
695,6181.998764,6180.996098,6181.370098,6181.996097,6184.442761,1,1.99999999999996,0.0200000000000003,7.00000000000003,1,2,66,0.5
696,6185.65676,6185.019427,6185.072094,6185.65676,6196.699416,0,NaN,0,7.00000000000003,1,2,66,0.5
697,6197.731415,6197.136082,6197.160753,6197.731415,6197.963414,0,NaN,0,7.00000000000003,1,2,66,0.5
698,6205.857407,6205.23274,6205.38674,6205.821407,6207.050739,0,1.99999999999996,0.0200000000000003,5.99999999999996,2,1,65,0.5
699,6208.560737,6207.681405,6208.012071,6208.507404,6212.1294,1,1.99999999999996,0.0200000000000003,7.00000000000003,1,2,66,0.5
700,6214.249398,6213.461399,6213.648732,6214.196065,6218.366061,1,1.99999999999996,0.0200000000000003,7.00000000000003,1,2,66,0.5
701,6219.586059,6218.850727,6219.048727,6219.532726,6222.158724,0,1.99999999999996,0.0200000000000003,5.99999999999996,2,1,65,0.5
702,6223.350056,6222.762056,6222.900056,6223.350056,6228.679384,0,NaN,0,7.00000000000003,1,2,66,0.5
703,6231.117381,6230.279382,6230.501382,6231.064715,6233.561379,1,1.99999999999996,0.0200000000000003,7.00000000000003,1,2,66,0.5
704,6234.903378,6233.967378,6234.204711,6234.903378,6240.398705,1,NaN,0,5.99999999999996,2,1,65,0.5
705,6241.508038,6240.778705,6240.981371,6241.454704,6243.743369,0,1.99999999999996,0.0200000000000003,5.99999999999996,2,1,65,0.5
706,6244.997367,6244.303368,6244.508701,6244.944034,6247.380698,0,1.99999999999996,0.0200000000000003,5.99999999999996,2,1,65,0.5
707,6248.806697,6247.974698,6248.198031,6248.753364,6252.878693,1,1.99999999999996,0.0200000000000003,7.00000000000003,1,2,66,0.5
708,6254.081358,6253.309359,6253.437359,6254.028025,6256.257356,0,1.99999999999996,0.0200000000000003,5.99999999999996,2,1,65,0.5
709,6257.843355,6256.909355,6257.136022,6257.843355,6263.328682,0,NaN,0,7.00000000000003,1,2,66,0.5
710,6264.890014,6263.712682,6264.054015,6264.836681,6267.717345,1,1.99999999999996,0.0200000000000003,7.00000000000003,1,2,66,0.5
711,6270.598675,6269.592676,6269.985342,6270.545342,6273.654672,1,1.99999999999996,0.0200000000000003,7.00000000000003,1,2,66,0.5
712,6275.036671,6274.726671,6274.732671,6274.983337,6277.935334,0,1.99999999999996,0.0200000000000003,5.99999999999996,2,1,65,0.5
713,6279.325333,6278.520667,6278.812667,6279.272,6281.568664,0,1.99999999999996,0.0200000000000003,5.99999999999996,2,1,65,0.5
714,6282.999329,6282.05533,6282.371997,6282.945996,6286.839992,1,1.99999999999996,0.0200000000000003,7.00000000000003,1,2,66,0.5
715,6288.640657,6287.302658,6287.554658,6288.640657,6294.035318,0,NaN,0,7.00000000000003,1,2,66,0.5
716,6297.523315,6296.730649,6297.010649,6297.520648,6302.161977,1,1.99999999999996,0.0200000000000003,7.00000000000003,1,2,66,0.5
717,6303.331309,6302.557976,6302.763976,6303.331309,6303.473976,0,NaN,0,7.00000000000003,1,2,66,0.5
718,6309.862636,6308.827304,6309.105303,6309.859969,6312.888633,0,1.99999999999996,0.0200000000000003,5.99999999999996,2,1,65,0.5
719,6314.373965,6313.460632,6313.691965,6314.321298,6317.038629,1,1.99999999999996,0.0200000000000003,7.00000000000003,1,2,66,0.5
720,6318.289961,6317.431962,6317.653295,6318.289961,6319.38996,0,NaN,0,7.00000000000003,1,2,66,0.5
721,6324.911287,6324.068622,6324.439288,6324.857954,6328.079951,1,1.99999999999996,0.0200000000000003,7.00000000000003,1,2,66,0.5
722,6329.235283,6328.492617,6328.675284,6329.235283,6329.853282,0,NaN,0,7.00000000000003,1,2,66,0.5
723,6337.129275,6336.287943,6336.513276,6337.126609,6351.406594,1,1.99999999999996,0.0200000000000003,7.00000000000003,1,2,66,0.5
724,6352.71526,6351.942594,6352.077927,6352.661926,6355.21859,0,1.99999999999996,0.0200000000000003,5.99999999999996,2,1,65,0.5
725,6356.610589,6355.735257,6355.935256,6356.557256,6359.25792,1,1.99999999999996,0.0200000000000003,7.00000000000003,1,2,66,0.5
726,6360.535918,6359.753253,6359.940586,6360.482585,6362.605916,0,1.99999999999996,0.0200000000000003,5.99999999999996,2,1,65,0.5
727,6364.042582,6363.137249,6363.489916,6363.989248,6366.147246,1,1.99999999999996,0.0200000000000003,7.00000000000003,1,2,66,0.5
728,6367.593911,6366.928579,6367.055912,6367.593911,6372.18324,0,NaN,0,7.00000000000003,1,2,66,0.5
729,6375.809237,6374.895237,6375.197904,6375.755903,6378.938567,1,1.99999999999996,0.0200000000000003,7.00000000000003,1,2,66,0.5
730,6380.188566,6379.312566,6379.586566,6380.135232,6382.68523,0,1.99999999999996,0.0200000000000003,5.99999999999996,2,1,65,0.5
731,6385.041227,6384.233895,6384.475228,6384.987894,6387.613225,1,1.99999999999996,0.0200000000000003,7.00000000000003,1,2,66,0.5
732,6388.900557,6388.233224,6388.389224,6388.900557,6482.998463,0,NaN,0,7.00000000000003,1,2,66,0.5
733,6484.322461,6483.605795,6483.884462,6484.269128,6485.79246,1,1.99999999999996,0.0200000000000003,7.00000000000003,1,2,66,0.5
734,6486.938459,6486.315126,6486.500459,6486.938459,6487.887791,0,NaN,0,7.00000000000003,1,2,66,0.5
735,6498.619114,6497.900448,6498.131114,6498.619114,6506.275106,1,NaN,0,5.99999999999996,2,1,65,0.5
736,6507.503105,6506.635107,6506.865772,6507.449772,6509.615769,1,1.99999999999996,0.0200000000000003,7.00000000000003,1,2,66,0.5
737,6510.879101,6510.073102,6510.140436,6510.879101,6586.091026,0,NaN,0,7.00000000000003,1,2,66,0.5
738,6587.873692,6586.641692,6587.160359,6587.820358,6617.609661,1,1.99999999999996,0.0200000000000003,7.00000000000003,1,2,66,0.5
739,6619.176993,6618.274994,6618.662327,6619.176993,6619.976992,1,NaN,0,5.99999999999996,2,1,65,0.5
740,6633.718312,6632.863646,6633.058979,6633.664979,6636.304976,1,1.99999999999996,0.0200000000000003,7.00000000000003,1,2,66,0.5
741,6638.203641,6637.401642,6637.458975,6638.203641,6644.475635,0,NaN,0,7.00000000000003,1,2,66,0.5
742,6648.688297,6647.938964,6648.114298,6648.688297,6649.184963,1,NaN,0,5.99999999999996,2,1,65,0.5
743,6658.142288,6657.292955,6657.662955,6658.142288,6671.837607,1,NaN,0,5.99999999999996,2,1,65,0.5
744,6679.378933,6678.512934,6678.782934,6679.378933,6685.042927,1,NaN,0,5.99999999999996,2,1,65,0.5
745,6687.562258,6686.634259,6687.003592,6687.508925,6692.204253,1,1.99999999999996,0.0200000000000003,7.00000000000003,1,2,66,0.5
746,6693.602252,6692.84892,6693.043586,6693.548919,6696.254249,0,1.99999999999996,0.0200000000000003,5.99999999999996,2,1,65,0.5
747,6697.494915,6696.870249,6697.105582,6697.473582,6699.954912,0,1.99999999999996,0.0200000000000003,5.99999999999996,2,1,65,0.5
748,6701.379578,6700.562245,6700.840912,6701.326244,6708.100238,1,1.99999999999996,0.0200000000000003,7.00000000000003,1,2,66,0.5
749,6709.729569,6708.822904,6709.216903,6709.729569,6715.725563,0,NaN,0,7.00000000000003,1,2,66,0.5
750,6717.440228,6716.485563,6716.873562,6717.386895,6720.618225,1,1.99999999999996,0.0200000000000003,7.00000000000003,1,2,66,0.5
751,6721.86689,6721.048891,6721.230224,6721.813557,6724.383555,0,1.99999999999996,0.0200000000000003,5.99999999999996,2,1,65,0.5
752,6725.81822,6724.917554,6725.300887,6725.764887,6726.996219,1,1.99999999999996,0.0200000000000003,7.00000000000003,1,2,66,0.5
753,6728.146884,6727.448218,6727.640885,6728.093551,6730.956215,0,1.99999999999996,0.0200000000000003,5.99999999999996,2,1,65,0.5
754,6732.13288,6731.434881,6731.646214,6732.079547,6735.596877,0,1.99999999999996,0.0200000000000003,5.99999999999996,2,1,65,0.5
755,6736.842876,6736.032876,6736.332876,6736.790209,6740.078206,1,1.99999999999996,0.0200000000000003,7.00000000000003,1,2,66,0.5
756,6741.166205,6740.481539,6740.602205,6741.166205,6747.902198,0,NaN,0,7.00000000000003,1,2,66,0.5
757,6749.547529,6748.332197,6748.686864,6749.494196,6752.683526,1,1.99999999999996,0.0200000000000003,7.00000000000003,1,2,66,0.5
758,6754.057525,6753.164859,6753.396192,6754.004192,6756.654189,0,1.99999999999996,0.0200000000000003,5.99999999999996,2,1,65,0.5
759,6758.033521,6757.102189,6757.452189,6757.980188,6762.31885,1,1.99999999999996,0.0200000000000003,7.00000000000003,1,2,66,0.5
760,6763.642849,6762.80885,6763.044849,6763.589515,6766.097513,0,1.99999999999996,0.0200000000000003,5.99999999999996,2,1,65,0.5
761,6767.313512,6766.563512,6766.807512,6767.313512,6772.39084,0,NaN,0,7.00000000000003,1,2,66,0.5
762,6773.530839,6772.805506,6773.084839,6773.530839,6780.200166,1,NaN,0,5.99999999999996,2,1,65,0.5
763,6781.746831,6780.665499,6781.070165,6781.693497,6785.302827,1,1.99999999999996,0.0200000000000003,7.00000000000003,1,2,66,0.5
764,6787.248825,6786.434159,6786.642159,6787.195492,6791.680154,1,1.99999999999996,0.0200000000000003,7.00000000000003,1,2,66,0.5
765,6793.239486,6792.289487,6792.64082,6793.239486,6796.193483,1,NaN,0,5.99999999999996,2,1,65,0.5
766,6801.169478,6800.397479,6800.552145,6801.169478,6807.679471,1,NaN,0,5.99999999999996,2,1,65,0.5
767,6809.606803,6808.072138,6808.55947,6809.553469,6813.060799,1,1.99999999999996,0.0200000000000003,7.00000000000003,1,2,66,0.5
768,6814.832131,6813.482132,6813.970132,6814.778798,6818.113461,1,1.99999999999996,0.0200000000000003,7.00000000000003,1,2,66,0.5
769,6819.442126,6818.550127,6818.87546,6819.442126,6825.865453,0,NaN,0,7.00000000000003,1,2,66,0.5
770,6827.192785,6826.301453,6826.670119,6827.192785,6838.032774,1,NaN,0,5.99999999999996,2,1,65,0.5
771,6839.575439,6838.429441,6839.046107,6839.522106,6841.842771,0,1.99999999999996,0.0200000000000003,5.99999999999996,2,1,65,0.5
772,6843.035436,6842.31477,6842.580103,6842.982103,6845.835433,0,1.99999999999996,0.0200000000000003,5.99999999999996,2,1,65,0.5
773,6847.410765,6846.499433,6846.830099,6847.408098,6850.366095,1,1.99999999999996,0.0200000000000003,7.00000000000003,1,2,66,0.5
774,6851.628761,6850.807428,6851.036761,6851.575427,6853.592759,0,1.99999999999996,0.0200000000000003,5.99999999999996,2,1,65,0.5
775,6854.897424,6854.072092,6854.383425,6854.844091,6856.884755,0,1.99999999999996,0.0200000000000003,5.99999999999996,2,1,65,0.5
776,6858.112754,6857.438088,6857.681421,6858.059421,6860.616752,0,1.99999999999996,0.0200000000000003,5.99999999999996,2,1,65,0.5
777,6862.062084,6861.153418,6861.511418,6862.009417,6865.73608,1,1.99999999999996,0.0200000000000003,7.00000000000003,1,2,66,0.5
778,6866.882745,6866.09808,6866.238079,6866.830079,6868.722744,0,1.99999999999996,0.0200000000000003,5.99999999999996,2,1,65,0.5
779,6869.915409,6869.290743,6869.47741,6869.888742,6872.48274,0,1.99999999999996,0.0200000000000003,5.99999999999996,2,1,65,0.5
780,6873.998738,6873.083406,6873.424072,6873.945405,6876.814736,1,1.99999999999996,0.0200000000000003,7.00000000000003,1,2,66,0.5
781,6877.898734,6877.301402,6877.314735,6877.898734,6883.287396,0,NaN,0,7.00000000000003,1,2,66,0.5
782,6884.572061,6883.653395,6884.007395,6884.518728,6886.971392,0,1.99999999999996,0.0200000000000003,5.99999999999996,2,1,65,0.5
783,6888.313391,6887.606725,6887.787391,6888.313391,6892.30672,0,NaN,0,7.00000000000003,1,2,66,0.5
784,6895.531384,6894.364718,6894.552718,6895.47805,6898.52938,1,1.99999999999996,0.0200000000000003,7.00000000000003,1,2,66,0.5
785,6899.836713,6898.932047,6899.244046,6899.783379,6902.039377,0,1.99999999999996,0.0200000000000003,5.99999999999996,2,1,65,0.5
786,6903.190043,6902.497377,6902.691376,6903.190043,6908.852704,0,NaN,0,7.00000000000003,1,2,66,0.5
787,6910.049369,6909.260036,6909.468703,6909.996036,6912.495367,0,1.99999999999996,0.0200000000000003,5.99999999999996,2,1,65,0.5
788,6913.566032,6912.996699,6913.188033,6913.563365,6915.682697,0,1.99999999999996,0.0200000000000003,5.99999999999996,2,1,65,0.5
789,6917.479362,6916.531363,6916.912695,6917.426028,6920.070026,1,1.99999999999996,0.0200000000000003,7.00000000000003,1,2,66,0.5
790,6921.205358,6920.444692,6920.578692,6921.152025,6923.492689,0,1.99999999999996,0.0200000000000003,5.99999999999996,2,1,65,0.5
791,6924.690688,6924.160022,6924.264021,6924.690688,6925.002021,0,NaN,0,7.00000000000003,1,2,66,0.5
792,6930.824682,6930.086016,6930.341349,6930.771348,6932.183347,0,1.99999999999996,0.0200000000000003,5.99999999999996,2,1,65,0.5
793,6933.554679,6932.683346,6933.042013,6933.554679,6934.552678,1,NaN,0,5.99999999999996,2,1,65,0.5
794,6942.310003,6940.564005,6940.920005,6942.25667,6947.572665,1,1.99999999999996,0.0200000000000003,7.00000000000003,1,2,66,0.5
795,6949.597996,6948.830664,6948.959997,6949.595329,6953.159326,1,1.99999999999996,0.0200000000000003,7.00000000000003,1,2,66,0.5
796,6954.725324,6953.672659,6953.907325,6954.671991,6957.888654,1,1.99999999999996,0.0200000000000003,7.00000000000003,1,2,66,0.5
797,6959.531319,6958.615987,6958.78132,6959.531319,6962.791983,1,NaN,0,5.99999999999996,2,1,65,0.5
798,7007.070605,7005.47794,7005.807273,7007.070605,7009.541269,1,NaN,0,5.99999999999996,2,1,65,0.5
799,7031.029915,7030.335249,7030.488582,7030.976581,7034.469911,0,1.99999999999996,0.0200000000000003,5.99999999999996,2,1,65,0.5
800,7035.692577,7034.947244,7035.207911,7035.639243,7037.361242,0,1.99999999999996,0.0200000000000003,5.99999999999996,2,1,65,0.5
801,7038.522574,7037.843908,7038.049241,7038.469241,7040.681238,0,1.99999999999996,0.0200000000000003,5.99999999999996,2,1,65,0.5
802,7042.043904,7041.144571,7041.334571,7042.041237,7045.256567,1,1.99999999999996,0.0200000000000003,7.00000000000003,1,2,66,0.5
803,7046.531899,7045.710567,7045.8719,7046.478566,7048.472564,0,1.99999999999996,0.0200000000000003,5.99999999999996,2,1,65,0.5
804,7049.713229,7048.968563,7049.16323,7049.659896,7051.77256,0,1.99999999999996,0.0200000000000003,5.99999999999996,2,1,65,0.5
805,7055.78389,7054.821891,7055.056557,7055.781223,7059.116553,1,1.99999999999996,0.0200000000000003,7.00000000000003,1,2,66,0.5
806,7060.232552,7059.623219,7059.702553,7060.179219,7062.155884,0,1.99999999999996,0.0200000000000003,5.99999999999996,2,1,65,0.5
807,7063.572549,7062.947883,7063.123883,7063.533882,7065.366547,0,1.99999999999996,0.0200000000000003,5.99999999999996,2,1,65,0.5
808,7067.168545,7066.16988,7066.401879,7067.115212,7070.896541,1,1.99999999999996,0.0200000000000003,7.00000000000003,1,2,66,0.5
809,7072.063874,7071.456541,7071.527874,7072.063874,7072.213207,0,NaN,0,7.00000000000003,1,2,66,0.5
810,7086.357859,7085.48786,7085.61386,7086.304526,7088.464524,1,1.99999999999996,0.0200000000000003,7.00000000000003,1,2,66,0.5
811,7089.748523,7089.10319,7089.124523,7089.748523,7090.509189,0,NaN,0,7.00000000000003,1,2,66,0.5
812,7100.298512,7099.311846,7099.688513,7100.298512,7102.793176,0,NaN,0,7.00000000000003,1,2,66,0.5
813,7115.652497,7114.815164,7115.055164,7115.652497,7121.047158,1,NaN,0,5.99999999999996,2,1,65,0.5
814,7123.610489,7122.699156,7123.151156,7123.557155,7127.341818,1,1.99999999999996,0.0200000000000003,7.00000000000003,1,2,66,0.5
815,7128.488484,7127.753151,7127.948484,7128.488484,7135.466477,0,NaN,0,7.00000000000003,1,2,66,0.5
816,7136.679142,7135.83981,7136.199809,7136.625809,7139.957139,1,1.99999999999996,0.0200000000000003,7.00000000000003,1,2,66,0.5
817,7141.649804,7140.444472,7140.561805,7141.596471,7149.474463,1,1.99999999999996,0.0200000000000003,7.00000000000003,1,2,66,0.5
818,7150.500462,7149.875796,7149.963129,7150.473795,7153.024459,0,1.99999999999996,0.0200000000000003,5.99999999999996,2,1,65,0.5
819,7154.671124,7153.681125,7153.887125,7154.617791,7159.074453,1,1.99999999999996,0.0200000000000003,7.00000000000003,1,2,66,0.5
820,7161.409118,7160.638452,7160.971785,7161.355784,7163.248449,0,1.99999999999996,0.0200000000000003,5.99999999999996,2,1,65,0.5
821,7164.461115,7163.733782,7164.061782,7164.407781,7166.291779,0,1.99999999999996,0.0200000000000003,5.99999999999996,2,1,65,0.5
822,7167.641111,7166.784446,7167.125779,7167.587778,7170.963775,1,1.99999999999996,0.0200000000000003,7.00000000000003,1,2,66,0.5
823,7172.06044,7171.386441,7171.519774,7172.06044,7179.237766,0,NaN,0,7.00000000000003,1,2,66,0.5
824,7183.465762,7182.48843,7182.697096,7183.412429,7195.136417,1,1.99999999999996,0.0200000000000003,7.00000000000003,1,2,66,0.5
825,7196.853749,7195.572417,7195.73375,7196.853749,7285.838993,1,NaN,0,5.99999999999996,2,1,65,0.5
826,7288.756324,7287.530325,7287.600991,7288.753657,7292.372987,0,1.99999999999996,0.0200000000000003,5.99999999999996,2,1,65,0.5
827,7294.160985,7293.232319,7293.596985,7294.160985,7310.420969,0,NaN,0,7.00000000000003,1,2,66,0.5
828,7311.9943,7310.934968,7311.133635,7311.940967,7315.33763,1,1.99999999999996,0.0200000000000003,7.00000000000003,1,2,66,0.5
829,7316.881629,7316.13363,7316.308963,7316.828296,7318.951627,0,1.99999999999996,0.0200000000000003,5.99999999999996,2,1,65,0.5
830,7320.322292,7319.738293,7319.858293,7320.268959,7322.513623,0,1.99999999999996,0.0200000000000003,5.99999999999996,2,1,65,0.5
831,7324.014288,7323.164289,7323.315622,7323.960955,7325.99762,0,1.99999999999996,0.0200000000000003,5.99999999999996,2,1,65,0.5
832,7328.62695,7327.838285,7328.110951,7328.62695,7331.049615,0,NaN,0,7.00000000000003,1,2,66,0.5
833,7335.57361,7334.207611,7334.426278,7335.520277,7337.794275,0,1.99999999999996,0.0200000000000003,5.99999999999996,2,1,65,0.5
834,7339.270273,7338.292274,7338.64094,7339.267606,7342.420937,1,1.99999999999996,0.0200000000000003,7.00000000000003,1,2,66,0.5
835,7343.494936,7342.80427,7342.964269,7343.441602,7344.146935,0,1.99999999999996,0.0200000000000003,5.99999999999996,2,1,65,0.5
836,7347.780931,7346.066933,7346.346266,7347.727598,7350.878261,1,1.99999999999996,0.0200000000000003,7.00000000000003,1,2,66,0.5
837,7352.168927,7351.395594,7351.586261,7352.115594,7352.934926,0,1.99999999999996,0.0200000000000003,5.99999999999996,2,1,65,0.5
838,7354.820258,7353.528926,7353.766925,7354.766924,7357.832255,1,1.99999999999996,0.0200000000000003,7.00000000000003,1,2,66,0.5
839,7359.133587,7358.442921,7358.521587,7359.080253,7360.453585,0,1.99999999999996,0.0200000000000003,5.99999999999996,2,1,65,0.5
840,7363.617582,7363.223582,7363.226916,7363.617582,7364.354248,1,NaN,0,5.99999999999996,2,1,65,0.5
841,7371.264908,7370.252242,7370.630908,7371.262241,7374.246905,1,1.99999999999996,0.0200000000000003,7.00000000000003,1,2,66,0.5
842,7376.554902,7374.611571,7374.733571,7376.501569,7379.635566,1,1.99999999999996,0.0200000000000003,7.00000000000003,1,2,66,0.5
843,7380.935565,7380.082232,7380.355565,7380.882231,7383.070229,0,1.99999999999996,0.0200000000000003,5.99999999999996,2,1,65,0.5
844,7384.940227,7384.940227,7383.795562,NaN,NaN,NaN,NaN,0,5.99999999999996,2,1,65,0.5
845,7392.990886,7392.145554,7392.507553,7392.937553,7395.558217,1,1.99999999999996,0.0200000000000003,7.00000000000003,1,2,66,0.5
846,7396.796216,7396.028216,7396.214883,7396.742882,7398.66488,0,1.99999999999996,0.0200000000000003,5.99999999999996,2,1,65,0.5
847,7400.059546,7399.43488,7399.642879,7400.034212,7401.948877,0,1.99999999999996,0.0200000000000003,5.99999999999996,2,1,65,0.5
848,7403.546209,7402.66221,7402.976209,7403.546209,7407.485538,0,NaN,0,7.00000000000003,1,2,66,0.5
849,7410.248869,7409.425536,7409.768203,7410.246202,7413.155533,1,1.99999999999996,0.0200000000000003,7.00000000000003,1,2,66,0.5
850,7414.402865,7413.716866,7413.860865,7414.349531,7416.667529,0,1.99999999999996,0.0200000000000003,5.99999999999996,2,1,65,0.5
851,7418.621527,7417.243528,7417.443528,7418.568194,7421.832857,1,1.99999999999996,0.0200000000000003,7.00000000000003,1,2,66,0.5
852,7423.019523,7422.36819,7422.440857,7423.019523,7425.53152,0,NaN,0,7.00000000000003,1,2,66,0.5
853,7432.045514,7431.215514,7431.424181,7432.045514,7432.667513,1,NaN,0,5.99999999999996,2,1,65,0.5
854,7439.004173,7437.984841,7438.194174,7439.001507,7442.780836,1,1.99999999999996,0.0200000000000003,7.00000000000003,1,2,66,0.5
855,7444.206835,7443.308169,7443.568835,7444.153502,7447.558165,0,1.99999999999996,0.0200000000000003,5.99999999999996,2,1,65,0.5
856,7448.75283,7448.070831,7448.283497,7448.699497,7450.408162,0,1.99999999999996,0.0200000000000003,5.99999999999996,2,1,65,0.5
857,7451.710161,7451.085495,7451.309494,7451.706161,7454.103492,0,1.99999999999996,0.0200000000000003,5.99999999999996,2,1,65,0.5
858,7455.516157,7454.604824,7454.848158,7455.51349,7458.327487,1,1.99999999999996,0.0200000000000003,7.00000000000003,1,2,66,0.5
859,7459.564819,7458.800154,7458.994153,7459.564819,7504.483441,0,NaN,0,7.00000000000003,1,2,66,0.5
860,7505.808107,7505.052774,7505.186774,7505.808107,7509.783436,0,NaN,0,7.00000000000003,1,2,66,0.5
861,7515.478764,7514.739431,7515.030764,7515.42543,7517.589428,0,1.99999999999996,0.0200000000000003,5.99999999999996,2,1,65,0.5
862,7518.724094,7518.099428,7518.301427,7518.688094,7520.825425,0,1.99999999999996,0.0200000000000003,5.99999999999996,2,1,65,0.5
863,7522.173424,7521.364091,7521.608091,7522.173424,7525.90342,0,NaN,0,7.00000000000003,1,2,66,0.5
864,7528.637417,7527.520085,7527.778751,7528.63475,7531.277414,1,1.99999999999996,0.0200000000000003,7.00000000000003,1,2,66,0.5
865,7532.512747,7531.867414,7531.940747,7532.512747,7540.190072,0,NaN,0,7.00000000000003,1,2,66,0.5
866,7542.544736,7541.287404,7541.620071,7542.491403,7544.346735,1,1.99999999999996,0.0200000000000003,7.00000000000003,1,2,66,0.5
867,7547.866731,7544.958734,7545.138734,7547.866731,7548.221397,0,NaN,0,7.00000000000003,1,2,66,0.5
868,7557.802721,7556.816722,7557.064055,7557.749388,7559.147387,1,1.99999999999996,0.0200000000000003,7.00000000000003,1,2,66,0.5
869,7563.667382,7563.056716,7563.250049,7563.667382,7570.093376,0,NaN,0,7.00000000000003,1,2,66,0.5
870,7571.848707,7570.774042,7571.141375,7571.795374,7574.606038,1,1.99999999999996,0.0200000000000003,7.00000000000003,1,2,66,0.5
871,7576.248036,7575.170704,7575.332037,7576.194703,7578.8927,1,1.99999999999996,0.0200000000000003,7.00000000000003,1,2,66,0.5
872,7580.692032,7579.542033,7579.849366,7580.689365,7583.753362,1,1.99999999999996,0.0200000000000003,7.00000000000003,1,2,66,0.5
873,7585.148694,7584.343361,7584.498028,7585.095361,7587.348692,0,1.99999999999996,0.0200000000000003,5.99999999999996,2,1,65,0.5
874,7589.006023,7588.281357,7588.464024,7588.95269,7591.500688,0,1.99999999999996,0.0200000000000003,5.99999999999996,2,1,65,0.5
875,7592.85602,7592.102687,7592.335353,7592.803353,7595.108684,0,1.99999999999996,0.0200000000000003,5.99999999999996,2,1,65,0.5
876,7596.500016,7595.62935,7595.93735,7596.446683,7599.686013,1,1.99999999999996,0.0200000000000003,7.00000000000003,1,2,66,0.5
877,7601.93001,7600.950678,7601.174678,7601.93001,7608.259337,1,NaN,0,5.99999999999996,2,1,65,0.5
878,7609.468003,7608.64667,7608.903337,7609.41467,7611.314001,0,1.99999999999996,0.0200000000000003,5.99999999999996,2,1,65,0.5
879,7612.973333,7612.24,7612.44,7612.919999,7615.591997,1,1.99999999999996,0.0200000000000003,7.00000000000003,1,2,66,0.5
880,7616.653996,7616.009996,7616.123329,7616.653996,7616.823329,0,NaN,0,7.00000000000003,1,2,66,0.5
881,7625.33732,7624.584654,7624.835321,7625.283987,7627.605985,0,1.99999999999996,0.0200000000000003,5.99999999999996,2,1,65,0.5
882,7629.097983,7628.059318,7628.287984,7629.04465,7631.878647,1,1.99999999999996,0.0200000000000003,7.00000000000003,1,2,66,0.5
883,7633.169313,7632.34398,7632.563313,7633.169313,7641.279971,0,NaN,0,7.00000000000003,1,2,66,0.5
884,7709.455236,7708.090571,7708.633237,7709.401903,7710.506569,1,1.99999999999996,0.0200000000000003,7.00000000000003,1,2,66,0.5
885,7712.246567,7711.513901,7711.693901,7712.246567,7712.415233,0,NaN,0,7.00000000000003,1,2,66,0.5
886,7882.917063,7882.018397,7882.24773,7882.86373,7894.761051,1,1.99999999999996,0.0200000000000003,7.00000000000003,1,2,66,0.5
887,7896.176383,7895.155717,7895.500384,7896.12305,7901.237044,1,1.99999999999996,0.0200000000000003,7.00000000000003,1,2,66,0.5
888,7903.465042,7902.780376,7902.945709,7903.465042,7904.299708,0,NaN,0,7.00000000000003,1,2,66,0.5
889,7921.253024,7920.332359,7920.561692,7921.253024,7921.425024,0,NaN,0,7.00000000000003,1,2,66,0.5
890,7931.279681,7930.318349,7930.560348,7931.226348,7934.311011,1,1.99999999999996,0.0200000000000003,7.00000000000003,1,2,66,0.5
891,7935.789677,7935.204344,7935.24301,7935.789677,7937.017009,0,NaN,0,7.00000000000003,1,2,66,0.5
892,7948.569664,7947.891664,7948.094331,7948.569664,7956.414989,0,NaN,0,7.00000000000003,1,2,66,0.5
893,7957.702988,7956.990989,7957.043655,7957.702988,7960.342985,0,NaN,0,7.00000000000003,1,2,66,0.5
894,7973.156306,7972.372307,7972.47564,7973.153639,7975.93897,1,1.99999999999996,0.0200000000000003,7.00000000000003,1,2,66,0.5
895,7979.691633,7978.925633,7979.233633,7979.691633,7980.533632,0,NaN,0,7.00000000000003,1,2,66,0.5
896,7986.976292,7985.957626,7986.162293,7986.922959,7989.324956,1,1.99999999999996,0.0200000000000003,7.00000000000003,1,2,66,0.5
897,7991.083621,7990.070289,7990.238289,7991.030288,7992.966953,0,1.99999999999996,0.0200000000000003,5.99999999999996,2,1,65,0.5
898,7995.269617,7994.626284,7994.769618,7995.216284,7997.216282,0,1.99999999999996,0.0200000000000003,5.99999999999996,2,1,65,0.5
899,7998.510281,7997.690948,7997.857614,7998.456947,8005.317607,1,1.99999999999996,0.0200000000000003,7.00000000000003,1,2,66,0.5
900,8006.442273,8005.76294,8005.86894,8006.442273,8015.47893,0,NaN,0,7.00000000000003,1,2,66,0.5
901,8017.135595,8016.344929,8016.578262,8017.135595,8017.722261,1,NaN,0,5.99999999999996,2,1,65,0.5
902,8029.102917,8028.272251,8028.608917,8029.049583,8032.05558,1,1.99999999999996,0.0200000000000003,7.00000000000003,1,2,66,0.5
903,8033.300246,8032.574246,8032.734913,8033.246912,8035.22091,0,1.99999999999996,0.0200000000000003,5.99999999999996,2,1,65,0.5
904,8037.640241,8036.794242,8037.030909,8037.640241,8042.652903,0,NaN,0,7.00000000000003,1,2,66,0.5
905,8044.274901,8043.079569,8043.549569,8044.221568,8047.112899,1,1.99999999999996,0.0200000000000003,7.00000000000003,1,2,66,0.5
906,8048.812897,8047.568231,8047.753565,8048.759564,8051.413561,1,1.99999999999996,0.0200000000000003,7.00000000000003,1,2,66,0.5
907,8053.241559,8052.420227,8052.646893,8053.188892,8055.35689,0,1.99999999999996,0.0200000000000003,5.99999999999996,2,1,65,0.5
908,8056.588222,8055.787557,8056.10489,8056.534889,8059.461553,1,1.99999999999996,0.0200000000000003,7.00000000000003,1,2,66,0.5
909,8060.788885,8059.923552,8060.164219,8060.735552,8062.120884,0,1.99999999999996,0.0200000000000003,5.99999999999996,2,1,65,0.5
910,8063.443549,8062.596216,8062.950216,8063.390216,8066.906879,1,1.99999999999996,0.0200000000000003,7.00000000000003,1,2,66,0.5
911,8068.114211,8067.489545,8067.627545,8068.079544,8070.134876,0,1.99999999999996,0.0200000000000003,5.99999999999996,2,1,65,0.5
912,8071.615541,8070.902875,8071.052208,8071.562207,8075.711537,1,1.99999999999996,0.0200000000000003,7.00000000000003,1,2,66,0.5
913,8076.982869,8076.319536,8076.477536,8076.982869,8086.468193,0,NaN,0,7.00000000000003,1,2,66,0.5
914,8087.672858,8086.836859,8087.149525,8087.619525,8092.70352,1,1.99999999999996,0.0200000000000003,7.00000000000003,1,2,66,0.5
915,8094.116852,8093.120853,8093.489519,8094.116852,8100.106846,1,NaN,0,5.99999999999996,2,1,65,0.5
916,8102.764176,8101.752177,8102.118177,8102.710843,8105.114174,1,1.99999999999996,0.0200000000000003,7.00000000000003,1,2,66,0.5
917,8106.704839,8105.501507,8105.721507,8106.651506,8109.23017,0,1.99999999999996,0.0200000000000003,5.99999999999996,2,1,65,0.5
918,8110.599502,8109.703503,8110.034169,8110.546168,8113.122166,1,1.99999999999996,0.0200000000000003,7.00000000000003,1,2,66,0.5
919,8114.298165,8113.534832,8113.744165,8114.298165,8119.42816,0,NaN,0,7.00000000000003,1,2,66,0.5
920,8120.954158,8119.847493,8120.215492,8120.900825,8122.974156,1,1.99999999999996,0.0200000000000003,7.00000000000003,1,2,66,0.5
921,8124.245488,8123.401489,8123.660822,8124.245488,8130.960148,0,NaN,0,7.00000000000003,1,2,66,0.5
922,8132.370147,8131.442148,8131.789481,8132.316813,8135.26481,1,1.99999999999996,0.0200000000000003,7.00000000000003,1,2,66,0.5
923,8136.669476,8135.70881,8135.94881,8136.669476,8142.722136,1,NaN,0,5.99999999999996,2,1,65,0.5
924,8145.281467,8144.370135,8144.711468,8145.281467,8153.519459,1,NaN,0,5.99999999999996,2,1,65,0.5
925,8160.358119,8158.433454,8158.675454,8160.355452,8162.48745,1,1.99999999999996,0.0200000000000003,7.00000000000003,1,2,66,0.5
926,8164.172782,8163.170783,8163.424782,8164.119448,8167.766111,1,1.99999999999996,0.0200000000000003,7.00000000000003,1,2,66,0.5
927,8168.97011,8168.242111,8168.264111,8168.916777,8170.342109,0,1.99999999999996,0.0200000000000003,5.99999999999996,2,1,65,0.5
928,8171.712107,8170.798775,8171.146108,8171.709441,8175.789437,1,1.99999999999996,0.0200000000000003,7.00000000000003,1,2,66,0.5
929,8177.078769,8176.212103,8176.456769,8177.025435,8179.608766,0,1.99999999999996,0.0200000000000003,5.99999999999996,2,1,65,0.5
930,8181.280098,8180.463432,8180.778765,8181.227431,8183.997428,1,1.99999999999996,0.0200000000000003,7.00000000000003,1,2,66,0.5
931,8185.18676,8184.388095,8184.608761,8185.133427,8187.906091,0,1.99999999999996,0.0200000000000003,5.99999999999996,2,1,65,0.5
932,8189.32009,8188.450091,8188.76409,8189.266756,8192.448753,1,1.99999999999996,0.0200000000000003,7.00000000000003,1,2,66,0.5
933,8193.778752,8192.979419,8193.221419,8193.778752,8200.536745,0,NaN,0,7.00000000000003,1,2,66,0.5
934,8202.18541,8201.146745,8201.512744,8202.162744,8205.100074,1,1.99999999999996,0.0200000000000003,7.00000000000003,1,2,66,0.5
935,8209.277403,8208.407404,8208.777404,8209.277403,8215.925396,1,NaN,0,5.99999999999996,2,1,65,0.5
936,8217.636061,8216.282729,8216.835396,8217.582728,8220.196059,1,1.99999999999996,0.0200000000000003,7.00000000000003,1,2,66,0.5
937,8222.042724,8221.114725,8221.346058,8221.98939,8225.774053,1,1.99999999999996,0.0200000000000003,7.00000000000003,1,2,66,0.5
938,8227.146719,8226.321386,8226.546719,8227.093385,8229.499383,0,1.99999999999996,0.0200000000000003,5.99999999999996,2,1,65,0.5
939,8230.806715,8229.942049,8230.304715,8230.806715,8237.964708,1,NaN,0,5.99999999999996,2,1,65,0.5
940,8239.661373,8238.478707,8239.068707,8239.608039,8243.133369,1,1.99999999999996,0.0200000000000003,7.00000000000003,1,2,66,0.5
941,8244.510701,8243.572702,8243.854702,8244.457368,8246.664032,0,1.99999999999996,0.0200000000000003,5.99999999999996,2,1,65,0.5
942,8248.022698,8247.131365,8247.476032,8247.969364,8250.908695,0,1.99999999999996,0.0200000000000003,5.99999999999996,2,1,65,0.5
943,8252.23736,8251.364694,8251.695361,8252.234693,8256.15669,1,1.99999999999996,0.0200000000000003,7.00000000000003,1,2,66,0.5
944,8257.550021,8256.620022,8256.882689,8257.496688,8260.240019,0,1.99999999999996,0.0200000000000003,5.99999999999996,2,1,65,0.5
945,8261.578684,8260.833352,8261.122685,8261.525351,8263.627349,0,1.99999999999996,0.0200000000000003,5.99999999999996,2,1,65,0.5
946,8265.164681,8264.186015,8264.526681,8265.162014,8267.994011,1,1.99999999999996,0.0200000000000003,7.00000000000003,1,2,66,0.5
947,8269.589343,8268.484011,8268.698677,8269.53601,8271.740674,0,1.99999999999996,0.0200000000000003,5.99999999999996,2,1,65,0.5
948,8273.038006,8272.30934,8272.604006,8273.038006,8273.557339,0,NaN,0,7.00000000000003,1,2,66,0.5
949,8282.675996,8281.701331,8282.03333,8282.622663,8285.53866,1,1.99999999999996,0.0200000000000003,7.00000000000003,1,2,66,0.5
950,8286.837326,8285.99266,8286.199993,8286.783992,8288.861323,0,1.99999999999996,0.0200000000000003,5.99999999999996,2,1,65,0.5
951,8290.189322,8289.32599,8289.563989,8290.135989,8293.949985,1,1.99999999999996,0.0200000000000003,7.00000000000003,1,2,66,0.5
952,8295.145984,8294.521318,8294.582651,8295.139984,8297.433315,0,1.99999999999996,0.0200000000000003,5.99999999999996,2,1,65,0.5
953,8299.352646,8298.565314,8298.864647,8299.299313,8301.421978,0,1.99999999999996,0.0200000000000003,5.99999999999996,2,1,65,0.5
954,8302.843976,8301.99531,8302.269977,8302.84131,8305.36864,1,1.99999999999996,0.0200000000000003,7.00000000000003,1,2,66,0.5
955,8306.460639,8305.775307,8305.93264,8306.460639,8317.897961,0,NaN,0,7.00000000000003,1,2,66,0.5
956,8319.936626,8319.06796,8319.364626,8319.883292,8321.687291,0,1.99999999999996,0.0200000000000003,5.99999999999996,2,1,65,0.5
957,8322.869957,8322.188624,8322.40529,8322.816623,8324.666621,0,1.99999999999996,0.0200000000000003,5.99999999999996,2,1,65,0.5
958,8325.85662,8325.176621,8325.43062,8325.803287,8327.067285,0,1.99999999999996,0.0200000000000003,5.99999999999996,2,1,65,0.5
959,8328.448617,8327.567951,8327.961951,8328.395284,8332.050614,1,1.99999999999996,0.0200000000000003,7.00000000000003,1,2,66,0.5
960,8334.080612,8332.545946,8332.67128,8334.027278,8336.530609,1,1.99999999999996,0.0200000000000003,7.00000000000003,1,2,66,0.5
961,8338.299941,8337.404608,8337.709275,8338.246607,8340.776605,0,1.99999999999996,0.0200000000000003,5.99999999999996,2,1,65,0.5
962,8341.835937,8341.215938,8341.436604,8341.782604,8343.750602,0,1.99999999999996,0.0200000000000003,5.99999999999996,2,1,65,0.5
963,8345.141934,8344.209935,8344.499935,8345.088601,8348.487264,1,1.99999999999996,0.0200000000000003,7.00000000000003,1,2,66,0.5
964,8350.663262,8349.837929,8350.051929,8350.609928,8353.112593,1,1.99999999999996,0.0200000000000003,7.00000000000003,1,2,66,0.5
965,8355.297257,8354.649258,8354.654591,8355.243924,8359.344586,1,1.99999999999996,0.0200000000000003,7.00000000000003,1,2,66,0.5
966,8360.723252,8359.926586,8360.145919,8360.669918,8363.392582,0,1.99999999999996,0.0200000000000003,5.99999999999996,2,1,65,0.5
967,8364.800581,8363.883248,8364.214581,8364.747248,8367.410578,1,1.99999999999996,0.0200000000000003,7.00000000000003,1,2,66,0.5
968,8369.045243,8367.903245,8368.127911,8368.99191,8371.712574,1,1.99999999999996,0.0200000000000003,7.00000000000003,1,2,66,0.5
969,8373.099239,8372.245907,8372.455907,8373.099239,8379.500566,0,NaN,0,7.00000000000003,1,2,66,0.5
970,8380.991231,8380.004566,8380.392565,8380.991231,8474.839138,1,NaN,0,5.99999999999996,2,1,65,0.5
971,8491.599121,8490.644455,8491.053121,8491.599121,8491.695787,1,NaN,0,5.99999999999996,2,1,65,0.5
972,8539.487073,8527.052419,8527.071752,NaN,NaN,NaN,NaN,0,7.00000000000003,1,2,66,0.5
973,8550.716395,8549.879062,8550.249062,8550.663062,8552.616393,1,1.99999999999996,0.0200000000000003,7.00000000000003,1,2,66,0.5
974,8553.759059,8553.084393,8553.279059,8553.705725,8556.615722,0,1.99999999999996,0.0200000000000003,5.99999999999996,2,1,65,0.5
975,8557.838388,8557.188389,8557.384388,8557.838388,8558.007722,0,NaN,0,7.00000000000003,1,2,66,0.5
976,8565.997046,8565.165714,8565.493714,8565.943713,8567.717045,0,1.99999999999996,0.0200000000000003,5.99999999999996,2,1,65,0.5
977,8568.94171,8568.113711,8568.447711,8568.888377,8572.36304,1,1.99999999999996,0.0200000000000003,7.00000000000003,1,2,66,0.5
978,8574.490371,8572.80504,8572.941706,8574.487705,8577.309035,1,1.99999999999996,0.0200000000000003,7.00000000000003,1,2,66,0.5
979,8578.779034,8578.033034,8578.243701,8578.779034,8580.808365,0,NaN,0,7.00000000000003,1,2,66,0.5
980,8591.309688,8590.489689,8590.570355,8591.309688,8592.387687,1,NaN,0,5.99999999999996,2,1,65,0.5
981,8598.76768,8597.919014,8598.297681,8598.714347,8601.275011,1,1.99999999999996,0.0200000000000003,7.00000000000003,1,2,66,0.5
982,8603.337009,8602.58501,8602.806343,8603.283676,8606.077006,0,1.99999999999996,0.0200000000000003,5.99999999999996,2,1,65,0.5
983,8607.319005,8606.518339,8606.721672,8607.319005,8612.184334,0,NaN,0,7.00000000000003,1,2,66,0.5
984,8614.882997,8613.917665,8614.304998,8614.880331,8616.876995,0,1.99999999999996,0.0200000000000003,5.99999999999996,2,1,65,0.5
985,8617.947661,8617.322995,8617.596995,8617.900994,8619.46766,0,1.99999999999996,0.0200000000000003,5.99999999999996,2,1,65,0.5
986,8620.730992,8619.860326,8620.234325,8620.677658,8623.500989,1,1.99999999999996,0.0200000000000003,7.00000000000003,1,2,66,0.5
987,8624.942987,8624.103655,8624.397655,8624.942987,8819.524126,0,NaN,0,7.00000000000003,1,2,66,0.5
988,8834.854778,8834.030778,8834.210111,8834.801444,8838.434107,1,1.99999999999996,0.0200000000000003,7.00000000000003,1,2,66,0.5
989,8842.38477,8841.348771,8841.664104,8842.332103,8843.547435,0,1.99999999999996,0.0200000000000003,5.99999999999996,2,1,65,0.5
990,8844.847434,8843.979435,8844.344768,8844.794101,8847.158765,1,1.99999999999996,0.0200000000000003,7.00000000000003,1,2,66,0.5
991,8848.398764,8847.658765,8847.794765,8848.345431,8850.578762,0,1.99999999999996,0.0200000000000003,5.99999999999996,2,1,65,0.5
992,8851.798761,8851.059428,8851.301428,8851.745427,8853.591425,0,1.99999999999996,0.0200000000000003,5.99999999999996,2,1,65,0.5
993,8854.910757,8854.156758,8854.430091,8854.857424,8857.004755,0,1.99999999999996,0.0200000000000003,5.99999999999996,2,1,65,0.5
994,8858.307421,8857.500755,8857.823421,8858.254087,8861.98075,1,1.99999999999996,0.0200000000000003,7.00000000000003,1,2,66,0.5
995,8863.161416,8862.53675,8862.650083,8863.146751,8865.71808,0,1.99999999999996,0.0200000000000003,5.99999999999996,2,1,65,0.5
996,8867.007412,8866.307413,8866.528079,8867.007412,8867.770745,0,NaN,0,7.00000000000003,1,2,66,0.5
997,8875.156071,8874.457405,8874.678738,8875.156071,8876.260736,1,NaN,0,5.99999999999996,2,1,65,0.5
998,8882.876063,8882.02673,8882.38073,8882.876063,8884.127395,1,NaN,0,5.99999999999996,2,1,65,0.5
999,8893.166719,8892.276053,8892.322053,8893.166719,8893.417386,1,NaN,0,5.99999999999996,2,1,65,0.5
1000,8908.358704,8907.520705,8907.853371,8908.305371,8910.838702,0,1.99999999999996,0.0200000000000003,5.99999999999996,2,1,65,0.5
1001,8912.2147,8911.311368,8911.590701,8912.161367,8915.83603,1,1.99999999999996,0.0200000000000003,7.00000000000003,1,2,66,0.5
1002,8917.324695,8916.700029,8916.861362,8917.31603,8919.358026,0,1.99999999999996,0.0200000000000003,5.99999999999996,2,1,65,0.5
1003,8920.535359,8919.941359,8920.126026,8920.482025,8923.316689,0,1.99999999999996,0.0200000000000003,5.99999999999996,2,1,65,0.5
1004,8924.641354,8923.929355,8924.151355,8924.588021,8926.836686,0,1.99999999999996,0.0200000000000003,5.99999999999996,2,1,65,0.5
1005,8928.395351,8927.456685,8927.638018,8928.342017,8931.415348,1,1.99999999999996,0.0200000000000003,7.00000000000003,1,2,66,0.5
1006,8932.646013,8931.919347,8932.043347,8932.59268,8934.920011,0,1.99999999999996,0.0200000000000003,5.99999999999996,2,1,65,0.5
1007,8936.188009,8935.578677,8935.784677,8936.134676,8939.206006,0,1.99999999999996,0.0200000000000003,5.99999999999996,2,1,65,0.5
1008,8940.536672,8939.742006,8940.041339,8940.483339,8943.226002,0,1.99999999999996,0.0200000000000003,5.99999999999996,2,1,65,0.5
1009,8944.606668,8943.747335,8943.976668,8944.604001,8948.311331,1,1.99999999999996,0.0200000000000003,7.00000000000003,1,2,66,0.5
1010,8949.592663,8948.90133,8949.049997,8949.592663,8953.820659,0,NaN,0,7.00000000000003,1,2,66,0.5
1011,8957.734655,8956.581322,8956.965989,8957.681321,8961.140651,1,1.99999999999996,0.0200000000000003,7.00000000000003,1,2,66,0.5
1012,8962.959983,8961.706651,8961.879984,8962.906649,8966.104646,1,1.99999999999996,0.0200000000000003,7.00000000000003,1,2,66,0.5
1013,8967.470645,8966.657312,8966.780646,8967.417312,8969.080643,0,1.99999999999996,0.0200000000000003,5.99999999999996,2,1,65,0.5
1014,8970.703975,8970.021309,8970.210642,8970.703975,8976.711303,0,NaN,0,7.00000000000003,1,2,66,0.5
1015,8978.095968,8977.181302,8977.424635,8978.042634,8980.714632,1,1.99999999999996,0.0200000000000003,7.00000000000003,1,2,66,0.5
1016,8982.261963,8981.384631,8981.588631,8982.261963,8987.389292,1,NaN,0,5.99999999999996,2,1,65,0.5
1017,8992.595286,8991.776621,8992.09862,8992.541953,8994.983284,0,1.99999999999996,0.0200000000000003,5.99999999999996,2,1,65,0.5
1018,8996.123283,8995.440617,8995.68595,8996.120616,8998.61128,0,1.99999999999996,0.0200000000000003,5.99999999999996,2,1,65,0.5
1019,9000.020612,8999.132613,8999.353946,9000.017946,9003.737942,1,1.99999999999996,0.0200000000000003,7.00000000000003,1,2,66,0.5
1020,9005.039941,9004.235941,9004.460608,9004.986607,9007.372605,0,1.99999999999996,0.0200000000000003,5.99999999999996,2,1,65,0.5
1021,9011.749934,9010.869268,9011.193935,9011.696601,9016.293263,1,1.99999999999996,0.0200000000000003,7.00000000000003,1,2,66,0.5
1022,9017.501262,9016.842596,9016.939262,9017.501262,9024.354588,0,NaN,0,7.00000000000003,1,2,66,0.5
1023,9025.744587,9024.865254,9025.215254,9025.691253,9028.913917,1,1.99999999999996,0.0200000000000003,7.00000000000003,1,2,66,0.5
1024,9030.321915,9029.347916,9029.637916,9030.321915,9035.849243,1,NaN,0,5.99999999999996,2,1,65,0.5
1025,9037.112575,9036.268576,9036.61791,9037.112575,9043.573235,1,NaN,0,5.99999999999996,2,1,65,0.5
1026,9045.3939,9044.674568,9044.709901,9045.3939,9045.8959,1,NaN,0,5.99999999999996,2,1,65,0.5
1027,9057.433888,9056.530556,9056.912556,9057.380555,9059.980552,1,1.99999999999996,0.0200000000000003,7.00000000000003,1,2,66,0.5
1028,9061.394551,9060.598552,9060.776552,9061.341218,9063.667882,0,1.99999999999996,0.0200000000000003,5.99999999999996,2,1,65,0.5
1029,9065.030547,9064.405881,9064.516548,9065.007214,9066.281213,0,1.99999999999996,0.0200000000000003,5.99999999999996,2,1,65,0.5
1030,9067.911211,9067.089212,9067.423878,9067.857878,9070.220542,0,1.99999999999996,0.0200000000000003,5.99999999999996,2,1,65,0.5
1031,9071.887207,9070.908541,9071.150541,9071.833874,9075.093204,1,1.99999999999996,0.0200000000000003,7.00000000000003,1,2,66,0.5
1032,9076.382536,9075.666537,9075.76787,9076.329203,9081.306531,0,1.99999999999996,0.0200000000000003,5.99999999999996,2,1,65,0.5
1033,9082.49653,9081.745197,9081.973197,9082.443197,9084.508528,0,1.99999999999996,0.0200000000000003,5.99999999999996,2,1,65,0.5
1034,9085.770527,9084.955861,9085.266527,9085.717193,9087.987191,0,1.99999999999996,0.0200000000000003,5.99999999999996,2,1,65,0.5
1035,9089.349856,9088.532524,9088.810524,9089.296523,9092.607186,1,1.99999999999996,0.0200000000000003,7.00000000000003,1,2,66,0.5
1036,9093.801852,9093.184519,9093.249852,9093.801852,9100.872511,0,NaN,0,7.00000000000003,1,2,66,0.5
1037,9102.327843,9101.445178,9101.663844,9102.27451,9104.250508,1,1.99999999999996,0.0200000000000003,7.00000000000003,1,2,66,0.5
1038,9105.980506,9104.686508,9104.964507,9105.92784,9108.70317,1,1.99999999999996,0.0200000000000003,7.00000000000003,1,2,66,0.5
1039,9110.118502,9109.307836,9109.559836,9110.118502,9110.693835,0,NaN,0,7.00000000000003,1,2,66,0.5
1040,9122.203823,9121.224491,9121.387158,9122.15049,9126.003153,1,1.99999999999996,0.0200000000000003,7.00000000000003,1,2,66,0.5
1041,9127.330485,9126.486486,9126.855152,9127.330485,9130.374482,1,NaN,0,5.99999999999996,2,1,65,0.5
1042,9134.019812,9133.157813,9133.511812,9133.966478,9136.048477,1,1.99999999999996,0.0200000000000003,7.00000000000003,1,2,66,0.5
1043,9137.180475,9136.421143,9136.639142,9137.127142,9140.301139,0,1.99999999999996,0.0200000000000003,5.99999999999996,2,1,65,0.5
1044,9141.441138,9140.687138,9140.903805,9141.387804,9143.474469,0,1.99999999999996,0.0200000000000003,5.99999999999996,2,1,65,0.5
1045,9144.727134,9143.987802,9144.259801,9144.673801,9146.340466,0,1.99999999999996,0.0200000000000003,5.99999999999996,2,1,65,0.5
1046,9147.763131,9146.788466,9147.163798,9147.760465,9149.132463,1,1.99999999999996,0.0200000000000003,7.00000000000003,1,2,66,0.5
1047,9150.233129,9149.502463,9149.722463,9150.233129,9156.966455,0,NaN,0,7.00000000000003,1,2,66,0.5
1048,9158.429121,9157.371122,9157.717788,9158.375787,9161.110451,1,1.99999999999996,0.0200000000000003,7.00000000000003,1,2,66,0.5
1049,9162.413117,9161.557784,9161.821117,9162.413117,9164.219115,1,NaN,0,5.99999999999996,2,1,65,0.5
1050,9174.313771,9173.609772,9173.777772,9174.260438,9177.091102,0,1.99999999999996,0.0200000000000003,5.99999999999996,2,1,65,0.5
1051,9178.687767,9177.763768,9178.006434,9178.634434,9181.115098,1,1.99999999999996,0.0200000000000003,7.00000000000003,1,2,66,0.5
1052,9182.315763,9181.691097,9181.751097,9182.273097,9184.246428,0,1.99999999999996,0.0200000000000003,5.99999999999996,2,1,65,0.5
1053,9185.610427,9184.758428,9185.081094,9185.55776,9188.385757,1,1.99999999999996,0.0200000000000003,7.00000000000003,1,2,66,0.5
1054,9189.52709,9188.763757,9188.964423,9189.473756,9191.757754,0,1.99999999999996,0.0200000000000003,5.99999999999996,2,1,65,0.5
1055,9193.133086,9192.423087,9192.685753,9193.079753,9195.131751,0,1.99999999999996,0.0200000000000003,5.99999999999996,2,1,65,0.5
1056,9196.580416,9195.743083,9196.06575,9196.580416,9203.035076,0,NaN,0,7.00000000000003,1,2,66,0.5
1057,9204.283741,9203.513742,9203.815742,9204.230408,9206.454406,0,1.99999999999996,0.0200000000000003,5.99999999999996,2,1,65,0.5
1058,9207.866404,9206.907739,9207.241738,9207.863738,9209.922402,1,1.99999999999996,0.0200000000000003,7.00000000000003,1,2,66,0.5
1059,9211.167068,9210.487735,9210.569068,9211.113735,9213.023066,0,1.99999999999996,0.0200000000000003,5.99999999999996,2,1,65,0.5
1060,9214.301731,9213.668399,9213.844399,9214.301731,9214.862398,0,NaN,0,7.00000000000003,1,2,66,0.5
1061,9229.887049,9228.754384,9229.27505,9229.833716,9232.693046,1,1.99999999999996,0.0200000000000003,7.00000000000003,1,2,66,0.5
1062,9234.085712,9233.313046,9233.443712,9234.085712,9239.883039,0,NaN,0,7.00000000000003,1,2,66,0.5
1063,9241.121038,9240.290372,9240.623705,9241.067705,9243.287702,0,1.99999999999996,0.0200000000000003,5.99999999999996,2,1,65,0.5
1064,9244.547034,9243.728369,9243.972368,9244.547034,9246.641699,0,NaN,0,7.00000000000003,1,2,66,0.5
1065,9255.70769,9254.651024,9254.856358,9255.654357,9258.506354,1,1.99999999999996,0.0200000000000003,7.00000000000003,1,2,66,0.5
1066,9259.897687,9258.95302,9259.122353,9259.897687,9260.663018,0,NaN,0,7.00000000000003,1,2,66,0.5
1067,9297.423648,9295.840317,9296.102317,9297.370315,9300.749645,0,1.99999999999996,0.0200000000000003,5.99999999999996,2,1,65,0.5
1068,9302.239643,9301.331644,9301.534977,9302.186311,9305.296974,1,1.99999999999996,0.0200000000000003,7.00000000000003,1,2,66,0.5
1069,9306.534306,9305.83964,9305.960306,9306.534306,9306.928972,0,NaN,0,7.00000000000003,1,2,66,0.5
1070,9316.444963,9315.548963,9315.81363,9316.444963,9317.908961,0,NaN,0,7.00000000000003,1,2,66,0.5
1071,9360.470919,9359.393586,9359.696919,9360.417585,9361.735584,0,1.99999999999996,0.0200000000000003,5.99999999999996,2,1,65,0.5
1072,9363.240249,9362.352917,9362.57625,9363.237582,9365.728247,1,1.99999999999996,0.0200000000000003,7.00000000000003,1,2,66,0.5
1073,9366.960912,9366.338246,9366.368913,9366.907579,9368.015578,0,1.99999999999996,0.0200000000000003,5.99999999999996,2,1,65,0.5
1074,9369.493576,9368.665577,9368.877577,9369.493576,9369.638243,0,NaN,0,7.00000000000003,1,2,66,0.5
1075,9380.380899,9379.3449,9379.595566,9380.327565,9383.167563,1,1.99999999999996,0.0200000000000003,7.00000000000003,1,2,66,0.5
1076,9384.595561,9383.774229,9383.823562,9384.595561,9387.253558,0,NaN,0,7.00000000000003,1,2,66,0.5
1077,9391.668887,9390.826222,9391.049555,9391.668887,9392.46822,1,NaN,0,5.99999999999996,2,1,65,0.5
1078,9398.619547,9397.651548,9398.045548,9398.619547,9406.542872,1,NaN,0,5.99999999999996,2,1,65,0.5
1079,9407.643538,9406.963539,9407.204205,9407.590205,9409.684869,0,1.99999999999996,0.0200000000000003,5.99999999999996,2,1,65,0.5
1080,9411.204201,9410.246869,9410.665535,9411.150868,9415.988863,1,1.99999999999996,0.0200000000000003,7.00000000000003,1,2,66,0.5
1081,9417.128862,9416.509529,9416.628196,9417.128862,9422.45419,0,NaN,0,7.00000000000003,1,2,66,0.5
1082,9424.986854,9424.206855,9424.469521,9424.984187,9426.690852,0,1.99999999999996,0.0200000000000003,5.99999999999996,2,1,65,0.5
1083,9427.988184,9427.133519,9427.416185,9427.934851,9430.125515,0,1.99999999999996,0.0200000000000003,5.99999999999996,2,1,65,0.5
1084,9431.327514,9430.543515,9430.840182,9431.274181,9433.442846,0,1.99999999999996,0.0200000000000003,5.99999999999996,2,1,65,0.5
1085,9434.743511,9433.996845,9434.292845,9434.690178,9436.997509,0,1.99999999999996,0.0200000000000003,5.99999999999996,2,1,65,0.5
1086,9438.426841,9437.562841,9437.882174,9438.373507,9441.614837,1,1.99999999999996,0.0200000000000003,7.00000000000003,1,2,66,0.5
1087,9442.928836,9442.159504,9442.339503,9442.875503,9445.256834,0,1.99999999999996,0.0200000000000003,5.99999999999996,2,1,65,0.5
1088,9447.114832,9446.246833,9446.440833,9447.061499,9449.604829,1,1.99999999999996,0.0200000000000003,7.00000000000003,1,2,66,0.5
1089,9450.917495,9450.122162,9450.321495,9450.917495,9460.358819,0,NaN,0,7.00000000000003,1,2,66,0.5
1090,9461.870151,9460.776152,9461.089485,9461.816817,9464.598148,1,1.99999999999996,0.0200000000000003,7.00000000000003,1,2,66,0.5
1091,9465.935483,9465.070814,9465.28748,9465.882146,9468.177478,0,1.99999999999996,0.0200000000000003,5.99999999999996,2,1,65,0.5
1092,9469.617476,9468.751477,9468.993477,9469.564144,9470.772142,1,1.99999999999996,0.0200000000000003,7.00000000000003,1,2,66,0.5
1093,9472.050807,9471.162141,9471.468808,9471.997474,9474.066805,0,1.99999999999996,0.0200000000000003,5.99999999999996,2,1,65,0.5
1094,9475.696137,9474.704138,9475.047471,9475.642803,9477.185469,1,1.99999999999996,0.0200000000000003,7.00000000000003,1,2,66,0.5
1095,9478.329467,9477.595468,9477.772801,9478.276134,9480.504132,0,1.99999999999996,0.0200000000000003,5.99999999999996,2,1,65,0.5
1096,9481.804797,9481.184131,9481.403464,9481.804797,9488.103458,0,NaN,0,7.00000000000003,1,2,66,0.5
1097,9489.533456,9488.675457,9489.06279,9489.533456,9497.092782,1,NaN,0,5.99999999999996,2,1,65,0.5
1098,9498.344114,9497.441448,9497.730115,9498.290781,9504.550108,1,1.99999999999996,0.0200000000000003,7.00000000000003,1,2,66,0.5
1099,9506.076773,9505.187441,9505.394107,9506.02344,9508.107438,0,1.99999999999996,0.0200000000000003,5.99999999999996,2,1,65,0.5
1100,9509.644103,9508.80877,9509.118103,9509.644103,9516.024097,0,NaN,0,7.00000000000003,1,2,66,0.5
1101,9523.255423,9522.60209,9522.765423,9523.255423,9529.348083,0,NaN,0,7.00000000000003,1,2,66,0.5
1102,9530.902081,9529.880082,9530.361415,9530.848748,9534.094078,1,1.99999999999996,0.0200000000000003,7.00000000000003,1,2,66,0.5
1103,9535.42541,9534.626078,9534.844744,9535.42541,9535.584077,0,NaN,0,7.00000000000003,1,2,66,0.5
1104,9545.222734,9544.191401,9544.550068,9545.169401,9548.897397,1,1.99999999999996,0.0200000000000003,7.00000000000003,1,2,66,0.5
1105,9550.364729,9549.573396,9549.803396,9550.364729,9551.153395,0,NaN,0,7.00000000000003,1,2,66,0.5
1106,9690.362589,9689.325923,9689.587256,9690.309255,9750.656528,1,1.99999999999996,0.0200000000000003,7.00000000000003,1,2,66,0.5
1107,9752.423193,9751.211194,9751.600527,9752.36986,9756.141856,1,1.99999999999996,0.0200000000000003,7.00000000000003,1,2,66,0.5
1108,9763.151183,9762.174517,9762.40985,9763.151183,9763.869182,1,NaN,0,5.99999999999996,2,1,65,0.5
1109,9770.179176,9769.467843,9769.650509,9770.125842,9771.747841,0,1.99999999999996,0.0200000000000003,5.99999999999996,2,1,65,0.5
1110,9772.933173,9772.312507,9772.529173,9772.933173,9773.722505,0,NaN,0,7.00000000000003,1,2,66,0.5
1111,9805.633807,9804.883141,9805.064474,9805.580473,9807.893138,0,1.99999999999996,0.0200000000000003,5.99999999999996,2,1,65,0.5
1112,9809.183803,9808.579804,9808.735137,9809.183803,9809.711136,0,NaN,0,7.00000000000003,1,2,66,0.5
1113,9819.345126,9818.518461,9818.80246,9819.291793,9822.134457,1,1.99999999999996,0.0200000000000003,7.00000000000003,1,2,66,0.5
1114,9823.481122,9822.703123,9822.77779,9823.481122,9823.669122,0,NaN,0,7.00000000000003,1,2,66,0.5
1115,9904.666374,9903.193043,9904.175042,NaN,9910.533035,NaN,NaN,0,5.99999999999996,2,1,65,0.5
1116,9913.874365,9912.662366,9913.147033,9913.821032,9916.869029,1,1.99999999999996,0.0200000000000003,7.00000000000003,1,2,66,0.5
1117,9918.59836,9917.573028,9917.735028,9918.59836,9923.745022,1,NaN,0,5.99999999999996,2,1,65,0.5
1118,9925.87902,9924.761021,9925.216354,9925.825687,9928.403684,1,1.99999999999996,0.0200000000000003,7.00000000000003,1,2,66,0.5
1119,9930.033016,9929.055683,9929.45835,9929.979683,9931.525681,0,1.99999999999996,0.0200000000000003,5.99999999999996,2,1,65,0.5
1120,9933.889678,9933.211012,9933.470346,9933.836345,9935.771677,0,1.99999999999996,0.0200000000000003,5.99999999999996,2,1,65,0.5
1121,9936.899009,9936.274343,9936.473676,9936.892342,9937.973674,0,1.99999999999996,0.0200000000000003,5.99999999999996,2,1,65,0.5
1122,9939.21434,9938.517674,9938.775007,9939.161673,9941.233004,0,1.99999999999996,0.0200000000000003,5.99999999999996,2,1,65,0.5
1123,9942.509003,9941.832337,9942.056337,9942.45567,9944.247001,0,1.99999999999996,0.0200000000000003,5.99999999999996,2,1,65,0.5
1124,9945.438334,9944.713001,9944.999001,9945.385,9947.401665,0,1.99999999999996,0.0200000000000003,5.99999999999996,2,1,65,0.5
1125,9948.771664,9947.883664,9948.244997,9948.71833,9950.563662,1,1.99999999999996,0.0200000000000003,7.00000000000003,1,2,66,0.5
1126,9951.838994,9951.061661,9951.169661,9951.836327,9953.582992,0,1.99999999999996,0.0200000000000003,5.99999999999996,2,1,65,0.5
1127,9955.067657,9954.154992,9954.494325,9955.014329,9958.588987,1,1.99999999999996,0.0200000000000003,7.00000000000003,1,2,66,0.5
1128,9959.834319,9959.041653,9959.22232,9959.780986,9961.686984,0,1.99999999999996,0.0200000000000003,5.99999999999996,2,1,65,0.5
1129,9963.158983,9962.412983,9962.682983,9963.10565,9965.093647,0,1.99999999999996,0.0200000000000003,5.99999999999996,2,1,65,0.5
1130,9966.640312,9965.936313,9966.152313,9966.586979,9969.03631,0,1.99999999999996,0.0200000000000003,5.99999999999996,2,1,65,0.5
1131,9970.390975,9969.618976,9969.848976,9970.390975,9975.36697,0,NaN,0,7.00000000000003,1,2,66,0.5
1132,9977.164302,9976.296303,9976.600302,9977.110969,9979.107633,0,1.99999999999996,0.0200000000000003,5.99999999999996,2,1,65,0.5
1133,9980.632298,9979.686299,9980.047633,9980.578965,9983.364962,1,1.99999999999996,0.0200000000000003,7.00000000000003,1,2,66,0.5
1134,9984.613628,9983.767631,9983.970962,9984.560294,9986.684292,0,1.99999999999996,0.0200000000000003,5.99999999999996,2,1,65,0.5
1135,9988.218291,9987.329625,9987.531625,9988.164958,9990.742288,1,1.99999999999996,0.0200000000000003,7.00000000000003,1,2,66,0.5
1136,9992.790286,9991.224954,9991.278954,9992.736953,9994.262951,1,1.99999999999996,0.0200000000000003,7.00000000000003,1,2,66,0.5
1137,9995.807617,9994.809618,9995.142951,9995.754283,9998.522281,1,1.99999999999996,0.0200000000000003,7.00000000000003,1,2,66,0.5
1138,9999.794946,9998.94828,9999.139613,9999.741613,10001.876277,0,1.99999999999996,0.0200000000000003,5.99999999999996,2,1,65,0.5
1139,10003.183609,10002.416943,10002.630276,10003.183609,10010.043602,0,NaN,0,7.00000000000003,1,2,66,0.5
1140,10011.754934,10010.520935,10010.722935,10011.701601,10014.400265,1,1.99999999999996,0.0200000000000003,7.00000000000003,1,2,66,0.5
1141,10015.671597,10014.996264,10015.106931,10015.671597,10019.546926,0,NaN,0,7.00000000000003,1,2,66,0.5
1142,10024.322255,10023.362922,10023.626922,10024.269588,10028.380917,1,1.99999999999996,0.0200000000000003,7.00000000000003,1,2,66,0.5
1143,10029.918916,10028.97225,10029.23225,10029.918916,10035.178911,0,NaN,0,7.00000000000003,1,2,66,0.5
1144,10040.577572,10039.689573,10040.059572,10040.577572,10041.505571,1,NaN,0,5.99999999999996,2,1,65,0.5
1145,10047.399565,10046.544899,10046.738232,10047.346232,10049.444896,1,1.99999999999996,0.0200000000000003,7.00000000000003,1,2,66,0.5
1146,10050.798228,10049.985562,10050.171562,10050.798228,10053.903558,0,NaN,0,7.00000000000003,1,2,66,0.5
1147,10056.884889,10056.119556,10056.461556,10056.831556,10058.76822,0,1.99999999999996,0.0200000000000003,5.99999999999996,2,1,65,0.5
1148,10059.964219,10059.339554,10059.542886,10059.956219,10061.970884,0,1.99999999999996,0.0200000000000003,5.99999999999996,2,1,65,0.5
1149,10063.815549,10063.032883,10063.272216,10063.762215,10066.720212,1,1.99999999999996,0.0200000000000003,7.00000000000003,1,2,66,0.5
1150,10068.034878,10067.353545,10067.482212,10068.034878,10077.488202,0,NaN,0,7.00000000000003,1,2,66,0.5
1151,10078.875534,10078.190201,10078.293534,10078.8222,10081.265531,1,1.99999999999996,0.0200000000000003,7.00000000000003,1,2,66,0.5
1152,10082.44753,10081.910197,10081.95153,10082.44753,10087.677525,0,NaN,0,7.00000000000003,1,2,66,0.5
1153,10089.252857,10088.360191,10088.647524,10089.199523,10091.864854,1,1.99999999999996,0.0200000000000003,7.00000000000003,1,2,66,0.5
1154,10093.233519,10092.242187,10092.44552,10093.233519,10093.778852,1,NaN,0,5.99999999999996,2,1,65,0.5
1155,10103.995508,10103.165509,10103.380842,10103.942175,10105.77884,0,1.99999999999996,0.0200000000000003,5.99999999999996,2,1,65,0.5
1156,10107.131505,10106.268839,10106.555506,10107.078172,10108.434837,0,1.99999999999996,0.0200000000000003,5.99999999999996,2,1,65,0.5
1157,10109.709503,10108.86017,10109.19217,10109.656169,10112.442833,1,1.99999999999996,0.0200000000000003,7.00000000000003,1,2,66,0.5
1158,10113.815499,10112.969499,10113.195499,10113.762165,10116.598162,0,1.99999999999996,0.0200000000000003,5.99999999999996,2,1,65,0.5
1159,10118.095494,10117.070162,10117.464162,10118.042161,10120.194826,0,1.99999999999996,0.0200000000000003,5.99999999999996,2,1,65,0.5
1160,10121.732157,10120.960825,10121.150825,10121.678824,10123.817489,0,1.99999999999996,0.0200000000000003,5.99999999999996,2,1,65,0.5
1161,10125.944153,10125.174821,10125.380154,10125.89082,10128.853483,1,1.99999999999996,0.0200000000000003,7.00000000000003,1,2,66,0.5
1162,10130.420815,10129.381483,10129.470816,10130.420815,10134.316145,1,NaN,0,5.99999999999996,2,1,65,0.5
1163,10140.074139,10139.16814,10139.50214,10140.020806,10141.372138,1,1.99999999999996,0.0200000000000003,7.00000000000003,1,2,66,0.5
1164,10143.548135,10141.93547,10142.17547,10143.548135,10150.727462,1,NaN,0,5.99999999999996,2,1,65,0.5
1165,10152.180127,10151.124794,10151.523461,10152.126794,10155.400124,1,1.99999999999996,0.0200000000000003,7.00000000000003,1,2,66,0.5
1166,10157.332788,10156.069456,10156.265456,10157.332788,10157.546788,1,NaN,0,5.99999999999996,2,1,65,0.5
1167,10178.470101,10177.499435,10177.777435,10178.416767,10182.684096,0,1.99999999999996,0.0200000000000003,5.99999999999996,2,1,65,0.5
1168,10183.925428,10183.126096,10183.349429,10183.925428,10190.306089,1,NaN,0,5.99999999999996,2,1,65,0.5
1169,10192.626753,10191.224088,10191.698087,10192.57342,10195.514084,1,1.99999999999996,0.0200000000000003,7.00000000000003,1,2,66,0.5
1170,10196.956082,10195.871416,10196.253416,10196.902749,10198.87808,0,1.99999999999996,0.0200000000000003,5.99999999999996,2,1,65,0.5
1171,10200.380079,10199.39208,10199.807413,10200.326745,10202.358743,0,1.99999999999996,0.0200000000000003,5.99999999999996,2,1,65,0.5
1172,10203.699409,10202.860076,10203.077409,10203.646075,10205.688073,0,1.99999999999996,0.0200000000000003,5.99999999999996,2,1,65,0.5
1173,10206.912739,10206.234739,10206.470073,10206.912739,10213.904732,0,NaN,0,7.00000000000003,1,2,66,0.5
1174,10215.476064,10214.571398,10214.959397,10215.42273,10218.321394,1,1.99999999999996,0.0200000000000003,7.00000000000003,1,2,66,0.5
1175,10219.790726,10218.746727,10219.221393,10219.790726,10227.122052,0,NaN,0,7.00000000000003,1,2,66,0.5
1176,10228.64005,10227.766718,10228.170718,10228.64005,10239.569373,1,NaN,0,5.99999999999996,2,1,65,0.5
1177,10241.229371,10240.125372,10240.592705,10241.226704,10244.118702,1,1.99999999999996,0.0200000000000003,7.00000000000003,1,2,66,0.5
1178,10253.198026,10252.190027,10252.40336,10253.144693,10255.656023,1,1.99999999999996,0.0200000000000003,7.00000000000003,1,2,66,0.5
1179,10263.535349,10262.927349,10262.957349,10263.482016,10265.809347,0,1.99999999999996,0.0200000000000003,5.99999999999996,2,1,65,0.5
1180,10267.172012,10266.441346,10266.668679,10267.118679,10269.028677,0,1.99999999999996,0.0200000000000003,5.99999999999996,2,1,65,0.5
1181,10270.314675,10269.592676,10269.798009,10270.314675,10274.317338,0,NaN,0,7.00000000000003,1,2,66,0.5
1182,10278.355334,10277.478668,10277.814668,10278.302001,10280.243332,0,1.99999999999996,0.0200000000000003,5.99999999999996,2,1,65,0.5
1183,10281.371331,10280.746665,10280.982665,10281.347998,10283.375996,0,1.99999999999996,0.0200000000000003,5.99999999999996,2,1,65,0.5
1184,10284.889327,10283.909328,10284.255328,10284.886661,10287.839325,1,1.99999999999996,0.0200000000000003,7.00000000000003,1,2,66,0.5
1185,10289.213323,10288.538657,10288.644657,10289.15999,10291.416654,0,1.99999999999996,0.0200000000000003,5.99999999999996,2,1,65,0.5
1186,10292.636653,10292.099987,10292.17132,10292.58332,10294.956651,0,1.99999999999996,0.0200000000000003,5.99999999999996,2,1,65,0.5
1187,10296.235316,10295.61065,10295.803317,10296.197983,10298.470647,0,1.99999999999996,0.0200000000000003,5.99999999999996,2,1,65,0.5
1188,10299.887312,10299.106647,10299.443313,10299.887312,10305.57464,0,NaN,0,7.00000000000003,1,2,66,0.5
1189,10308.036638,10306.908639,10307.190639,10307.983304,10311.039301,1,1.99999999999996,0.0200000000000003,7.00000000000003,1,2,66,0.5
1190,10316.225296,10315.63263,10315.66663,10316.171963,10318.435294,0,1.99999999999996,0.0200000000000003,5.99999999999996,2,1,65,0.5
1191,10320.243959,10319.45796,10319.771959,10320.243959,10323.081956,0,NaN,0,7.00000000000003,1,2,66,0.5
1192,10331.311948,10330.451949,10330.817282,10331.258615,10335.341944,1,1.99999999999996,0.0200000000000003,7.00000000000003,1,2,66,0.5
1193,10336.442609,10335.851277,10335.957943,10336.442609,10339.955272,0,NaN,0,7.00000000000003,1,2,66,0.5
1194,10342.66927,10342.117937,10342.15127,10342.615936,10343.671935,0,1.99999999999996,0.0200000000000003,5.99999999999996,2,1,65,0.5
1195,10344.743268,10344.183935,10344.304601,10344.689934,10347.176599,0,1.99999999999996,0.0200000000000003,5.99999999999996,2,1,65,0.5
1196,10349.22993,10348.088598,10348.443264,10349.225263,10352.049927,1,1.99999999999996,0.0200000000000003,7.00000000000003,1,2,66,0.5
1197,10353.255259,10352.511927,10352.67126,10353.201926,10355.285924,0,1.99999999999996,0.0200000000000003,5.99999999999996,2,1,65,0.5
1198,10356.485923,10355.859923,10356.053256,10356.485923,10359.631919,0,NaN,0,7.00000000000003,1,2,66,0.5
1199,10436.762509,10436.015843,10436.257843,10436.709176,10439.679173,0,1.99999999999996,0.0200000000000003,5.99999999999996,2,1,65,0.5
1200,10441.325838,10440.397839,10440.540505,10441.273171,10444.170502,1,1.99999999999996,0.0200000000000003,7.00000000000003,1,2,66,0.5
1201,10445.391834,10444.733834,10444.903167,10445.391834,10460.235152,0,NaN,0,7.00000000000003,1,2,66,0.5
1202,10466.113146,10465.48848,10465.653147,10466.083146,10467.825145,0,1.99999999999996,0.0200000000000003,5.99999999999996,2,1,65,0.5
1203,10468.94781,10468.284478,10468.511811,10468.94781,10469.383143,0,NaN,0,7.00000000000003,1,2,66,0.5
1204,10476.804469,10476.12247,10476.350469,10476.804469,10477.725135,0,NaN,0,7.00000000000003,1,2,66,0.5
1205,10486.306459,10485.329127,10485.54246,10486.253126,10489.22779,1,1.99999999999996,0.0200000000000003,7.00000000000003,1,2,66,0.5
1206,10491.026455,10489.920456,10490.035122,10491.026455,10491.082455,0,NaN,0,7.00000000000003,1,2,66,0.5
1207,10500.148446,10499.462446,10499.677113,10500.095112,10501.718444,0,1.99999999999996,0.0200000000000003,5.99999999999996,2,1,65,0.5
1208,10502.879776,10502.236443,10502.42911,10502.879776,10507.693771,0,NaN,0,7.00000000000003,1,2,66,0.5
1209,10510.365102,10509.769103,10509.809103,10510.365102,10512.793766,0,NaN,0,7.00000000000003,1,2,66,0.5
1210,10518.489761,10517.901094,10517.973761,10518.489761,10518.79376,0,NaN,0,7.00000000000003,1,2,66,0.5
1211,10525.481087,10524.545754,10524.933754,10525.427754,10528.636417,1,1.99999999999996,0.0200000000000003,7.00000000000003,1,2,66,0.5
1212,10529.997749,10529.364416,10529.460416,10529.944416,10532.10708,0,1.99999999999996,0.0200000000000003,5.99999999999996,2,1,65,0.5
1213,10533.233746,10532.61108,10532.773746,10533.233746,10533.319746,0,NaN,0,7.00000000000003,1,2,66,0.5
1214,10574.272372,10573.457039,10573.559705,10574.272372,10598.64368,0,NaN,0,7.00000000000003,1,2,66,0.5
1215,10602.141677,10601.242344,10601.451011,10602.088344,10608.427671,1,1.99999999999996,0.0200000000000003,7.00000000000003,1,2,66,0.5
1216,10609.635003,10608.959003,10609.121003,10609.635003,10610.252335,0,NaN,0,7.00000000000003,1,2,66,0.5
1217,10624.628988,10623.928988,10623.958988,10624.628988,10639.792973,0,NaN,0,7.00000000000003,1,2,66,0.5
1218,10646.481633,10645.7843,10645.953633,10646.428299,10647.760298,0,1.99999999999996,0.0200000000000003,5.99999999999996,2,1,65,0.5
1219,10649.352963,10648.456964,10648.81163,10649.29963,10651.889627,1,1.99999999999996,0.0200000000000003,7.00000000000003,1,2,66,0.5
1220,10653.135626,10652.373627,10652.441627,10653.082293,10655.026291,0,1.99999999999996,0.0200000000000003,5.99999999999996,2,1,65,0.5
1221,10658.098288,10657.334288,10657.512955,10658.044954,10664.604281,1,1.99999999999996,0.0200000000000003,7.00000000000003,1,2,66,0.5
1222,10665.98828,10665.011614,10665.230947,10665.934946,10668.434277,1,1.99999999999996,0.0200000000000003,7.00000000000003,1,2,66,0.5
1223,10669.976276,10669.084943,10669.276276,10669.922942,10672.357607,0,1.99999999999996,0.0200000000000003,5.99999999999996,2,1,65,0.5
1224,10675.003604,10674.241605,10674.546271,10675.003604,10675.47027,0,NaN,0,7.00000000000003,1,2,66,0.5
1225,10686.583592,10686.031593,10686.125593,10686.583592,10686.728259,0,NaN,0,7.00000000000003,1,2,66,0.5
1226,10895.51805,10894.542051,10894.952717,10895.464717,10899.238713,0,1.99999999999996,0.0200000000000003,5.99999999999996,2,1,65,0.5
1227,10901.625377,10900.726712,10900.975378,10901.622711,10903.925375,1,1.99999999999996,0.0200000000000003,7.00000000000003,1,2,66,0.5
1228,10905.57604,10904.788708,10904.901374,10905.522707,10909.677369,0,1.99999999999996,0.0200000000000003,5.99999999999996,2,1,65,0.5
1229,10911.268701,10910.350035,10910.734702,10911.215368,10913.345366,1,1.99999999999996,0.0200000000000003,7.00000000000003,1,2,66,0.5
1230,10914.702698,10914.078032,10914.142032,10914.696698,10916.848029,0,1.99999999999996,0.0200000000000003,5.99999999999996,2,1,65,0.5
1231,10918.599361,10917.784028,10918.082028,10918.546027,10919.478026,0,1.99999999999996,0.0200000000000003,5.99999999999996,2,1,65,0.5
1232,10921.030025,10920.043359,10920.476025,10920.976691,10922.338023,1,1.99999999999996,0.0200000000000003,7.00000000000003,1,2,66,0.5
1233,10923.705355,10922.94869,10923.144023,10923.652022,10925.062687,0,1.99999999999996,0.0200000000000003,5.99999999999996,2,1,65,0.5
1234,10926.838019,10925.889353,10926.260019,10926.784686,10927.918684,1,1.99999999999996,0.0200000000000003,7.00000000000003,1,2,66,0.5
1235,10929.17735,10928.360684,10928.557351,10929.124017,10931.456681,0,1.99999999999996,0.0200000000000003,5.99999999999996,2,1,65,0.5
1236,10934.100012,10933.205346,10933.483346,10934.046678,10935.42201,1,1.99999999999996,0.0200000000000003,7.00000000000003,1,2,66,0.5
1237,10937.290008,10936.345343,10936.451343,10937.290008,10937.562675,0,NaN,0,7.00000000000003,1,2,66,0.5
1238,10947.191332,10946.291999,10946.556666,10947.137999,10949.923996,1,1.99999999999996,0.0200000000000003,7.00000000000003,1,2,66,0.5
1239,10951.347328,10950.579328,10950.744662,10951.347328,10951.829994,0,NaN,0,7.00000000000003,1,2,66,0.5
1240,10961.065985,10960.363319,10960.558652,10961.063318,10963.059316,0,1.99999999999996,0.0200000000000003,5.99999999999996,2,1,65,0.5
1241,10964.495315,10963.612649,10963.925982,10964.441981,10967.225978,1,1.99999999999996,0.0200000000000003,7.00000000000003,1,2,66,0.5
1242,10968.645977,10967.891978,10967.959978,10968.592644,10970.612642,0,1.99999999999996,0.0200000000000003,5.99999999999996,2,1,65,0.5
1243,10972.059974,10971.329974,10971.557974,10972.04264,10974.133972,0,1.99999999999996,0.0200000000000003,5.99999999999996,2,1,65,0.5
1244,10976.247969,10974.779304,10975.013971,10976.194636,10981.466631,1,1.99999999999996,0.0200000000000003,7.00000000000003,1,2,66,0.5
1245,10983.287296,10982.295963,10982.607296,10983.287296,10983.716629,0,NaN,0,7.00000000000003,1,2,66,0.5
1246,10998.130614,10997.326615,10997.569281,10998.130614,10998.53128,1,NaN,0,5.99999999999996,2,1,65,0.5
1247,11006.927939,11006.163273,11006.420606,11006.874605,11009.335936,0,1.99999999999996,0.0200000000000003,5.99999999999996,2,1,65,0.5
1248,11010.777268,11009.778603,11010.151269,11010.723935,11013.879265,1,1.99999999999996,0.0200000000000003,7.00000000000003,1,2,66,0.5
1249,11015.706597,11014.939931,11015.135931,11015.653263,11017.706595,0,1.99999999999996,0.0200000000000003,5.99999999999996,2,1,65,0.5
1250,11019.295926,11018.287927,11018.668594,11019.29326,11025.081254,1,1.99999999999996,0.0200000000000003,7.00000000000003,1,2,66,0.5
1251,11026.610586,11025.693253,11025.966586,11026.557252,11028.79725,0,1.99999999999996,0.0200000000000003,5.99999999999996,2,1,65,0.5
1252,11030.217915,11029.567249,11029.629249,11030.164582,11033.339246,1,1.99999999999996,0.0200000000000003,7.00000000000003,1,2,66,0.5
1253,11034.807244,11033.897912,11034.153912,11034.753911,11035.732577,0,1.99999999999996,0.0200000000000003,5.99999999999996,2,1,65,0.5
1254,11037.165909,11036.387243,11036.625909,11037.112575,11039.243906,0,1.99999999999996,0.0200000000000003,5.99999999999996,2,1,65,0.5
1255,11040.515239,11039.890572,11040.023906,11040.504572,11042.71857,0,1.99999999999996,0.0200000000000003,5.99999999999996,2,1,65,0.5
1256,11045.6419,11044.847901,11045.075901,11045.6419,11054.702558,0,NaN,0,7.00000000000003,1,2,66,0.5
1257,11056.068556,11055.089224,11055.32589,11056.06589,11058.786554,1,1.99999999999996,0.0200000000000003,7.00000000000003,1,2,66,0.5
1258,11060.573885,11059.203886,11059.456553,11060.573885,11067.499212,0,NaN,0,7.00000000000003,1,2,66,0.5
1259,11069.168543,11068.309877,11068.646544,11069.11521,11072.045874,1,1.99999999999996,0.0200000000000003,7.00000000000003,1,2,66,0.5
1260,11073.992539,11072.449207,11072.63254,11073.939205,11076.901202,1,1.99999999999996,0.0200000000000003,7.00000000000003,1,2,66,0.5
1261,11078.230534,11077.551868,11077.646535,11078.177201,11080.102532,0,1.99999999999996,0.0200000000000003,5.99999999999996,2,1,65,0.5
1262,11081.373864,11080.687865,11080.879198,11081.320531,11082.79253,0,1.99999999999996,0.0200000000000003,5.99999999999996,2,1,65,0.5
1263,11084.097862,11083.366529,11083.593195,11084.044529,11086.321193,0,1.99999999999996,0.0200000000000003,5.99999999999996,2,1,65,0.5
1264,11088.285191,11086.885859,11087.001192,11088.231857,11091.706521,1,1.99999999999996,0.0200000000000003,7.00000000000003,1,2,66,0.5
1265,11093.012519,11092.241187,11092.35852,11092.959186,11095.112517,0,1.99999999999996,0.0200000000000003,5.99999999999996,2,1,65,0.5
1266,11096.305183,11095.790517,11095.89185,11096.251849,11098.434514,0,1.99999999999996,0.0200000000000003,5.99999999999996,2,1,65,0.5
1267,11099.647179,11099.022513,11099.113847,11099.603846,11101.985844,0,1.99999999999996,0.0200000000000003,5.99999999999996,2,1,65,0.5
1268,11103.197842,11102.545843,11102.775176,11103.197842,11109.150503,0,NaN,0,7.00000000000003,1,2,66,0.5
1269,11110.687168,11109.862503,11110.238502,11110.633835,11112.8185,0,1.99999999999996,0.0200000000000003,5.99999999999996,2,1,65,0.5
1270,11114.642498,11113.467832,11113.759165,11114.631164,11120.129159,1,1.99999999999996,0.0200000000000003,7.00000000000003,1,2,66,0.5
1271,11121.933157,11121.111825,11121.335824,11121.933157,11161.261784,0,NaN,0,7.00000000000003,1,2,66,0.5
1272,11165.47978,11164.555781,11164.607781,11165.47978,11176.547769,0,NaN,0,7.00000000000003,1,2,66,0.5
1273,11178.441101,11177.424435,11177.664435,11178.441101,11180.985765,1,NaN,0,5.99999999999996,2,1,65,0.5
1274,11185.425094,11184.683761,11184.887761,11185.425094,11187.089092,0,NaN,0,7.00000000000003,1,2,66,0.5
1275,11195.395084,11194.395751,11194.779084,11195.34175,11197.993748,1,1.99999999999996,0.0200000000000003,7.00000000000003,1,2,66,0.5
1276,11199.569079,11198.509748,11198.69708,11199.516413,11202.379077,1,1.99999999999996,0.0200000000000003,7.00000000000003,1,2,66,0.5
1277,11203.503742,11202.813076,11202.891743,11203.503742,11211.428401,0,NaN,0,7.00000000000003,1,2,66,0.5
1278,11212.905733,11212.011734,11212.261733,11212.8524,11215.213064,0,1.99999999999996,0.0200000000000003,5.99999999999996,2,1,65,0.5
1279,11216.588396,11215.726397,11216.056396,11216.535062,11219.233727,1,1.99999999999996,0.0200000000000003,7.00000000000003,1,2,66,0.5
1280,11220.355059,11219.721059,11219.791059,11220.355059,11220.611725,0,NaN,0,7.00000000000003,1,2,66,0.5
1281,11232.06838,11231.325048,11231.479048,11232.065714,11233.670379,0,1.99999999999996,0.0200000000000003,5.99999999999996,2,1,65,0.5
1282,11234.693711,11234.175045,11234.315711,11234.693711,11235.116377,0,NaN,0,7.00000000000003,1,2,66,0.5
1283,11241.596371,11240.582372,11240.765038,11241.543037,11245.682367,1,1.99999999999996,0.0200000000000003,7.00000000000003,1,2,66,0.5
1284,11247.068365,11246.153033,11246.401699,11247.015032,11249.721029,1,1.99999999999996,0.0200000000000003,7.00000000000003,1,2,66,0.5
1285,11250.929028,11250.260362,11250.348362,11250.929028,11251.147028,0,NaN,0,7.00000000000003,1,2,66,0.5
1286,11263.668349,11262.915683,11263.124349,11263.668349,11264.492348,0,NaN,0,7.00000000000003,1,2,66,0.5
1287,11407.080872,11406.596206,11406.604206,11407.080872,11408.022204,0,NaN,0,7.00000000000003,1,2,66,0.5
1288,11417.682861,11416.200196,11416.416196,11417.682861,11419.454193,0,NaN,0,7.00000000000003,1,2,66,0.5
1289,11428.55685,11427.343518,11427.700851,11428.55685,11431.425514,0,NaN,0,7.00000000000003,1,2,66,0.5
1290,11437.043509,11436.206176,11436.402176,11437.043509,11439.133507,0,NaN,0,7.00000000000003,1,2,66,0.5
1291,11444.245501,11443.206836,11443.698835,11444.192168,11447.635498,1,1.99999999999996,0.0200000000000003,7.00000000000003,1,2,66,0.5
1292,11449.360163,11448.360164,11448.468164,11449.30683,11454.326158,1,1.99999999999996,0.0200000000000003,7.00000000000003,1,2,66,0.5
1293,11455.802823,11455.092824,11455.136157,11455.802823,11459.236153,0,NaN,0,7.00000000000003,1,2,66,0.5
1294,11476.606802,11475.260804,11475.546803,11476.553469,11479.1748,1,1.99999999999996,0.0200000000000003,7.00000000000003,1,2,66,0.5
1295,11480.537465,11479.772799,11479.931466,11480.484132,11482.41013,0,1.99999999999996,0.0200000000000003,5.99999999999996,2,1,65,0.5
1296,11484.020128,11483.292129,11483.518129,11483.966795,11486.886792,0,1.99999999999996,0.0200000000000003,5.99999999999996,2,1,65,0.5
1297,11488.174124,11487.484792,11487.710125,11488.120791,11490.192122,0,1.99999999999996,0.0200000000000003,5.99999999999996,2,1,65,0.5
1298,11491.851454,11490.814788,11491.002121,11491.798121,11494.586118,1,1.99999999999996,0.0200000000000003,7.00000000000003,1,2,66,0.5
1299,11496.130116,11495.384117,11495.55545,11496.130116,11938.619674,0,NaN,0,7.00000000000003,1,2,66,0.5
1300,11941.352338,11940.423005,11940.602338,11941.299004,11957.126322,1,1.99999999999996,0.0200000000000003,7.00000000000003,1,2,66,0.5
1301,11960.653652,11959.115653,11959.523653,11960.600318,11962.71765,1,1.99999999999996,0.0200000000000003,7.00000000000003,1,2,66,0.5
1302,11964.687648,11963.882316,11964.088315,11964.687648,11973.137639,1,NaN,0,5.99999999999996,2,1,65,0.5
1303,11974.775638,11973.778305,11974.088305,11974.722304,11977.428968,1,1.99999999999996,0.0200000000000003,7.00000000000003,1,2,66,0.5
1304,11978.722967,11977.888968,11978.101634,11978.669634,11980.998965,0,1.99999999999996,0.0200000000000003,5.99999999999996,2,1,65,0.5
1305,11982.36763,11981.678964,11981.884964,11982.314297,11984.610294,0,1.99999999999996,0.0200000000000003,5.99999999999996,2,1,65,0.5
1306,11986.035626,11985.227627,11985.45896,11986.03296,11987.596958,0,1.99999999999996,0.0200000000000003,5.99999999999996,2,1,65,0.5
1307,11989.056957,11988.220291,11988.62429,11989.056957,16044.778901,0,NaN,0,7.00000000000003,1,2,66,0.5
1308,16048.320897,16047.165565,16047.700898,16048.267564,16049.516896,1,1.99999999999996,0.0200000000000003,7.00000000000003,1,2,66,0.5
1309,16051.950894,16050.525562,16051.291561,16051.89756,16052.866893,0,1.99999999999996,0.0200000000000003,5.99999999999996,2,1,65,0.5
1310,16055.468224,16054.034225,16054.482225,16055.41489,16056.381556,1,1.99999999999996,0.0200000000000003,7.00000000000003,1,2,66,0.5
1311,16058.576887,16057.688888,16057.924221,16058.523554,16059.477553,0,1.99999999999996,0.0200000000000003,5.99999999999996,2,1,65,0.5
1312,16066.891545,16061.798884,16062.096884,16066.891545,16066.897545,1,NaN,0,5.99999999999996,2,1,65,0.5
1313,16120.282159,16107.659505,16107.960171,NaN,NaN,NaN,NaN,0,5.99999999999996,2,1,65,0.5
1314,16163.173449,16160.917451,16161.048118,16163.120116,16165.85278,1,1.99999999999996,0.0200000000000003,7.00000000000003,1,2,66,0.5
1315,16176.704769,16175.72877,16176.031436,16176.651436,16177.577435,0,1.99999999999996,0.0200000000000003,5.99999999999996,2,1,65,0.5
1316,16179.223433,16178.198767,16178.565434,16179.1701,16182.374097,1,1.99999999999996,0.0200000000000003,7.00000000000003,1,2,66,0.5
1317,16183.919428,16182.85943,16183.111429,16183.866095,16186.838092,1,1.99999999999996,0.0200000000000003,7.00000000000003,1,2,66,0.5
1318,16188.908757,16187.513425,16187.801425,16188.855424,16192.494753,1,1.99999999999996,0.0200000000000003,7.00000000000003,1,2,66,0.5
1319,16196.603416,16195.49675,16195.70275,16196.550082,16199.152747,0,1.99999999999996,0.0200000000000003,5.99999999999996,2,1,65,0.5
1320,16200.585412,16199.725413,16199.947412,16200.532078,16203.785409,0,1.99999999999996,0.0200000000000003,5.99999999999996,2,1,65,0.5
1321,16204.952741,16204.328075,16204.527408,16204.938741,16206.514739,0,1.99999999999996,0.0200000000000003,5.99999999999996,2,1,65,0.5
1322,16208.106738,16207.162072,16207.374072,16208.053404,16296.333316,1,1.99999999999996,0.0200000000000003,7.00000000000003,1,2,66,0.5
1323,16373.049239,16371.769241,16372.05524,16372.995906,16379.1239,1,1.99999999999996,0.0200000000000003,7.00000000000003,1,2,66,0.5
1324,16384.853894,16382.53723,16382.83123,16384.853894,16389.040557,0,NaN,0,7.00000000000003,1,2,66,0.5
1325,16391.472554,16390.185222,16390.496555,16391.419221,16394.245885,0,1.99999999999996,0.0200000000000003,5.99999999999996,2,1,65,0.5
1326,16396.039216,16395.021217,16395.25855,16395.985883,16399.965212,1,1.99999999999996,0.0200000000000003,7.00000000000003,1,2,66,0.5
1327,16401.699211,16400.615212,16400.867211,16401.696544,16404.475208,0,1.99999999999996,0.0200000000000003,5.99999999999996,2,1,65,0.5
1328,16405.94254,16405.25454,16405.433874,16405.889206,16409.06387,0,1.99999999999996,0.0200000000000003,5.99999999999996,2,1,65,0.5
1329,16410.417202,16409.737869,16409.896536,16410.417202,16432.763846,0,NaN,0,7.00000000000003,1,2,66,0.5
1330,16436.14851,16433.306512,16433.395179,16436.095176,16439.455173,1,1.99999999999996,0.0200000000000003,7.00000000000003,1,2,66,0.5
1331,16442.147837,16440.757838,16440.953171,16442.094504,16446.900499,1,1.99999999999996,0.0200000000000003,7.00000000000003,1,2,66,0.5
1332,16448.461831,16447.561831,16447.823165,16448.461831,16449.462496,1,NaN,0,5.99999999999996,2,1,65,0.5
1333,16457.415822,16456.259156,16456.617156,16457.362488,16458.876487,1,1.99999999999996,0.0200000000000003,7.00000000000003,1,2,66,0.5
1334,16461.149151,16459.805153,16460.164486,16461.095818,16465.377147,1,1.99999999999996,0.0200000000000003,7.00000000000003,1,2,66,0.5
1335,16466.877145,16466.035813,16466.149813,16466.823812,16469.445143,0,1.99999999999996,0.0200000000000003,5.99999999999996,2,1,65,0.5
1336,16471.043141,16470.256475,16470.477809,16471.043141,16471.835807,0,NaN,0,7.00000000000003,1,2,66,0.5
1337,16477.919801,16477.045135,16477.167135,16477.866468,16480.208465,0,1.99999999999996,0.0200000000000003,5.99999999999996,2,1,65,0.5
1338,16481.439131,16480.789798,16480.990465,16481.436464,16483.543795,0,1.99999999999996,0.0200000000000003,5.99999999999996,2,1,65,0.5
1339,16484.817794,16484.123128,16484.335795,16484.817794,16485.283794,0,NaN,0,7.00000000000003,1,2,66,0.5
1340,16711.420901,16710.250235,16710.386235,16711.420901,16719.968226,0,NaN,0,7.00000000000003,1,2,66,0.5
1341,16724.230221,16723.242889,16723.304889,16724.176888,16728.62355,0,1.99999999999996,0.0200000000000003,5.99999999999996,2,1,65,0.5
1342,16730.483549,16729.769549,16729.917549,16730.430215,16733.070879,0,1.99999999999996,0.0200000000000003,5.99999999999996,2,1,65,0.5
1343,16734.624211,16733.701545,16733.947545,16734.624211,16734.949544,0,NaN,0,7.00000000000003,1,2,66,0.5
1344,16742.452203,16741.422871,16741.636204,16742.39887,16745.809533,1,1.99999999999996,0.0200000000000003,7.00000000000003,1,2,66,0.5
1345,16747.500198,16746.524199,16746.689532,16747.497532,16761.914184,1,1.99999999999996,0.0200000000000003,7.00000000000003,1,2,66,0.5
1346,16763.268849,16762.56485,16762.681516,16763.268849,16763.310849,0,NaN,0,7.00000000000003,1,2,66,0.5
1347,16772.033507,16771.130175,16771.348174,16771.980174,16777.810835,1,1.99999999999996,0.0200000000000003,7.00000000000003,1,2,66,0.5
1348,16779.887499,16778.430834,16778.630167,16779.834833,16783.744829,1,1.99999999999996,0.0200000000000003,7.00000000000003,1,2,66,0.5
1349,16786.738826,16785.889493,16786.128826,16786.685492,16789.789489,0,1.99999999999996,0.0200000000000003,5.99999999999996,2,1,65,0.5
1350,16791.103488,16790.392155,16790.612155,16791.050155,16792.856819,0,1.99999999999996,0.0200000000000003,5.99999999999996,2,1,65,0.5
1351,16794.986817,16793.578152,16793.758819,16794.984151,16799.328813,1,1.99999999999996,0.0200000000000003,7.00000000000003,1,2,66,0.5
1352,16808.542804,16807.740805,16807.970138,16808.489471,16812.215467,0,1.99999999999996,0.0200000000000003,5.99999999999996,2,1,65,0.5
1353,16813.548799,16812.924133,16813.076799,16813.516132,16816.912129,0,1.99999999999996,0.0200000000000003,5.99999999999996,2,1,65,0.5
1354,16818.230794,16817.606128,16817.800128,16818.216794,16820.550125,0,1.99999999999996,0.0200000000000003,5.99999999999996,2,1,65,0.5
1355,16821.866124,16821.243458,16821.420124,16821.866124,16822.438123,0,NaN,0,7.00000000000003,1,2,66,0.5
1356,16829.41345,16828.532117,16828.72745,16829.410783,16833.922112,1,1.99999999999996,0.0200000000000003,7.00000000000003,1,2,66,0.5
1357,16835.591443,16834.852778,16835.029444,16835.591443,16840.270772,0,NaN,0,7.00000000000003,1,2,66,0.5
1358,16841.814104,16841.073438,16841.250771,16841.760771,16844.974101,1,1.99999999999996,0.0200000000000003,7.00000000000003,1,2,66,0.5
1359,16847.632098,16846.161433,16846.390099,16847.578765,16850.592095,1,1.99999999999996,0.0200000000000003,7.00000000000003,1,2,66,0.5
1360,16852.13276,16851.118095,16851.268094,16852.079427,16853.859425,1,1.99999999999996,0.0200000000000003,7.00000000000003,1,2,66,0.5
1361,16857.590092,16856.527422,16856.760756,16857.536755,16858.395421,1,1.99999999999996,0.0200000000000003,7.00000000000003,1,2,66,0.5
1362,16864.344081,16863.398749,16863.632082,16864.344081,16874.323405,1,NaN,0,5.99999999999996,2,1,65,0.5
1363,16875.777403,16874.746071,16874.980071,16875.777403,16876.163403,1,NaN,0,5.99999999999996,2,1,65,0.5
1364,16883.114063,16882.489397,16882.61073,16883.082063,16885.55806,0,1.99999999999996,0.0200000000000003,5.99999999999996,2,1,65,0.5
1365,16886.864725,16886.267393,16886.336726,16886.811392,16889.186723,0,1.99999999999996,0.0200000000000003,5.99999999999996,2,1,65,0.5
1366,16890.206055,16889.749389,16889.802723,16890.206055,16890.784722,0,NaN,0,7.00000000000003,1,2,66,0.5
1367,16899.502713,16899.000047,16899.020713,16899.44938,16901.161378,1,1.99999999999996,0.0200000000000003,7.00000000000003,1,2,66,0.5
1368,16902.685376,16901.657377,16901.838711,16902.68271,16906.13004,1,1.99999999999996,0.0200000000000003,7.00000000000003,1,2,66,0.5
1369,16907.324038,16906.566706,16906.701372,16907.270705,16909.816036,0,1.99999999999996,0.0200000000000003,5.99999999999996,2,1,65,0.5
1370,16911.535367,16910.815368,16911.026701,16911.535367,16911.614701,0,NaN,0,7.00000000000003,1,2,66,0.5
1371,16921.568691,16920.681358,16920.930691,16921.515357,16924.644688,0,1.99999999999996,0.0200000000000003,5.99999999999996,2,1,65,0.5
1372,16926.504686,16925.53002,16925.757353,16926.502019,16930.020682,1,1.99999999999996,0.0200000000000003,7.00000000000003,1,2,66,0.5
1373,16932.30068,16930.718015,16930.807348,16932.298013,16934.904011,1,1.99999999999996,0.0200000000000003,7.00000000000003,1,2,66,0.5
1374,16936.263343,16935.482677,16935.626677,16936.210676,16937.647341,0,1.99999999999996,0.0200000000000003,5.99999999999996,2,1,65,0.5
1375,16939.492006,16938.287341,16938.524007,16939.438673,16944.004668,1,1.99999999999996,0.0200000000000003,7.00000000000003,1,2,66,0.5
1376,16946.644666,16944.770668,16944.882001,16946.644666,16955.430657,0,NaN,0,7.00000000000003,1,2,66,0.5
1377,16956.886655,16956.042656,16956.236656,16956.886655,16957.029322,1,NaN,0,5.99999999999996,2,1,65,0.5
1378,16987.342625,16986.717959,16986.805959,16987.300625,16989.571289,0,1.99999999999996,0.0200000000000003,5.99999999999996,2,1,65,0.5
1379,16990.948621,16990.323955,16990.553955,16990.943288,16993.335952,0,1.99999999999996,0.0200000000000003,5.99999999999996,2,1,65,0.5
1380,16995.139951,16994.024618,16994.373285,16995.086617,16998.930613,1,1.99999999999996,0.0200000000000003,7.00000000000003,1,2,66,0.5
1381,17000.421279,16999.590613,16999.786613,17000.367945,17003.090609,0,1.99999999999996,0.0200000000000003,5.99999999999996,2,1,65,0.5
1382,17004.523274,17003.898608,17004.029942,17004.499941,17007.121939,0,1.99999999999996,0.0200000000000003,5.99999999999996,2,1,65,0.5
1383,17009.112603,17008.161938,17008.446604,17009.05927,17013.027933,1,1.99999999999996,0.0200000000000003,7.00000000000003,1,2,66,0.5
1384,17014.836598,17013.715265,17013.833932,17014.783264,17018.295927,1,1.99999999999996,0.0200000000000003,7.00000000000003,1,2,66,0.5
1385,17019.988592,17018.851927,17018.97126,17019.935259,17025.896586,1,1.99999999999996,0.0200000000000003,7.00000000000003,1,2,66,0.5
1386,17027.479252,17026.454586,17026.768586,17027.479252,17033.555245,1,NaN,0,5.99999999999996,2,1,65,0.5
1387,17036.598576,17035.510577,17035.888576,17036.595909,17040.743238,1,1.99999999999996,0.0200000000000003,7.00000000000003,1,2,66,0.5
1388,17042.485237,17041.176571,17041.643237,17042.485237,17046.646566,1,NaN,0,5.99999999999996,2,1,65,0.5
1389,17050.912561,17049.875229,17050.303895,17050.859228,17054.829224,1,1.99999999999996,0.0200000000000003,7.00000000000003,1,2,66,0.5
1390,17056.196556,17055.367224,17055.57789,17056.143223,17058.98322,0,1.99999999999996,0.0200000000000003,5.99999999999996,2,1,65,0.5
1391,17060.327219,17059.591219,17059.807886,17060.273885,17062.613883,0,1.99999999999996,0.0200000000000003,5.99999999999996,2,1,65,0.5
1392,17064.130548,17063.318549,17063.540549,17064.077215,17068.251211,0,1.99999999999996,0.0200000000000003,5.99999999999996,2,1,65,0.5
1393,17069.967876,17068.83321,17069.15521,17069.965209,17073.837872,1,1.99999999999996,0.0200000000000003,7.00000000000003,1,2,66,0.5
1394,17075.250537,17074.483871,17074.609871,17075.250537,17083.009196,0,NaN,0,7.00000000000003,1,2,66,0.5
1395,17084.363195,17083.474529,17083.767195,17084.309861,17088.337191,1,1.99999999999996,0.0200000000000003,7.00000000000003,1,2,66,0.5
1396,17090.093189,17089.235856,17089.401856,17090.039856,17092.981853,0,1.99999999999996,0.0200000000000003,5.99999999999996,2,1,65,0.5
1397,17095.033184,17093.660522,17093.869185,17094.980517,17098.197181,1,1.99999999999996,0.0200000000000003,7.00000000000003,1,2,66,0.5
1398,17099.595179,17098.813847,17098.958513,17099.541846,17102.227843,0,1.99999999999996,0.0200000000000003,5.99999999999996,2,1,65,0.5
1399,17104.103175,17102.987176,17103.325842,17104.049842,17108.149838,1,1.99999999999996,0.0200000000000003,7.00000000000003,1,2,66,0.5
1400,17109.783169,17108.869837,17109.09917,17109.729836,17112.4045,0,1.99999999999996,0.0200000000000003,5.99999999999996,2,1,65,0.5
1401,17113.995832,17113.169833,17113.455166,17113.995832,17122.079157,0,NaN,0,7.00000000000003,1,2,66,0.5
1402,17126.535153,17125.49782,17125.792487,17126.535153,17131.026481,1,NaN,0,5.99999999999996,2,1,65,0.5
1403,17138.58714,17137.570475,17137.791141,17138.533807,17141.242471,1,1.99999999999996,0.0200000000000003,7.00000000000003,1,2,66,0.5
1404,17142.527136,17141.639804,17141.885137,17142.473803,17144.783134,0,1.99999999999996,0.0200000000000003,5.99999999999996,2,1,65,0.5
1405,17146.531799,17145.568467,17145.9458,17146.478466,17149.913796,1,1.99999999999996,0.0200000000000003,7.00000000000003,1,2,66,0.5
1406,17151.081128,17150.371129,17150.502462,17151.027795,17153.875792,0,1.99999999999996,0.0200000000000003,5.99999999999996,2,1,65,0.5
1407,17155.43179,17154.440458,17154.669791,17155.378457,17166.383113,1,1.99999999999996,0.0200000000000003,7.00000000000003,1,2,66,0.5
1408,17167.891111,17166.981779,17167.179779,17167.888444,17171.777107,1,1.99999999999996,0.0200000000000003,7.00000000000003,1,2,66,0.5
1409,17173.084439,17172.261773,17172.389107,17173.031773,17175.134437,0,1.99999999999996,0.0200000000000003,5.99999999999996,2,1,65,0.5
1410,17176.718436,17175.956436,17176.178436,17176.718436,17177.337768,0,NaN,0,7.00000000000003,1,2,66,0.5
1411,17185.70376,17184.810428,17185.131094,17185.650427,17189.230423,1,1.99999999999996,0.0200000000000003,7.00000000000003,1,2,66,0.5
1412,17190.504422,17189.734423,17189.908422,17190.451089,17193.973085,1,1.99999999999996,0.0200000000000003,7.00000000000003,1,2,66,0.5
1413,17195.44775,17194.641084,17194.827751,17195.44775,17210.555735,1,NaN,0,5.99999999999996,2,1,65,0.5
1414,17214.047732,17212.909733,17213.254399,17214.045065,17216.683729,0,1.99999999999996,0.0200000000000003,5.99999999999996,2,1,65,0.5
1415,17218.008394,17217.150395,17217.428395,17217.997728,17220.653725,0,1.99999999999996,0.0200000000000003,5.99999999999996,2,1,65,0.5
1416,17222.103057,17221.087725,17221.354391,17222.10039,17225.525054,1,1.99999999999996,0.0200000000000003,7.00000000000003,1,2,66,0.5
1417,17227.119052,17226.159053,17226.304386,17227.065719,17229.28705,0,1.99999999999996,0.0200000000000003,5.99999999999996,2,1,65,0.5
1418,17230.990381,17229.929049,17230.118382,17230.937048,17236.04171,1,1.99999999999996,0.0200000000000003,7.00000000000003,1,2,66,0.5
1419,17237.454375,17236.551042,17236.924375,17237.454375,17245.591033,1,NaN,0,5.99999999999996,2,1,65,0.5
1420,17246.875032,17246.0037,17246.211033,17246.821699,17249.223696,0,1.99999999999996,0.0200000000000003,5.99999999999996,2,1,65,0.5
1421,17250.561695,17249.789696,17250.029029,17250.508362,17253.003026,0,1.99999999999996,0.0200000000000003,5.99999999999996,2,1,65,0.5
1422,17254.281691,17253.481692,17253.715692,17254.228358,17255.977023,0,1.99999999999996,0.0200000000000003,5.99999999999996,2,1,65,0.5
1423,17257.286355,17256.513023,17256.789689,17257.233022,17259.49502,0,1.99999999999996,0.0200000000000003,5.99999999999996,2,1,65,0.5
1424,17260.957018,17260.035686,17260.372352,17260.954351,17264.026348,1,1.99999999999996,0.0200000000000003,7.00000000000003,1,2,66,0.5
1425,17265.456347,17264.701681,17264.834348,17265.456347,17265.89568,0,NaN,0,7.00000000000003,1,2,66,0.5
1426,17276.776336,17275.926336,17276.196336,17276.776336,17277.519668,1,NaN,0,5.99999999999996,2,1,65,0.5
1427,17294.818318,17293.975652,17294.249651,17294.815651,17297.099649,0,1.99999999999996,0.0200000000000003,5.99999999999996,2,1,65,0.5
1428,17298.799647,17297.538981,17297.735648,17298.746314,17301.805644,1,1.99999999999996,0.0200000000000003,7.00000000000003,1,2,66,0.5
1429,17303.380976,17302.27831,17302.459643,17303.378309,17305.860973,1,1.99999999999996,0.0200000000000003,7.00000000000003,1,2,66,0.5
1430,17307.153639,17306.322306,17306.422973,17307.150972,17309.367636,0,1.99999999999996,0.0200000000000003,5.99999999999996,2,1,65,0.5
1431,17310.658968,17309.914302,17310.200969,17310.605635,17312.666966,0,1.99999999999996,0.0200000000000003,5.99999999999996,2,1,65,0.5
1432,17314.104965,17313.246299,17313.526965,17314.102298,17316.122963,0,1.99999999999996,0.0200000000000003,5.99999999999996,2,1,65,0.5
1433,17318.61296,17317.896961,17318.142961,17318.61296,17319.247626,0,NaN,0,7.00000000000003,1,2,66,0.5
1434,17326.173619,17325.44362,17325.648953,17326.120286,17328.022951,0,1.99999999999996,0.0200000000000003,5.99999999999996,2,1,65,0.5
1435,17329.00295,17328.409617,17328.531617,17328.949617,17330.429615,0,1.99999999999996,0.0200000000000003,5.99999999999996,2,1,65,0.5
1436,17331.775614,17330.898948,17331.111615,17331.722281,17335.31561,1,1.99999999999996,0.0200000000000003,7.00000000000003,1,2,66,0.5
1437,17336.916275,17335.972277,17336.212943,17336.863609,17340.386272,1,1.99999999999996,0.0200000000000003,7.00000000000003,1,2,66,0.5
1438,17342.206937,17341.218938,17341.398938,17342.20427,17345.398934,1,1.99999999999996,0.0200000000000003,7.00000000000003,1,2,66,0.5
1439,17347.508265,17346.774266,17346.892265,17347.454932,17349.776263,0,1.99999999999996,0.0200000000000003,5.99999999999996,2,1,65,0.5
1440,17351.060261,17350.324262,17350.563595,17351.060261,17356.877589,0,NaN,0,7.00000000000003,1,2,66,0.5
1441,17358.210254,17357.584255,17357.764921,17358.210254,17365.034914,0,NaN,0,7.00000000000003,1,2,66,0.5
1442,17366.470246,17365.460247,17365.836913,17366.416913,17370.034242,1,1.99999999999996,0.0200000000000003,7.00000000000003,1,2,66,0.5
1443,17371.372908,17370.472909,17370.652908,17371.370241,17373.888905,1,1.99999999999996,0.0200000000000003,7.00000000000003,1,2,66,0.5
1444,17375.380237,17374.360905,17374.582904,17375.37757,17377.468902,0,1.99999999999996,0.0200000000000003,5.99999999999996,2,1,65,0.5
1445,17378.7849,17378.030901,17378.249567,17378.731567,17381.125565,0,1.99999999999996,0.0200000000000003,5.99999999999996,2,1,65,0.5
1446,17382.37223,17381.748231,17381.87823,17382.328897,17384.245561,0,1.99999999999996,0.0200000000000003,5.99999999999996,2,1,65,0.5
1447,17385.596893,17384.876894,17385.058894,17385.596893,17389.733556,0,NaN,0,7.00000000000003,1,2,66,0.5
1448,17395.144217,17394.060885,17394.372218,17395.090884,17397.792215,1,1.99999999999996,0.0200000000000003,7.00000000000003,1,2,66,0.5
1449,17398.963547,17398.168881,17398.348881,17398.910213,17401.361544,1,1.99999999999996,0.0200000000000003,7.00000000000003,1,2,66,0.5
1450,17402.705543,17401.875544,17402.090877,17402.65221,17404.804874,0,1.99999999999996,0.0200000000000003,5.99999999999996,2,1,65,0.5
1451,17406.320873,17405.43554,17405.768207,17406.267539,17409.148203,1,1.99999999999996,0.0200000000000003,7.00000000000003,1,2,66,0.5
1452,17410.470869,17409.546203,17409.715536,17410.443535,17412.2022,0,1.99999999999996,0.0200000000000003,5.99999999999996,2,1,65,0.5
1453,17413.629532,17412.7462,17413.022866,17413.576199,17416.474196,1,1.99999999999996,0.0200000000000003,7.00000000000003,1,2,66,0.5
1454,17419.032193,17418.165528,17418.382194,17418.97886,17426.222186,1,1.99999999999996,0.0200000000000003,7.00000000000003,1,2,66,0.5
1455,17427.664851,17426.680852,17426.836852,17427.664851,17430.914848,1,NaN,0,5.99999999999996,2,1,65,0.5
1456,17436.688842,17435.92751,17436.15351,17436.635509,17438.831507,0,1.99999999999996,0.0200000000000003,5.99999999999996,2,1,65,0.5
1457,17439.827506,17439.276173,17439.389506,17439.774173,17441.832837,0,1.99999999999996,0.0200000000000003,5.99999999999996,2,1,65,0.5
1458,17443.180169,17442.301503,17442.619503,17443.126836,17446.308166,1,1.99999999999996,0.0200000000000003,7.00000000000003,1,2,66,0.5
1459,17447.658165,17446.736833,17446.931499,17447.658165,17447.681498,0,NaN,0,7.00000000000003,1,2,66,0.5
1460,17505.428107,17504.636108,17504.850107,17505.428107,17505.802107,0,NaN,0,7.00000000000003,1,2,66,0.5
1461,17519.178093,17518.264761,17518.356094,17519.12476,17521.928757,0,1.99999999999996,0.0200000000000003,5.99999999999996,2,1,65,0.5
1462,17523.217422,17522.52409,17522.72609,17523.164089,17525.21542,0,1.99999999999996,0.0200000000000003,5.99999999999996,2,1,65,0.5
1463,17526.397419,17525.840753,17525.924086,17526.397419,17531.013415,0,NaN,0,7.00000000000003,1,2,66,0.5
1464,17534.713411,17534.030078,17534.110078,17534.713411,17539.724739,0,NaN,0,7.00000000000003,1,2,66,0.5
1465,17541.201404,17540.315405,17540.665405,17541.198738,17543.960068,1,1.99999999999996,0.0200000000000003,7.00000000000003,1,2,66,0.5
1466,17545.236067,17544.466735,17544.592734,17545.182734,17546.943399,0,1.99999999999996,0.0200000000000003,5.99999999999996,2,1,65,0.5
1467,17548.500064,17547.646065,17547.840065,17548.446731,17553.402059,1,1.99999999999996,0.0200000000000003,7.00000000000003,1,2,66,0.5
1468,17554.826724,17553.800059,17554.023392,17554.773391,17558.115388,1,1.99999999999996,0.0200000000000003,7.00000000000003,1,2,66,0.5
1469,17559.33072,17558.506054,17558.597387,17559.328053,17561.706051,0,1.99999999999996,0.0200000000000003,5.99999999999996,2,1,65,0.5
1470,17563.120716,17562.430717,17562.651383,17563.067383,17565.152047,0,1.99999999999996,0.0200000000000003,5.99999999999996,2,1,65,0.5
1471,17567.353378,17565.75938,17565.99738,17567.350712,17572.443373,1,1.99999999999996,0.0200000000000003,7.00000000000003,1,2,66,0.5
1472,17573.789372,17572.849373,17573.066706,17573.736039,17576.898035,1,1.99999999999996,0.0200000000000003,7.00000000000003,1,2,66,0.5
1473,17580.364032,17578.9267,17579.170033,17580.310699,17585.84736,1,1.99999999999996,0.0200000000000003,7.00000000000003,1,2,66,0.5
1474,17587.519358,17586.256693,17586.514026,17587.519358,17589.183357,1,NaN,0,5.99999999999996,2,1,65,0.5
1475,17598.382681,17597.526015,17597.840015,17598.329347,17600.998011,1,1.99999999999996,0.0200000000000003,7.00000000000003,1,2,66,0.5
1476,17602.59801,17601.742011,17601.793344,17602.59801,17606.945339,1,NaN,0,5.99999999999996,2,1,65,0.5
1477,17610.274669,17609.447336,17609.665336,17610.272002,17611.313334,0,1.99999999999996,0.0200000000000003,5.99999999999996,2,1,65,0.5
1478,17612.707333,17611.826667,17612.134,17612.654,17614.130665,0,1.99999999999996,0.0200000000000003,5.99999999999996,2,1,65,0.5
1479,17615.50733,17614.695998,17615.013997,17615.453997,17617.423995,0,1.99999999999996,0.0200000000000003,5.99999999999996,2,1,65,0.5
1480,17618.651994,17617.910661,17618.231994,17618.59866,17620.519325,0,1.99999999999996,0.0200000000000003,5.99999999999996,2,1,65,0.5
1481,17621.87799,17621.067325,17621.395991,17621.824657,17624.949321,1,1.99999999999996,0.0200000000000003,7.00000000000003,1,2,66,0.5
1482,17626.292653,17625.471987,17625.696653,17626.239319,17628.661984,0,1.99999999999996,0.0200000000000003,5.99999999999996,2,1,65,0.5
1483,17630.214649,17629.22665,17629.433983,17630.161982,17633.425312,1,1.99999999999996,0.0200000000000003,7.00000000000003,1,2,66,0.5
1484,17634.999311,17633.916645,17634.087978,17634.945977,17637.666641,1,1.99999999999996,0.0200000000000003,7.00000000000003,1,2,66,0.5
1485,17639.255973,17638.458641,17638.675974,17639.255973,17639.831973,0,NaN,0,7.00000000000003,1,2,66,0.5
1486,17647.286632,17646.672632,17646.765966,17647.283965,17649.36663,0,1.99999999999996,0.0200000000000003,5.99999999999996,2,1,65,0.5
1487,17650.484629,17649.859962,17650.068629,17650.435962,17652.32596,0,1.99999999999996,0.0200000000000003,5.99999999999996,2,1,65,0.5
1488,17653.932625,17652.853293,17653.049959,17653.879292,17656.999955,1,1.99999999999996,0.0200000000000003,7.00000000000003,1,2,66,0.5
1489,17658.62062,17657.603288,17657.786621,17658.567287,17660.173285,1,1.99999999999996,0.0200000000000003,7.00000000000003,1,2,66,0.5
1490,17661.508618,17660.527285,17660.761952,17661.455284,17663.222616,1,1.99999999999996,0.0200000000000003,7.00000000000003,1,2,66,0.5
1491,17664.577948,17663.643282,17663.979282,17664.524615,17665.648613,0,1.99999999999996,0.0200000000000003,5.99999999999996,2,1,65,0.5
1492,17667.109279,17666.319946,17666.585279,17667.055945,17668.867277,0,1.99999999999996,0.0200000000000003,5.99999999999996,2,1,65,0.5
1493,17669.974609,17669.349943,17669.445276,17669.963276,17670.700608,0,1.99999999999996,0.0200000000000003,5.99999999999996,2,1,65,0.5
1494,17672.141274,17671.159941,17671.596607,17672.087941,17672.993273,1,1.99999999999996,0.0200000000000003,7.00000000000003,1,2,66,0.5
1495,17674.127938,17673.433939,17673.631272,17674.127938,17674.546604,0,NaN,0,7.00000000000003,1,2,66,0.5
1496,17684.489261,17683.512596,17683.777262,17684.486595,17685.386594,0,1.99999999999996,0.0200000000000003,5.99999999999996,2,1,65,0.5
1497,17686.431259,17685.806593,17686.026593,17686.415926,17688.539924,0,1.99999999999996,0.0200000000000003,5.99999999999996,2,1,65,0.5
1498,17689.643256,17689.059923,17689.11259,17689.589923,17691.564587,0,1.99999999999996,0.0200000000000003,5.99999999999996,2,1,65,0.5
1499,17693.055253,17692.05392,17692.293253,17693.001919,17695.80925,1,1.99999999999996,0.0200000000000003,7.00000000000003,1,2,66,0.5
1500,17697.204582,17696.325249,17696.581249,17697.204582,17697.581248,0,NaN,0,7.00000000000003,1,2,66,0.5
1501,17705.616573,17704.934574,17705.063241,17705.616573,17707.930571,0,NaN,0,7.00000000000003,1,2,66,0.5
1502,17729.569883,17729.019883,17729.041883,17729.569883,17729.583883,0,NaN,0,7.00000000000003,1,2,66,0.5
1503,17739.681873,17738.843874,17738.919207,17739.681873,17740.090539,0,NaN,0,7.00000000000003,1,2,66,0.5
1504,17748.099198,17747.139199,17747.345198,17748.096531,17751.141861,1,1.99999999999996,0.0200000000000003,7.00000000000003,1,2,66,0.5
1505,17752.701193,17751.604527,17751.766527,17752.701193,17753.363192,1,NaN,0,5.99999999999996,2,1,65,0.5
1506,17766.239179,17765.44118,17765.67718,17766.185846,17771.189174,0,1.99999999999996,0.0200000000000003,5.99999999999996,2,1,65,0.5
1507,17772.945173,17771.813174,17772.19384,17772.891839,17780.393832,1,1.99999999999996,0.0200000000000003,7.00000000000003,1,2,66,0.5
1508,17782.546496,17780.878498,17781.042498,17782.493163,17785.511827,1,1.99999999999996,0.0200000000000003,7.00000000000003,1,2,66,0.5
1509,17787.691158,17786.639826,17786.839825,17787.637825,17791.542487,1,1.99999999999996,0.0200000000000003,7.00000000000003,1,2,66,0.5
1510,17793.025153,17792.144487,17792.366487,17793.025153,17795.003151,1,NaN,0,5.99999999999996,2,1,65,0.5
1511,17802.74981,17801.878477,17802.176477,17802.696476,17805.68514,0,1.99999999999996,0.0200000000000003,5.99999999999996,2,1,65,0.5
1512,17807.071805,17806.347139,17806.397139,17807.069139,17809.311136,0,1.99999999999996,0.0200000000000003,5.99999999999996,2,1,65,0.5
1513,17810.875801,17809.818469,17810.053136,17810.873135,17814.335798,1,1.99999999999996,0.0200000000000003,7.00000000000003,1,2,66,0.5
1514,17816.067796,17815.105131,17815.319797,17816.014463,17818.955127,1,1.99999999999996,0.0200000000000003,7.00000000000003,1,2,66,0.5
1515,17820.411125,17819.443126,17819.574459,17820.357792,17827.423118,1,1.99999999999996,0.0200000000000003,7.00000000000003,1,2,66,0.5
1516,17828.717784,17827.866451,17828.117784,17828.665117,17831.281781,0,1.99999999999996,0.0200000000000003,5.99999999999996,2,1,65,0.5
1517,17833.481112,17832.801113,17833.013113,17833.481112,17840.275105,0,NaN,0,7.00000000000003,1,2,66,0.5
1518,17841.713104,17840.949105,17841.186438,17841.659771,17844.459101,1,1.99999999999996,0.0200000000000003,7.00000000000003,1,2,66,0.5
1519,17845.728433,17844.913767,17845.100434,17845.6751,NaN,1,1.99999999999996,0.0200000000000003,7.00000000000003,1,2,66,0.5
