trial,outcome,center_in,center_out,side_in,last_side_out,actions,reward,trial_types,odors,port_side,schedule,odor_name,odor_dur
1,579.733919,572.890592,572.995925,579.733919,586.15725,1,NaN,0,5.99999999999996,2,1,65,0.5
2,601.093897,600.255232,600.347898,601.040564,602.087896,1,1.99999999999996,0.0200000000000003,7.00000000000003,1,2,66,0.5
3,625.269207,612.646552,612.853219,NaN,630.361201,NaN,NaN,0,7.00000000000003,1,2,66,0.5
4,635.253863,634.352531,634.745197,635.20053,654.173178,1,1.99999999999996,0.0200000000000003,7.00000000000003,1,2,66,0.5
5,662.902502,661.718503,662.426503,662.902502,682.267816,1,NaN,0,5.99999999999996,2,1,65,0.5
6,687.491144,686.062479,686.451812,686.939812,NaN,1,NaN,0,7.00000000000003,1,2,66,0.5
7,699.045133,698.327133,698.645133,699.045133,702.255796,0,NaN,0,7.00000000000003,1,2,66,0.5
8,757.044408,756.090409,756.471742,756.991075,771.35906,0,1.99999999999996,0.0200000000000003,5.99999999999996,2,1,65,0.5
9,773.206392,772.27106,772.589059,773.206392,784.745714,1,NaN,0,5.99999999999996,2,1,65,0.5
10,793.329038,792.429706,792.719706,793.275705,795.353703,0,1.99999999999996,0.0200000000000003,5.99999999999996,2,1,65,0.5
11,801.215697,800.313031,800.575031,801.215697,808.476357,0,NaN,0,7.00000000000003,1,2,66,0.5
12,811.605687,810.997021,811.123687,811.552354,812.851686,0,1.99999999999996,0.0200000000000003,5.99999999999996,2,1,65,0.5
13,815.199683,814.211018,814.711017,815.14635,816.731682,0,1.99999999999996,0.0200000000000003,5.99999999999996,2,1,65,0.5
14,818.15568,817.173015,817.625681,818.102347,824.229008,1,1.99999999999996,0.0200000000000003,7.00000000000003,1,2,66,0.5
15,825.753673,824.795007,825.129673,825.700339,826.963671,1,1.99999999999996,0.0200000000000003,7.00000000000003,1,2,66,0.5
16,829.124336,827.944337,828.429004,829.071003,830.215668,0,1.99999999999996,0.0200000000000003,5.99999999999996,2,1,65,0.5
17,831.703,830.643668,831.153001,831.700333,833.106999,0,1.99999999999996,0.0200000000000003,5.99999999999996,2,1,65,0.5
18,834.631664,833.472998,833.988998,834.578331,835.39233,1,1.99999999999996,0.0200000000000003,7.00000000000003,1,2,66,0.5
19,843.958321,842.871656,843.226989,843.904988,850.571648,1,1.99999999999996,0.0200000000000003,7.00000000000003,1,2,66,0.5
20,851.79298,850.948981,851.237647,851.739647,852.892979,1,1.99999999999996,0.0200000000000003,7.00000000000003,1,2,66,0.5
21,854.380311,853.418312,853.886978,854.326977,855.763643,0,1.99999999999996,0.0200000000000003,5.99999999999996,2,1,65,0.5
22,857.362974,856.223642,856.796975,857.360308,858.59164,0,1.99999999999996,0.0200000000000003,5.99999999999996,2,1,65,0.5
23,860.487638,858.96164,859.836972,860.487638,861.143637,1,NaN,0,5.99999999999996,2,1,65,0.5
24,870.852961,869.941629,870.229628,870.799628,872.486293,1,1.99999999999996,0.0200000000000003,7.00000000000003,1,2,66,0.5
25,898.996933,898.006934,898.298267,898.996933,977.006188,0,NaN,0,7.00000000000003,1,2,66,0.5
26,979.513519,978.766186,979.096853,979.513519,981.98485,0,NaN,0,7.00000000000003,1,2,66,0.5
27,1002.772829,1001.719497,1002.15283,1002.770162,1004.154161,0,1.99999999999996,0.0200000000000003,5.99999999999996,2,1,65,0.5
28,1005.950826,1004.520827,1004.875494,1005.399493,1010.765488,1,NaN,0,7.00000000000003,1,2,66,0.5
29,1014.400151,1013.543485,1013.953484,1014.397484,1015.459483,0,1.99999999999996,0.0200000000000003,5.99999999999996,2,1,65,0.5
30,1016.778148,1015.874149,1016.298815,1016.724815,1017.618147,1,1.99999999999996,0.0200000000000003,7.00000000000003,1,2,66,0.5
31,1020.876811,1020.200145,1020.485478,1020.876811,1024.692807,0,NaN,0,7.00000000000003,1,2,66,0.5
32,1094.362071,1093.200072,1093.687405,1094.359404,1094.901404,0,1.99999999999996,0.0200000000000003,5.99999999999996,2,1,65,0.5
33,1108.086724,1106.726058,1107.010058,1107.535391,1129.875369,1,NaN,0,7.00000000000003,1,2,66,0.5
34,1142.040023,1140.981357,1141.38869,1141.98669,1143.005355,1,1.99999999999996,0.0200000000000003,7.00000000000003,1,2,66,0.5
35,1145.476686,1144.426687,1144.736687,1145.47402,1147.044018,1,1.99999999999996,0.0200000000000003,7.00000000000003,1,2,66,0.5
36,1148.250017,1147.560684,1147.867351,1148.250017,1161.380004,0,NaN,0,7.00000000000003,1,2,66,0.5
37,1165.494,1164.360667,1164.802667,1165.440666,1166.554665,1,1.99999999999996,0.0200000000000003,7.00000000000003,1,2,66,0.5
38,1168.001997,1167.027998,1167.463331,1167.948664,1169.509329,0,1.99999999999996,0.0200000000000003,5.99999999999996,2,1,65,0.5
39,1171.160661,1169.917995,1170.366661,1171.107327,1172.117993,1,1.99999999999996,0.0200000000000003,7.00000000000003,1,2,66,0.5
40,1173.631991,1172.493993,1172.845992,1173.578658,1174.531324,1,1.99999999999996,0.0200000000000003,7.00000000000003,1,2,66,0.5
41,1176.164656,1174.96399,1175.478657,1176.161989,1177.119321,0,1.99999999999996,0.0200000000000003,5.99999999999996,2,1,65,0.5
42,1178.64532,1177.555988,1178.115987,1178.592653,1179.347319,1,1.99999999999996,0.0200000000000003,7.00000000000003,1,2,66,0.5
43,1180.721984,1179.695319,1180.174652,1180.719318,1182.357316,0,1.99999999999996,0.0200000000000003,5.99999999999996,2,1,65,0.5
44,1184.167981,1182.735982,1183.607315,1184.114648,1185.396646,0,1.99999999999996,0.0200000000000003,5.99999999999996,2,1,65,0.5
45,1187.244645,1185.768646,1186.680645,1187.244645,1197.197968,1,NaN,0,5.99999999999996,2,1,65,0.5
46,1198.5953,1197.607968,1197.959967,1198.541967,1198.9073,1,1.99999999999996,0.0200000000000003,7.00000000000003,1,2,66,0.5
47,1200.597965,1199.455966,1199.849965,1200.544631,1201.287964,1,1.99999999999996,0.0200000000000003,7.00000000000003,1,2,66,0.5
48,1202.859962,1201.737297,1202.309296,1202.857296,1203.411962,0,1.99999999999996,0.0200000000000003,5.99999999999996,2,1,65,0.5
49,1204.88396,1203.853961,1204.308627,1204.830627,1205.286626,1,1.99999999999996,0.0200000000000003,7.00000000000003,1,2,66,0.5
50,1207.051291,1205.792626,1206.397959,1207.048625,1207.539958,0,1.99999999999996,0.0200000000000003,5.99999999999996,2,1,65,0.5
51,1208.963289,1207.973957,1208.419957,1208.909956,1211.335287,1,1.99999999999996,0.0200000000000003,7.00000000000003,1,2,66,0.5
52,1212.767953,1211.741953,1212.27262,1212.714619,1214.129284,0,1.99999999999996,0.0200000000000003,5.99999999999996,2,1,65,0.5
53,1215.495283,1214.523284,1214.96795,1215.44195,1216.017949,1,1.99999999999996,0.0200000000000003,7.00000000000003,1,2,66,0.5
54,1228.998603,1216.375949,1217.383948,NaN,NaN,NaN,NaN,0,5.99999999999996,2,1,65,0.5
55,1235.621263,1234.668597,1235.000597,1235.56793,1236.336595,1,1.99999999999996,0.0200000000000003,7.00000000000003,1,2,66,0.5
56,1238.043927,1236.734595,1237.303928,1238.04126,1239.560592,0,1.99999999999996,0.0200000000000003,5.99999999999996,2,1,65,0.5
57,1240.926591,1239.917259,1240.454591,1240.873258,1242.561923,0,1.99999999999996,0.0200000000000003,5.99999999999996,2,1,65,0.5
58,1245.160587,1244.027254,1244.618587,1245.15792,1246.198586,0,1.99999999999996,0.0200000000000003,5.99999999999996,2,1,65,0.5
59,1247.545918,1246.621918,1247.043251,1247.492584,1250.648581,1,1.99999999999996,0.0200000000000003,7.00000000000003,1,2,66,0.5
60,1255.164577,1254.311244,1254.600577,1255.164577,1258.121908,1,NaN,0,5.99999999999996,2,1,65,0.5
61,1261.913903,1260.717238,1261.43857,1261.913903,1279.902552,1,NaN,0,5.99999999999996,2,1,65,0.5
62,1282.624549,1281.569217,1281.889883,1282.621883,1283.213215,1,1.99999999999996,0.0200000000000003,7.00000000000003,1,2,66,0.5
63,1289.051876,1288.387877,1288.65921,1289.051876,1295.717203,0,NaN,0,7.00000000000003,1,2,66,0.5
64,1300.643198,1299.542532,1300.060532,1300.640531,1301.211197,0,1.99999999999996,0.0200000000000003,5.99999999999996,2,1,65,0.5
65,1307.567191,1306.811858,1307.073191,1307.513858,1308.743856,0,1.99999999999996,0.0200000000000003,5.99999999999996,2,1,65,0.5
66,1398.3731,1385.750446,1386.023779,NaN,1428.289071,NaN,NaN,0,7.00000000000003,1,2,66,0.5
67,1431.177734,1430.301735,1430.482401,1431.124401,1433.099732,1,1.99999999999996,0.0200000000000003,7.00000000000003,1,2,66,0.5
68,1437.485061,1436.860395,1437.073728,1437.485061,1441.223057,1,NaN,0,5.99999999999996,2,1,65,0.5
69,1447.273051,1443.803055,1444.065054,1447.273051,1450.743048,0,NaN,0,7.00000000000003,1,2,66,0.5
70,1456.463709,1455.515043,1455.861043,1456.463709,1456.762375,0,NaN,0,7.00000000000003,1,2,66,0.5
71,1468.43503,1466.687032,1466.865032,1468.381697,1473.315692,1,1.99999999999996,0.0200000000000003,7.00000000000003,1,2,66,0.5
72,1474.505691,1473.713025,1474.043024,1474.505691,1478.095687,1,NaN,0,5.99999999999996,2,1,65,0.5
73,1481.44235,1480.656351,1480.958351,1481.389017,1482.201016,1,1.99999999999996,0.0200000000000003,7.00000000000003,1,2,66,0.5
74,1488.794343,1484.263014,1484.562347,1488.74101,1496.235669,1,1.99999999999996,0.0200000000000003,7.00000000000003,1,2,66,0.5
75,1497.799667,1496.745002,1496.978335,1497.746334,1501.633663,1,1.99999999999996,0.0200000000000003,7.00000000000003,1,2,66,0.5
76,1503.227662,1502.067663,1502.254996,1503.174329,1511.048987,1,1.99999999999996,0.0200000000000003,7.00000000000003,1,2,66,0.5
77,1512.953652,1511.844987,1512.169653,1512.953652,1519.578979,1,NaN,0,5.99999999999996,2,1,65,0.5
78,1521.545644,1520.293645,1520.704311,1521.545644,1527.424971,1,NaN,0,5.99999999999996,2,1,65,0.5
79,1528.776303,1527.974304,1528.22097,1528.72297,1538.76296,1,1.99999999999996,0.0200000000000003,7.00000000000003,1,2,66,0.5
80,1540.876291,1539.720292,1539.879625,1540.822958,1547.439618,1,1.99999999999996,0.0200000000000003,7.00000000000003,1,2,66,0.5
81,1549.145616,1548.11895,1548.275617,1549.145616,1583.786248,1,NaN,0,5.99999999999996,2,1,65,0.5
82,1585.31958,1584.488914,1584.66158,1585.31958,1609.369556,1,NaN,0,5.99999999999996,2,1,65,0.5
83,1611.176221,1610.178888,1610.497555,1611.176221,1617.721547,1,NaN,0,5.99999999999996,2,1,65,0.5
84,1619.303546,1618.328213,1618.613547,1619.250213,1623.092209,1,1.99999999999996,0.0200000000000003,7.00000000000003,1,2,66,0.5
85,1624.910207,1623.932208,1624.076208,1624.910207,1631.9922,1,NaN,0,5.99999999999996,2,1,65,0.5
86,1633.580198,1632.435533,1632.938199,1633.580198,1640.259525,1,NaN,0,5.99999999999996,2,1,65,0.5
87,1642.060856,1640.726191,1641.37019,1642.007523,1644.930187,0,1.99999999999996,0.0200000000000003,5.99999999999996,2,1,65,0.5
88,1646.553519,1645.380186,1645.884186,1646.500185,1652.171513,0,1.99999999999996,0.0200000000000003,5.99999999999996,2,1,65,0.5
89,1654.702177,1653.832845,1653.850845,1654.699511,1672.25216,1,1.99999999999996,0.0200000000000003,7.00000000000003,1,2,66,0.5
90,1674.208824,1673.102159,1673.326158,1674.208824,1675.570156,1,NaN,0,5.99999999999996,2,1,65,0.5
91,1722.499443,1721.554777,1721.768777,1722.446109,1724.521441,0,1.99999999999996,0.0200000000000003,5.99999999999996,2,1,65,0.5
92,1726.104106,1725.032773,1725.46544,1726.050772,1728.02877,0,1.99999999999996,0.0200000000000003,5.99999999999996,2,1,65,0.5
93,1729.637435,1728.432103,1728.756103,1729.584102,1738.067427,1,1.99999999999996,0.0200000000000003,7.00000000000003,1,2,66,0.5
94,1739.924759,1738.507427,1738.714093,1739.871425,1749.570082,1,1.99999999999996,0.0200000000000003,7.00000000000003,1,2,66,0.5
95,1752.382746,1750.946081,1751.153414,1752.382746,1757.495408,1,NaN,0,5.99999999999996,2,1,65,0.5
96,1759.527406,1758.242074,1758.373407,1759.527406,1769.292062,1,NaN,0,5.99999999999996,2,1,65,0.5
97,1771.088061,1770.474728,1770.664061,1771.088061,1778.468053,1,NaN,0,5.99999999999996,2,1,65,0.5
98,1780.405385,1779.265386,1779.640052,1780.352051,1784.026048,0,1.99999999999996,0.0200000000000003,5.99999999999996,2,1,65,0.5
99,1785.462713,1784.514047,1784.93338,1785.40938,1787.176045,0,1.99999999999996,0.0200000000000003,5.99999999999996,2,1,65,0.5
100,1788.792043,1787.639377,1788.17671,1788.73871,1795.328703,1,1.99999999999996,0.0200000000000003,7.00000000000003,1,2,66,0.5
101,1796.909368,1796.042702,1796.117369,1796.909368,1803.632028,1,NaN,0,5.99999999999996,2,1,65,0.5
102,1805.697359,1804.92936,1805.214027,1805.697359,1830.333335,0,NaN,0,7.00000000000003,1,2,66,0.5
103,1832.053333,1831.108001,1831.250667,1832.053333,1837.608661,1,NaN,0,5.99999999999996,2,1,65,0.5
104,1839.141993,1838.065327,1838.54666,1839.139326,1841.99199,0,1.99999999999996,0.0200000000000003,5.99999999999996,2,1,65,0.5
105,1843.496655,1842.449989,1842.898656,1843.443322,1845.325986,0,1.99999999999996,0.0200000000000003,5.99999999999996,2,1,65,0.5
106,1846.776652,1845.80599,1846.225986,1846.723318,1853.469978,1,1.99999999999996,0.0200000000000003,7.00000000000003,1,2,66,0.5
107,1855.34731,1854.375311,1854.528644,1855.293976,1867.515964,1,1.99999999999996,0.0200000000000003,7.00000000000003,1,2,66,0.5
108,1869.583962,1868.55663,1868.705296,1869.583962,1875.554623,1,NaN,0,5.99999999999996,2,1,65,0.5
109,1877.214621,1876.071956,1876.352622,1877.214621,1886.943945,1,NaN,0,5.99999999999996,2,1,65,0.5
110,1888.43661,1887.438611,1887.867277,1888.433943,1890.819941,0,1.99999999999996,0.0200000000000003,5.99999999999996,2,1,65,0.5
111,1892.531939,1891.291274,1891.89394,1892.478606,1894.190604,0,1.99999999999996,0.0200000000000003,5.99999999999996,2,1,65,0.5
112,1895.874603,1894.573271,1895.071937,1895.821269,1903.356595,1,1.99999999999996,0.0200000000000003,7.00000000000003,1,2,66,0.5
113,1904.84326,1903.909928,1904.111928,1904.789927,1913.986584,1,1.99999999999996,0.0200000000000003,7.00000000000003,1,2,66,0.5
114,1915.716583,1914.609917,1914.80525,1915.663249,1921.881243,1,1.99999999999996,0.0200000000000003,7.00000000000003,1,2,66,0.5
115,1923.917908,1922.680576,1922.837909,1923.915241,1925.043907,0,1.99999999999996,0.0200000000000003,5.99999999999996,2,1,65,0.5
116,1926.746572,1925.547906,1926.085239,1926.743905,1928.083237,0,1.99999999999996,0.0200000000000003,5.99999999999996,2,1,65,0.5
117,1929.677235,1928.481903,1929.026569,1929.677235,1931.905233,1,NaN,0,5.99999999999996,2,1,65,0.5
118,1937.281228,1935.951229,1936.394562,1937.227895,1939.075226,1,1.99999999999996,0.0200000000000003,7.00000000000003,1,2,66,0.5
119,1940.789224,1939.537892,1940.125225,1940.789224,1948.149884,1,NaN,0,5.99999999999996,2,1,65,0.5
120,1949.673215,1948.645216,1949.111883,1949.670549,1951.196547,0,1.99999999999996,0.0200000000000003,5.99999999999996,2,1,65,0.5
121,1953.090545,1951.560547,1952.511213,1953.090545,1959.901872,1,NaN,0,5.99999999999996,2,1,65,0.5
122,1961.173871,1960.295205,1960.579871,1961.173871,1976.176522,1,NaN,0,5.99999999999996,2,1,65,0.5
123,1978.219187,1976.639188,1976.863855,1978.165854,1987.578511,1,1.99999999999996,0.0200000000000003,7.00000000000003,1,2,66,0.5
124,1999.339166,1998.219167,1998.531833,1999.285832,2000.859831,0,1.99999999999996,0.0200000000000003,5.99999999999996,2,1,65,0.5
125,2002.440496,2001.226497,2001.647163,2002.440496,2022.023143,1,NaN,0,5.99999999999996,2,1,65,0.5
126,2027.191805,2026.282472,2026.529139,2027.189138,2028.483137,0,1.99999999999996,0.0200000000000003,5.99999999999996,2,1,65,0.5
127,2029.683135,2028.805136,2029.127136,2029.629802,2041.128457,1,1.99999999999996,0.0200000000000003,7.00000000000003,1,2,66,0.5
128,2042.888456,2041.87179,2042.014456,2042.888456,2049.371782,1,NaN,0,5.99999999999996,2,1,65,0.5
129,2051.043114,2049.838449,2050.112448,2051.040447,2061.47377,1,1.99999999999996,0.0200000000000003,7.00000000000003,1,2,66,0.5
130,2063.229769,2062.233103,2062.532436,2063.229769,2071.80176,1,NaN,0,5.99999999999996,2,1,65,0.5
131,2073.899091,2072.783092,2072.948425,2073.899091,2082.029083,1,NaN,0,5.99999999999996,2,1,65,0.5
132,2083.527748,2082.473749,2082.645749,2083.527748,2089.502409,1,NaN,0,5.99999999999996,2,1,65,0.5
133,2091.398407,2089.927075,2090.231742,2091.345074,2096.903068,1,1.99999999999996,0.0200000000000003,7.00000000000003,1,2,66,0.5
134,2098.5964,2097.827067,2098.011067,2098.543067,2099.688399,0,1.99999999999996,0.0200000000000003,5.99999999999996,2,1,65,0.5
135,2101.320397,2100.135065,2100.691731,2101.320397,2101.434397,1,NaN,0,5.99999999999996,2,1,65,0.5
136,2138.129694,2137.138361,2137.450361,2138.129694,2140.407025,1,NaN,0,5.99999999999996,2,1,65,0.5
137,2151.115014,2150.045015,2150.351681,2151.115014,2158.603673,0,NaN,0,7.00000000000003,1,2,66,0.5
138,2160.229672,2159.436339,2159.448339,2160.229672,2164.297667,1,NaN,0,5.99999999999996,2,1,65,0.5
139,2169.094996,2168.05033,2168.330997,2169.041663,2173.433658,1,1.99999999999996,0.0200000000000003,7.00000000000003,1,2,66,0.5
140,2175.212323,2174.336324,2174.426324,2175.15899,2182.784982,1,1.99999999999996,0.0200000000000003,7.00000000000003,1,2,66,0.5
141,2184.251648,2183.420982,2183.537648,2184.198314,2192.300306,1,1.99999999999996,0.0200000000000003,7.00000000000003,1,2,66,0.5
142,2193.979638,2193.060972,2193.121639,2193.979638,2199.462966,1,NaN,0,5.99999999999996,2,1,65,0.5
143,2201.092297,2200.030299,2200.344965,2201.092297,2211.135621,1,NaN,0,5.99999999999996,2,1,65,0.5
144,2212.455619,2211.564287,2211.854953,2212.402286,2213.473618,0,1.99999999999996,0.0200000000000003,5.99999999999996,2,1,65,0.5
145,2214.979617,2213.808285,2214.304284,2214.979617,2222.393609,1,NaN,0,5.99999999999996,2,1,65,0.5
146,2223.785608,2222.786942,2222.982275,2223.732275,2228.03427,1,1.99999999999996,0.0200000000000003,7.00000000000003,1,2,66,0.5
147,2229.360269,2228.55027,2228.605603,2229.360269,2235.45693,1,NaN,0,5.99999999999996,2,1,65,0.5
148,2236.964928,2235.943596,2236.216929,2236.911595,2246.444252,1,1.99999999999996,0.0200000000000003,7.00000000000003,1,2,66,0.5
149,2247.933584,2246.896252,2247.042251,2247.933584,2264.711567,1,NaN,0,5.99999999999996,2,1,65,0.5
150,2266.020232,2265.183567,2265.340233,2266.020232,2294.169538,1,NaN,0,5.99999999999996,2,1,65,0.5
151,2295.540203,2294.666204,2294.905537,2295.540203,2303.414195,1,NaN,0,5.99999999999996,2,1,65,0.5
152,2304.976193,2303.858861,2303.989528,2304.976193,2311.886187,1,NaN,0,5.99999999999996,2,1,65,0.5
153,2313.351518,2312.509519,2312.871519,2313.348852,2314.209518,0,1.99999999999996,0.0200000000000003,5.99999999999996,2,1,65,0.5
154,2319.331512,2318.00618,2318.45618,2319.328846,2322.534843,1,1.99999999999996,0.0200000000000003,7.00000000000003,1,2,66,0.5
155,2323.675508,2323.029509,2323.158842,2323.675508,2330.837501,1,NaN,0,5.99999999999996,2,1,65,0.5
156,2332.688166,2331.7035,2331.914167,2332.688166,2333.280832,1,NaN,0,5.99999999999996,2,1,65,0.5
157,2367.389464,2366.540799,2366.852798,2367.336131,2368.475463,0,1.99999999999996,0.0200000000000003,5.99999999999996,2,1,65,0.5
158,2370.093462,2368.84613,2369.338796,2370.093462,2377.610121,1,NaN,0,5.99999999999996,2,1,65,0.5
159,2378.795453,2378.015454,2378.39212,2378.74212,2379.391452,0,1.99999999999996,0.0200000000000003,5.99999999999996,2,1,65,0.5
160,2381.926783,2380.620784,2381.077451,2381.87345,2389.224776,1,1.99999999999996,0.0200000000000003,7.00000000000003,1,2,66,0.5
161,2390.710108,2389.746775,2389.879442,2390.656774,2397.757434,1,1.99999999999996,0.0200000000000003,7.00000000000003,1,2,66,0.5
162,2399.198766,2398.499433,2398.522767,2399.198766,2402.034763,1,NaN,0,5.99999999999996,2,1,65,0.5
163,2430.782068,2429.889402,2430.120735,2430.779401,2431.318734,0,1.99999999999996,0.0200000000000003,5.99999999999996,2,1,65,0.5
164,2432.785399,2431.9214,2432.230066,2432.785399,2440.486725,1,NaN,0,5.99999999999996,2,1,65,0.5
165,2441.678724,2440.972724,2441.168057,2441.678724,2446.695385,1,NaN,0,5.99999999999996,2,1,65,0.5
166,2448.115384,2447.094051,2447.332718,2448.112717,2455.874709,1,1.99999999999996,0.0200000000000003,7.00000000000003,1,2,66,0.5
167,2458.110707,2456.840042,2457.204708,2458.057374,2466.848032,1,1.99999999999996,0.0200000000000003,7.00000000000003,1,2,66,0.5
168,2468.365363,2467.286031,2467.495364,2468.362697,2475.654023,1,1.99999999999996,0.0200000000000003,7.00000000000003,1,2,66,0.5
169,2477.254688,2476.166689,2476.317355,2477.254688,2483.995348,1,NaN,0,5.99999999999996,2,1,65,0.5
170,2485.930013,2484.839347,2485.182013,2485.876679,2491.60534,1,1.99999999999996,0.0200000000000003,7.00000000000003,1,2,66,0.5
171,2493.366005,2492.226673,2492.352673,2493.366005,2499.829999,1,NaN,0,5.99999999999996,2,1,65,0.5
172,2501.147331,2500.176665,2500.481332,2501.093997,2506.729992,1,1.99999999999996,0.0200000000000003,7.00000000000003,1,2,66,0.5
173,2507.884657,2507.261991,2507.355991,2507.884657,2512.18532,1,NaN,0,5.99999999999996,2,1,65,0.5
174,2515.599983,2514.837984,2515.005317,2515.54665,2524.943974,1,1.99999999999996,0.0200000000000003,7.00000000000003,1,2,66,0.5
175,2526.445972,2525.46064,2526.002639,2526.445972,2534.565297,0,NaN,0,7.00000000000003,1,2,66,0.5
176,2536.205962,2535.157963,2535.56463,2536.205962,2541.191957,1,NaN,0,5.99999999999996,2,1,65,0.5
177,2542.816622,2541.784623,2542.307956,2542.763289,2543.651288,0,1.99999999999996,0.0200000000000003,5.99999999999996,2,1,65,0.5
178,2545.175287,2544.087954,2544.555287,2545.121953,2549.820615,1,1.99999999999996,0.0200000000000003,7.00000000000003,1,2,66,0.5
179,2551.40728,2550.383281,2550.535948,2551.40728,2555.153277,1,NaN,0,5.99999999999996,2,1,65,0.5
180,2558.15394,2557.056608,2557.577941,2558.15394,2565.5306,1,NaN,0,5.99999999999996,2,1,65,0.5
181,2567.432598,2565.917933,2566.756598,2567.429931,2568.03393,0,1.99999999999996,0.0200000000000003,5.99999999999996,2,1,65,0.5
182,2569.607262,2568.54793,2569.017263,2569.553929,2575.18659,1,1.99999999999996,0.0200000000000003,7.00000000000003,1,2,66,0.5
183,2576.991921,2575.840589,2576.265922,2576.991921,2584.104581,1,NaN,0,5.99999999999996,2,1,65,0.5
184,2585.405913,2584.485247,2584.741248,2585.405913,2588.70191,1,NaN,0,5.99999999999996,2,1,65,0.5
185,2595.243903,2594.384571,2594.807904,2595.19057,2596.210569,0,1.99999999999996,0.0200000000000003,5.99999999999996,2,1,65,0.5
186,2597.848567,2596.559235,2597.034568,2597.795234,2607.138558,1,1.99999999999996,0.0200000000000003,7.00000000000003,1,2,66,0.5
187,2608.614557,2607.599224,2607.943227,2608.614557,2609.329222,1,NaN,0,5.99999999999996,2,1,65,0.5
188,2618.824546,2617.895881,2618.129214,2618.771213,2624.403207,1,1.99999999999996,0.0200000000000003,7.00000000000003,1,2,66,0.5
189,2626.098539,2625.259873,2625.39054,2626.098539,2628.80787,1,NaN,0,5.99999999999996,2,1,65,0.5
190,2635.621863,2634.899864,2635.10453,2635.621863,2705.17046,1,NaN,0,5.99999999999996,2,1,65,0.5
191,2707.081125,2705.726459,2705.901126,2707.078458,2717.166448,1,1.99999999999996,0.0200000000000003,7.00000000000003,1,2,66,0.5
192,2718.659113,2717.808447,2717.905781,2718.659113,2724.647107,1,NaN,0,5.99999999999996,2,1,65,0.5
193,2726.099106,2725.181107,2725.429106,2726.099106,2730.269768,1,NaN,0,5.99999999999996,2,1,65,0.5
194,2732.579099,2731.686433,2731.9331,2732.525766,2738.292427,1,1.99999999999996,0.0200000000000003,7.00000000000003,1,2,66,0.5
195,2739.379759,2738.93776,2738.994426,2739.379759,2740.502425,1,NaN,0,5.99999999999996,2,1,65,0.5
196,2746.518419,2745.567753,2745.985752,2746.465085,2747.291084,0,1.99999999999996,0.0200000000000003,5.99999999999996,2,1,65,0.5
197,2748.926416,2747.723751,2748.25975,2748.926416,2753.126412,1,NaN,0,5.99999999999996,2,1,65,0.5
198,2756.109742,2755.073743,2755.42641,2756.056409,2765.367066,1,1.99999999999996,0.0200000000000003,7.00000000000003,1,2,66,0.5
199,2766.801732,2765.909066,2766.151066,2766.799065,2771.117061,1,1.99999999999996,0.0200000000000003,7.00000000000003,1,2,66,0.5
200,2773.022392,2772.09706,2772.287726,2773.022392,2779.212386,1,NaN,0,5.99999999999996,2,1,65,0.5
201,2781.273717,2780.122385,2780.642384,2781.220384,2781.965716,0,1.99999999999996,0.0200000000000003,5.99999999999996,2,1,65,0.5
202,2783.542382,2782.455049,2783.031049,2783.542382,2844.553654,1,NaN,0,5.99999999999996,2,1,65,0.5
203,2845.985652,2845.03232,2845.36432,2845.982986,2846.744318,0,1.99999999999996,0.0200000000000003,5.99999999999996,2,1,65,0.5
204,2847.988317,2847.175651,2847.418984,2847.988317,2856.995641,1,NaN,0,5.99999999999996,2,1,65,0.5
205,2858.06764,2857.422308,2857.576974,2858.06764,2874.086291,1,NaN,0,5.99999999999996,2,1,65,0.5
206,2875.48229,2874.88029,2875.02229,2875.48229,2879.329619,0,NaN,0,7.00000000000003,1,2,66,0.5
207,2883.436282,2882.176283,2882.490949,2883.382948,2888.18361,1,1.99999999999996,0.0200000000000003,7.00000000000003,1,2,66,0.5
208,2889.585609,2888.85361,2889.030943,2889.585609,2898.2836,1,NaN,0,5.99999999999996,2,1,65,0.5
209,2899.749599,2898.7436,2898.942933,2899.749599,2906.242259,1,NaN,0,5.99999999999996,2,1,65,0.5
210,2907.504924,2906.613592,2907.032258,2907.451591,2908.298257,0,1.99999999999996,0.0200000000000003,5.99999999999996,2,1,65,0.5
211,2909.827589,2908.71759,2909.205589,2909.774255,2915.956916,1,1.99999999999996,0.0200000000000003,7.00000000000003,1,2,66,0.5
212,2917.452914,2916.548915,2916.704915,2917.452914,2921.543577,1,NaN,0,5.99999999999996,2,1,65,0.5
213,2925.74424,2924.856907,2925.299573,2925.690906,2926.286905,0,1.99999999999996,0.0200000000000003,5.99999999999996,2,1,65,0.5
214,2928.01957,2926.735572,2927.494904,2928.01957,2929.416902,1,NaN,0,5.99999999999996,2,1,65,0.5
215,2935.568896,2934.632897,2934.839564,2935.56623,2940.594891,1,1.99999999999996,0.0200000000000003,7.00000000000003,1,2,66,0.5
216,2942.159556,2941.177557,2941.399557,2942.159556,2959.626872,1,NaN,0,5.99999999999996,2,1,65,0.5
217,2960.962871,2960.156205,2960.338205,2960.962871,2966.971532,1,NaN,0,5.99999999999996,2,1,65,0.5
218,2968.50153,2967.519531,2967.670864,2968.50153,2971.225527,1,NaN,0,5.99999999999996,2,1,65,0.5
219,2975.504856,2974.670857,2975.07219,2975.451523,2976.418189,0,1.99999999999996,0.0200000000000003,5.99999999999996,2,1,65,0.5
220,2977.920854,2976.809522,2977.262188,2977.920854,2978.938853,1,NaN,0,5.99999999999996,2,1,65,0.5
221,2984.491514,2983.436848,2983.854181,2984.491514,2990.884174,1,NaN,0,5.99999999999996,2,1,65,0.5
222,2995.192837,2994.024171,2994.457504,2995.19017,3000.677498,1,1.99999999999996,0.0200000000000003,7.00000000000003,1,2,66,0.5
223,3001.882163,3001.093497,3001.276164,3001.82883,3004.487494,1,1.99999999999996,0.0200000000000003,7.00000000000003,1,2,66,0.5
224,3005.924159,3005.005493,3005.199493,3005.924159,3011.076821,1,NaN,0,5.99999999999996,2,1,65,0.5
225,3013.684151,3012.652819,3012.946819,3013.684151,3020.958144,1,NaN,0,5.99999999999996,2,1,65,0.5
226,3022.312809,3021.34681,3021.757477,3022.260143,3023.940141,0,1.99999999999996,0.0200000000000003,5.99999999999996,2,1,65,0.5
227,3025.595473,3024.397474,3024.871474,3025.54214,3027.950137,1,1.99999999999996,0.0200000000000003,7.00000000000003,1,2,66,0.5
228,3029.400802,3028.50547,3028.76547,3029.400802,3036.207462,1,NaN,0,5.99999999999996,2,1,65,0.5
229,3037.418794,3036.575462,3036.770795,3037.418794,3106.550059,1,NaN,0,5.99999999999996,2,1,65,0.5
230,3107.936057,3106.906058,3107.244058,3107.936057,3132.0247,1,NaN,0,5.99999999999996,2,1,65,0.5
231,3133.630698,3132.476033,3132.704699,3133.630698,3140.180692,1,NaN,0,5.99999999999996,2,1,65,0.5
232,3143.828021,3141.96069,3142.156023,3143.774688,3148.468017,1,1.99999999999996,0.0200000000000003,7.00000000000003,1,2,66,0.5
233,3150.164015,3149.216683,3149.480682,3150.164015,3157.680674,1,NaN,0,5.99999999999996,2,1,65,0.5
234,3158.968673,3158.154007,3158.37934,3158.91534,3164.408001,1,1.99999999999996,0.0200000000000003,7.00000000000003,1,2,66,0.5
235,3165.933333,3165.112,3165.236667,3165.933333,3170.230662,1,NaN,0,5.99999999999996,2,1,65,0.5
236,3222.11061,3221.210611,3221.443277,3222.107943,3223.430608,0,1.99999999999996,0.0200000000000003,5.99999999999996,2,1,65,0.5
237,3225.378606,3224.015274,3224.536607,3225.325273,3231.573934,1,1.99999999999996,0.0200000000000003,7.00000000000003,1,2,66,0.5
238,3233.875931,3232.928599,3233.245265,3233.822598,3234.66793,0,1.99999999999996,0.0200000000000003,5.99999999999996,2,1,65,0.5
239,3236.816595,3235.620596,3236.127262,3236.763262,3242.324589,1,1.99999999999996,0.0200000000000003,7.00000000000003,1,2,66,0.5
240,3244.404587,3243.471255,3243.625255,3244.351254,3250.432581,1,1.99999999999996,0.0200000000000003,7.00000000000003,1,2,66,0.5
241,3252.271246,3250.936581,3251.056581,3252.271246,3259.451239,1,NaN,0,5.99999999999996,2,1,65,0.5
242,3261.543237,3259.893905,3260.240572,3261.543237,3269.025896,1,NaN,0,5.99999999999996,2,1,65,0.5
243,3270.733894,3269.802562,3270.132562,3270.680561,3271.615227,0,1.99999999999996,0.0200000000000003,5.99999999999996,2,1,65,0.5
244,3273.387892,3272.039893,3272.564559,3273.334558,3277.557221,1,1.99999999999996,0.0200000000000003,7.00000000000003,1,2,66,0.5
245,3279.645219,3278.618553,3278.93722,3279.645219,3284.921214,1,NaN,0,5.99999999999996,2,1,65,0.5
246,3289.952542,3288.493877,3289.412542,3289.899875,3290.455208,0,1.99999999999996,0.0200000000000003,5.99999999999996,2,1,65,0.5
247,3292.397206,3291.035207,3291.49254,3292.344539,3297.9532,1,1.99999999999996,0.0200000000000003,7.00000000000003,1,2,66,0.5
248,3299.528532,3298.7032,3298.842533,3299.528532,3306.827858,1,NaN,0,5.99999999999996,2,1,65,0.5
249,3308.334523,3307.220525,3307.669191,3308.334523,3325.898506,1,NaN,0,5.99999999999996,2,1,65,0.5
250,3327.023838,3326.355839,3326.523839,3327.023838,3327.865837,1,NaN,0,5.99999999999996,2,1,65,0.5
251,3549.678949,3548.668283,3548.792283,3549.678949,3553.698278,1,NaN,0,5.99999999999996,2,1,65,0.5
252,3556.517609,3555.624276,3555.842276,3556.517609,3556.656275,0,NaN,0,7.00000000000003,1,2,66,0.5
253,3567.844264,3567.104265,3567.176931,3567.844264,3571.546927,1,NaN,0,5.99999999999996,2,1,65,0.5
254,3575.208923,3574.219591,3574.410257,3575.206257,3579.620919,1,1.99999999999996,0.0200000000000003,7.00000000000003,1,2,66,0.5
255,3581.064917,3580.117585,3580.228918,3581.011584,3587.177578,1,1.99999999999996,0.0200000000000003,7.00000000000003,1,2,66,0.5
256,3588.75291,3587.724244,3587.914244,3588.75291,3589.882909,1,NaN,0,5.99999999999996,2,1,65,0.5
257,3597.516234,3596.470235,3596.752235,3597.516234,3617.963547,1,NaN,0,5.99999999999996,2,1,65,0.5
258,3629.800202,3628.82687,3629.026869,3629.797535,3635.722863,1,1.99999999999996,0.0200000000000003,7.00000000000003,1,2,66,0.5
259,3637.032195,3636.119529,3636.276195,3637.032195,3641.193524,1,NaN,0,5.99999999999996,2,1,65,0.5
260,3645.61952,3644.536854,3644.934854,3645.61952,3649.249516,1,NaN,0,5.99999999999996,2,1,65,0.5
261,3653.730178,3652.572846,3653.072179,3653.730178,3660.452171,1,NaN,0,5.99999999999996,2,1,65,0.5
262,3662.132838,3660.908171,3661.251504,3662.079503,3666.330832,1,1.99999999999996,0.0200000000000003,7.00000000000003,1,2,66,0.5
263,3667.788831,3666.891498,3667.050165,3667.788831,3671.089494,1,NaN,0,5.99999999999996,2,1,65,0.5
264,3674.586824,3673.444825,3673.933491,3674.533491,3680.232152,1,1.99999999999996,0.0200000000000003,7.00000000000003,1,2,66,0.5
265,3682.522149,3681.279484,3681.490817,3682.522149,3689.698809,1,NaN,0,5.99999999999996,2,1,65,0.5
266,3691.634807,3690.200142,3690.710141,3691.581474,3695.962136,1,1.99999999999996,0.0200000000000003,7.00000000000003,1,2,66,0.5
267,3699.234799,3698.097467,3698.461467,3699.234799,3705.252793,1,NaN,0,5.99999999999996,2,1,65,0.5
268,3707.358791,3705.608793,3706.612792,3707.305458,3712.08812,1,1.99999999999996,0.0200000000000003,7.00000000000003,1,2,66,0.5
269,3713.821451,3712.661452,3713.004785,3713.821451,3719.758779,1,NaN,0,5.99999999999996,2,1,65,0.5
270,3721.613443,3720.168778,3720.668111,3721.56011,3727.594104,1,1.99999999999996,0.0200000000000003,7.00000000000003,1,2,66,0.5
271,3733.342765,3732.038766,3732.454099,3733.342765,3740.128092,1,NaN,0,5.99999999999996,2,1,65,0.5
272,3741.783423,3740.531425,3741.146757,3741.780757,3742.833422,0,1.99999999999996,0.0200000000000003,5.99999999999996,2,1,65,0.5
273,3744.497421,3743.310755,3743.934755,3744.494754,3745.35142,0,1.99999999999996,0.0200000000000003,5.99999999999996,2,1,65,0.5
274,3748.631416,3747.609417,3748.067417,3748.631416,3757.090075,1,NaN,0,5.99999999999996,2,1,65,0.5
275,3758.704073,3757.587408,3758.020074,3758.651406,3759.363406,0,1.99999999999996,0.0200000000000003,5.99999999999996,2,1,65,0.5
276,3761.258071,3759.741405,3760.574071,3761.258071,3769.396729,1,NaN,0,5.99999999999996,2,1,65,0.5
277,3770.890728,3769.794062,3770.346728,3770.837394,3772.065393,0,1.99999999999996,0.0200000000000003,5.99999999999996,2,1,65,0.5
278,3773.626725,3772.419393,3772.906726,3773.573392,3777.094055,1,1.99999999999996,0.0200000000000003,7.00000000000003,1,2,66,0.5
279,3779.262719,3778.053387,3778.35472,3779.262719,3780.610051,1,NaN,0,5.99999999999996,2,1,65,0.5
280,3807.575358,3806.252026,3806.530692,3807.575358,3809.736689,1,NaN,0,5.99999999999996,2,1,65,0.5
281,3814.317351,3813.231352,3813.484018,3814.317351,3821.57801,1,NaN,0,5.99999999999996,2,1,65,0.5
282,3823.104675,3821.97001,3822.283343,3823.051342,3828.29067,1,1.99999999999996,0.0200000000000003,7.00000000000003,1,2,66,0.5
283,3829.743336,3828.879336,3829.061336,3829.743336,3836.253329,1,NaN,0,5.99999999999996,2,1,65,0.5
284,3837.605327,3836.677995,3837.081995,3837.551994,3838.05866,0,1.99999999999996,0.0200000000000003,5.99999999999996,2,1,65,0.5
285,3839.587992,3838.503327,3839.014659,3839.534659,3840.445991,0,1.99999999999996,0.0200000000000003,5.99999999999996,2,1,65,0.5
286,3841.95599,3840.844658,3841.313324,3841.95599,3845.887319,1,NaN,0,5.99999999999996,2,1,65,0.5
287,3849.605315,3848.413317,3849.062649,3849.602649,3850.103315,0,1.99999999999996,0.0200000000000003,5.99999999999996,2,1,65,0.5
288,3851.629313,3850.543315,3851.063314,3851.629313,3858.253307,1,NaN,0,5.99999999999996,2,1,65,0.5
289,3859.448639,3858.627306,3858.82064,3859.395306,3859.908639,0,1.99999999999996,0.0200000000000003,5.99999999999996,2,1,65,0.5
290,3866.362632,3862.191303,3862.489303,3866.309965,3867.566631,0,1.99999999999996,0.0200000000000003,5.99999999999996,2,1,65,0.5
291,3869.106629,3868.063297,3868.40663,3869.106629,3874.87329,1,NaN,0,5.99999999999996,2,1,65,0.5
292,3876.433289,3875.286623,3875.59529,3876.430622,3881.877283,1,1.99999999999996,0.0200000000000003,7.00000000000003,1,2,66,0.5
293,3883.392615,3882.465949,3882.687282,3883.339282,3888.952609,1,1.99999999999996,0.0200000000000003,7.00000000000003,1,2,66,0.5
294,3890.549275,3889.602609,3889.779275,3890.549275,3897.395268,1,NaN,0,5.99999999999996,2,1,65,0.5
295,3898.855266,3897.838601,3898.139267,3898.855266,3899.981265,1,NaN,0,5.99999999999996,2,1,65,0.5
296,3904.96126,3904.193928,3904.519927,3904.907927,3905.371926,0,1.99999999999996,0.0200000000000003,5.99999999999996,2,1,65,0.5
297,3907.258591,3905.760593,3906.361925,3907.205258,3912.894586,1,1.99999999999996,0.0200000000000003,7.00000000000003,1,2,66,0.5
298,3914.119918,3913.357918,3913.501252,3914.119918,3920.689244,1,NaN,0,5.99999999999996,2,1,65,0.5
299,3922.327243,3921.189911,3921.499244,3922.324576,3927.921237,1,1.99999999999996,0.0200000000000003,7.00000000000003,1,2,66,0.5
300,3930.595235,3929.453236,3929.599902,3930.595235,3932.110566,1,NaN,0,5.99999999999996,2,1,65,0.5
301,4007.945157,4006.429825,4006.823158,4007.945157,4018.973146,1,NaN,0,5.99999999999996,2,1,65,0.5
302,4020.669811,4019.493146,4019.799145,4020.669811,4026.683805,1,NaN,0,5.99999999999996,2,1,65,0.5
303,4028.32447,4027.196471,4027.586471,4028.32447,4031.377134,1,NaN,0,5.99999999999996,2,1,65,0.5
304,4036.127129,4035.057797,4035.36513,4036.073796,4036.989128,0,1.99999999999996,0.0200000000000003,5.99999999999996,2,1,65,0.5
305,4038.36846,4037.373794,4037.796461,4038.36846,4042.981122,1,NaN,0,5.99999999999996,2,1,65,0.5
306,4045.28112,4044.263121,4044.456454,4045.227787,4050.442448,1,1.99999999999996,0.0200000000000003,7.00000000000003,1,2,66,0.5
307,4051.917113,4050.895781,4051.044447,4051.86378,4058.52044,1,1.99999999999996,0.0200000000000003,7.00000000000003,1,2,66,0.5
308,4060.509771,4059.461106,4059.603105,4060.509771,4065.735766,1,NaN,0,5.99999999999996,2,1,65,0.5
309,4067.274431,4066.119766,4066.475099,4067.274431,4067.379764,1,NaN,0,5.99999999999996,2,1,65,0.5
310,4166.733666,4165.849666,4166.042999,4166.733666,4176.878322,1,NaN,0,5.99999999999996,2,1,65,0.5
311,4178.671653,4177.398988,4177.647654,4178.671653,4185.52898,1,NaN,0,5.99999999999996,2,1,65,0.5
312,4186.798312,4185.943646,4186.078312,4186.798312,4193.748971,1,NaN,0,5.99999999999996,2,1,65,0.5
313,4195.136303,4194.184304,4194.358971,4195.133637,4200.523631,1,1.99999999999996,0.0200000000000003,7.00000000000003,1,2,66,0.5
314,4202.186296,4201.197631,4201.234964,4202.18363,4208.482957,1,1.99999999999996,0.0200000000000003,7.00000000000003,1,2,66,0.5
315,4211.776287,4210.844288,4211.053621,4211.776287,4218.85828,1,NaN,0,5.99999999999996,2,1,65,0.5
316,4220.495611,4219.531612,4219.714279,4220.495611,4227.574271,1,NaN,0,5.99999999999996,2,1,65,0.5
317,4234.63093,4232.762932,4233.110932,4234.63093,4245.013587,1,NaN,0,5.99999999999996,2,1,65,0.5
318,4246.650918,4245.488253,4245.763586,4246.650918,4248.89025,1,NaN,0,5.99999999999996,2,1,65,0.5
319,4253.648245,4252.198246,4252.774246,4253.645578,4257.044241,1,1.99999999999996,0.0200000000000003,7.00000000000003,1,2,66,0.5
320,4259.074239,4258.05824,4258.23424,4259.074239,4266.173566,1,NaN,0,5.99999999999996,2,1,65,0.5
321,4268.75423,4267.787564,4268.03623,4268.75423,4272.696226,1,NaN,0,5.99999999999996,2,1,65,0.5
322,4277.779554,4275.51889,4275.955556,4277.779554,4284.260883,1,NaN,0,5.99999999999996,2,1,65,0.5
323,4285.880213,4284.741547,4285.08088,4285.826879,4291.74154,1,1.99999999999996,0.0200000000000003,7.00000000000003,1,2,66,0.5
324,4293.232872,4292.389539,4292.574873,4293.232872,4296.162202,1,NaN,0,5.99999999999996,2,1,65,0.5
325,4300.289532,4299.642199,4299.733532,4300.289532,4300.549531,1,NaN,0,5.99999999999996,2,1,65,0.5
326,4319.948179,4318.746846,4319.068846,4319.948179,4339.264826,1,NaN,0,5.99999999999996,2,1,65,0.5
327,4340.981491,4339.834159,4340.059492,4340.928158,4346.530152,1,1.99999999999996,0.0200000000000003,7.00000000000003,1,2,66,0.5
328,4348.49815,4347.570818,4347.678817,4348.49815,4356.305475,1,NaN,0,5.99999999999996,2,1,65,0.5
329,4357.690141,4356.669475,4356.882142,4357.690141,4363.934135,1,NaN,0,5.99999999999996,2,1,65,0.5
330,4374.835457,4373.872125,4374.114791,4374.835457,4391.70744,1,NaN,0,5.99999999999996,2,1,65,0.5
331,4392.996105,4392.132106,4392.276773,4392.996105,4396.810769,1,NaN,0,5.99999999999996,2,1,65,0.5
332,4400.455431,4399.315432,4399.814765,4400.455431,4413.620751,1,NaN,0,5.99999999999996,2,1,65,0.5
333,4417.556081,4416.809415,4416.927415,4417.556081,4423.996074,1,NaN,0,5.99999999999996,2,1,65,0.5
334,4450.092715,4449.231383,4449.525382,4450.092715,4455.381376,1,NaN,0,5.99999999999996,2,1,65,0.5
335,4456.916042,4455.866043,4456.254042,4456.916042,4461.422037,1,NaN,0,5.99999999999996,2,1,65,0.5
336,4463.514035,4462.410703,4462.838036,4463.514035,4470.134695,1,NaN,0,5.99999999999996,2,1,65,0.5
337,4472.158693,4470.867361,4471.276027,4472.10536,4478.029354,1,1.99999999999996,0.0200000000000003,7.00000000000003,1,2,66,0.5
338,4479.348686,4478.504687,4478.631353,4479.348686,4479.860685,1,NaN,0,5.99999999999996,2,1,65,0.5
339,4486.328012,4485.35668,4485.804013,4486.328012,4493.917338,1,NaN,0,5.99999999999996,2,1,65,0.5
340,4497.628667,4496.932002,4497.164668,4497.628667,4504.521327,1,NaN,0,5.99999999999996,2,1,65,0.5
341,4505.833993,4504.957994,4505.115327,4505.833993,4514.304651,1,NaN,0,5.99999999999996,2,1,65,0.5
342,4515.830649,4514.78665,4515.02665,4515.830649,4516.403982,1,NaN,0,5.99999999999996,2,1,65,0.5
343,4522.385976,4521.61131,4521.825977,4522.385976,4652.275846,1,NaN,0,5.99999999999996,2,1,65,0.5
344,4654.382511,4653.418512,4653.505178,4654.329177,4658.954506,1,1.99999999999996,0.0200000000000003,7.00000000000003,1,2,66,0.5
345,4660.672504,4659.796505,4659.859172,4660.672504,4674.386491,1,NaN,0,5.99999999999996,2,1,65,0.5
346,4676.056489,4675.01649,4675.221823,4676.053822,4682.646482,1,1.99999999999996,0.0200000000000003,7.00000000000003,1,2,66,0.5
347,4684.521814,4683.756481,4683.905148,4684.521814,4688.981143,1,NaN,0,5.99999999999996,2,1,65,0.5
348,4692.030473,4691.069141,4691.38514,4692.030473,4708.103124,1,NaN,0,5.99999999999996,2,1,65,0.5
349,4710.605788,4709.410456,4709.787122,4710.605788,4724.179108,1,NaN,0,5.99999999999996,2,1,65,0.5
350,4730.620434,4729.570436,4729.942435,4730.620434,4739.691092,1,NaN,0,5.99999999999996,2,1,65,0.5
351,4741.93109,4740.759758,4741.329757,4741.93109,4753.815078,1,NaN,0,5.99999999999996,2,1,65,0.5
352,4757.190408,4756.318409,4756.625075,4757.190408,4762.314403,1,NaN,0,5.99999999999996,2,1,65,0.5
353,4765.679066,4764.542401,4765.101733,4765.679066,4769.620395,1,NaN,0,5.99999999999996,2,1,65,0.5
354,4772.738392,4772.02906,4772.347059,4772.738392,4783.830381,1,NaN,0,5.99999999999996,2,1,65,0.5
355,4785.337713,4784.315047,4784.625047,4785.337713,4788.831043,1,NaN,0,5.99999999999996,2,1,65,0.5
356,4794.472371,4793.537705,4793.766371,4794.419037,4800.144365,1,1.99999999999996,0.0200000000000003,7.00000000000003,1,2,66,0.5
357,4801.779697,4800.693698,4800.883698,4801.726363,4811.173021,1,1.99999999999996,0.0200000000000003,7.00000000000003,1,2,66,0.5
358,4812.993019,4811.943687,4812.037686,4812.990352,4817.927681,1,1.99999999999996,0.0200000000000003,7.00000000000003,1,2,66,0.5
359,4820.155678,4819.221013,4819.358346,4820.155678,4826.923005,1,NaN,0,5.99999999999996,2,1,65,0.5
360,4828.80767,4827.96167,4828.060337,4828.80767,4834.460997,1,NaN,0,5.99999999999996,2,1,65,0.5
361,4837.456994,4836.194996,4836.535662,4837.403661,4849.285649,1,1.99999999999996,0.0200000000000003,7.00000000000003,1,2,66,0.5
362,4851.250981,4850.398981,4850.590315,4851.250981,4855.35831,1,NaN,0,5.99999999999996,2,1,65,0.5
363,4860.028305,4858.976306,4859.296972,4860.028305,4863.302968,1,NaN,0,5.99999999999996,2,1,65,0.5
364,4869.730962,4868.61963,4869.108296,4869.677629,4871.015627,0,1.99999999999996,0.0200000000000003,5.99999999999996,2,1,65,0.5
365,4874.201624,4872.546959,4873.051625,4874.148291,4877.962954,1,1.99999999999996,0.0200000000000003,7.00000000000003,1,2,66,0.5
366,4879.393619,4878.45962,4878.55162,4879.340286,4884.359614,1,1.99999999999996,0.0200000000000003,7.00000000000003,1,2,66,0.5
367,4886.576945,4885.617613,4885.701613,4886.576945,4892.522273,1,NaN,0,5.99999999999996,2,1,65,0.5
368,4894.532937,4893.150272,4893.580938,4894.479604,4905.197593,1,1.99999999999996,0.0200000000000003,7.00000000000003,1,2,66,0.5
369,4907.022925,4905.964926,4906.128259,4907.022925,4910.910254,1,NaN,0,5.99999999999996,2,1,65,0.5
370,4914.65025,4913.504252,4913.908251,4914.65025,4924.312907,1,NaN,0,5.99999999999996,2,1,65,0.5
371,4925.914239,4924.800907,4925.03824,4925.914239,4932.520233,1,NaN,0,5.99999999999996,2,1,65,0.5
372,4934.181564,4933.122899,4933.415565,4934.181564,4940.720891,1,NaN,0,5.99999999999996,2,1,65,0.5
373,4942.298225,4941.142891,4941.459557,4942.298225,4944.796887,1,NaN,0,5.99999999999996,2,1,65,0.5
374,4950.926881,4949.819549,4950.060215,4950.926881,4956.908208,1,NaN,0,5.99999999999996,2,1,65,0.5
375,4959.510206,4958.152207,4958.536873,4959.510206,4966.474199,1,NaN,0,5.99999999999996,2,1,65,0.5
376,4967.988864,4966.908865,4967.119531,4967.988864,4972.520859,1,NaN,0,5.99999999999996,2,1,65,0.5
377,4975.817523,4974.540857,4975.216857,4975.817523,4976.690188,1,NaN,0,5.99999999999996,2,1,65,0.5
378,4985.648179,4984.600847,4984.913514,4985.648179,4987.935511,1,NaN,0,5.99999999999996,2,1,65,0.5
379,4993.534172,4992.364173,4992.713506,4993.480838,4996.895502,1,1.99999999999996,0.0200000000000003,7.00000000000003,1,2,66,0.5
380,4998.404833,4997.403501,4997.601501,4998.3515,5003.940828,1,1.99999999999996,0.0200000000000003,7.00000000000003,1,2,66,0.5
381,5005.45616,5004.518827,5004.576827,5005.45616,5007.166825,1,NaN,0,5.99999999999996,2,1,65,0.5
382,5014.532151,5013.338818,5013.754818,5014.532151,5017.213481,1,NaN,0,5.99999999999996,2,1,65,0.5
383,5021.043477,5020.068145,5020.538811,5021.043477,5029.387469,1,NaN,0,5.99999999999996,2,1,65,0.5
384,5031.132801,5029.824135,5030.176802,5031.132801,5031.6868,1,NaN,0,5.99999999999996,2,1,65,0.5
385,5039.14546,5037.583461,5038.168794,5039.092126,5045.043453,1,1.99999999999996,0.0200000000000003,7.00000000000003,1,2,66,0.5
386,5046.644118,5045.559453,5045.778786,5046.644118,5054.369444,1,NaN,0,5.99999999999996,2,1,65,0.5
387,5056.048109,5055.026777,5055.231443,5056.048109,5058.202107,1,NaN,0,5.99999999999996,2,1,65,0.5
388,5063.629435,5062.790769,5063.035435,5063.576102,5064.392101,0,1.99999999999996,0.0200000000000003,5.99999999999996,2,1,65,0.5
389,5069.814762,5068.848763,5068.977429,5069.814762,5074.712757,1,NaN,0,5.99999999999996,2,1,65,0.5
390,5076.589422,5075.377423,5075.828089,5076.589422,5083.144749,1,NaN,0,5.99999999999996,2,1,65,0.5
391,5084.94008,5083.731415,5084.165416,5084.94008,5085.194747,1,NaN,0,5.99999999999996,2,1,65,0.5
392,5093.064739,5092.18674,5092.382073,5093.064739,5099.988732,1,NaN,0,5.99999999999996,2,1,65,0.5
393,5101.59473,5100.422731,5100.837398,5101.59473,5106.820058,1,NaN,0,5.99999999999996,2,1,65,0.5
394,5108.198724,5107.327391,5107.495391,5108.198724,5117.686714,1,NaN,0,5.99999999999996,2,1,65,0.5
395,5119.222713,5118.158714,5118.32938,5119.222713,5123.971374,1,NaN,0,5.99999999999996,2,1,65,0.5
396,5131.8087,5130.598035,5131.086034,5131.756033,5134.396697,0,1.99999999999996,0.0200000000000003,5.99999999999996,2,1,65,0.5
397,5139.087359,5138.09736,5138.54336,5139.087359,5146.662685,1,NaN,0,5.99999999999996,2,1,65,0.5
398,5147.927351,5147.094018,5147.392018,5147.927351,5154.111344,1,NaN,0,5.99999999999996,2,1,65,0.5
399,5156.239342,5155.022677,5155.211343,5156.186009,5160.756671,1,1.99999999999996,0.0200000000000003,7.00000000000003,1,2,66,0.5
400,5162.318669,5161.333337,5161.437337,5162.316003,5168.339997,1,1.99999999999996,0.0200000000000003,7.00000000000003,1,2,66,0.5
401,5170.129995,5169.135996,5169.270663,5170.129995,5178.780653,1,NaN,0,5.99999999999996,2,1,65,0.5
402,5181.249984,5179.381986,5179.858652,5181.249984,5189.191309,1,NaN,0,5.99999999999996,2,1,65,0.5
403,5190.387975,5189.658642,5189.767975,5190.387975,5191.413974,1,NaN,0,5.99999999999996,2,1,65,0.5
404,5281.351884,5280.173885,5280.320551,5281.349217,5286.809212,1,1.99999999999996,0.0200000000000003,7.00000000000003,1,2,66,0.5
405,5288.198544,5287.454544,5287.501878,5288.198544,5295.630536,1,NaN,0,5.99999999999996,2,1,65,0.5
406,5297.615867,5296.458535,5296.670535,5297.613201,5304.990527,1,1.99999999999996,0.0200000000000003,7.00000000000003,1,2,66,0.5
407,5308.612523,5307.476524,5307.631191,5308.55919,5314.059184,1,1.99999999999996,0.0200000000000003,7.00000000000003,1,2,66,0.5
408,5316.126516,5315.09585,5315.16785,5316.073849,5328.657836,1,1.99999999999996,0.0200000000000003,7.00000000000003,1,2,66,0.5
409,5330.257168,5329.294502,5329.383836,5330.257168,5335.230497,1,NaN,0,5.99999999999996,2,1,65,0.5
410,5336.897162,5335.974496,5336.225829,5336.897162,5345.866486,1,NaN,0,5.99999999999996,2,1,65,0.5
411,5347.96515,5346.638485,5347.019151,5347.96515,5349.027149,1,NaN,0,5.99999999999996,2,1,65,0.5
412,5356.276476,5355.136477,5355.52381,5356.276476,5359.602472,1,NaN,0,5.99999999999996,2,1,65,0.5
413,5362.990469,5361.73847,5362.281803,5362.990469,5368.28313,1,NaN,0,5.99999999999996,2,1,65,0.5
414,5370.221128,5368.791796,5369.297129,5370.218462,5376.569122,1,1.99999999999996,0.0200000000000003,7.00000000000003,1,2,66,0.5
415,5378.211787,5377.330454,5377.462454,5378.158454,5383.813781,1,1.99999999999996,0.0200000000000003,7.00000000000003,1,2,66,0.5
416,5386.624445,5385.789779,5386.043112,5386.624445,5391.054441,1,NaN,0,5.99999999999996,2,1,65,0.5
417,5397.561101,5395.53577,5395.901769,5397.507768,5398.895766,0,1.99999999999996,0.0200000000000003,5.99999999999996,2,1,65,0.5
418,5400.655098,5399.327766,5399.848432,5400.601765,5404.069094,1,1.99999999999996,0.0200000000000003,7.00000000000003,1,2,66,0.5
419,5405.777093,5404.768427,5404.919094,5405.723759,5411.705754,1,1.99999999999996,0.0200000000000003,7.00000000000003,1,2,66,0.5
420,5413.574418,5412.480419,5412.730419,5413.521085,5420.762411,1,1.99999999999996,0.0200000000000003,7.00000000000003,1,2,66,0.5
421,5422.625076,5421.499077,5421.681077,5422.625076,5430.087735,1,NaN,0,5.99999999999996,2,1,65,0.5
422,5433.070399,5431.8264,5432.119733,5433.017065,5438.081727,1,1.99999999999996,0.0200000000000003,7.00000000000003,1,2,66,0.5
423,5439.728392,5438.88306,5439.076393,5439.728392,5446.621052,1,NaN,0,5.99999999999996,2,1,65,0.5
424,5448.148384,5447.161051,5447.484384,5448.148384,5455.914376,1,NaN,0,5.99999999999996,2,1,65,0.5
425,5457.601041,5456.391042,5456.783042,5457.601041,5460.240372,1,NaN,0,5.99999999999996,2,1,65,0.5
426,5474.177024,5473.045025,5473.435692,5474.177024,5475.40769,1,NaN,0,5.99999999999996,2,1,65,0.5
427,5602.312229,5600.888231,5601.164231,5602.312229,5630.078868,1,NaN,0,5.99999999999996,2,1,65,0.5
428,5642.039523,5641.050191,5641.293524,5642.039523,5642.656856,1,NaN,0,5.99999999999996,2,1,65,0.5
429,5649.034183,5648.071517,5648.27085,5648.980849,5664.668834,1,1.99999999999996,0.0200000000000003,7.00000000000003,1,2,66,0.5
430,5666.364165,5665.432833,5665.512833,5666.364165,5675.330823,1,NaN,0,5.99999999999996,2,1,65,0.5
431,5676.964821,5675.945489,5676.206156,5676.964821,5686.498812,1,NaN,0,5.99999999999996,2,1,65,0.5
432,5687.898811,5687.015478,5687.117478,5687.898811,5688.687476,1,NaN,0,5.99999999999996,2,1,65,0.5
433,5697.323468,5696.029469,5696.559469,5697.323468,5703.906128,1,NaN,0,5.99999999999996,2,1,65,0.5
434,5705.724793,5704.398794,5704.610127,5705.671459,5714.456117,1,1.99999999999996,0.0200000000000003,7.00000000000003,1,2,66,0.5
435,5716.758782,5715.220783,5715.348783,5716.758782,5722.888776,1,NaN,0,5.99999999999996,2,1,65,0.5
436,5724.549441,5723.313442,5723.640775,5724.549441,5729.826769,1,NaN,0,5.99999999999996,2,1,65,0.5
437,5735.046763,5732.798766,5734.175431,5735.046763,5746.517419,1,NaN,0,5.99999999999996,2,1,65,0.5
438,5748.33075,5746.980751,5747.459418,5748.33075,5751.619413,1,NaN,0,5.99999999999996,2,1,65,0.5
439,5758.536073,5757.256075,5757.778074,5758.536073,5759.159406,1,NaN,0,5.99999999999996,2,1,65,0.5
440,5766.977398,5765.922733,5766.229399,5766.977398,5771.739393,1,NaN,0,5.99999999999996,2,1,65,0.5
441,5774.587391,5773.442058,5773.794058,5774.587391,5779.505386,1,NaN,0,5.99999999999996,2,1,65,0.5
442,5785.978712,5784.802714,5785.198713,5785.978712,5786.027379,1,NaN,0,5.99999999999996,2,1,65,0.5
443,5795.264703,5793.838705,5794.324704,5795.264703,5797.8667,1,NaN,0,5.99999999999996,2,1,65,0.5
444,5803.498695,5802.209363,5802.650696,5803.498695,5803.549362,1,NaN,0,5.99999999999996,2,1,65,0.5
445,5819.266679,5818.321347,5818.633346,5819.266679,5830.929334,0,NaN,0,7.00000000000003,1,2,66,0.5
446,5846.094652,5844.81532,5845.088653,5846.091986,5852.880646,1,1.99999999999996,0.0200000000000003,7.00000000000003,1,2,66,0.5
447,5854.307977,5853.401312,5853.488645,5854.254644,5858.503973,1,1.99999999999996,0.0200000000000003,7.00000000000003,1,2,66,0.5
448,5860.235972,5859.365306,5859.453306,5860.235972,5866.289965,1,NaN,0,5.99999999999996,2,1,65,0.5
449,5868.033964,5866.794632,5867.093965,5867.98063,5869.918629,1,1.99999999999996,0.0200000000000003,7.00000000000003,1,2,66,0.5
450,5871.665293,5870.623294,5870.861294,5871.665293,5872.823959,1,NaN,0,5.99999999999996,2,1,65,0.5
451,5879.894619,5878.84262,5879.159953,5879.894619,5882.354616,1,NaN,0,5.99999999999996,2,1,65,0.5
452,5902.586596,5901.339264,5901.655263,5902.586596,5903.633261,1,NaN,0,5.99999999999996,2,1,65,0.5
453,5921.153911,5920.136578,5920.454578,5921.153911,5925.614573,1,NaN,0,5.99999999999996,2,1,65,0.5
454,5928.127904,5927.260571,5927.443904,5928.127904,5928.811236,1,NaN,0,5.99999999999996,2,1,65,0.5
455,5936.712562,5935.558563,5935.79723,5936.712562,5950.320548,1,NaN,0,5.99999999999996,2,1,65,0.5
456,5951.817213,5950.845881,5950.982547,5951.817213,5956.891875,1,NaN,0,5.99999999999996,2,1,65,0.5
457,5959.529206,5958.62454,5958.753206,5959.529206,5964.875867,1,NaN,0,5.99999999999996,2,1,65,0.5
458,5969.654529,5968.35253,5968.705863,5969.654529,5969.957862,1,NaN,0,5.99999999999996,2,1,65,0.5
459,5988.271177,5986.837845,5987.025178,5988.217844,5990.807841,1,1.99999999999996,0.0200000000000003,7.00000000000003,1,2,66,0.5
460,5992.562506,5991.637173,5991.721173,5992.509173,5997.803167,1,1.99999999999996,0.0200000000000003,7.00000000000003,1,2,66,0.5
461,5999.705165,5998.985166,5999.055833,5999.705165,6005.346493,1,NaN,0,5.99999999999996,2,1,65,0.5
462,6006.432492,6005.721159,6005.893159,6006.432492,6014.189818,1,NaN,0,5.99999999999996,2,1,65,0.5
463,6016.186482,6014.698484,6015.275817,6016.133149,6018.37248,1,1.99999999999996,0.0200000000000003,7.00000000000003,1,2,66,0.5
464,6020.316478,6019.162479,6019.417146,6020.316478,6026.476472,1,NaN,0,5.99999999999996,2,1,65,0.5
465,6028.55047,6027.104471,6027.615804,6028.497137,6035.986462,1,1.99999999999996,0.0200000000000003,7.00000000000003,1,2,66,0.5
466,6037.910461,6036.927795,6037.015128,6037.910461,6045.282453,1,NaN,0,5.99999999999996,2,1,65,0.5
467,6047.449784,6045.883786,6046.503119,6047.447118,6057.620441,1,1.99999999999996,0.0200000000000003,7.00000000000003,1,2,66,0.5
468,6059.732439,6058.655773,6058.993773,6059.732439,6066.134432,1,NaN,0,5.99999999999996,2,1,65,0.5
469,6067.959097,6066.661765,6067.291098,6067.905764,6068.747096,0,1.99999999999996,0.0200000000000003,5.99999999999996,2,1,65,0.5
470,6070.889094,6069.341762,6070.050428,6070.835761,6075.287756,1,1.99999999999996,0.0200000000000003,7.00000000000003,1,2,66,0.5
471,6076.990421,6076.113756,6076.313089,6076.990421,6079.259086,1,NaN,0,5.99999999999996,2,1,65,0.5
472,6093.173072,6092.115073,6092.491739,6093.170405,6093.824405,0,1.99999999999996,0.0200000000000003,5.99999999999996,2,1,65,0.5
473,6097.035068,6095.38707,6096.193069,6097.035068,6103.830395,1,NaN,0,5.99999999999996,2,1,65,0.5
474,6107.100391,6105.621059,6106.020392,6107.047058,6107.993057,0,1.99999999999996,0.0200000000000003,5.99999999999996,2,1,65,0.5
475,6114.293717,6111.72572,6112.269053,6114.240384,6116.116382,0,1.99999999999996,0.0200000000000003,5.99999999999996,2,1,65,0.5
476,6117.860381,6116.665048,6117.234381,6117.860381,6124.879707,0,NaN,0,7.00000000000003,1,2,66,0.5
477,6126.415705,6125.32304,6125.876373,6126.415705,6133.315032,0,NaN,0,7.00000000000003,1,2,66,0.5
478,6134.782364,6133.756365,6133.979698,6134.779697,6139.975692,1,1.99999999999996,0.0200000000000003,7.00000000000003,1,2,66,0.5
479,6142.882356,6141.43569,6141.844357,6142.882356,6149.075016,1,NaN,0,5.99999999999996,2,1,65,0.5
480,6151.265681,6149.473016,6150.007015,6151.263014,6156.543009,1,1.99999999999996,0.0200000000000003,7.00000000000003,1,2,66,0.5
481,6158.621673,6157.701674,6157.841674,6158.56834,6164.986333,1,1.99999999999996,0.0200000000000003,7.00000000000003,1,2,66,0.5
482,6166.977665,6166.010332,6166.152999,6166.924332,6174.006324,1,1.99999999999996,0.0200000000000003,7.00000000000003,1,2,66,0.5
483,6175.926323,6174.88899,6175.032323,6175.926323,6183.376315,1,NaN,0,5.99999999999996,2,1,65,0.5
484,6184.895647,6183.835648,6184.334981,6184.895647,6192.986305,0,NaN,0,7.00000000000003,1,2,66,0.5
485,6194.893637,6193.430305,6193.914305,6194.840304,6200.450965,1,1.99999999999996,0.0200000000000003,7.00000000000003,1,2,66,0.5
486,6202.20363,6201.153631,6201.33563,6202.200963,6207.454958,1,1.99999999999996,0.0200000000000003,7.00000000000003,1,2,66,0.5
487,6209.429622,6208.258957,6208.439623,6209.429622,6214.613617,1,NaN,0,5.99999999999996,2,1,65,0.5
488,6220.816944,6219.705612,6220.064278,6220.816944,6221.308277,1,NaN,0,5.99999999999996,2,1,65,0.5
489,6230.715601,6229.344937,6229.704269,6230.715601,6237.652261,1,NaN,0,5.99999999999996,2,1,65,0.5
490,6239.397592,6238.065594,6238.56826,6239.394926,6245.652919,1,1.99999999999996,0.0200000000000003,7.00000000000003,1,2,66,0.5
491,6247.275584,6246.236919,6246.396919,6247.275584,6250.663581,1,NaN,0,5.99999999999996,2,1,65,0.5
492,6254.816244,6253.494912,6253.787578,6254.76291,6259.051573,1,1.99999999999996,0.0200000000000003,7.00000000000003,1,2,66,0.5
493,6260.792904,6259.571572,6259.718905,6260.792904,6262.330236,1,NaN,0,5.99999999999996,2,1,65,0.5
494,6268.48423,6267.305564,6267.838231,6268.430897,6268.973563,0,1.99999999999996,0.0200000000000003,5.99999999999996,2,1,65,0.5
495,6270.540228,6269.402896,6269.886895,6270.540228,6275.55689,1,NaN,0,5.99999999999996,2,1,65,0.5
496,6279.024886,6277.630887,6278.26422,6278.971553,6285.812213,1,1.99999999999996,0.0200000000000003,7.00000000000003,1,2,66,0.5
497,6290.391541,6289.282209,6289.676875,6290.391541,6293.835538,1,NaN,0,5.99999999999996,2,1,65,0.5
498,6298.556867,6296.938202,6297.630201,6298.503533,6301.260197,1,1.99999999999996,0.0200000000000003,7.00000000000003,1,2,66,0.5
499,6303.316862,6301.87153,6302.234196,6303.316862,6304.208861,1,NaN,0,5.99999999999996,2,1,65,0.5
500,6310.296855,6309.123523,6309.631522,6310.294188,6310.966854,0,1.99999999999996,0.0200000000000003,5.99999999999996,2,1,65,0.5
501,6313.356185,6312.206853,6312.683519,6313.356185,6466.195366,1,NaN,0,5.99999999999996,2,1,65,0.5
502,6470.936028,6469.678029,6470.072695,6470.936028,6475.338023,0,NaN,0,7.00000000000003,1,2,66,0.5
503,6477.684687,6476.512689,6476.790022,6477.684687,6483.374015,1,NaN,0,5.99999999999996,2,1,65,0.5
504,6485.342013,6484.077348,6484.476014,6485.28868,6487.408678,1,1.99999999999996,0.0200000000000003,7.00000000000003,1,2,66,0.5
505,6489.137343,6488.22601,6488.480677,6489.137343,6489.404676,1,NaN,0,5.99999999999996,2,1,65,0.5
506,6528.709303,6527.455971,6527.743971,6528.709303,6531.085967,1,NaN,0,5.99999999999996,2,1,65,0.5
507,6536.527295,6535.053963,6535.375963,6536.527295,6543.055289,1,NaN,0,5.99999999999996,2,1,65,0.5
508,6545.101287,6543.763288,6544.100621,6545.04862,6549.828615,1,1.99999999999996,0.0200000000000003,7.00000000000003,1,2,66,0.5
509,6551.33328,6550.401948,6550.589948,6551.33328,6558.121274,1,NaN,0,5.99999999999996,2,1,65,0.5
510,6560.047272,6559.235939,6559.425939,6560.047272,6565.816599,0,NaN,0,7.00000000000003,1,2,66,0.5
511,6574.272591,6572.930592,6573.351925,6574.272591,6585.517246,1,NaN,0,5.99999999999996,2,1,65,0.5
512,6587.504578,6586.021246,6586.323912,6587.501911,6591.145241,1,1.99999999999996,0.0200000000000003,7.00000000000003,1,2,66,0.5
513,6593.009905,6591.933907,6592.135906,6593.009905,6599.095233,1,NaN,0,5.99999999999996,2,1,65,0.5
514,6602.489229,6601.32523,6601.708563,6602.489229,6602.800562,1,NaN,0,5.99999999999996,2,1,65,0.5
515,6631.838533,6619.215879,6619.696545,NaN,6638.28986,NaN,NaN,0,5.99999999999996,2,1,65,0.5
516,6639.962525,6638.762526,6639.200526,6639.909192,6646.890518,1,1.99999999999996,0.0200000000000003,7.00000000000003,1,2,66,0.5
517,6650.395181,6648.910516,6649.200516,6650.395181,6657.457841,1,NaN,0,5.99999999999996,2,1,65,0.5
518,6658.997173,6657.901841,6658.392507,6658.943839,6659.493172,0,1.99999999999996,0.0200000000000003,5.99999999999996,2,1,65,0.5
519,6669.636496,6668.455163,6668.732496,6669.636496,6674.283158,1,NaN,0,5.99999999999996,2,1,65,0.5
520,6676.769155,6675.852489,6676.374489,6676.769155,6682.00515,0,NaN,0,7.00000000000003,1,2,66,0.5
521,6683.972481,6682.448483,6682.927816,6683.919148,6687.087811,1,1.99999999999996,0.0200000000000003,7.00000000000003,1,2,66,0.5
522,6688.81181,6687.751811,6687.959144,6688.758476,6695.732469,1,1.99999999999996,0.0200000000000003,7.00000000000003,1,2,66,0.5
523,6699.647132,6698.5718,6698.8358,6699.647132,6701.035131,1,NaN,0,5.99999999999996,2,1,65,0.5
524,6709.330456,6708.19379,6708.44179,6709.330456,6710.231122,1,NaN,0,5.99999999999996,2,1,65,0.5
525,6727.112438,6725.641106,6725.941772,6727.112438,6727.905104,1,NaN,0,5.99999999999996,2,1,65,0.5
526,6735.985096,6734.895764,6734.98043,6735.931763,6738.09976,1,1.99999999999996,0.0200000000000003,7.00000000000003,1,2,66,0.5
527,6739.855092,6738.656426,6738.924426,6739.855092,6740.015758,1,NaN,0,5.99999999999996,2,1,65,0.5
528,6748.281083,6747.463751,6747.812417,6748.22775,6748.74175,0,1.99999999999996,0.0200000000000003,5.99999999999996,2,1,65,0.5
529,6757.337741,6756.373742,6756.672408,6757.337741,6757.615074,1,NaN,0,5.99999999999996,2,1,65,0.5
530,6766.528399,6765.431066,6765.7604,6766.475065,6771.785727,1,1.99999999999996,0.0200000000000003,7.00000000000003,1,2,66,0.5
531,6773.351058,6772.427059,6772.609726,6773.351058,6781.588384,1,NaN,0,5.99999999999996,2,1,65,0.5
532,6783.116382,6781.98705,6782.401049,6783.063049,6787.741711,1,1.99999999999996,0.0200000000000003,7.00000000000003,1,2,66,0.5
533,6789.371709,6788.421043,6788.669043,6789.371709,6789.919042,1,NaN,0,5.99999999999996,2,1,65,0.5
534,6799.020366,6796.499035,6796.961701,6799.020366,6975.453523,1,NaN,0,5.99999999999996,2,1,65,0.5
535,6980.342851,6979.050186,6979.260853,6980.342851,6982.578183,1,NaN,0,5.99999999999996,2,1,65,0.5
536,6993.093505,6992.34884,6992.572839,6993.093505,6999.188833,0,NaN,0,7.00000000000003,1,2,66,0.5
537,7011.917487,7010.778821,7011.279487,7011.864153,7012.27282,0,1.99999999999996,0.0200000000000003,5.99999999999996,2,1,65,0.5
538,7015.53815,7014.372817,7014.94815,7015.53815,7015.792816,1,NaN,0,5.99999999999996,2,1,65,0.5
539,7049.662115,7037.039461,7037.334794,NaN,7065.730099,NaN,NaN,0,5.99999999999996,2,1,65,0.5
540,7079.887419,7067.264765,7067.465431,NaN,7083.842081,NaN,NaN,0,5.99999999999996,2,1,65,0.5
541,7116.917382,7104.294727,7104.356727,NaN,7151.944013,NaN,NaN,0,5.99999999999996,2,1,65,0.5
542,7153.958678,7152.936012,7152.951345,7153.905345,7162.244003,1,1.99999999999996,0.0200000000000003,7.00000000000003,1,2,66,0.5
543,7166.067999,7165.224667,7165.509333,7166.014666,7181.889983,0,1.99999999999996,0.0200000000000003,5.99999999999996,2,1,65,0.5
544,7183.994648,7183.033982,7183.487982,7183.994648,7220.231945,0,NaN,0,7.00000000000003,1,2,66,0.5
545,7222.17661,7221.101277,7221.63661,7222.17661,7227.871271,0,NaN,0,7.00000000000003,1,2,66,0.5
546,7230.003935,7228.602603,7229.069269,7230.003935,7238.086594,1,NaN,0,5.99999999999996,2,1,65,0.5
547,7239.797925,7238.610593,7238.875926,7239.797925,7246.746585,1,NaN,0,5.99999999999996,2,1,65,0.5
548,7250.545248,7249.335249,7249.748582,7250.545248,7261.68257,1,NaN,0,5.99999999999996,2,1,65,0.5
549,7277.199221,7264.576567,7265.030567,NaN,NaN,NaN,NaN,0,5.99999999999996,2,1,65,0.5
550,7380.721118,7378.191787,7378.292453,7380.721118,7388.762443,1,NaN,0,5.99999999999996,2,1,65,0.5
551,7390.728441,7389.385776,7389.489109,7390.728441,7391.57644,1,NaN,0,5.99999999999996,2,1,65,0.5
552,7409.988422,7401.365764,7401.653097,7409.988422,7413.595088,1,NaN,0,5.99999999999996,2,1,65,0.5
553,7423.796408,7422.06441,7422.338409,7423.743075,7432.843066,1,1.99999999999996,0.0200000000000003,7.00000000000003,1,2,66,0.5
554,7436.673728,7435.972396,7436.177729,7436.620395,7444.249054,0,1.99999999999996,0.0200000000000003,5.99999999999996,2,1,65,0.5
555,7457.401708,7444.779054,7445.191053,NaN,7466.350365,NaN,NaN,0,5.99999999999996,2,1,65,0.5
556,7467.908364,7466.781698,7467.014365,7467.908364,7473.208359,1,NaN,0,5.99999999999996,2,1,65,0.5
557,7475.220357,7474.271691,7474.466357,7475.16769,7480.762351,1,1.99999999999996,0.0200000000000003,7.00000000000003,1,2,66,0.5
558,7483.375015,7482.350349,7482.554349,7483.321682,7488.052344,1,1.99999999999996,0.0200000000000003,7.00000000000003,1,2,66,0.5
559,7490.291675,7488.926343,7489.099009,7490.291675,7495.802336,1,NaN,0,5.99999999999996,2,1,65,0.5
560,7498.583667,7497.672334,7497.965,7498.583667,7498.775666,1,NaN,0,5.99999999999996,2,1,65,0.5
561,7512.369653,7511.635653,7511.901653,7512.316319,7513.546318,0,1.99999999999996,0.0200000000000003,5.99999999999996,2,1,65,0.5
562,7515.608316,7514.760317,7515.18565,7515.608316,7522.171643,0,NaN,0,7.00000000000003,1,2,66,0.5
563,7526.188306,7524.202974,7524.472307,7526.188306,7530.864968,1,NaN,0,5.99999999999996,2,1,65,0.5
564,7534.924297,7532.769632,7533.573632,7534.92163,7539.654292,1,1.99999999999996,0.0200000000000003,7.00000000000003,1,2,66,0.5
565,7541.330957,7540.378291,7540.568291,7541.330957,7542.00229,1,NaN,0,5.99999999999996,2,1,65,0.5
566,7548.435617,7547.576284,7547.99695,7548.435617,7554.491611,0,NaN,0,7.00000000000003,1,2,66,0.5
567,7556.778275,7555.925609,7556.190276,7556.724942,7559.531606,0,1.99999999999996,0.0200000000000003,5.99999999999996,2,1,65,0.5
568,7562.667602,7559.999605,7560.509605,7562.614269,7563.624935,0,1.99999999999996,0.0200000000000003,5.99999999999996,2,1,65,0.5
569,7566.279599,7565.4396,7565.660933,7566.279599,7588.252244,1,NaN,0,5.99999999999996,2,1,65,0.5
570,7590.357575,7588.91091,7589.528909,7590.304241,7593.593572,1,1.99999999999996,0.0200000000000003,7.00000000000003,1,2,66,0.5
571,7602.937562,7602.178896,7602.476896,7602.884229,7603.396228,0,1.99999999999996,0.0200000000000003,5.99999999999996,2,1,65,0.5
572,7622.440876,7621.059544,7621.378877,7622.387543,7626.778205,1,1.99999999999996,0.0200000000000003,7.00000000000003,1,2,66,0.5
573,7628.566203,7627.391538,7627.726204,7628.51287,7635.070863,1,1.99999999999996,0.0200000000000003,7.00000000000003,1,2,66,0.5
574,7637.094195,7636.221529,7636.522195,7637.094195,7637.138195,1,NaN,0,5.99999999999996,2,1,65,0.5
575,7643.830188,7642.894859,7643.272855,7643.830188,7646.009519,1,NaN,0,5.99999999999996,2,1,65,0.5
576,7651.136181,7649.925515,7650.224848,7651.136181,7657.524174,1,NaN,0,5.99999999999996,2,1,65,0.5
577,7660.090838,7658.270173,7658.845506,7660.088172,7669.566162,1,1.99999999999996,0.0200000000000003,7.00000000000003,1,2,66,0.5
578,7671.98216,7670.730161,7671.014827,7671.98216,7678.573487,1,NaN,0,5.99999999999996,2,1,65,0.5
579,7679.949485,7678.970819,7679.346152,7679.949485,7680.024152,1,NaN,0,5.99999999999996,2,1,65,0.5
580,7688.62081,7687.394811,7687.627477,7688.62081,7696.146136,1,NaN,0,5.99999999999996,2,1,65,0.5
581,7702.907462,7698.420133,7698.6368,7702.907462,7709.575456,1,NaN,0,5.99999999999996,2,1,65,0.5
582,7712.440786,7711.474787,7711.79212,7712.440786,7712.538786,1,NaN,0,5.99999999999996,2,1,65,0.5
583,7719.892112,7718.739446,7718.907446,7719.838779,7723.118109,1,1.99999999999996,0.0200000000000003,7.00000000000003,1,2,66,0.5
584,7724.63744,7723.894775,7724.022774,7724.63744,7726.169439,1,NaN,0,5.99999999999996,2,1,65,0.5
585,7735.896096,7732.0041,7732.242766,7735.896096,7739.819425,1,NaN,0,5.99999999999996,2,1,65,0.5
586,7755.962076,7754.888077,7755.36341,NaN,7762.910736,NaN,NaN,0,5.99999999999996,2,1,65,0.5
587,7767.050065,7764.802734,7764.9914,7767.050065,7767.948064,1,NaN,0,5.99999999999996,2,1,65,0.5
588,7779.783385,7777.858721,7778.627386,7779.780719,7784.89738,1,1.99999999999996,0.0200000000000003,7.00000000000003,1,2,66,0.5
589,7786.513379,7785.660046,7785.815379,7786.513379,7793.708705,1,NaN,0,5.99999999999996,2,1,65,0.5
590,7796.549369,7795.762703,7796.002702,7796.496035,7797.886701,0,1.99999999999996,0.0200000000000003,5.99999999999996,2,1,65,0.5
591,7806.937358,7804.501361,7804.782027,7806.884025,7807.736024,0,1.99999999999996,0.0200000000000003,5.99999999999996,2,1,65,0.5
592,7815.08935,7814.446684,7814.650684,7815.08935,7821.007344,1,NaN,0,5.99999999999996,2,1,65,0.5
593,7827.087338,7826.109339,7826.345339,7827.087338,7833.784665,1,NaN,0,5.99999999999996,2,1,65,0.5
594,7835.44933,7834.237998,7834.581331,7835.446663,7837.591328,1,1.99999999999996,0.0200000000000003,7.00000000000003,1,2,66,0.5
595,7839.457326,7838.533327,7838.847326,7839.457326,7840.559991,1,NaN,0,5.99999999999996,2,1,65,0.5
596,7846.036652,7845.386653,7845.603986,7846.036652,7852.107313,1,NaN,0,5.99999999999996,2,1,65,0.5
597,7865.125967,7858.001307,7858.319307,NaN,7876.524622,NaN,NaN,0,5.99999999999996,2,1,65,0.5
598,7881.510617,7880.410618,7880.869284,7881.510617,7896.296602,1,NaN,0,5.99999999999996,2,1,65,0.5
599,7902.08593,7901.32393,7901.575264,7902.08593,7905.46126,1,NaN,0,5.99999999999996,2,1,65,0.5
600,7912.11792,7911.168587,7911.462587,7912.11792,7913.321918,1,NaN,0,5.99999999999996,2,1,65,0.5
601,7940.615224,7939.285893,7939.692559,7940.615224,7941.57389,1,NaN,0,5.99999999999996,2,1,65,0.5
602,7953.674545,7952.544546,7953.069212,7953.674545,7958.01254,0,NaN,0,7.00000000000003,1,2,66,0.5
603,7966.525865,7965.4572,7966.010533,7966.525865,7973.863858,0,NaN,0,7.00000000000003,1,2,66,0.5
604,7975.467856,7974.487191,7974.645857,7975.467856,7976.561189,1,NaN,0,5.99999999999996,2,1,65,0.5
605,7984.041848,7983.302515,7983.543848,7984.041848,7986.089179,1,NaN,0,5.99999999999996,2,1,65,0.5
606,8003.985828,7991.363174,7991.633173,NaN,NaN,NaN,NaN,0,5.99999999999996,2,1,65,0.5
607,8012.104486,8011.316487,8011.580487,8012.104486,8027.768471,1,NaN,0,5.99999999999996,2,1,65,0.5
608,8029.123803,8028.273803,8028.587803,8029.123803,8031.9998,1,NaN,0,5.99999999999996,2,1,65,0.5
609,8042.950455,8041.324457,8041.865123,8042.897122,8047.94845,1,1.99999999999996,0.0200000000000003,7.00000000000003,1,2,66,0.5
610,8049.580449,8048.76645,8048.962449,8049.527116,8056.909108,1,1.99999999999996,0.0200000000000003,7.00000000000003,1,2,66,0.5
611,8058.47844,8057.613774,8057.811107,8058.47844,8065.074433,1,NaN,0,5.99999999999996,2,1,65,0.5
612,8070.945761,8067.498431,8067.713097,8070.943094,8072.466426,0,1.99999999999996,0.0200000000000003,5.99999999999996,2,1,65,0.5
613,8074.357091,8073.740425,8073.775758,8074.357091,8079.476419,0,NaN,0,7.00000000000003,1,2,66,0.5
614,8088.92441,8087.819744,8088.231077,8088.92441,8094.280404,1,NaN,0,5.99999999999996,2,1,65,0.5
615,8096.984401,8095.896403,8096.327069,8096.984401,8100.278399,0,NaN,0,7.00000000000003,1,2,66,0.5
616,8106.955725,8106.159059,8106.489059,8106.955725,8111.260387,1,NaN,0,5.99999999999996,2,1,65,0.5
617,8168.67833,8167.659664,8168.05033,8168.67833,8179.037653,1,NaN,0,5.99999999999996,2,1,65,0.5
618,8184.258314,8183.648315,8183.848315,8184.258314,8225.17694,1,NaN,0,5.99999999999996,2,1,65,0.5
619,8235.367596,8234.048931,8234.418931,8235.36493,8241.904923,1,1.99999999999996,0.0200000000000003,7.00000000000003,1,2,66,0.5
620,8244.670254,8243.283588,8243.535588,8244.670254,8250.993581,1,NaN,0,5.99999999999996,2,1,65,0.5
621,8264.076901,8251.454247,8251.698247,NaN,NaN,NaN,NaN,0,5.99999999999996,2,1,65,0.5
622,8280.243552,8279.323552,8279.467552,8280.190218,8287.055545,1,1.99999999999996,0.0200000000000003,7.00000000000003,1,2,66,0.5
623,8292.602872,8291.48154,8291.882207,8292.549539,8293.312872,0,1.99999999999996,0.0200000000000003,5.99999999999996,2,1,65,0.5
624,8298.763533,8298.0542,8298.055534,8298.7102,8299.835532,0,1.99999999999996,0.0200000000000003,5.99999999999996,2,1,65,0.5
625,8304.718194,8300.525531,8300.886198,8304.66486,8306.679525,0,1.99999999999996,0.0200000000000003,5.99999999999996,2,1,65,0.5
626,8308.652856,8307.851524,8308.00819,8308.599523,8312.112186,1,1.99999999999996,0.0200000000000003,7.00000000000003,1,2,66,0.5
627,8313.756851,8312.678186,8312.926852,8313.756851,8314.042184,1,NaN,0,5.99999999999996,2,1,65,0.5
628,8322.309509,8321.084177,8321.576177,8322.256176,8372.891459,1,1.99999999999996,0.0200000000000003,7.00000000000003,1,2,66,0.5
629,8388.608777,8376.974788,8377.210788,NaN,NaN,NaN,NaN,0,5.99999999999996,2,1,65,0.5
630,8453.772045,8452.494713,8452.97738,8453.718711,8456.326709,1,1.99999999999996,0.0200000000000003,7.00000000000003,1,2,66,0.5
631,8459.614706,8458.75604,8459.018039,8459.561372,8460.328038,0,1.99999999999996,0.0200000000000003,5.99999999999996,2,1,65,0.5
632,8466.119367,8465.061367,8465.530033,8466.119367,8472.706026,1,NaN,0,5.99999999999996,2,1,65,0.5
633,8485.793346,8474.397357,8474.636024,NaN,NaN,NaN,NaN,0,5.99999999999996,2,1,65,0.5
634,8544.508621,8543.335955,8543.722621,8544.508621,8554.518611,1,NaN,0,5.99999999999996,2,1,65,0.5
635,8556.705942,8555.027277,8555.50061,8556.652608,8568.596596,1,1.99999999999996,0.0200000000000003,7.00000000000003,1,2,66,0.5
636,8572.761926,8571.751927,8571.97126,8572.708592,8587.719244,0,1.99999999999996,0.0200000000000003,5.99999999999996,2,1,65,0.5
637,8590.247908,8588.807243,8589.243909,8590.194575,8590.793241,0,1.99999999999996,0.0200000000000003,5.99999999999996,2,1,65,0.5
638,8593.469905,8592.500573,8592.933906,8593.469905,8596.432569,1,NaN,0,5.99999999999996,2,1,65,0.5
639,8601.814563,8601.028564,8601.346564,8601.814563,8606.657892,1,NaN,0,5.99999999999996,2,1,65,0.5
640,8608.493223,8607.174558,8607.725891,8608.43989,8613.727885,1,1.99999999999996,0.0200000000000003,7.00000000000003,1,2,66,0.5
641,8615.733883,8614.703884,8614.947883,8615.733883,8616.520549,1,NaN,0,5.99999999999996,2,1,65,0.5
642,8624.97054,8623.945874,8624.082541,8624.917207,8626.907205,1,1.99999999999996,0.0200000000000003,7.00000000000003,1,2,66,0.5
643,8630.719868,8629.817202,8630.085202,8630.666534,8631.072534,0,1.99999999999996,0.0200000000000003,5.99999999999996,2,1,65,0.5
644,8638.309193,8636.526529,8636.765195,8638.25586,8638.56986,0,1.99999999999996,0.0200000000000003,5.99999999999996,2,1,65,0.5
645,8640.835858,8639.064526,8639.931863,8640.833191,8647.121851,1,1.99999999999996,0.0200000000000003,7.00000000000003,1,2,66,0.5
646,8649.359849,8648.21185,8648.366517,8649.306516,8651.444514,1,1.99999999999996,0.0200000000000003,7.00000000000003,1,2,66,0.5
647,8664.7245,8664.317834,8663.465835,NaN,NaN,NaN,NaN,0,5.99999999999996,2,1,65,0.5
648,8676.106489,8674.62849,8675.31449,8676.103822,8682.161816,1,1.99999999999996,0.0200000000000003,7.00000000000003,1,2,66,0.5
649,8684.288481,8682.775816,8683.379815,8684.235148,8689.627809,1,1.99999999999996,0.0200000000000003,7.00000000000003,1,2,66,0.5
650,8699.243799,8698.098467,8698.4818,8699.243799,8705.760459,1,NaN,0,5.99999999999996,2,1,65,0.5
651,8709.354456,8707.94979,8708.219124,8708.803123,8713.941784,0,NaN,0,5.99999999999996,2,1,65,0.5
652,8717.508448,8716.455782,8716.885115,8717.508448,8717.540448,1,NaN,0,5.99999999999996,2,1,65,0.5
653,8727.284438,8726.558439,8726.799105,8727.231105,8991.384174,0,1.99999999999996,0.0200000000000003,5.99999999999996,2,1,65,0.5
654,8994.821504,8993.531505,8993.923505,8994.76817,9000.442831,1,1.99999999999996,0.0200000000000003,7.00000000000003,1,2,66,0.5
655,9009.101489,9007.982157,9008.26149,9009.101489,9016.181482,1,NaN,0,5.99999999999996,2,1,65,0.5
656,9017.698814,9016.554815,9016.933482,9017.645481,9023.814808,1,1.99999999999996,0.0200000000000003,7.00000000000003,1,2,66,0.5
657,9033.796798,9033.013465,9033.250132,9033.796798,9040.017458,1,NaN,0,5.99999999999996,2,1,65,0.5
658,9041.794123,9040.360125,9040.878124,9041.74079,9046.038786,1,1.99999999999996,0.0200000000000003,7.00000000000003,1,2,66,0.5
659,9049.212116,9048.330117,9048.58945,9049.158783,9049.400782,0,1.99999999999996,0.0200000000000003,5.99999999999996,2,1,65,0.5
660,9053.874111,9051.130114,9051.59078,9053.322778,9061.887437,0,NaN,0,5.99999999999996,2,1,65,0.5
661,9063.700768,9062.24477,9062.694769,9063.647435,9068.138097,1,1.99999999999996,0.0200000000000003,7.00000000000003,1,2,66,0.5
662,9080.247418,9078.904086,9079.434752,9080.247418,9088.402743,1,NaN,0,5.99999999999996,2,1,65,0.5
663,9101.185397,9098.480067,9098.714733,9101.185397,9101.428064,1,NaN,0,5.99999999999996,2,1,65,0.5
664,9113.272721,9112.000053,9112.238053,9112.721386,NaN,0,NaN,0,5.99999999999996,2,1,65,0.5
665,9124.582041,9123.499375,9123.842041,9124.582041,9129.189369,1,NaN,0,5.99999999999996,2,1,65,0.5
666,9142.184023,9141.485357,9141.667357,9142.184023,9144.604021,0,NaN,0,7.00000000000003,1,2,66,0.5
667,9149.882015,9149.057349,9149.414682,9149.882015,9150.626681,1,NaN,0,5.99999999999996,2,1,65,0.5
668,9158.440007,9157.019341,9157.411341,9158.43734,9162.392003,1,1.99999999999996,0.0200000000000003,7.00000000000003,1,2,66,0.5
669,9164.778667,9163.365335,9163.816668,9164.725334,9168.597997,1,1.99999999999996,0.0200000000000003,7.00000000000003,1,2,66,0.5
670,9170.905994,9169.736662,9170.054662,9170.852661,9176.442655,1,1.99999999999996,0.0200000000000003,7.00000000000003,1,2,66,0.5
671,9180.129985,9179.043986,9179.365986,9180.076652,9180.467985,0,1.99999999999996,0.0200000000000003,5.99999999999996,2,1,65,0.5
672,9185.32398,9183.296648,9184.164648,9185.321313,9188.726643,1,1.99999999999996,0.0200000000000003,7.00000000000003,1,2,66,0.5
673,9191.703307,9190.551308,9190.798641,9191.70064,9197.011968,1,1.99999999999996,0.0200000000000003,7.00000000000003,1,2,66,0.5
674,9199.108633,9198.0073,9198.392633,9199.108633,9205.565293,1,NaN,0,5.99999999999996,2,1,65,0.5
675,9208.539957,9207.595291,9207.919957,9208.486623,9208.788623,0,1.99999999999996,0.0200000000000003,5.99999999999996,2,1,65,0.5
676,9213.005285,9211.285287,9212.007286,9213.002619,9217.339948,1,1.99999999999996,0.0200000000000003,7.00000000000003,1,2,66,0.5
677,9219.145279,9217.965947,9218.247947,9219.145279,9219.439279,1,NaN,0,5.99999999999996,2,1,65,0.5
678,9225.805273,9224.685274,9225.208607,9225.805273,9233.945264,1,NaN,0,5.99999999999996,2,1,65,0.5
679,9238.305927,9236.754595,9237.209928,9238.252594,9240.503258,1,1.99999999999996,0.0200000000000003,7.00000000000003,1,2,66,0.5
680,9244.097921,9242.740589,9243.007255,9243.546588,9250.709248,0,NaN,0,5.99999999999996,2,1,65,0.5
681,9263.635901,9251.013247,9251.467914,NaN,9269.592562,NaN,NaN,0,5.99999999999996,2,1,65,0.5
682,9271.487227,9270.054562,9270.495895,9271.48456,9273.535892,1,1.99999999999996,0.0200000000000003,7.00000000000003,1,2,66,0.5
683,9275.36189,9273.948558,9274.531891,9275.359223,9277.115221,1,1.99999999999996,0.0200000000000003,7.00000000000003,1,2,66,0.5
684,9286.159212,9285.02388,9285.45588,9286.106546,9286.383212,0,1.99999999999996,0.0200000000000003,5.99999999999996,2,1,65,0.5
685,9293.993204,9293.083872,9293.330538,9293.993204,9294.079204,1,NaN,0,5.99999999999996,2,1,65,0.5
686,9303.671861,9300.271865,9300.581198,9303.618528,9304.035194,0,1.99999999999996,0.0200000000000003,5.99999999999996,2,1,65,0.5
687,9307.326524,9305.832526,9306.463192,9307.273191,9320.123845,1,1.99999999999996,0.0200000000000003,7.00000000000003,1,2,66,0.5
688,9322.915842,9322.08651,9322.343843,9322.862509,9325.306506,0,1.99999999999996,0.0200000000000003,5.99999999999996,2,1,65,0.5
689,9332.013833,9331.190501,9331.4725,9332.013833,9332.376499,1,NaN,0,5.99999999999996,2,1,65,0.5
690,9344.73382,9344.017821,9344.281154,9344.73382,9344.926487,1,NaN,0,5.99999999999996,2,1,65,0.5
691,9351.817147,9350.063815,9350.578481,9351.81448,9357.743141,1,1.99999999999996,0.0200000000000003,7.00000000000003,1,2,66,0.5
692,9359.776472,9358.36914,9358.77314,9359.723139,9363.986468,1,1.99999999999996,0.0200000000000003,7.00000000000003,1,2,66,0.5
693,9367.494464,9366.498465,9366.877132,9367.441131,9367.713131,0,1.99999999999996,0.0200000000000003,5.99999999999996,2,1,65,0.5
694,9377.039788,9376.283122,9376.299122,9377.039788,9382.367783,1,NaN,0,5.99999999999996,2,1,65,0.5
695,9384.101781,9382.816449,9383.295782,9384.048448,9386.995111,1,1.99999999999996,0.0200000000000003,7.00000000000003,1,2,66,0.5
696,9388.88511,9387.585111,9388.057777,9388.831776,9394.90777,1,1.99999999999996,0.0200000000000003,7.00000000000003,1,2,66,0.5
697,9398.048434,9397.123101,9397.443101,9397.9951,9398.4131,0,1.99999999999996,0.0200000000000003,5.99999999999996,2,1,65,0.5
698,9402.325763,9401.007764,9401.39043,9402.325763,9404.259761,1,NaN,0,5.99999999999996,2,1,65,0.5
699,9408.86109,9407.818424,9408.336423,9408.86109,9596.108902,1,NaN,0,5.99999999999996,2,1,65,0.5
700,9603.127562,9602.171563,9602.492229,9603.127562,9603.392228,1,NaN,0,5.99999999999996,2,1,65,0.5
701,9615.740216,9612.029553,9612.416219,9615.740216,9615.900883,1,NaN,0,5.99999999999996,2,1,65,0.5
702,9626.070872,9624.350207,9624.82354,9626.068206,9630.866201,1,1.99999999999996,0.0200000000000003,7.00000000000003,1,2,66,0.5
703,9632.845532,9631.5442,9631.904867,9632.792199,9636.501529,1,1.99999999999996,0.0200000000000003,7.00000000000003,1,2,66,0.5
704,9648.623516,9647.098185,9648.04485,9648.570183,9648.847516,0,1.99999999999996,0.0200000000000003,5.99999999999996,2,1,65,0.5
705,9653.662178,9652.19018,9652.608846,9653.608845,9659.016839,1,1.99999999999996,0.0200000000000003,7.00000000000003,1,2,66,0.5
706,9662.287503,9661.331504,9661.60817,9662.23417,9662.489503,0,1.99999999999996,0.0200000000000003,5.99999999999996,2,1,65,0.5
707,9664.610167,9663.317502,9663.866835,9664.610167,9694.551471,1,NaN,0,5.99999999999996,2,1,65,0.5
708,9696.266802,9695.020803,9695.620803,9696.266802,9703.256129,0,NaN,0,7.00000000000003,1,2,66,0.5
709,9705.196793,9703.585462,9704.384794,9705.14346,9707.098125,1,1.99999999999996,0.0200000000000003,7.00000000000003,1,2,66,0.5
710,9720.271445,9720.164778,9715.928783,NaN,9727.570104,NaN,NaN,0,5.99999999999996,2,1,65,0.5
711,9730.194768,9729.099436,9729.338769,9730.141435,9730.382768,0,1.99999999999996,0.0200000000000003,5.99999999999996,2,1,65,0.5
712,9732.670766,9731.695433,9732.036766,9732.670766,9732.997432,1,NaN,0,5.99999999999996,2,1,65,0.5
713,9744.830754,9742.852756,9742.860089,9744.830754,9744.97542,1,NaN,0,5.99999999999996,2,1,65,0.5
714,9758.823406,9757.426074,9757.898741,9758.770073,9762.249403,1,1.99999999999996,0.0200000000000003,7.00000000000003,1,2,66,0.5
715,9763.958068,9762.720736,9763.082069,9763.905401,9768.62073,1,1.99999999999996,0.0200000000000003,7.00000000000003,1,2,66,0.5
716,9773.590725,9771.158061,9771.431394,9773.537394,9773.946724,0,1.99999999999996,0.0200000000000003,5.99999999999996,2,1,65,0.5
717,9778.704053,9774.323391,9774.794057,9778.704053,9784.602047,1,NaN,0,5.99999999999996,2,1,65,0.5
718,9794.850704,9792.518039,9792.831372,9794.798037,9794.872704,0,1.99999999999996,0.0200000000000003,5.99999999999996,2,1,65,0.5
719,9800.180698,9797.425368,9797.888034,9800.180698,9808.74469,1,NaN,0,5.99999999999996,2,1,65,0.5
720,9810.452021,9809.114689,9809.554689,9810.398688,9812.044686,1,1.99999999999996,0.0200000000000003,7.00000000000003,1,2,66,0.5
721,9825.10934,9813.994018,9814.211351,NaN,9831.700667,NaN,NaN,0,5.99999999999996,2,1,65,0.5
722,9833.554665,9832.238,9832.665332,9833.501332,9835.170663,1,1.99999999999996,0.0200000000000003,7.00000000000003,1,2,66,0.5
723,9837.025995,9835.633329,9836.086662,9837.023328,9844.250654,1,1.99999999999996,0.0200000000000003,7.00000000000003,1,2,66,0.5
724,9847.188651,9846.296652,9846.573985,9847.135318,9848.995316,0,1.99999999999996,0.0200000000000003,5.99999999999996,2,1,65,0.5
725,9851.890647,9849.493982,9849.971315,9851.837313,9853.854645,0,1.99999999999996,0.0200000000000003,5.99999999999996,2,1,65,0.5
726,9864.329967,9863.542635,9863.847968,9864.329967,9875.735956,1,NaN,0,5.99999999999996,2,1,65,0.5
727,9877.533954,9876.111956,9876.596622,9877.531288,9879.655952,1,1.99999999999996,0.0200000000000003,7.00000000000003,1,2,66,0.5
728,9882.806616,9881.909283,9882.19595,9882.753282,9883.031282,0,1.99999999999996,0.0200000000000003,5.99999999999996,2,1,65,0.5
729,9886.802612,9885.178613,9885.807279,9886.749278,9893.159272,1,1.99999999999996,0.0200000000000003,7.00000000000003,1,2,66,0.5
730,9895.00727,9894.049271,9894.349271,9895.00727,9896.821268,1,NaN,0,5.99999999999996,2,1,65,0.5
731,9903.316595,9900.865931,9901.185931,9903.263262,9903.365928,0,1.99999999999996,0.0200000000000003,5.99999999999996,2,1,65,0.5
732,9907.843257,9906.349259,9906.777258,9907.789924,9910.985254,1,1.99999999999996,0.0200000000000003,7.00000000000003,1,2,66,0.5
733,9912.339253,9911.498587,9911.718587,9912.339253,9912.391919,1,NaN,0,5.99999999999996,2,1,65,0.5
734,9924.220574,9923.384575,9923.670575,9924.220574,9931.5619,1,NaN,0,5.99999999999996,2,1,65,0.5
735,9943.301888,9942.168556,9942.472556,9943.301888,9951.919213,1,NaN,0,5.99999999999996,2,1,65,0.5
736,9959.998538,9959.137206,9959.431872,9959.998538,9962.695202,1,NaN,0,5.99999999999996,2,1,65,0.5
737,10003.637161,10002.674496,10002.967829,10003.637161,10010.325821,1,NaN,0,5.99999999999996,2,1,65,0.5
738,10012.948485,10010.719154,10011.155821,10012.895152,10013.145819,0,1.99999999999996,0.0200000000000003,5.99999999999996,2,1,65,0.5
739,10024.994473,10023.953808,10024.199141,10024.994473,10025.200473,1,NaN,0,5.99999999999996,2,1,65,0.5
740,10035.017797,10033.435798,10033.959798,10034.964464,10041.595123,1,1.99999999999996,0.0200000000000003,7.00000000000003,1,2,66,0.5
741,10050.122448,10049.325782,10049.635782,10050.122448,10050.335115,1,NaN,0,5.99999999999996,2,1,65,0.5
742,10057.675107,10056.555109,10057.019775,10057.621774,10057.889774,0,1.99999999999996,0.0200000000000003,5.99999999999996,2,1,65,0.5
743,10061.265104,10059.645105,10060.511105,10061.211771,10065.267766,1,1.99999999999996,0.0200000000000003,7.00000000000003,1,2,66,0.5
744,10074.233091,10071.085094,10071.747093,10074.179758,10076.958421,0,1.99999999999996,0.0200000000000003,5.99999999999996,2,1,65,0.5
745,10078.675753,10077.269755,10077.796421,10078.62242,10081.751083,1,1.99999999999996,0.0200000000000003,7.00000000000003,1,2,66,0.5
746,10083.759081,10082.415749,10082.943749,10083.705748,10089.037743,1,1.99999999999996,0.0200000000000003,7.00000000000003,1,2,66,0.5
747,10091.506407,10089.908409,10090.391075,10091.50374,10095.629069,1,1.99999999999996,0.0200000000000003,7.00000000000003,1,2,66,0.5
748,10104.386394,10103.175729,10103.675061,10104.386394,10106.552392,1,NaN,0,5.99999999999996,2,1,65,0.5
749,10116.230382,10114.76705,10115.13905,10116.230382,10116.391049,1,NaN,0,5.99999999999996,2,1,65,0.5
750,10124.227708,10123.093709,10123.491708,10124.174374,10127.705037,1,1.99999999999996,0.0200000000000003,7.00000000000003,1,2,66,0.5
751,10137.098361,10129.313036,10129.721702,10137.098361,10142.368356,1,NaN,0,5.99999999999996,2,1,65,0.5
752,10144.419021,10142.743689,10143.266355,10144.365687,10144.62702,0,1.99999999999996,0.0200000000000003,5.99999999999996,2,1,65,0.5
753,10146.885018,10145.942352,10146.426352,10146.885018,10159.403672,1,NaN,0,5.99999999999996,2,1,65,0.5
754,10161.063004,10159.921005,10160.355005,10161.063004,10168.23633,1,NaN,0,5.99999999999996,2,1,65,0.5
755,10169.366329,10168.607663,10168.91833,10169.313662,10185.51098,0,1.99999999999996,0.0200000000000003,5.99999999999996,2,1,65,0.5
756,10198.8603,10198.083634,10198.371633,10198.8603,10199.384299,1,NaN,0,5.99999999999996,2,1,65,0.5
757,10206.671625,10205.427626,10206.063626,10206.671625,10215.164283,0,NaN,0,7.00000000000003,1,2,66,0.5
758,10216.941615,10215.583616,10216.089616,10216.938949,10221.262944,1,1.99999999999996,0.0200000000000003,7.00000000000003,1,2,66,0.5
759,10229.983602,10227.851604,10228.101604,10229.930269,10230.811601,0,1.99999999999996,0.0200000000000003,5.99999999999996,2,1,65,0.5
760,10234.414264,10233.492265,10233.778931,10234.414264,10247.069585,1,NaN,0,5.99999999999996,2,1,65,0.5
761,10252.02958,10248.74625,10249.182916,10252.02958,10263.488235,1,NaN,0,5.99999999999996,2,1,65,0.5
762,10264.843567,10263.832901,10264.182901,10264.843567,10264.9789,1,NaN,0,5.99999999999996,2,1,65,0.5
763,10272.424226,10271.028227,10271.558227,10272.370893,10276.193556,1,1.99999999999996,0.0200000000000003,7.00000000000003,1,2,66,0.5
764,10278.60622,10277.230221,10277.853554,10278.552887,10281.598217,1,1.99999999999996,0.0200000000000003,7.00000000000003,1,2,66,0.5
765,10294.797537,10282.174883,10282.619549,NaN,10300.455531,NaN,NaN,0,5.99999999999996,2,1,65,0.5
766,10309.336856,10303.663528,10303.983528,10309.336856,10318.293514,1,NaN,0,5.99999999999996,2,1,65,0.5
767,10320.880844,10318.687513,10319.148846,10320.880844,10320.994177,1,NaN,0,5.99999999999996,2,1,65,0.5
768,10329.020836,10327.258838,10328.093504,10328.967503,10330.567501,1,1.99999999999996,0.0200000000000003,7.00000000000003,1,2,66,0.5
769,10333.305498,10332.460166,10332.752166,10333.252165,10333.486832,0,1.99999999999996,0.0200000000000003,5.99999999999996,2,1,65,0.5
770,10337.334828,10336.376829,10336.784162,10337.334828,10344.058154,1,NaN,0,5.99999999999996,2,1,65,0.5
771,10347.362818,10344.388821,10344.712154,10347.362818,10353.269478,1,NaN,0,5.99999999999996,2,1,65,0.5
772,10356.691475,10353.648811,10354.031478,10356.638142,10357.017475,0,1.99999999999996,0.0200000000000003,5.99999999999996,2,1,65,0.5
773,10360.518138,10359.795472,10360.087472,10360.518138,10360.669471,1,NaN,0,5.99999999999996,2,1,65,0.5
774,10381.53745,10380.832118,10381.130784,10381.53745,10422.324076,1,NaN,0,5.99999999999996,2,1,65,0.5
775,10449.682715,10446.318719,10446.651385,10449.682715,10449.914715,1,NaN,0,5.99999999999996,2,1,65,0.5
776,10459.202039,10458.577373,10458.815373,10459.187373,10462.580703,0,1.99999999999996,0.0200000000000003,5.99999999999996,2,1,65,0.5
777,10475.614023,10469.147363,10469.387362,NaN,NaN,NaN,NaN,0,5.99999999999996,2,1,65,0.5
778,10489.689342,10488.038677,10488.38201,10489.636009,10489.896675,0,1.99999999999996,0.0200000000000003,5.99999999999996,2,1,65,0.5
779,10503.039995,10493.599338,10493.876671,NaN,10554.801944,NaN,NaN,0,5.99999999999996,2,1,65,0.5
780,10563.123935,10556.017276,10556.440609,10563.123935,10563.436602,1,NaN,0,5.99999999999996,2,1,65,0.5
781,10609.293889,10607.231225,10607.905224,10609.240556,10610.899888,1,1.99999999999996,0.0200000000000003,7.00000000000003,1,2,66,0.5
782,10614.623217,10612.824552,10613.372552,10614.62055,10618.558547,1,1.99999999999996,0.0200000000000003,7.00000000000003,1,2,66,0.5
783,10629.391202,10628.323203,10628.56587,10629.391202,10636.930528,1,NaN,0,5.99999999999996,2,1,65,0.5
784,10638.899193,10637.495862,10638.02586,10638.896526,10647.099851,1,1.99999999999996,0.0200000000000003,7.00000000000003,1,2,66,0.5
785,10661.539837,10650.449848,10650.757848,NaN,10668.469163,NaN,NaN,0,5.99999999999996,2,1,65,0.5
786,10670.147828,10669.045163,10669.493829,10670.094495,10674.649157,1,1.99999999999996,0.0200000000000003,7.00000000000003,1,2,66,0.5
787,10680.047818,10678.940486,10679.301152,10679.994485,10680.273818,0,1.99999999999996,0.0200000000000003,5.99999999999996,2,1,65,0.5
788,10687.081145,10685.441813,10686.101812,10687.027811,10693.626471,1,1.99999999999996,0.0200000000000003,7.00000000000003,1,2,66,0.5
789,10697.504468,10694.511137,10695.067803,10697.451134,10698.1638,0,1.99999999999996,0.0200000000000003,5.99999999999996,2,1,65,0.5
790,10707.285791,10706.237126,10706.619125,10707.285791,10708.596457,1,NaN,0,5.99999999999996,2,1,65,0.5
791,10718.961113,10717.527114,10717.942447,10718.90778,10725.655773,1,1.99999999999996,0.0200000000000003,7.00000000000003,1,2,66,0.5
792,10727.504438,10726.267106,10726.700438,10727.451104,10732.043766,1,1.99999999999996,0.0200000000000003,7.00000000000003,1,2,66,0.5
793,10745.42042,10742.220423,10742.768422,NaN,NaN,NaN,NaN,0,5.99999999999996,2,1,65,0.5
794,10756.983075,10756.123076,10756.469742,10756.983075,10757.181075,1,NaN,0,5.99999999999996,2,1,65,0.5
795,10770.520395,10769.726395,10770.091062,10770.467061,10770.524395,0,1.99999999999996,0.0200000000000003,5.99999999999996,2,1,65,0.5
796,10774.741724,10774.046391,10774.297724,10774.741724,10775.10239,1,NaN,0,5.99999999999996,2,1,65,0.5
797,10781.796383,10780.949051,10781.33305,10781.796383,10782.010383,1,NaN,0,5.99999999999996,2,1,65,0.5
798,10789.153709,10787.570378,10788.20171,10789.101043,10793.093039,1,1.99999999999996,0.0200000000000003,7.00000000000003,1,2,66,0.5
799,10795.071703,10793.713705,10794.053704,10795.071703,10800.965697,1,NaN,0,5.99999999999996,2,1,65,0.5
800,10810.894354,10810.245688,10810.471688,10810.894354,10811.015687,1,NaN,0,5.99999999999996,2,1,65,0.5
801,10820.545678,10817.187015,10817.394348,10820.545678,10820.950344,1,NaN,0,5.99999999999996,2,1,65,0.5
802,10855.037644,10849.221649,10849.474316,10854.486311,10862.793636,0,NaN,0,5.99999999999996,2,1,65,0.5
803,10864.514967,10863.176969,10863.760968,10864.461634,10868.41163,1,1.99999999999996,0.0200000000000003,7.00000000000003,1,2,66,0.5
804,10873.814291,10870.798294,10871.102961,10873.814291,10873.944291,1,NaN,0,5.99999999999996,2,1,65,0.5
805,10882.310949,10879.554286,10879.871619,10882.310949,10888.60761,1,NaN,0,5.99999999999996,2,1,65,0.5
806,10890.793608,10889.314942,10889.977608,10890.740274,10894.356937,1,1.99999999999996,0.0200000000000003,7.00000000000003,1,2,66,0.5
807,10899.231599,10896.175602,10896.468935,10899.178266,10899.256266,0,1.99999999999996,0.0200000000000003,5.99999999999996,2,1,65,0.5
808,10912.883586,10912.774252,10910.813588,NaN,NaN,NaN,NaN,0,5.99999999999996,2,1,65,0.5
809,10968.136864,10966.943531,10967.416198,10968.136864,10968.45153,1,NaN,0,5.99999999999996,2,1,65,0.5
810,10984.498847,10983.362182,10983.790848,10984.498847,11010.445488,1,NaN,0,5.99999999999996,2,1,65,0.5
811,11023.330142,11021.75681,11022.16281,11023.276809,11030.528801,0,1.99999999999996,0.0200000000000003,5.99999999999996,2,1,65,0.5
812,11034.394131,11033.496132,11033.902798,11034.394131,11040.339458,1,NaN,0,5.99999999999996,2,1,65,0.5
813,11045.973452,11045.302786,11045.520786,11045.973452,11072.867426,1,NaN,0,5.99999999999996,2,1,65,0.5
814,11083.502082,11082.469416,11082.952082,11083.502082,11084.707414,1,NaN,0,5.99999999999996,2,1,65,0.5
815,11100.988064,11099.199399,11100.146732,11100.934731,11105.002727,1,1.99999999999996,0.0200000000000003,7.00000000000003,1,2,66,0.5
816,11116.759382,11115.976049,11116.250049,11116.759382,11123.316708,1,NaN,0,5.99999999999996,2,1,65,0.5
817,11128.094037,11123.642041,11123.952708,11128.094037,11128.254704,1,NaN,0,5.99999999999996,2,1,65,0.5
818,11136.930028,11136.182029,11136.472695,11136.930028,11149.218016,1,NaN,0,5.99999999999996,2,1,65,0.5
819,11152.02868,11150.397348,11151.047347,11151.975346,11156.518009,1,1.99999999999996,0.0200000000000003,7.00000000000003,1,2,66,0.5
820,11160.562005,11158.44734,11158.70134,11160.508671,11172.810659,0,1.99999999999996,0.0200000000000003,5.99999999999996,2,1,65,0.5
821,11174.677324,11173.557325,11174.099991,11174.677324,11179.242653,1,NaN,0,5.99999999999996,2,1,65,0.5
822,11185.35998,11183.557982,11184.392647,11185.357313,11186.963978,1,1.99999999999996,0.0200000000000003,7.00000000000003,1,2,66,0.5
823,11189.271976,11187.897311,11188.422643,11189.269309,11190.849974,1,1.99999999999996,0.0200000000000003,7.00000000000003,1,2,66,0.5
824,11200.858631,11199.065966,11199.362632,11200.805298,11201.89463,0,1.99999999999996,0.0200000000000003,5.99999999999996,2,1,65,0.5
825,11204.419294,11202.414629,11202.860629,11204.365961,11205.50796,0,1.99999999999996,0.0200000000000003,5.99999999999996,2,1,65,0.5
826,11207.759291,11206.062626,11206.437292,11207.705957,11208.539957,0,1.99999999999996,0.0200000000000003,5.99999999999996,2,1,65,0.5
827,11211.051287,11209.081956,11210.146622,11210.997954,11216.502615,1,1.99999999999996,0.0200000000000003,7.00000000000003,1,2,66,0.5
828,11218.240614,11216.981948,11217.421948,11218.187947,11224.119941,1,1.99999999999996,0.0200000000000003,7.00000000000003,1,2,66,0.5
829,11227.691271,11226.838605,11227.083938,11227.691271,11247.055918,1,NaN,0,5.99999999999996,2,1,65,0.5
830,11248.78125,11247.41659,11247.851251,11248.78125,11257.710574,1,NaN,0,5.99999999999996,2,1,65,0.5
831,11259.530572,11258.112574,11258.640573,11259.527906,11265.229233,1,1.99999999999996,0.0200000000000003,7.00000000000003,1,2,66,0.5
832,11268.314563,11267.448564,11267.745231,11268.26123,11269.955228,0,1.99999999999996,0.0200000000000003,5.99999999999996,2,1,65,0.5
833,11273.214559,11271.435894,11272.159893,11273.161225,11279.149219,1,1.99999999999996,0.0200000000000003,7.00000000000003,1,2,66,0.5
834,11283.309882,11282.323883,11282.580549,11283.256549,11284.114548,0,1.99999999999996,0.0200000000000003,5.99999999999996,2,1,65,0.5
835,11297.644534,11285.02188,11285.451213,NaN,NaN,NaN,NaN,0,5.99999999999996,2,1,65,0.5
836,11385.902446,11380.659784,11381.26045,11385.902446,11393.645105,0,NaN,0,7.00000000000003,1,2,66,0.5
837,11395.639769,11394.154438,11394.73577,11395.586436,11402.355096,1,1.99999999999996,0.0200000000000003,7.00000000000003,1,2,66,0.5
838,11406.269759,11405.033093,11405.414426,11406.216426,11406.726425,0,1.99999999999996,0.0200000000000003,5.99999999999996,2,1,65,0.5
839,11425.842406,11413.219752,11413.555085,NaN,11436.721062,NaN,NaN,0,5.99999999999996,2,1,65,0.5
840,11437.999727,11437.095728,11437.437728,11437.999727,11444.741054,1,NaN,0,5.99999999999996,2,1,65,0.5
841,11457.869041,11445.246387,11445.589053,NaN,NaN,NaN,NaN,0,5.99999999999996,2,1,65,0.5
842,11464.609034,11463.639035,11464.021034,11464.609034,11484.467019,1,NaN,0,5.99999999999996,2,1,65,0.5
843,11486.455012,11485.058347,11485.597013,11486.452345,11493.445672,1,1.99999999999996,0.0200000000000003,7.00000000000003,1,2,66,0.5
844,11499.980998,11498.263,11499.172333,11499.980998,11500.282332,1,NaN,0,5.99999999999996,2,1,65,0.5
845,11507.030991,11505.452993,11506.100326,11506.977658,11516.758315,1,1.99999999999996,0.0200000000000003,7.00000000000003,1,2,66,0.5
846,11522.884976,11517.240315,11517.584314,11522.831642,11523.987641,0,1.99999999999996,0.0200000000000003,5.99999999999996,2,1,65,0.5
847,11525.667639,11524.547641,11524.98564,11525.667639,11531.407634,1,NaN,0,5.99999999999996,2,1,65,0.5
848,11532.708299,11531.806967,11532.2063,11532.654966,11532.922966,0,1.99999999999996,0.0200000000000003,5.99999999999996,2,1,65,0.5
849,11536.319629,11534.464297,11535.406963,11536.266295,11538.080294,1,1.99999999999996,0.0200000000000003,7.00000000000003,1,2,66,0.5
850,11539.793625,11538.59696,11539.064959,11539.740292,11544.886954,1,1.99999999999996,0.0200000000000003,7.00000000000003,1,2,66,0.5
851,11546.828952,11545.386953,11545.862286,11546.826285,11553.247612,1,1.99999999999996,0.0200000000000003,7.00000000000003,1,2,66,0.5
852,11558.725606,11557.194275,11558.123607,11558.672273,11558.998273,0,1.99999999999996,0.0200000000000003,5.99999999999996,2,1,65,0.5
853,11563.461602,11561.897603,11562.522936,11563.461602,11565.937599,1,NaN,0,5.99999999999996,2,1,65,0.5
854,11582.05025,11580.340251,11581.218251,NaN,NaN,NaN,NaN,0,5.99999999999996,2,1,65,0.5
855,11593.442238,11591.77224,11592.518239,11593.388905,11598.792233,1,1.99999999999996,0.0200000000000003,7.00000000000003,1,2,66,0.5
856,11600.663564,11599.544232,11599.918899,11600.663564,11604.362894,1,NaN,0,5.99999999999996,2,1,65,0.5
857,11608.15889,11607.102225,11607.732891,11608.15889,11813.643351,1,NaN,0,5.99999999999996,2,1,65,0.5
858,11818.056014,11814.090018,11814.467351,11818.056014,11818.278014,1,NaN,0,5.99999999999996,2,1,65,0.5
859,11826.957338,11825.352673,11826.002672,11826.904005,11832.729332,1,1.99999999999996,0.0200000000000003,7.00000000000003,1,2,66,0.5
860,11847.232651,11834.609997,11834.939997,NaN,NaN,NaN,NaN,0,5.99999999999996,2,1,65,0.5
861,11879.255953,11866.633298,11866.964631,NaN,11885.847279,NaN,NaN,0,5.99999999999996,2,1,65,0.5
862,11892.057273,11891.25994,11891.56394,11892.00394,11892.253273,0,1.99999999999996,0.0200000000000003,5.99999999999996,2,1,65,0.5
863,11896.603269,11895.562603,11895.827936,11896.603269,11930.482568,1,NaN,0,5.99999999999996,2,1,65,0.5
864,11943.781221,11933.292565,11933.524565,NaN,11953.463212,NaN,NaN,0,5.99999999999996,2,1,65,0.5
865,11995.19717,11982.574516,11982.883849,NaN,NaN,NaN,NaN,0,5.99999999999996,2,1,65,0.5
866,12001.733163,12000.901164,12001.295164,12001.733163,12001.94383,1,NaN,0,5.99999999999996,2,1,65,0.5
867,12066.449099,12053.826445,12054.163111,NaN,12074.98309,NaN,NaN,0,5.99999999999996,2,1,65,0.5
868,12076.441089,12075.429756,12075.786423,12076.388422,12077.728421,0,1.99999999999996,0.0200000000000003,5.99999999999996,2,1,65,0.5
869,12080.935751,12079.350419,12080.025752,12080.882418,12087.272411,1,1.99999999999996,0.0200000000000003,7.00000000000003,1,2,66,0.5
870,12090.220408,12089.327076,12089.559742,12090.220408,12090.399075,1,NaN,0,5.99999999999996,2,1,65,0.5
871,12097.585734,12096.940402,12097.199068,12097.585734,12098.277067,1,NaN,0,5.99999999999996,2,1,65,0.5
872,12105.912393,12104.397061,12104.98706,12105.909726,12111.68572,1,1.99999999999996,0.0200000000000003,7.00000000000003,1,2,66,0.5
873,12114.069718,12112.499053,12113.024385,12114.067051,12120.870378,1,1.99999999999996,0.0200000000000003,7.00000000000003,1,2,66,0.5
874,12126.395039,12125.323706,12125.803039,12126.395039,12133.491698,1,NaN,0,5.99999999999996,2,1,65,0.5
875,12135.40103,12133.876365,12134.329697,12135.40103,12142.821022,1,NaN,0,5.99999999999996,2,1,65,0.5
876,12153.093012,12151.067681,12151.37968,12153.039679,12153.815678,0,1.99999999999996,0.0200000000000003,5.99999999999996,2,1,65,0.5
877,12156.350342,12154.447677,12155.298343,12156.347675,12161.862337,1,1.99999999999996,0.0200000000000003,7.00000000000003,1,2,66,0.5
878,12165.435,12164.028334,12164.733667,12165.435,12171.874327,1,NaN,0,5.99999999999996,2,1,65,0.5
879,12184.83898,12176.600988,12176.920322,NaN,12186.375645,NaN,NaN,0,5.99999999999996,2,1,65,0.5
880,12194.342304,12192.744972,12193.321638,12194.288971,12199.074966,1,1.99999999999996,0.0200000000000003,7.00000000000003,1,2,66,0.5
881,12202.074296,12201.282297,12201.54563,12202.074296,12202.194296,1,NaN,0,5.99999999999996,2,1,65,0.5
882,12226.768272,12225.916939,12226.210939,12226.768272,12227.020271,1,NaN,0,5.99999999999996,2,1,65,0.5
883,12235.29293,12233.993598,12234.408931,12235.29293,12235.661596,1,NaN,0,5.99999999999996,2,1,65,0.5
884,12246.080252,12244.948253,12245.344253,12246.080252,12257.226908,1,NaN,0,5.99999999999996,2,1,65,0.5
885,12259.273573,12257.573574,12257.94424,12259.273573,12259.572906,1,NaN,0,5.99999999999996,2,1,65,0.5
886,12281.932883,12277.445554,12277.743554,NaN,12290.974874,NaN,NaN,0,5.99999999999996,2,1,65,0.5
887,12292.813539,12291.37754,12291.866873,12292.760206,12297.704867,1,1.99999999999996,0.0200000000000003,7.00000000000003,1,2,66,0.5
888,12300.282198,12299.508199,12299.786199,12300.228865,12300.686198,0,1.99999999999996,0.0200000000000003,5.99999999999996,2,1,65,0.5
889,12307.562858,12305.897526,12306.574859,12307.509524,12314.347517,1,1.99999999999996,0.0200000000000003,7.00000000000003,1,2,66,0.5
890,12317.585514,12316.659515,12317.005515,12317.532181,12320.339511,0,1.99999999999996,0.0200000000000003,5.99999999999996,2,1,65,0.5
891,12322.404176,12320.883511,12321.672843,12322.404176,12328.88617,1,NaN,0,5.99999999999996,2,1,65,0.5
892,12331.392167,12329.545502,12330.298168,12331.3895,12333.788165,1,1.99999999999996,0.0200000000000003,7.00000000000003,1,2,66,0.5
893,12335.969496,12334.201498,12334.912164,12335.916163,12341.93349,1,1.99999999999996,0.0200000000000003,7.00000000000003,1,2,66,0.5
894,12345.556153,12344.408154,12344.74882,12345.50282,12351.66148,0,1.99999999999996,0.0200000000000003,5.99999999999996,2,1,65,0.5
895,12356.016142,12354.264811,12355.012144,12356.016142,12357.029475,1,NaN,0,5.99999999999996,2,1,65,0.5
896,12387.343444,12385.803446,12386.325445,12387.290111,12393.930771,1,1.99999999999996,0.0200000000000003,7.00000000000003,1,2,66,0.5
897,12400.066765,12398.967433,12399.300099,12400.013432,12402.571429,0,1.99999999999996,0.0200000000000003,5.99999999999996,2,1,65,0.5
898,12406.324092,12404.070761,12405.051427,12406.321425,12412.064753,1,1.99999999999996,0.0200000000000003,7.00000000000003,1,2,66,0.5
899,12414.446751,12412.855419,12413.382752,12414.393417,12415.372083,0,1.99999999999996,0.0200000000000003,5.99999999999996,2,1,65,0.5
900,12417.484748,12415.976749,12416.626082,12417.431414,12423.692741,1,1.99999999999996,0.0200000000000003,7.00000000000003,1,2,66,0.5
901,12425.740739,12424.358074,12424.83074,12425.687406,12431.478067,1,1.99999999999996,0.0200000000000003,7.00000000000003,1,2,66,0.5
902,12436.781395,12435.346063,12436.022729,12436.728062,12437.95206,0,1.99999999999996,0.0200000000000003,5.99999999999996,2,1,65,0.5
903,12440.040058,12438.432727,12439.118059,12440.040058,12440.392725,1,NaN,0,5.99999999999996,2,1,65,0.5
904,12448.521383,12447.462718,12447.831384,12448.46805,12449.240716,0,1.99999999999996,0.0200000000000003,5.99999999999996,2,1,65,0.5
905,12451.604047,12449.806049,12450.572048,12451.60138,12456.620708,1,1.99999999999996,0.0200000000000003,7.00000000000003,1,2,66,0.5
906,12464.344034,12463.082702,12463.686035,12464.290701,12465.3807,0,1.99999999999996,0.0200000000000003,5.99999999999996,2,1,65,0.5
907,12471.400694,12470.352695,12470.809361,12471.34736,12471.998693,0,1.99999999999996,0.0200000000000003,5.99999999999996,2,1,65,0.5
908,12478.430687,12474.092024,12474.570691,12478.377353,12478.91002,0,1.99999999999996,0.0200000000000003,5.99999999999996,2,1,65,0.5
909,12480.907351,12479.333352,12480.054018,12480.854018,12486.075346,1,1.99999999999996,0.0200000000000003,7.00000000000003,1,2,66,0.5
910,12488.03001,12486.678012,12487.136678,12487.976677,12492.844672,1,1.99999999999996,0.0200000000000003,7.00000000000003,1,2,66,0.5
911,12497.037335,12496.180669,12496.459336,12496.984001,12497.548668,0,1.99999999999996,0.0200000000000003,5.99999999999996,2,1,65,0.5
912,12500.135998,12498.114667,12498.841333,12500.082665,12505.636659,1,1.99999999999996,0.0200000000000003,7.00000000000003,1,2,66,0.5
913,12507.897324,12506.565992,12507.115325,12507.843991,12513.041319,1,1.99999999999996,0.0200000000000003,7.00000000000003,1,2,66,0.5
914,12519.890645,12518.78398,12519.157313,12519.837312,12521.318644,0,1.99999999999996,0.0200000000000003,5.99999999999996,2,1,65,0.5
915,12523.541308,12521.975976,12522.713976,12523.487975,12530.046635,1,1.99999999999996,0.0200000000000003,7.00000000000003,1,2,66,0.5
916,12531.928633,12530.585301,12531.074634,12531.8753,12536.891295,1,1.99999999999996,0.0200000000000003,7.00000000000003,1,2,66,0.5
917,12539.079293,12537.705961,12538.190627,12539.025959,12544.475287,1,1.99999999999996,0.0200000000000003,7.00000000000003,1,2,66,0.5
918,12548.827283,12547.737284,12548.126617,12548.77395,12549.037283,0,1.99999999999996,0.0200000000000003,5.99999999999996,2,1,65,0.5
919,12554.663944,12552.558613,12553.850611,12554.61061,12557.265941,1,1.99999999999996,0.0200000000000003,7.00000000000003,1,2,66,0.5
920,12559.135939,12557.737274,12558.196607,12559.133273,12564.789267,1,1.99999999999996,0.0200000000000003,7.00000000000003,1,2,66,0.5
921,12569.049929,12567.951264,12568.38393,12568.996596,12575.317256,0,1.99999999999996,0.0200000000000003,5.99999999999996,2,1,65,0.5
922,12577.677921,12575.889923,12576.630588,12577.624587,12579.959252,1,1.99999999999996,0.0200000000000003,7.00000000000003,1,2,66,0.5
923,12581.992583,12580.606584,12581.089917,12581.93925,12583.853915,1,1.99999999999996,0.0200000000000003,7.00000000000003,1,2,66,0.5
924,12586.594579,12585.625246,12585.897246,12586.541245,12592.361239,0,1.99999999999996,0.0200000000000003,5.99999999999996,2,1,65,0.5
925,12594.461237,12592.893906,12593.589238,12594.407904,12598.2179,1,1.99999999999996,0.0200000000000003,7.00000000000003,1,2,66,0.5
926,12599.878565,12598.8239,12599.207899,12599.825232,12604.913227,1,1.99999999999996,0.0200000000000003,7.00000000000003,1,2,66,0.5
927,12611.410554,12610.409888,12610.740554,12611.35722,12613.893885,0,1.99999999999996,0.0200000000000003,5.99999999999996,2,1,65,0.5
928,12616.125882,12614.623884,12615.305883,12616.072549,12622.387876,1,1.99999999999996,0.0200000000000003,7.00000000000003,1,2,66,0.5
929,12624.516541,12623.452542,12623.876541,12624.463207,12629.987868,1,1.99999999999996,0.0200000000000003,7.00000000000003,1,2,66,0.5
930,12634.69453,12633.031199,12633.461865,12634.641197,12645.14652,0,1.99999999999996,0.0200000000000003,5.99999999999996,2,1,65,0.5
931,12646.858518,12645.734519,12646.231852,12646.858518,12653.019179,1,NaN,0,5.99999999999996,2,1,65,0.5
932,12658.829173,12657.248508,12657.707841,12658.77584,12661.48517,0,1.99999999999996,0.0200000000000003,5.99999999999996,2,1,65,0.5
933,12663.591168,12662.06317,12662.709836,12663.537835,12668.24783,1,1.99999999999996,0.0200000000000003,7.00000000000003,1,2,66,0.5
934,12670.338495,12668.966496,12669.521829,12670.285161,12675.247157,1,1.99999999999996,0.0200000000000003,7.00000000000003,1,2,66,0.5
935,12679.372486,12678.494487,12678.871153,12679.319152,12680.581151,0,1.99999999999996,0.0200000000000003,5.99999999999996,2,1,65,0.5
936,12693.968471,12684.331147,12684.71448,NaN,NaN,NaN,NaN,0,5.99999999999996,2,1,65,0.5
937,12720.059112,12707.436458,12707.861791,NaN,12731.204434,NaN,NaN,0,5.99999999999996,2,1,65,0.5
938,12741.570424,12739.947759,12740.701758,12741.567757,12749.964415,1,1.99999999999996,0.0200000000000003,7.00000000000003,1,2,66,0.5
939,12755.11241,12753.287078,12753.653745,12755.11241,12757.99774,1,NaN,0,5.99999999999996,2,1,65,0.5
940,12762.689069,12761.306404,12761.760403,12762.635736,12767.965064,1,1.99999999999996,0.0200000000000003,7.00000000000003,1,2,66,0.5
941,12772.769726,12768.409063,12768.694396,12772.716392,12779.377052,0,1.99999999999996,0.0200000000000003,5.99999999999996,2,1,65,0.5
942,12781.30705,12780.140385,12780.666384,12781.30705,12787.617711,1,NaN,0,5.99999999999996,2,1,65,0.5
943,12790.709041,12789.457709,12789.900375,12790.706374,12796.658368,1,1.99999999999996,0.0200000000000003,7.00000000000003,1,2,66,0.5
944,12798.682366,12797.163701,12797.561701,12798.6797,12803.848361,1,1.99999999999996,0.0200000000000003,7.00000000000003,1,2,66,0.5
945,12807.157025,12805.857692,12806.599692,12807.103691,12828.468337,0,1.99999999999996,0.0200000000000003,5.99999999999996,2,1,65,0.5
946,12830.198335,12828.967669,12829.377669,12830.195668,12832.440333,1,1.99999999999996,0.0200000000000003,7.00000000000003,1,2,66,0.5
947,12834.552997,12833.717665,12834.018998,12834.499664,12849.766315,0,1.99999999999996,0.0200000000000003,5.99999999999996,2,1,65,0.5
948,12854.592977,12850.324315,12850.875648,12854.592977,12864.410967,1,NaN,0,5.99999999999996,2,1,65,0.5
949,12866.447632,12865.375633,12865.772299,12866.447632,12894.137605,1,NaN,0,5.99999999999996,2,1,65,0.5
950,12895.955602,12894.745604,12895.283603,12895.902269,12903.468262,1,1.99999999999996,0.0200000000000003,7.00000000000003,1,2,66,0.5
951,12905.048927,12903.909595,12904.133594,12905.048927,12924.472907,1,NaN,0,5.99999999999996,2,1,65,0.5
952,12926.282239,12924.952907,12925.554906,12926.229572,12930.480901,1,1.99999999999996,0.0200000000000003,7.00000000000003,1,2,66,0.5
953,12932.605566,12931.842233,12932.097566,12932.552233,12938.134894,0,1.99999999999996,0.0200000000000003,5.99999999999996,2,1,65,0.5
954,12940.457558,12938.89956,12939.344892,12940.404225,12949.799549,0,1.99999999999996,0.0200000000000003,5.99999999999996,2,1,65,0.5
955,12951.204214,12950.270882,12950.699548,12951.204214,12961.524204,1,NaN,0,5.99999999999996,2,1,65,0.5
956,12963.127535,12961.94887,12962.429536,12963.074202,12968.64953,1,1.99999999999996,0.0200000000000003,7.00000000000003,1,2,66,0.5
957,12971.620193,12970.539528,12971.063527,12971.56686,12976.734855,0,1.99999999999996,0.0200000000000003,5.99999999999996,2,1,65,0.5
958,12978.70952,12977.162188,12977.880854,12978.656186,12981.313517,1,1.99999999999996,0.0200000000000003,7.00000000000003,1,2,66,0.5
959,12984.445514,12983.608848,12984.016181,12984.392181,12990.931507,0,1.99999999999996,0.0200000000000003,5.99999999999996,2,1,65,0.5
960,12993.074172,12991.40684,12991.919507,12993.020839,13001.698163,0,1.99999999999996,0.0200000000000003,5.99999999999996,2,1,65,0.5
961,13003.491495,13002.392829,13002.882829,13003.491495,13010.306155,1,NaN,0,5.99999999999996,2,1,65,0.5
962,13011.771487,13010.671488,13011.094821,13011.718153,13017.086148,1,1.99999999999996,0.0200000000000003,7.00000000000003,1,2,66,0.5
963,13019.527479,13018.04948,13018.354147,13019.527479,13026.132139,1,NaN,0,5.99999999999996,2,1,65,0.5
964,13034.761464,13033.914798,13034.224798,13034.70813,13048.89145,0,1.99999999999996,0.0200000000000003,5.99999999999996,2,1,65,0.5
965,13051.019447,13049.362116,13050.162115,13050.966114,13056.538775,1,1.99999999999996,0.0200000000000003,7.00000000000003,1,2,66,0.5
966,13058.19344,13056.906108,13057.348108,13058.140107,13061.840103,1,1.99999999999996,0.0200000000000003,7.00000000000003,1,2,66,0.5
967,13063.980768,13063.187435,13063.516102,13063.927434,13073.275425,0,1.99999999999996,0.0200000000000003,5.99999999999996,2,1,65,0.5
968,13076.144089,13075.157423,13075.590756,13076.090756,13086.048746,0,1.99999999999996,0.0200000000000003,5.99999999999996,2,1,65,0.5
969,13088.20941,13086.691412,13087.352744,13088.156077,13092.440739,1,1.99999999999996,0.0200000000000003,7.00000000000003,1,2,66,0.5
970,13095.07607,13093.876738,13094.286071,13095.073403,13100.364731,1,1.99999999999996,0.0200000000000003,7.00000000000003,1,2,66,0.5
971,13102.888729,13101.61073,13102.037396,13102.836062,13106.450059,1,1.99999999999996,0.0200000000000003,7.00000000000003,1,2,66,0.5
972,13108.802723,13107.468724,13107.855391,13108.74939,13119.460046,0,1.99999999999996,0.0200000000000003,5.99999999999996,2,1,65,0.5
973,13121.37071,13119.943378,13120.528711,13121.37071,13130.609368,1,NaN,0,5.99999999999996,2,1,65,0.5
974,13132.957365,13131.583367,13132.0647,13132.954699,13135.718696,1,1.99999999999996,0.0200000000000003,7.00000000000003,1,2,66,0.5
975,13137.717361,13136.342029,13136.774028,13137.664027,13140.379358,1,1.99999999999996,0.0200000000000003,7.00000000000003,1,2,66,0.5
976,13142.434689,13141.094691,13141.544024,13142.432023,13150.549348,0,1.99999999999996,0.0200000000000003,5.99999999999996,2,1,65,0.5
977,13154.853344,13151.45868,13151.906013,13154.853344,13165.324,1,NaN,0,5.99999999999996,2,1,65,0.5
978,13167.409331,13166.009999,13166.609332,13167.355998,13172.573993,1,1.99999999999996,0.0200000000000003,7.00000000000003,1,2,66,0.5
979,13174.809324,13173.202659,13173.533992,13174.809324,13179.400652,1,NaN,0,5.99999999999996,2,1,65,0.5
980,13182.23865,13180.717984,13181.299984,13182.185316,13186.663978,1,1.99999999999996,0.0200000000000003,7.00000000000003,1,2,66,0.5
981,13189.339309,13188.565977,13188.850643,13189.285976,13194.76997,0,1.99999999999996,0.0200000000000003,5.99999999999996,2,1,65,0.5
982,13196.593302,13195.30397,13195.838636,13196.593302,13202.505296,1,NaN,0,5.99999999999996,2,1,65,0.5
983,13215.561283,13214.685284,13215.125283,13215.50795,13222.659276,0,1.99999999999996,0.0200000000000003,5.99999999999996,2,1,65,0.5
984,13225.969939,13223.931275,13224.571274,13225.969939,13231.713933,1,NaN,0,5.99999999999996,2,1,65,0.5
985,13233.631265,13232.195933,13232.791266,13233.577932,13238.724593,1,1.99999999999996,0.0200000000000003,7.00000000000003,1,2,66,0.5
986,13241.481257,13240.729258,13241.011924,13241.427924,13252.495913,0,1.99999999999996,0.0200000000000003,5.99999999999996,2,1,65,0.5
987,13254.280577,13253.082579,13253.582578,13254.280577,13260.571238,1,NaN,0,5.99999999999996,2,1,65,0.5
988,13262.345903,13261.025237,13261.521904,13262.345903,13267.499231,1,NaN,0,5.99999999999996,2,1,65,0.5
989,13270.592561,13269.163896,13269.940562,13270.539228,13278.53722,0,1.99999999999996,0.0200000000000003,5.99999999999996,2,1,65,0.5
990,13280.773884,13279.224553,13279.739219,13280.771218,13289.329209,0,1.99999999999996,0.0200000000000003,5.99999999999996,2,1,65,0.5
991,13291.373874,13289.938542,13290.391208,13291.32054,13306.221859,0,1.99999999999996,0.0200000000000003,5.99999999999996,2,1,65,0.5
992,13308.386523,13306.853192,13307.420524,13308.33319,13311.803187,1,1.99999999999996,0.0200000000000003,7.00000000000003,1,2,66,0.5
993,13314.130518,13312.859852,13313.311185,13314.077184,13318.169847,1,1.99999999999996,0.0200000000000003,7.00000000000003,1,2,66,0.5
994,13320.200512,13318.667846,13319.027179,13320.200512,13326.549172,1,NaN,0,5.99999999999996,2,1,65,0.5
995,13330.571168,13329.411169,13329.953835,13330.517835,13343.183155,0,1.99999999999996,0.0200000000000003,5.99999999999996,2,1,65,0.5
996,13345.485153,13343.726488,13344.473821,13345.482486,13350.077815,1,1.99999999999996,0.0200000000000003,7.00000000000003,1,2,66,0.5
997,13352.799812,13351.755813,13352.19248,13352.746479,13360.148472,0,1.99999999999996,0.0200000000000003,5.99999999999996,2,1,65,0.5
998,13361.827803,13360.668471,13361.27647,13361.827803,13370.617794,0,NaN,0,7.00000000000003,1,2,66,0.5
999,13373.759791,13372.646459,13372.911792,13373.706458,13380.955784,0,1.99999999999996,0.0200000000000003,5.99999999999996,2,1,65,0.5
1000,13382.599116,13381.54045,13381.99645,13382.599116,13389.737109,0,NaN,0,7.00000000000003,1,2,66,0.5
1001,13391.477107,13390.103109,13390.573775,13391.423774,13396.507102,1,1.99999999999996,0.0200000000000003,7.00000000000003,1,2,66,0.5
1002,13398.3311,13397.013101,13397.489101,13398.277767,13403.527762,1,1.99999999999996,0.0200000000000003,7.00000000000003,1,2,66,0.5
1003,13405.336426,13404.253761,13404.562427,13405.336426,13410.780421,1,NaN,0,5.99999999999996,2,1,65,0.5
1004,13412.940419,13411.373087,13412.123086,13412.887086,13418.339747,1,1.99999999999996,0.0200000000000003,7.00000000000003,1,2,66,0.5
1005,13420.263745,13419.135746,13419.525746,13420.211078,13424.630407,1,1.99999999999996,0.0200000000000003,7.00000000000003,1,2,66,0.5
1006,13426.709738,13425.112407,13425.473073,13426.709738,13433.753731,1,NaN,0,5.99999999999996,2,1,65,0.5
1007,13446.790385,13434.167731,13434.798397,NaN,NaN,NaN,NaN,0,5.99999999999996,2,1,65,0.5
1008,13477.95102,13476.769688,13477.208355,13477.95102,13481.49035,0,NaN,0,7.00000000000003,1,2,66,0.5
1009,13485.025013,13483.793681,13484.337681,13485.022347,13492.303673,0,1.99999999999996,0.0200000000000003,5.99999999999996,2,1,65,0.5
1010,13493.948338,13492.809006,13493.307005,13493.948338,13498.533,1,NaN,0,5.99999999999996,2,1,65,0.5
1011,13502.294996,13501.189664,13501.624997,13502.241663,13508.076324,0,1.99999999999996,0.0200000000000003,5.99999999999996,2,1,65,0.5
1012,13510.564321,13509.140323,13509.822322,13510.510988,13515.19765,1,1.99999999999996,0.0200000000000003,7.00000000000003,1,2,66,0.5
1013,13516.880982,13515.772316,13516.177649,13516.827648,13520.536311,1,1.99999999999996,0.0200000000000003,7.00000000000003,1,2,66,0.5
1014,13522.349643,13520.979644,13521.36031,13522.346976,13526.977638,1,1.99999999999996,0.0200000000000003,7.00000000000003,1,2,66,0.5
1015,13528.867636,13527.93297,13528.232304,13528.86497,13535.36163,0,1.99999999999996,0.0200000000000003,5.99999999999996,2,1,65,0.5
1016,13537.469628,13536.238296,13536.717628,13537.469628,13543.028955,1,NaN,0,5.99999999999996,2,1,65,0.5
1017,13546.064286,13545.164953,13545.518953,13546.010952,13551.028947,0,1.99999999999996,0.0200000000000003,5.99999999999996,2,1,65,0.5
1018,13553.326945,13551.654947,13552.507613,13553.324278,13556.198276,1,1.99999999999996,0.0200000000000003,7.00000000000003,1,2,66,0.5
1019,13557.525608,13556.614942,13556.988941,13557.525608,13562.986935,1,NaN,0,5.99999999999996,2,1,65,0.5
1020,13565.094267,13563.358268,13563.972268,13565.040933,13570.081595,0,1.99999999999996,0.0200000000000003,5.99999999999996,2,1,65,0.5
1021,13572.17626,13570.702928,13571.355594,13572.122926,13575.624923,1,1.99999999999996,0.0200000000000003,7.00000000000003,1,2,66,0.5
1022,13577.218255,13576.056256,13576.424922,13577.218255,13585.12358,1,NaN,0,5.99999999999996,2,1,65,0.5
1023,13587.222245,13585.801579,13586.380245,13587.168911,13591.378907,1,1.99999999999996,0.0200000000000003,7.00000000000003,1,2,66,0.5
1024,13594.316904,13593.230239,13593.536238,13594.263571,13601.134897,0,1.99999999999996,0.0200000000000003,5.99999999999996,2,1,65,0.5
1025,13604.219561,13601.583563,13602.058896,13604.219561,13610.770221,1,NaN,0,5.99999999999996,2,1,65,0.5
1026,13615.348216,13613.826218,13614.236218,13615.294883,13620.872878,0,1.99999999999996,0.0200000000000003,5.99999999999996,2,1,65,0.5
1027,13622.632876,13621.473544,13621.98021,13622.632876,13627.816204,1,NaN,0,5.99999999999996,2,1,65,0.5
1028,13630.364201,13629.222203,13629.526869,13630.310868,13633.982864,1,1.99999999999996,0.0200000000000003,7.00000000000003,1,2,66,0.5
1029,13635.56553,13634.436197,13634.914864,13635.512863,13639.540192,1,1.99999999999996,0.0200000000000003,7.00000000000003,1,2,66,0.5
1030,13641.571524,13640.673524,13640.920858,13641.51819,13647.600851,0,1.99999999999996,0.0200000000000003,5.99999999999996,2,1,65,0.5
1031,13649.483516,13648.378183,13648.84285,13649.483516,13664.8155,1,NaN,0,5.99999999999996,2,1,65,0.5
1032,13666.303499,13665.378833,13665.881499,13666.303499,13941.597224,0,NaN,0,7.00000000000003,1,2,66,0.5
1033,13953.285212,13944.498554,13944.831887,13953.231879,13954.791877,0,1.99999999999996,0.0200000000000003,5.99999999999996,2,1,65,0.5
1034,13971.401861,13970.777194,13971.035861,13971.393194,13974.089858,0,1.99999999999996,0.0200000000000003,5.99999999999996,2,1,65,0.5
1035,13976.121189,13974.605857,13975.20919,13976.067856,13980.971184,1,1.99999999999996,0.0200000000000003,7.00000000000003,1,2,66,0.5
1036,13984.343181,13983.361848,13983.644515,13984.289847,13985.644513,0,1.99999999999996,0.0200000000000003,5.99999999999996,2,1,65,0.5
1037,13987.919177,13986.447845,13986.756512,13987.865844,13989.303176,0,1.99999999999996,0.0200000000000003,5.99999999999996,2,1,65,0.5
1038,13991.165841,13989.967175,13990.537175,13991.163174,13993.240505,0,1.99999999999996,0.0200000000000003,5.99999999999996,2,1,65,0.5
1039,13995.194503,13993.761838,13994.411837,13995.14117,14000.941164,1,1.99999999999996,0.0200000000000003,7.00000000000003,1,2,66,0.5
1040,14003.361162,14002.295163,14002.695829,14003.307828,14005.884493,1,1.99999999999996,0.0200000000000003,7.00000000000003,1,2,66,0.5
1041,14007.435824,14006.486492,14006.951158,14007.382491,14009.306489,0,1.99999999999996,0.0200000000000003,5.99999999999996,2,1,65,0.5
1042,14011.46382,14009.987822,14010.700488,14011.410487,14015.599816,1,1.99999999999996,0.0200000000000003,7.00000000000003,1,2,66,0.5
1043,14018.89648,14017.935814,14018.25048,14018.843146,14020.231812,0,1.99999999999996,0.0200000000000003,5.99999999999996,2,1,65,0.5
1044,14022.174476,14020.933144,14021.43381,14022.121143,14026.654472,1,1.99999999999996,0.0200000000000003,7.00000000000003,1,2,66,0.5
1045,14029.032469,14028.01047,14028.339803,14028.979136,14033.959131,1,1.99999999999996,0.0200000000000003,7.00000000000003,1,2,66,0.5
1046,14035.692463,14034.611797,14034.984463,14035.639129,14039.715125,1,1.99999999999996,0.0200000000000003,7.00000000000003,1,2,66,0.5
1047,14042.274456,14041.305124,14041.667123,14042.27179,14043.465122,0,1.99999999999996,0.0200000000000003,5.99999999999996,2,1,65,0.5
1048,14045.598453,14044.043788,14044.533787,14045.54512,14046.925785,0,1.99999999999996,0.0200000000000003,5.99999999999996,2,1,65,0.5
1049,14048.687783,14047.320451,14047.931117,14048.63445,14053.092445,1,1.99999999999996,0.0200000000000003,7.00000000000003,1,2,66,0.5
1050,14054.828444,14053.832445,14054.262444,14054.77511,14059.408439,1,1.99999999999996,0.0200000000000003,7.00000000000003,1,2,66,0.5
1051,14061.185104,14060.101772,14060.511771,14061.182437,14066.012432,1,1.99999999999996,0.0200000000000003,7.00000000000003,1,2,66,0.5
1052,14068.195764,14067.389098,14067.662431,14068.14243,14074.487757,0,1.99999999999996,0.0200000000000003,5.99999999999996,2,1,65,0.5
1053,14076.225089,14074.98909,14075.451757,14076.225089,14082.716416,1,NaN,0,5.99999999999996,2,1,65,0.5
1054,14091.655073,14090.573741,14090.860408,14091.655073,14098.4684,1,NaN,0,5.99999999999996,2,1,65,0.5
1055,14100.313065,14098.945066,14099.610399,14100.259732,14103.046395,1,1.99999999999996,0.0200000000000003,7.00000000000003,1,2,66,0.5
1056,14104.509061,14103.488395,14103.870395,14104.455727,14109.323722,0,1.99999999999996,0.0200000000000003,5.99999999999996,2,1,65,0.5
1057,14111.086387,14110.009055,14110.439721,14111.033054,14116.209716,0,1.99999999999996,0.0200000000000003,5.99999999999996,2,1,65,0.5
1058,14117.909047,14116.817048,14117.176381,14117.906381,14126.835705,0,1.99999999999996,0.0200000000000003,5.99999999999996,2,1,65,0.5
1059,14129.197036,14128.29037,14128.547037,14129.143703,14135.532363,0,1.99999999999996,0.0200000000000003,5.99999999999996,2,1,65,0.5
1060,14137.357694,14135.995029,14136.483695,14137.304361,14142.115023,1,1.99999999999996,0.0200000000000003,7.00000000000003,1,2,66,0.5
1061,14144.261687,14143.372355,14143.617688,14144.208354,14149.071683,0,1.99999999999996,0.0200000000000003,5.99999999999996,2,1,65,0.5
1062,14150.884348,14149.504349,14149.949682,14150.884348,14155.596343,1,NaN,0,5.99999999999996,2,1,65,0.5
1063,14157.492341,14156.137009,14156.741675,14157.439008,14162.266336,1,1.99999999999996,0.0200000000000003,7.00000000000003,1,2,66,0.5
1064,14163.712335,14162.779002,14163.159002,14163.712335,14168.78833,1,NaN,0,5.99999999999996,2,1,65,0.5
1065,14170.440995,14169.171663,14169.652329,14170.440995,14177.893654,1,NaN,0,5.99999999999996,2,1,65,0.5
1066,14180.900318,14179.893652,14180.354318,14180.846984,14187.063645,0,1.99999999999996,0.0200000000000003,5.99999999999996,2,1,65,0.5
1067,14188.728976,14187.581644,14188.14431,14188.728976,14193.649638,0,NaN,0,7.00000000000003,1,2,66,0.5
1068,14197.049635,14195.410303,14196.145636,14196.996301,14201.438297,1,1.99999999999996,0.0200000000000003,7.00000000000003,1,2,66,0.5
1069,14202.947629,14201.946963,14202.278963,14202.894296,14207.94029,1,1.99999999999996,0.0200000000000003,7.00000000000003,1,2,66,0.5
1070,14209.719622,14208.832956,14209.084289,14209.716955,14215.53495,0,1.99999999999996,0.0200000000000003,5.99999999999996,2,1,65,0.5
1071,14218.281613,14217.256948,14217.636281,14218.278947,14225.358273,0,1.99999999999996,0.0200000000000003,5.99999999999996,2,1,65,0.5
1072,14227.406938,14225.896939,14226.516939,14227.404271,14231.191601,1,1.99999999999996,0.0200000000000003,7.00000000000003,1,2,66,0.5
1073,14232.981599,14232.212266,14232.368266,14232.928265,14236.986928,0,1.99999999999996,0.0200000000000003,5.99999999999996,2,1,65,0.5
1074,14238.639593,14237.542261,14238.010927,14238.58626,14243.494255,0,1.99999999999996,0.0200000000000003,5.99999999999996,2,1,65,0.5
1075,14245.085587,14244.015588,14244.513587,14245.085587,14252.01758,0,NaN,0,7.00000000000003,1,2,66,0.5
1076,14253.309578,14252.491579,14252.920912,14253.309578,14259.980238,0,NaN,0,7.00000000000003,1,2,66,0.5
1077,14266.134899,14265.0769,14265.471566,14266.132232,14271.764893,0,1.99999999999996,0.0200000000000003,5.99999999999996,2,1,65,0.5
1078,14274.71889,14273.884891,14274.174224,14274.716224,14281.644883,0,1.99999999999996,0.0200000000000003,5.99999999999996,2,1,65,0.5
1079,14283.738215,14282.270216,14282.945549,14283.684881,14288.30421,1,1.99999999999996,0.0200000000000003,7.00000000000003,1,2,66,0.5
1080,14289.976875,14289.048876,14289.320209,14289.976875,14298.6702,1,NaN,0,5.99999999999996,2,1,65,0.5
1081,14300.431531,14299.123533,14299.716199,14300.378198,14303.994861,1,1.99999999999996,0.0200000000000003,7.00000000000003,1,2,66,0.5
1082,14305.804193,14304.97286,14305.176193,14305.750859,14310.005522,0,1.99999999999996,0.0200000000000003,5.99999999999996,2,1,65,0.5
1083,14311.98152,14310.598855,14311.061521,14311.98152,14319.142179,1,NaN,0,5.99999999999996,2,1,65,0.5
1084,14320.993511,14319.520179,14320.120178,14320.940177,14325.968172,1,1.99999999999996,0.0200000000000003,7.00000000000003,1,2,66,0.5
1085,14327.580838,14326.538839,14326.946171,14327.527504,14331.9715,1,1.99999999999996,0.0200000000000003,7.00000000000003,1,2,66,0.5
1086,14333.503498,14332.378833,14332.709499,14333.450165,14336.870828,1,1.99999999999996,0.0200000000000003,7.00000000000003,1,2,66,0.5
1087,14338.156827,14337.269495,14337.540161,14338.156827,14344.67882,1,NaN,0,5.99999999999996,2,1,65,0.5
1088,14347.862151,14346.910818,14347.210818,14347.808817,14353.280812,0,1.99999999999996,0.0200000000000003,5.99999999999996,2,1,65,0.5
1089,14355.59081,14353.794811,14354.277477,14355.537476,14360.648138,0,1.99999999999996,0.0200000000000003,5.99999999999996,2,1,65,0.5
1090,14362.196136,14361.180804,14361.76947,14362.196136,14368.135464,0,NaN,0,7.00000000000003,1,2,66,0.5
1091,14370.408128,14368.815463,14369.552796,14370.354795,14373.362125,1,1.99999999999996,0.0200000000000003,7.00000000000003,1,2,66,0.5
1092,14374.848124,14373.787458,14374.156124,14374.848124,14382.250783,1,NaN,0,5.99999999999996,2,1,65,0.5
1093,14383.864115,14382.782116,14383.372115,14383.810781,14390.162775,0,1.99999999999996,0.0200000000000003,5.99999999999996,2,1,65,0.5
1094,14391.70144,14390.802108,14391.188774,14391.648107,14398.2101,0,1.99999999999996,0.0200000000000003,5.99999999999996,2,1,65,0.5
1095,14400.392765,14399.474766,14399.968765,14400.392765,14405.836759,0,NaN,0,7.00000000000003,1,2,66,0.5
1096,14408.082757,14406.639425,14407.236091,14408.029424,14413.652751,1,1.99999999999996,0.0200000000000003,7.00000000000003,1,2,66,0.5
1097,14416.495415,14415.499416,14415.783416,14416.442749,14421.128744,0,1.99999999999996,0.0200000000000003,5.99999999999996,2,1,65,0.5
1098,14423.480075,14421.842743,14422.460076,14423.477408,14428.021404,1,1.99999999999996,0.0200000000000003,7.00000000000003,1,2,66,0.5
1099,14430.129402,14429.306736,14429.493402,14430.126735,14435.176063,0,1.99999999999996,0.0200000000000003,5.99999999999996,2,1,65,0.5
1100,14437.135395,14435.724063,14436.239396,14437.082061,14440.658724,1,1.99999999999996,0.0200000000000003,7.00000000000003,1,2,66,0.5
1101,14442.324723,14441.091391,14441.54139,14442.27139,14446.816718,1,1.99999999999996,0.0200000000000003,7.00000000000003,1,2,66,0.5
1102,14448.246717,14447.222718,14447.512718,14448.193384,14452.611379,1,1.99999999999996,0.0200000000000003,7.00000000000003,1,2,66,0.5
1103,14453.912711,14452.998712,14453.333378,14453.859378,14459.402706,0,1.99999999999996,0.0200000000000003,5.99999999999996,2,1,65,0.5
1104,14461.108037,14459.897372,14460.489371,14461.108037,14468.73603,0,NaN,0,7.00000000000003,1,2,66,0.5
1105,14471.268027,14470.237362,14470.537361,14471.214694,14476.126022,1,1.99999999999996,0.0200000000000003,7.00000000000003,1,2,66,0.5
1106,14477.776687,14476.708688,14477.114688,14477.723354,14481.84935,1,1.99999999999996,0.0200000000000003,7.00000000000003,1,2,66,0.5
1107,14483.394015,14482.308683,14482.597349,14483.340682,14487.746677,1,1.99999999999996,0.0200000000000003,7.00000000000003,1,2,66,0.5
1108,14489.272676,14488.196677,14488.558677,14489.270009,14492.842672,1,1.99999999999996,0.0200000000000003,7.00000000000003,1,2,66,0.5
1109,14494.310671,14493.385338,14493.690005,14494.308004,14496.992668,0,1.99999999999996,0.0200000000000003,5.99999999999996,2,1,65,0.5
1110,14498.481333,14497.423334,14497.870001,14498.481333,14503.545995,1,NaN,0,5.99999999999996,2,1,65,0.5
1111,14505.682659,14504.203328,14504.775994,14505.629326,14510.360655,1,1.99999999999996,0.0200000000000003,7.00000000000003,1,2,66,0.5
1112,14512.06532,14511.035321,14511.441987,14512.011986,14516.319982,1,1.99999999999996,0.0200000000000003,7.00000000000003,1,2,66,0.5
1113,14517.775981,14516.729982,14517.083315,14517.722647,14520.687978,1,1.99999999999996,0.0200000000000003,7.00000000000003,1,2,66,0.5
1114,14522.12531,14521.101311,14521.47931,14522.071976,14524.167974,0,1.99999999999996,0.0200000000000003,5.99999999999996,2,1,65,0.5
1115,14525.865973,14524.647974,14525.103973,14525.812639,14529.139969,1,1.99999999999996,0.0200000000000003,7.00000000000003,1,2,66,0.5
1116,14530.811968,14530.111302,14530.286635,14530.811968,14537.360628,1,NaN,0,5.99999999999996,2,1,65,0.5
1117,14539.147959,14537.817294,14538.408627,14539.145293,14542.240623,1,1.99999999999996,0.0200000000000003,7.00000000000003,1,2,66,0.5
1118,14544.331287,14543.458622,14543.790621,14544.277954,14547.049951,0,1.99999999999996,0.0200000000000003,5.99999999999996,2,1,65,0.5
1119,14549.047949,14547.838617,14548.320617,14549.045283,14552.132613,1,1.99999999999996,0.0200000000000003,7.00000000000003,1,2,66,0.5
1120,14553.795945,14553.049945,14553.088612,14553.742611,14558.797273,0,1.99999999999996,0.0200000000000003,5.99999999999996,2,1,65,0.5
1121,14561.92127,14560.907938,14561.25727,14561.867937,14567.320598,0,1.99999999999996,0.0200000000000003,5.99999999999996,2,1,65,0.5
1122,14569.647262,14568.547263,14569.094596,14569.647262,14576.287255,0,NaN,0,7.00000000000003,1,2,66,0.5
1123,14578.13592,14576.743922,14577.355921,14578.082587,14582.391249,1,1.99999999999996,0.0200000000000003,7.00000000000003,1,2,66,0.5
1124,14584.637247,14583.725248,14583.953914,14584.583914,14588.70191,0,1.99999999999996,0.0200000000000003,5.99999999999996,2,1,65,0.5
1125,14590.566575,14589.371909,14589.835242,14590.563908,14594.053904,1,1.99999999999996,0.0200000000000003,7.00000000000003,1,2,66,0.5
1126,14595.665236,14594.59657,14594.953903,14595.611903,14599.863232,0,1.99999999999996,0.0200000000000003,5.99999999999996,2,1,65,0.5
1127,14601.66923,14600.310565,14600.805898,14601.66923,14606.777892,1,NaN,0,5.99999999999996,2,1,65,0.5
1128,14609.551889,14607.604558,14608.47589,14609.551889,14609.619222,1,NaN,0,5.99999999999996,2,1,65,0.5
1129,14626.155206,14624.681207,14625.093207,14626.101872,14627.657871,1,1.99999999999996,0.0200000000000003,7.00000000000003,1,2,66,0.5
1130,14628.91587,14628.015204,14628.35187,14628.862536,14630.751201,0,1.99999999999996,0.0200000000000003,5.99999999999996,2,1,65,0.5
1131,14632.739866,14631.241867,14631.7792,14632.686532,14634.125198,0,1.99999999999996,0.0200000000000003,5.99999999999996,2,1,65,0.5
1132,14635.836529,14634.69053,14635.329196,14635.836529,14644.255188,0,NaN,0,7.00000000000003,1,2,66,0.5
1133,14646.267186,14644.685187,14645.349853,14646.264519,14647.489851,1,1.99999999999996,0.0200000000000003,7.00000000000003,1,2,66,0.5
1134,14649.736515,14648.914516,14649.244516,14649.733849,14651.57318,0,1.99999999999996,0.0200000000000003,5.99999999999996,2,1,65,0.5
1135,14653.142512,14652.02518,14652.467179,14653.089179,14655.989842,0,1.99999999999996,0.0200000000000003,5.99999999999996,2,1,65,0.5
1136,14657.845841,14656.507175,14657.159175,14657.792507,14660.829838,1,1.99999999999996,0.0200000000000003,7.00000000000003,1,2,66,0.5
1137,14662.323169,14661.233171,14661.648503,14662.269836,14663.516502,1,1.99999999999996,0.0200000000000003,7.00000000000003,1,2,66,0.5
1138,14665.3785,14663.985168,14664.679167,14665.325166,14667.735831,0,1.99999999999996,0.0200000000000003,5.99999999999996,2,1,65,0.5
1139,14669.514496,14668.235164,14668.810496,14669.461162,14673.225825,1,1.99999999999996,0.0200000000000003,7.00000000000003,1,2,66,0.5
1140,14674.651824,14673.615158,14674.061158,14674.59849,14677.043155,1,1.99999999999996,0.0200000000000003,7.00000000000003,1,2,66,0.5
1141,14679.733819,14678.928486,14679.117153,14679.733819,14681.408484,0,NaN,0,7.00000000000003,1,2,66,0.5
1142,14688.24981,14687.249811,14687.558478,14688.196477,14689.238476,0,1.99999999999996,0.0200000000000003,5.99999999999996,2,1,65,0.5
1143,14691.034474,14689.716475,14690.222475,14691.031808,14692.401139,1,1.99999999999996,0.0200000000000003,7.00000000000003,1,2,66,0.5
1144,14694.159138,14692.751139,14693.173139,14694.105804,14695.227137,1,1.99999999999996,0.0200000000000003,7.00000000000003,1,2,66,0.5
1145,14696.661802,14695.57647,14695.995802,14696.659135,14701.400464,1,1.99999999999996,0.0200000000000003,7.00000000000003,1,2,66,0.5
1146,14702.966462,14701.763797,14702.11913,14702.966462,14709.925122,1,NaN,0,5.99999999999996,2,1,65,0.5
1147,14711.726453,14710.393121,14711.032454,14711.723787,14713.783118,0,1.99999999999996,0.0200000000000003,5.99999999999996,2,1,65,0.5
1148,14715.807116,14714.355117,14715.01845,14715.804449,14720.038445,1,1.99999999999996,0.0200000000000003,7.00000000000003,1,2,66,0.5
1149,14721.247777,14720.383111,14720.643111,14721.247777,14728.086437,1,NaN,0,5.99999999999996,2,1,65,0.5
1150,14729.939102,14728.554437,14729.154436,14729.885769,14733.925765,1,1.99999999999996,0.0200000000000003,7.00000000000003,1,2,66,0.5
1151,14735.719763,14734.95443,14735.063763,14735.666429,14737.537094,0,1.99999999999996,0.0200000000000003,5.99999999999996,2,1,65,0.5
1152,14739.417092,14738.089094,14738.59776,14739.363759,14743.057756,1,1.99999999999996,0.0200000000000003,7.00000000000003,1,2,66,0.5
1153,14744.623754,14743.621088,14744.007088,14744.621087,14746.142419,0,1.99999999999996,0.0200000000000003,5.99999999999996,2,1,65,0.5
1154,14748.06375,14746.605752,14747.103751,14748.061084,14749.400416,0,1.99999999999996,0.0200000000000003,5.99999999999996,2,1,65,0.5
1155,14751.009747,14749.902415,14750.333748,14750.956414,14752.771746,0,1.99999999999996,0.0200000000000003,5.99999999999996,2,1,65,0.5
1156,14754.549077,14753.477745,14753.885745,14754.495744,14758.67374,0,1.99999999999996,0.0200000000000003,5.99999999999996,2,1,65,0.5
1157,14761.45707,14760.505738,14760.925737,14761.403737,14762.808402,0,1.99999999999996,0.0200000000000003,5.99999999999996,2,1,65,0.5
1158,14764.613734,14763.223069,14763.794401,14764.611067,14769.639062,1,1.99999999999996,0.0200000000000003,7.00000000000003,1,2,66,0.5
1159,14771.50506,14770.669728,14770.846394,14771.451727,14773.101725,0,1.99999999999996,0.0200000000000003,5.99999999999996,2,1,65,0.5
1160,14774.93039,14773.531725,14774.039724,14774.877057,14779.587719,1,1.99999999999996,0.0200000000000003,7.00000000000003,1,2,66,0.5
1161,14781.227051,14780.112385,14780.539051,14781.173717,14784.313047,1,1.99999999999996,0.0200000000000003,7.00000000000003,1,2,66,0.5
1162,14785.950379,14785.11638,14785.331047,14785.947712,14787.672377,0,1.99999999999996,0.0200000000000003,5.99999999999996,2,1,65,0.5
1163,14789.427709,14788.121044,14788.70371,14789.425042,14793.484372,1,1.99999999999996,0.0200000000000003,7.00000000000003,1,2,66,0.5
1164,14795.23637,14794.441704,14794.681704,14795.183037,14797.081035,0,1.99999999999996,0.0200000000000003,5.99999999999996,2,1,65,0.5
1165,14799.229699,14798.449033,14798.6617,14799.176366,14800.529031,0,1.99999999999996,0.0200000000000003,5.99999999999996,2,1,65,0.5
1166,14802.299029,14801.000364,14801.613697,14802.245696,14806.735692,1,1.99999999999996,0.0200000000000003,7.00000000000003,1,2,66,0.5
1167,14808.23769,14807.135691,14807.437691,14808.235024,14810.041688,0,1.99999999999996,0.0200000000000003,5.99999999999996,2,1,65,0.5
1168,14812.288353,14810.495688,14811.075021,14812.23502,14814.286351,0,1.99999999999996,0.0200000000000003,5.99999999999996,2,1,65,0.5
1169,14817.424348,14816.365682,14816.762348,14817.371681,14819.589012,0,1.99999999999996,0.0200000000000003,5.99999999999996,2,1,65,0.5
1170,14821.534344,14820.069012,14820.681678,14821.48101,14826.989671,1,1.99999999999996,0.0200000000000003,7.00000000000003,1,2,66,0.5
1171,14828.572337,14827.413671,14827.849004,14828.56967,14829.935668,1,1.99999999999996,0.0200000000000003,7.00000000000003,1,2,66,0.5
1172,14831.483,14830.374335,14830.787001,14831.429667,14836.298329,1,1.99999999999996,0.0200000000000003,7.00000000000003,1,2,66,0.5
1173,14838.24966,14836.943661,14837.436328,14838.196327,14839.973659,0,1.99999999999996,0.0200000000000003,5.99999999999996,2,1,65,0.5
1174,14841.60699,14840.386991,14840.850324,14841.553657,14845.22632,1,1.99999999999996,0.0200000000000003,7.00000000000003,1,2,66,0.5
1175,14848.104317,14847.077651,14847.435651,14848.10165,14849.808982,0,1.99999999999996,0.0200000000000003,5.99999999999996,2,1,65,0.5
1176,14851.70698,14850.222315,14850.693648,14851.704313,14853.171645,0,1.99999999999996,0.0200000000000003,5.99999999999996,2,1,65,0.5
1177,14855.149643,14853.638978,14854.289644,14855.09631,14859.382306,1,1.99999999999996,0.0200000000000003,7.00000000000003,1,2,66,0.5
1178,14861.073637,14859.784972,14860.310305,14861.020304,14865.868299,1,1.99999999999996,0.0200000000000003,7.00000000000003,1,2,66,0.5
1179,14867.413631,14866.263632,14866.636298,14867.360298,14870.600295,1,1.99999999999996,0.0200000000000003,7.00000000000003,1,2,66,0.5
1180,14872.219626,14871.144961,14871.56696,14872.166293,14873.915625,0,1.99999999999996,0.0200000000000003,5.99999999999996,2,1,65,0.5
1181,14875.669623,14874.356291,14874.78029,14875.669623,14881.664283,1,NaN,0,5.99999999999996,2,1,65,0.5
1182,14883.712281,14882.934282,14883.153615,14883.658948,14885.36428,0,1.99999999999996,0.0200000000000003,5.99999999999996,2,1,65,0.5
1183,14887.150945,14885.828279,14886.396945,14887.097611,14891.61694,1,1.99999999999996,0.0200000000000003,7.00000000000003,1,2,66,0.5
1184,14893.280272,14892.122273,14892.534273,14893.227605,14897.913601,1,1.99999999999996,0.0200000000000003,7.00000000000003,1,2,66,0.5
1185,14899.434266,14898.2936,14898.6616,14899.380932,14903.834261,1,1.99999999999996,0.0200000000000003,7.00000000000003,1,2,66,0.5
1186,14905.619593,14904.460261,14904.89226,14905.566926,14907.615591,0,1.99999999999996,0.0200000000000003,5.99999999999996,2,1,65,0.5
1187,14909.455589,14908.078924,14908.628923,14909.452922,14913.834918,1,1.99999999999996,0.0200000000000003,7.00000000000003,1,2,66,0.5
1188,14915.51025,14914.667584,14914.940917,14915.456916,14917.234915,0,1.99999999999996,0.0200000000000003,5.99999999999996,2,1,65,0.5
1189,14918.820246,14917.686247,14918.140247,14918.81758,14920.668911,0,1.99999999999996,0.0200000000000003,5.99999999999996,2,1,65,0.5
1190,14922.130243,14921.160911,14921.56691,14922.07691,14923.845575,0,1.99999999999996,0.0200000000000003,5.99999999999996,2,1,65,0.5
1191,14926.030239,14924.376907,14925.02224,14925.976906,14931.355567,1,1.99999999999996,0.0200000000000003,7.00000000000003,1,2,66,0.5
1192,14932.791566,14931.775567,14932.099566,14932.791566,14938.77356,1,NaN,0,5.99999999999996,2,1,65,0.5
1193,14940.549558,14939.246893,14939.781559,14940.496225,14942.360889,0,1.99999999999996,0.0200000000000003,5.99999999999996,2,1,65,0.5
1194,14943.766221,14942.844889,14943.269555,14943.763555,14945.26222,0,1.99999999999996,0.0200000000000003,5.99999999999996,2,1,65,0.5
1195,14947.432218,14945.865553,14946.465552,14947.429551,14951.845547,1,1.99999999999996,0.0200000000000003,7.00000000000003,1,2,66,0.5
1196,14953.287545,14952.223546,14952.622879,14953.234212,14956.856208,1,1.99999999999996,0.0200000000000003,7.00000000000003,1,2,66,0.5
1197,14958.43354,14957.716207,14957.821541,14958.380207,14960.136872,0,1.99999999999996,0.0200000000000003,5.99999999999996,2,1,65,0.5
1198,14961.647537,14960.530871,14961.119537,14961.647537,14967.059531,0,NaN,0,7.00000000000003,1,2,66,0.5
1199,14969.110196,14967.557531,14968.176197,14969.107529,14971.928193,1,1.99999999999996,0.0200000000000003,7.00000000000003,1,2,66,0.5
1200,14973.772191,14973.006859,14973.232192,14973.718858,14975.47619,0,1.99999999999996,0.0200000000000003,5.99999999999996,2,1,65,0.5
1201,14977.300854,14975.956189,14976.500189,14977.247521,14979.714852,1,1.99999999999996,0.0200000000000003,7.00000000000003,1,2,66,0.5
1202,14981.167517,14980.071518,14980.490185,14981.164851,14982.369516,0,1.99999999999996,0.0200000000000003,5.99999999999996,2,1,65,0.5
1203,14984.049514,14982.776849,14983.348182,14984.046848,14986.338845,1,1.99999999999996,0.0200000000000003,7.00000000000003,1,2,66,0.5
1204,14987.705511,14986.702845,14987.133511,14987.652177,14989.151509,0,1.99999999999996,0.0200000000000003,5.99999999999996,2,1,65,0.5
1205,14990.809508,14989.580842,14990.118842,14990.756174,14992.046173,1,1.99999999999996,0.0200000000000003,7.00000000000003,1,2,66,0.5
1206,14993.466172,14992.382839,14992.802839,14993.412838,14994.520171,1,1.99999999999996,0.0200000000000003,7.00000000000003,1,2,66,0.5
1207,14995.830169,14994.906837,14995.33417,14995.776836,14996.917502,0,1.99999999999996,0.0200000000000003,5.99999999999996,2,1,65,0.5
1208,14998.324167,14997.314834,14997.707501,14998.270833,14999.210166,0,1.99999999999996,0.0200000000000003,5.99999999999996,2,1,65,0.5
1209,15000.481498,14999.646165,15000.028832,15000.428165,15000.990831,0,1.99999999999996,0.0200000000000003,5.99999999999996,2,1,65,0.5
1210,15003.060162,15001.777497,15002.418829,15003.006829,15003.991494,1,1.99999999999996,0.0200000000000003,7.00000000000003,1,2,66,0.5
1211,15005.245493,15004.313494,15004.74216,15005.19216,15007.265491,0,1.99999999999996,0.0200000000000003,5.99999999999996,2,1,65,0.5
1212,15008.812823,15007.815491,15008.22349,15008.75949,15020.231478,0,1.99999999999996,0.0200000000000003,5.99999999999996,2,1,65,0.5
1213,15021.70881,15020.714144,15021.122811,15021.655477,15028.49547,0,1.99999999999996,0.0200000000000003,5.99999999999996,2,1,65,0.5
1214,15030.266135,15029.284136,15029.771469,15030.266135,15207.890624,0,NaN,0,7.00000000000003,1,2,66,0.5
1215,15211.915287,15210.393288,15210.836621,15211.91262,15212.921952,1,1.99999999999996,0.0200000000000003,7.00000000000003,1,2,66,0.5
1216,15217.411948,15216.498615,15216.749282,15217.358614,15218.433947,0,1.99999999999996,0.0200000000000003,5.99999999999996,2,1,65,0.5
1217,15229.467269,15228.750603,15228.89927,15229.413936,15230.469935,0,1.99999999999996,0.0200000000000003,5.99999999999996,2,1,65,0.5
1218,15244.502587,15231.879933,15232.303933,NaN,15265.1059,NaN,NaN,0,7.00000000000003,1,2,66,0.5
1219,15278.735887,15278.07722,15278.384553,15278.735887,15279.049886,0,NaN,0,7.00000000000003,1,2,66,0.5
1220,15290.583208,15289.937875,15290.173875,15290.583208,15522.294976,0,NaN,0,7.00000000000003,1,2,66,0.5
1221,15523.322975,15522.668309,15522.972975,15523.322975,15523.542308,0,NaN,0,7.00000000000003,1,2,66,0.5
1222,15559.228273,15558.668273,15558.852273,15559.228273,15564.273601,0,NaN,0,7.00000000000003,1,2,66,0.5
1223,15600.327565,15598.792233,15598.968899,15600.327565,15604.160228,0,NaN,0,7.00000000000003,1,2,66,0.5
1224,15612.016886,15607.940224,15608.232224,15611.963553,15618.58088,1,1.99999999999996,0.0200000000000003,7.00000000000003,1,2,66,0.5
1225,15620.745544,15619.893545,15620.324878,15620.745544,15684.466814,0,NaN,0,7.00000000000003,1,2,66,0.5
1226,15685.502813,15684.83948,15685.138147,15685.502813,15765.276733,0,NaN,0,7.00000000000003,1,2,66,0.5
1227,15770.054062,15766.064066,15766.452065,15770.054062,15778.078054,0,NaN,0,7.00000000000003,1,2,66,0.5
1228,15779.330719,15778.539387,15778.93072,15779.330719,15798.549367,0,NaN,0,7.00000000000003,1,2,66,0.5
1229,15799.680032,15799.055366,15799.260033,15799.674699,15800.533365,0,1.99999999999996,0.0200000000000003,5.99999999999996,2,1,65,0.5
1230,15804.396694,15802.416029,15802.646696,15804.343361,15805.39336,0,1.99999999999996,0.0200000000000003,5.99999999999996,2,1,65,0.5
1231,15811.30002,15809.940689,15810.157355,15811.30002,15812.478019,0,NaN,0,7.00000000000003,1,2,66,0.5
1232,15820.323345,15819.550012,15819.866012,15820.270011,15824.438674,0,1.99999999999996,0.0200000000000003,5.99999999999996,2,1,65,0.5
1233,15825.832673,15824.83534,15825.266007,15825.832673,15834.647997,0,NaN,0,7.00000000000003,1,2,66,0.5
1234,15835.790663,15835.041997,15835.314663,15835.737329,15976.063189,0,1.99999999999996,0.0200000000000003,5.99999999999996,2,1,65,0.5
1235,15992.398506,15991.60784,15992.015173,15992.398506,15992.712506,0,NaN,0,7.00000000000003,1,2,66,0.5
1236,16003.593162,16002.245163,16002.543829,16003.593162,16003.859161,0,NaN,0,7.00000000000003,1,2,66,0.5
1237,16012.281153,16010.778488,16010.999821,16012.281153,16015.37515,1,NaN,0,5.99999999999996,2,1,65,0.5
1238,16040.073125,16027.450471,16027.658471,NaN,NaN,NaN,NaN,0,5.99999999999996,2,1,65,0.5
1239,16058.307773,16045.685119,16045.868453,NaN,NaN,NaN,NaN,0,5.99999999999996,2,1,65,0.5
1240,16122.913042,16120.962377,16121.299044,16122.913042,16137.261028,0,NaN,0,7.00000000000003,1,2,66,0.5
1241,16138.999026,16137.753694,16138.343027,16138.945693,16140.390358,1,1.99999999999996,0.0200000000000003,7.00000000000003,1,2,66,0.5
1242,16142.311689,16140.977691,16141.493024,16142.258356,16146.600352,1,1.99999999999996,0.0200000000000003,7.00000000000003,1,2,66,0.5
1243,16148.73635,16147.922351,16148.11035,16148.733683,16150.915681,0,1.99999999999996,0.0200000000000003,5.99999999999996,2,1,65,0.5
1244,16152.537013,16151.491014,16151.924347,16152.483679,16154.66901,0,1.99999999999996,0.0200000000000003,5.99999999999996,2,1,65,0.5
1245,16156.058342,16155.156343,16155.574343,16156.005009,16159.053673,0,1.99999999999996,0.0200000000000003,5.99999999999996,2,1,65,0.5
1246,16160.894338,16159.630339,16160.202338,16160.841004,16166.467665,1,1.99999999999996,0.0200000000000003,7.00000000000003,1,2,66,0.5
1247,16167.95233,16167.008331,16167.332998,16167.898997,16170.277661,0,1.99999999999996,0.0200000000000003,5.99999999999996,2,1,65,0.5
1248,16172.281659,16170.852994,16171.502994,16172.278993,16178.20232,1,1.99999999999996,0.0200000000000003,7.00000000000003,1,2,66,0.5
1249,16180.290318,16179.211653,16179.569652,16180.236985,16181.86765,1,1.99999999999996,0.0200000000000003,7.00000000000003,1,2,66,0.5
1250,16183.523648,16182.392316,16182.912316,16183.470315,16188.110977,1,1.99999999999996,0.0200000000000003,7.00000000000003,1,2,66,0.5
1251,16189.928309,16188.709643,16189.153643,16189.874975,16194.113638,1,1.99999999999996,0.0200000000000003,7.00000000000003,1,2,66,0.5
1252,16196.271635,16194.85497,16195.117637,16196.218302,16198.292967,0,1.99999999999996,0.0200000000000003,5.99999999999996,2,1,65,0.5
1253,16200.421631,16198.8463,16199.456299,16200.421631,16208.915623,1,NaN,0,5.99999999999996,2,1,65,0.5
1254,16211.253621,16209.710955,16210.461621,16211.200287,16215.764949,1,1.99999999999996,0.0200000000000003,7.00000000000003,1,2,66,0.5
1255,16217.733614,16216.373615,16216.936282,16217.680281,16219.537612,0,1.99999999999996,0.0200000000000003,5.99999999999996,2,1,65,0.5
1256,16221.48361,16220.090945,16220.699611,16221.480944,16225.174273,1,1.99999999999996,0.0200000000000003,7.00000000000003,1,2,66,0.5
1257,16226.977605,16225.884939,16226.348939,16226.924271,16231.2576,1,1.99999999999996,0.0200000000000003,7.00000000000003,1,2,66,0.5
1258,16232.760266,16231.652267,16232.066933,16232.706932,16235.762263,1,1.99999999999996,0.0200000000000003,7.00000000000003,1,2,66,0.5
1259,16237.780261,16236.540929,16237.059595,16237.726927,16239.298926,0,1.99999999999996,0.0200000000000003,5.99999999999996,2,1,65,0.5
1260,16241.350257,16239.884259,16240.540925,16241.296924,16242.026923,0,1.99999999999996,0.0200000000000003,5.99999999999996,2,1,65,0.5
1261,16244.106921,16242.608256,16243.269589,16244.104254,16245.582253,0,1.99999999999996,0.0200000000000003,5.99999999999996,2,1,65,0.5
1262,16247.645584,16246.189586,16246.832252,16247.592251,16252.080913,1,1.99999999999996,0.0200000000000003,7.00000000000003,1,2,66,0.5
1263,16253.712245,16252.624246,16253.028245,16253.658911,16257.308241,1,1.99999999999996,0.0200000000000003,7.00000000000003,1,2,66,0.5
1264,16259.132239,16257.825574,16258.423573,16259.078906,16260.888904,0,1.99999999999996,0.0200000000000003,5.99999999999996,2,1,65,0.5
1265,16262.861569,16261.34357,16261.988236,16262.808236,16267.354231,1,1.99999999999996,0.0200000000000003,7.00000000000003,1,2,66,0.5
1266,16269.437562,16268.223564,16268.774896,16269.384229,16270.973561,0,1.99999999999996,0.0200000000000003,5.99999999999996,2,1,65,0.5
1267,16272.766226,16271.436227,16272.006226,16272.712892,16276.628222,1,1.99999999999996,0.0200000000000003,7.00000000000003,1,2,66,0.5
1268,16278.125554,16277.179555,16277.436221,16278.125554,16282.750882,1,NaN,0,5.99999999999996,2,1,65,0.5
1269,16284.62888,16283.457548,16284.143548,16284.626214,16286.055546,0,1.99999999999996,0.0200000000000003,5.99999999999996,2,1,65,0.5
1270,16287.760211,16286.912212,16287.330878,16287.706877,16289.464876,0,1.99999999999996,0.0200000000000003,5.99999999999996,2,1,65,0.5
1271,16291.522207,16290.124875,16290.831541,16291.468874,16295.799536,1,1.99999999999996,0.0200000000000003,7.00000000000003,1,2,66,0.5
1272,16297.772201,16296.903535,16297.128868,16297.718867,16299.889532,0,1.99999999999996,0.0200000000000003,5.99999999999996,2,1,65,0.5
1273,16301.926863,16300.580198,16301.226864,16301.87353,16306.195526,1,1.99999999999996,0.0200000000000003,7.00000000000003,1,2,66,0.5
1274,16307.800857,16306.776192,16307.199525,16307.747524,16312.847519,0,1.99999999999996,0.0200000000000003,5.99999999999996,2,1,65,0.5
1275,16315.38285,16313.849518,16314.512184,16315.329516,16320.936178,0,1.99999999999996,0.0200000000000003,5.99999999999996,2,1,65,0.5
1276,16322.756842,16321.606843,16322.182176,16322.756842,16328.478837,0,NaN,0,7.00000000000003,1,2,66,0.5
1277,16330.463501,16329.009503,16329.687502,16330.460835,16337.238828,0,1.99999999999996,0.0200000000000003,5.99999999999996,2,1,65,0.5
1278,16339.051493,16337.705494,16338.189494,16339.048826,16341.258824,1,1.99999999999996,0.0200000000000003,7.00000000000003,1,2,66,0.5
1279,16343.410155,16342.470156,16342.710156,16343.356822,16348.13415,0,1.99999999999996,0.0200000000000003,5.99999999999996,2,1,65,0.5
1280,16349.840149,16348.65615,16349.187483,16349.786815,16356.183476,0,1.99999999999996,0.0200000000000003,5.99999999999996,2,1,65,0.5
1281,16357.977474,16356.662808,16357.168808,16357.924141,16362.648136,1,1.99999999999996,0.0200000000000003,7.00000000000003,1,2,66,0.5
1282,16364.411467,16363.352802,16363.722135,16364.358134,16368.677463,1,1.99999999999996,0.0200000000000003,7.00000000000003,1,2,66,0.5
1283,16370.324128,16369.174796,16369.553462,16370.321461,16373.330125,1,1.99999999999996,0.0200000000000003,7.00000000000003,1,2,66,0.5
1284,16375.480123,16374.568124,16374.667457,16375.42679,16380.138785,0,1.99999999999996,0.0200000000000003,5.99999999999996,2,1,65,0.5
1285,16381.934117,16380.628784,16381.124784,16381.93145,16385.927446,1,1.99999999999996,0.0200000000000003,7.00000000000003,1,2,66,0.5
1286,16387.622777,16386.652112,16386.933445,16387.569444,16391.340774,0,1.99999999999996,0.0200000000000003,5.99999999999996,2,1,65,0.5
1287,16393.379438,16392.06544,16392.522106,16393.376772,16398.140767,1,1.99999999999996,0.0200000000000003,7.00000000000003,1,2,66,0.5
1288,16399.578766,16398.5901,16398.972099,16399.576099,16403.994094,0,1.99999999999996,0.0200000000000003,5.99999999999996,2,1,65,0.5
1289,16405.800093,16404.563427,16405.060093,16405.746759,16409.406756,1,1.99999999999996,0.0200000000000003,7.00000000000003,1,2,66,0.5
1290,16411.67342,16409.970755,16410.238755,16411.67342,16417.372081,1,NaN,0,5.99999999999996,2,1,65,0.5
1291,16419.100746,16417.832081,16418.291413,16419.098079,16423.250742,1,1.99999999999996,0.0200000000000003,7.00000000000003,1,2,66,0.5
1292,16424.832074,16423.765408,16424.048074,16424.77874,16430.758734,0,1.99999999999996,0.0200000000000003,5.99999999999996,2,1,65,0.5
1293,16432.222066,16431.241401,16431.648067,16432.168733,16437.652727,0,1.99999999999996,0.0200000000000003,5.99999999999996,2,1,65,0.5
1294,16439.527392,16438.21606,16438.74406,16439.474726,16441.348724,1,1.99999999999996,0.0200000000000003,7.00000000000003,1,2,66,0.5
1295,16442.848722,16441.772057,16442.17739,16442.846056,16446.792718,1,1.99999999999996,0.0200000000000003,7.00000000000003,1,2,66,0.5
1296,16448.147384,16447.221385,16447.556051,16448.09405,16452.728046,0,1.99999999999996,0.0200000000000003,5.99999999999996,2,1,65,0.5
1297,16454.180711,16453.144045,16453.589378,16454.127378,16458.758706,0,1.99999999999996,0.0200000000000003,5.99999999999996,2,1,65,0.5
1298,16460.184705,16459.297372,16459.690705,16460.131372,16466.474699,0,1.99999999999996,0.0200000000000003,5.99999999999996,2,1,65,0.5
1299,16467.945364,16466.916032,16467.328031,16467.942697,16472.882692,0,1.99999999999996,0.0200000000000003,5.99999999999996,2,1,65,0.5
1300,16474.61469,16473.310692,16473.809358,16474.561357,16476.078022,1,1.99999999999996,0.0200000000000003,7.00000000000003,1,2,66,0.5
1301,16477.511354,16476.450689,16476.829355,16477.508688,16479.767352,0,1.99999999999996,0.0200000000000003,5.99999999999996,2,1,65,0.5
1302,16481.734017,16480.742018,16481.150684,16481.680683,16486.065346,0,1.99999999999996,0.0200000000000003,5.99999999999996,2,1,65,0.5
1303,16487.748011,16486.737345,16487.292011,16487.748011,16492.01134,0,NaN,0,7.00000000000003,1,2,66,0.5
1304,16497.476001,16496.194002,16496.678668,16497.476001,16525.33064,0,NaN,0,7.00000000000003,1,2,66,0.5
1305,16528.987969,16527.448638,16528.019304,16528.934636,16530.477301,1,1.99999999999996,0.0200000000000003,7.00000000000003,1,2,66,0.5
1306,16532.063966,16530.850634,16531.388634,16532.0613,16534.214631,0,1.99999999999996,0.0200000000000003,5.99999999999996,2,1,65,0.5
1307,16535.965296,16534.653964,16535.279296,16535.962629,16537.169295,0,1.99999999999996,0.0200000000000003,5.99999999999996,2,1,65,0.5
1308,16538.709293,16537.681294,16538.157294,16538.65596,16543.097289,0,1.99999999999996,0.0200000000000003,5.99999999999996,2,1,65,0.5
1309,16545.249953,16543.906621,16544.434621,16545.19662,16549.910615,1,1.99999999999996,0.0200000000000003,7.00000000000003,1,2,66,0.5
1310,16551.33128,16550.341948,16550.712614,16551.277947,16555.685943,0,1.99999999999996,0.0200000000000003,5.99999999999996,2,1,65,0.5
1311,16557.115275,16556.257276,16556.705942,16557.115275,16564.250601,0,NaN,0,7.00000000000003,1,2,66,0.5
1312,16565.823266,16564.7266,16565.291933,16565.769933,16571.33126,0,1.99999999999996,0.0200000000000003,5.99999999999996,2,1,65,0.5
1313,16573.377258,16571.89326,16572.535259,16573.323925,16577.255255,1,1.99999999999996,0.0200000000000003,7.00000000000003,1,2,66,0.5
1314,16578.62392,16577.671254,16578.032587,16578.570587,16583.585915,0,1.99999999999996,0.0200000000000003,5.99999999999996,2,1,65,0.5
1315,16585.36058,16584.122581,16584.647247,16585.307246,16586.658578,1,1.99999999999996,0.0200000000000003,7.00000000000003,1,2,66,0.5
1316,16587.852577,16586.997245,16587.357244,16587.799244,16591.878573,0,1.99999999999996,0.0200000000000003,5.99999999999996,2,1,65,0.5
1317,16593.279905,16592.431906,16592.821239,16593.226572,16595.941902,0,1.99999999999996,0.0200000000000003,5.99999999999996,2,1,65,0.5
1318,16597.493901,16596.648568,16596.997901,16597.440568,16604.845227,0,1.99999999999996,0.0200000000000003,5.99999999999996,2,1,65,0.5
1319,16606.709892,16605.379226,16605.960559,16606.656558,16611.595887,1,1.99999999999996,0.0200000000000003,7.00000000000003,1,2,66,0.5
1320,16613.085219,16612.05522,16612.413886,16613.031885,16616.664548,1,1.99999999999996,0.0200000000000003,7.00000000000003,1,2,66,0.5
1321,16618.170547,16617.057215,16617.402548,16618.117214,16621.582544,1,1.99999999999996,0.0200000000000003,7.00000000000003,1,2,66,0.5
1322,16622.925876,16622.119876,16622.401209,16622.923209,16626.727205,0,1.99999999999996,0.0200000000000003,5.99999999999996,2,1,65,0.5
1323,16628.68387,16627.352538,16627.845204,16628.630536,16632.011866,1,1.99999999999996,0.0200000000000003,7.00000000000003,1,2,66,0.5
1324,16633.459865,16632.595866,16632.943865,16633.459865,16638.68786,0,NaN,0,7.00000000000003,1,2,66,0.5
1325,16640.681858,16640.018525,16640.119192,16640.628524,16645.577186,0,1.99999999999996,0.0200000000000003,5.99999999999996,2,1,65,0.5
1326,16647.349851,16646.060519,16646.574519,16647.296518,16650.507848,1,1.99999999999996,0.0200000000000003,7.00000000000003,1,2,66,0.5
1327,16652.00118,16651.061181,16651.373847,16651.947846,16655.289176,1,1.99999999999996,0.0200000000000003,7.00000000000003,1,2,66,0.5
1328,16656.883175,16656.071842,16656.082509,16656.829842,16659.688505,0,1.99999999999996,0.0200000000000003,5.99999999999996,2,1,65,0.5
1329,16661.107837,16660.214505,16660.623838,16661.054504,16664.951167,0,1.99999999999996,0.0200000000000003,5.99999999999996,2,1,65,0.5
1330,16666.535832,16665.395166,16665.850499,16666.533165,16669.976495,1,1.99999999999996,0.0200000000000003,7.00000000000003,1,2,66,0.5
1331,16671.124494,16670.376495,16670.589161,16671.124494,16676.910488,1,NaN,0,5.99999999999996,2,1,65,0.5
1332,16678.702486,16678.027154,16678.132487,16678.649153,16682.701816,0,1.99999999999996,0.0200000000000003,5.99999999999996,2,1,65,0.5
1333,16684.583814,16683.263815,16683.745148,16684.581147,16688.518477,1,1.99999999999996,0.0200000000000003,7.00000000000003,1,2,66,0.5
1334,16689.820475,16688.902476,16689.185809,16689.817809,16693.450472,0,1.99999999999996,0.0200000000000003,5.99999999999996,2,1,65,0.5
1335,16694.761137,16693.939138,16694.239804,16694.707804,16698.4158,0,1.99999999999996,0.0200000000000003,5.99999999999996,2,1,65,0.5
1336,16699.763799,16698.9418,16699.289132,16699.761132,16703.758461,0,1.99999999999996,0.0200000000000003,5.99999999999996,2,1,65,0.5
1337,16705.754459,16704.480461,16704.921793,16705.701126,16708.872456,1,1.99999999999996,0.0200000000000003,7.00000000000003,1,2,66,0.5
1338,16710.725788,16709.882455,16710.048455,16710.723121,16713.989784,0,1.99999999999996,0.0200000000000003,5.99999999999996,2,1,65,0.5
1339,16715.167117,16714.432451,16714.661117,16715.113783,16717.851114,0,1.99999999999996,0.0200000000000003,5.99999999999996,2,1,65,0.5
1340,16719.289112,16718.461113,16718.874446,16719.289112,16725.28844,0,NaN,0,7.00000000000003,1,2,66,0.5
1341,16726.657105,16725.799106,16726.188439,16726.654438,16730.137102,0,1.99999999999996,0.0200000000000003,5.99999999999996,2,1,65,0.5
1342,16731.953766,16730.521768,16731.135101,16731.900433,16735.50443,1,1.99999999999996,0.0200000000000003,7.00000000000003,1,2,66,0.5
1343,16736.777762,16735.907096,16736.220429,16736.775095,16739.792425,0,1.99999999999996,0.0200000000000003,5.99999999999996,2,1,65,0.5
1344,16741.124424,16740.313091,16740.713091,16741.124424,16749.305082,0,NaN,0,7.00000000000003,1,2,66,0.5
1345,16750.847748,16749.664416,16750.143082,16750.847748,16758.69374,1,NaN,0,5.99999999999996,2,1,65,0.5
1346,16760.265071,16759.246406,16759.720405,16760.211738,16765.878399,0,1.99999999999996,0.0200000000000003,5.99999999999996,2,1,65,0.5
1347,16767.867064,16766.993065,16767.457064,16767.867064,16776.363722,0,NaN,0,7.00000000000003,1,2,66,0.5
1348,16778.193054,16776.791055,16777.248388,16778.193054,17025.42414,1,NaN,0,5.99999999999996,2,1,65,0.5
1349,17040.988791,17038.09946,17038.222127,17040.935457,17044.866787,1,1.99999999999996,0.0200000000000003,7.00000000000003,1,2,66,0.5
1350,17058.458773,17056.927442,17057.196775,17058.458773,17070.811428,1,NaN,0,5.99999999999996,2,1,65,0.5
1351,17071.916093,17071.210094,17071.421427,17071.913427,17077.761421,0,1.99999999999996,0.0200000000000003,5.99999999999996,2,1,65,0.5
1352,17080.704084,17079.157419,17079.404086,17080.651418,17081.345417,0,1.99999999999996,0.0200000000000003,5.99999999999996,2,1,65,0.5
1353,17082.850082,17081.722083,17082.211416,17082.850082,17092.480739,0,NaN,0,7.00000000000003,1,2,66,0.5
1354,17093.498738,17092.934739,17093.112739,17093.498738,17449.026383,0,NaN,0,7.00000000000003,1,2,66,0.5
1355,17469.496362,17468.789696,17469.053696,17469.496362,17530.691634,0,NaN,0,7.00000000000003,1,2,66,0.5
1356,17532.316966,17531.266967,17531.728967,17532.316966,17542.178956,0,NaN,0,7.00000000000003,1,2,66,0.5
1357,17544.050288,17542.636289,17543.108955,17543.996954,17545.732953,1,1.99999999999996,0.0200000000000003,7.00000000000003,1,2,66,0.5
1358,17547.182285,17546.265619,17546.609618,17547.128951,17551.045614,1,1.99999999999996,0.0200000000000003,7.00000000000003,1,2,66,0.5
1359,17552.571613,17551.551614,17551.91628,17552.518279,17557.284274,1,1.99999999999996,0.0200000000000003,7.00000000000003,1,2,66,0.5
1360,17558.897606,17557.734941,17558.20094,17558.89494,17560.678271,0,1.99999999999996,0.0200000000000003,5.99999999999996,2,1,65,0.5
1361,17562.466269,17561.471604,17561.93427,17562.412936,17564.080934,0,1.99999999999996,0.0200000000000003,5.99999999999996,2,1,65,0.5
1362,17565.770266,17564.531601,17565.0456,17565.716933,17567.779597,1,1.99999999999996,0.0200000000000003,7.00000000000003,1,2,66,0.5
1363,17569.335596,17568.436263,17568.72493,17569.282262,17573.429592,1,1.99999999999996,0.0200000000000003,7.00000000000003,1,2,66,0.5
1364,17574.820924,17573.886925,17574.223591,17574.76759,17575.843589,0,1.99999999999996,0.0200000000000003,5.99999999999996,2,1,65,0.5
1365,17577.283588,17576.284255,17576.744255,17577.230255,17578.31092,0,1.99999999999996,0.0200000000000003,5.99999999999996,2,1,65,0.5
1366,17579.750919,17578.979586,17579.313586,17579.748252,17580.828918,0,1.99999999999996,0.0200000000000003,5.99999999999996,2,1,65,0.5
1367,17582.852249,17581.361584,17582.086916,17582.798916,17586.664245,1,1.99999999999996,0.0200000000000003,7.00000000000003,1,2,66,0.5
1368,17588.255577,17587.514244,17587.767577,17588.255577,17593.644238,1,NaN,0,5.99999999999996,2,1,65,0.5
1369,17595.05757,17594.118904,17594.543571,17595.004237,17595.994902,0,1.99999999999996,0.0200000000000003,5.99999999999996,2,1,65,0.5
1370,17597.374234,17596.454235,17596.948901,17597.320901,17751.521414,0,1.99999999999996,0.0200000000000003,5.99999999999996,2,1,65,0.5
1371,17752.850746,17752.11208,17752.431413,17752.850746,17770.953394,0,NaN,0,7.00000000000003,1,2,66,0.5
1372,17773.072059,17771.75206,17771.779393,17773.072059,17883.241949,0,NaN,0,7.00000000000003,1,2,66,0.5
1373,17886.745278,17883.749281,17884.023281,17886.745278,17956.275209,1,NaN,0,5.99999999999996,2,1,65,0.5
1374,17957.562541,17956.852542,17957.149875,17957.562541,17963.420535,0,NaN,0,7.00000000000003,1,2,66,0.5
1375,17965.2212,17963.904535,17964.165868,17965.167867,17966.231199,0,1.99999999999996,0.0200000000000003,5.99999999999996,2,1,65,0.5
1376,17972.557859,17971.262527,17971.445194,17972.504526,17973.178525,0,1.99999999999996,0.0200000000000003,5.99999999999996,2,1,65,0.5
1377,17975.545856,17974.085858,17974.322524,17975.492523,17981.408517,0,1.99999999999996,0.0200000000000003,5.99999999999996,2,1,65,0.5
1378,17985.632513,17984.127181,17984.410514,17985.629846,17989.512509,1,1.99999999999996,0.0200000000000003,7.00000000000003,1,2,66,0.5
1379,17991.043174,17990.089842,17990.351175,17990.989841,17994.292504,1,1.99999999999996,0.0200000000000003,7.00000000000003,1,2,66,0.5
1380,17995.681836,17994.72717,17995.095837,17995.628503,17997.556501,0,1.99999999999996,0.0200000000000003,5.99999999999996,2,1,65,0.5
1381,17998.962499,17998.089834,17998.409833,17998.909166,17999.513832,0,1.99999999999996,0.0200000000000003,5.99999999999996,2,1,65,0.5
1382,18003.027829,18001.398497,18002.125163,18002.974495,18007.855157,1,1.99999999999996,0.0200000000000003,7.00000000000003,1,2,66,0.5
1383,18009.702489,18008.645156,18008.978489,18009.649155,18013.792485,1,1.99999999999996,0.0200000000000003,7.00000000000003,1,2,66,0.5
1384,18015.696483,18014.351817,18014.761817,18015.693816,18020.303145,1,1.99999999999996,0.0200000000000003,7.00000000000003,1,2,66,0.5
1385,18021.974476,18021.007144,18021.386477,18021.921143,18023.287808,0,1.99999999999996,0.0200000000000003,5.99999999999996,2,1,65,0.5
1386,18025.384473,18023.968474,18024.603807,18025.33114,18028.978469,1,1.99999999999996,0.0200000000000003,7.00000000000003,1,2,66,0.5
1387,18031.081134,18030.175135,18030.416468,18031.078467,18032.609132,0,1.99999999999996,0.0200000000000003,5.99999999999996,2,1,65,0.5
1388,18034.549797,18033.187132,18033.801131,18034.496464,18037.527794,1,1.99999999999996,0.0200000000000003,7.00000000000003,1,2,66,0.5
1389,18039.415126,18038.283793,18038.729126,18039.361792,18040.561791,0,1.99999999999996,0.0200000000000003,5.99999999999996,2,1,65,0.5
1390,18042.130456,18041.023124,18041.56979,18042.12779,18043.709788,0,1.99999999999996,0.0200000000000003,5.99999999999996,2,1,65,0.5
1391,18045.962452,18044.96512,18045.46912,18045.909119,18048.76445,0,1.99999999999996,0.0200000000000003,5.99999999999996,2,1,65,0.5
1392,18051.359781,18049.993115,18050.529781,18051.306447,18054.268444,1,1.99999999999996,0.0200000000000003,7.00000000000003,1,2,66,0.5
1393,18055.831776,18054.715777,18055.17111,18055.778443,18057.473108,0,1.99999999999996,0.0200000000000003,5.99999999999996,2,1,65,0.5
1394,18059.647105,18058.121107,18058.883773,18059.644439,18062.754436,1,1.99999999999996,0.0200000000000003,7.00000000000003,1,2,66,0.5
1395,18064.193768,18063.180435,18063.622435,18064.140434,18065.647766,0,1.99999999999996,0.0200000000000003,5.99999999999996,2,1,65,0.5
1396,18067.152431,18066.172432,18066.651098,18067.099098,18069.420429,0,1.99999999999996,0.0200000000000003,5.99999999999996,2,1,65,0.5
1397,18071.120427,18070.175762,18070.670428,18071.117761,18075.133757,0,1.99999999999996,0.0200000000000003,5.99999999999996,2,1,65,0.5
1398,18077.208421,18075.931756,18076.477755,18077.155088,18078.577087,1,1.99999999999996,0.0200000000000003,7.00000000000003,1,2,66,0.5
1399,18080.188418,18079.178419,18079.627085,18080.135085,18081.639083,0,1.99999999999996,0.0200000000000003,5.99999999999996,2,1,65,0.5
1400,18083.067082,18082.080416,18082.501749,18083.064415,18086.784412,0,1.99999999999996,0.0200000000000003,5.99999999999996,2,1,65,0.5
1401,18088.20641,18087.307078,18087.700411,18088.203744,18092.16174,0,1.99999999999996,0.0200000000000003,5.99999999999996,2,1,65,0.5
1402,18094.100404,18092.741072,18093.38974,18094.097738,18095.43307,1,1.99999999999996,0.0200000000000003,7.00000000000003,1,2,66,0.5
1403,18096.947735,18095.857069,18096.281735,18096.894402,18099.939065,0,1.99999999999996,0.0200000000000003,5.99999999999996,2,1,65,0.5
1404,18101.832397,18100.443731,18101.051731,18101.779064,18105.193727,1,1.99999999999996,0.0200000000000003,7.00000000000003,1,2,66,0.5
1405,18107.168391,18106.391059,18106.659058,18107.168391,18114.949717,0,NaN,0,7.00000000000003,1,2,66,0.5
1406,18116.793715,18115.448383,18116.043049,18116.740382,18122.657042,0,1.99999999999996,0.0200000000000003,5.99999999999996,2,1,65,0.5
1407,18124.128374,18123.293708,18123.632375,18124.125708,18129.101703,0,1.99999999999996,0.0200000000000003,5.99999999999996,2,1,65,0.5
1408,18130.914368,18129.613702,18130.097035,18130.861034,18134.83503,1,1.99999999999996,0.0200000000000003,7.00000000000003,1,2,66,0.5
1409,18136.361695,18135.357696,18135.663029,18136.308362,18140.859024,1,1.99999999999996,0.0200000000000003,7.00000000000003,1,2,66,0.5
1410,18142.474356,18141.386357,18141.78369,18142.421023,18145.827686,1,1.99999999999996,0.0200000000000003,7.00000000000003,1,2,66,0.5
1411,18147.301684,18146.314352,18146.683685,18147.248351,18152.892346,0,1.99999999999996,0.0200000000000003,5.99999999999996,2,1,65,0.5
1412,18154.610344,18153.334345,18153.851011,18154.557011,18157.591674,1,1.99999999999996,0.0200000000000003,7.00000000000003,1,2,66,0.5
1413,18159.019673,18158.039007,18158.371673,18158.966339,18162.338336,0,1.99999999999996,0.0200000000000003,5.99999999999996,2,1,65,0.5
1414,18163.967668,18163.120335,18163.479002,18163.967668,18169.048329,0,NaN,0,7.00000000000003,1,2,66,0.5
1415,18170.804994,18169.565662,18170.028328,18170.751661,18173.904325,1,1.99999999999996,0.0200000000000003,7.00000000000003,1,2,66,0.5
1416,18175.353656,18174.308991,18174.725657,18175.300323,18176.940988,1,1.99999999999996,0.0200000000000003,7.00000000000003,1,2,66,0.5
1417,18178.34032,18177.333654,18177.736987,18178.286987,18182.244983,0,1.99999999999996,0.0200000000000003,5.99999999999996,2,1,65,0.5
1418,18183.965648,18183.134982,18183.436315,18183.912981,18187.367644,0,1.99999999999996,0.0200000000000003,5.99999999999996,2,1,65,0.5
1419,18189.400309,18188.25631,18188.729643,18189.346976,18191.205641,1,1.99999999999996,0.0200000000000003,7.00000000000003,1,2,66,0.5
1420,18192.604972,18191.568307,18191.990306,18192.551639,18195.830303,1,1.99999999999996,0.0200000000000003,7.00000000000003,1,2,66,0.5
1421,18197.305634,18196.226302,18196.599635,18197.252301,18200.560298,1,1.99999999999996,0.0200000000000003,7.00000000000003,1,2,66,0.5
1422,18201.852297,18200.968297,18201.212964,18201.798963,18204.917627,0,1.99999999999996,0.0200000000000003,5.99999999999996,2,1,65,0.5
1423,18206.451625,18205.699626,18206.001626,18206.398292,18209.806289,0,1.99999999999996,0.0200000000000003,5.99999999999996,2,1,65,0.5
1424,18211.33362,18210.418288,18210.814288,18211.33362,18216.742282,0,NaN,0,7.00000000000003,1,2,66,0.5
1425,18218.256947,18217.130948,18217.561614,18218.203614,18221.898943,1,1.99999999999996,0.0200000000000003,7.00000000000003,1,2,66,0.5
1426,18223.258275,18222.290276,18222.583609,18223.204942,18226.848938,1,1.99999999999996,0.0200000000000003,7.00000000000003,1,2,66,0.5
1427,18228.60427,18227.760937,18228.001604,18228.550937,18232.1816,0,1.99999999999996,0.0200000000000003,5.99999999999996,2,1,65,0.5
1428,18233.465598,18232.692932,18232.980932,18233.462932,18238.07626,0,1.99999999999996,0.0200000000000003,5.99999999999996,2,1,65,0.5
1429,18240.237592,18239.028926,18239.446926,18240.184258,18243.840255,1,1.99999999999996,0.0200000000000003,7.00000000000003,1,2,66,0.5
1430,18245.23292,18244.362254,18244.614254,18245.230253,18248.64225,0,1.99999999999996,0.0200000000000003,5.99999999999996,2,1,65,0.5
1431,18250.054915,18249.218916,18249.537582,18250.001582,18255.161577,0,1.99999999999996,0.0200000000000003,5.99999999999996,2,1,65,0.5
1432,18256.414909,18255.610909,18256.026909,18256.414909,18262.332236,0,NaN,0,7.00000000000003,1,2,66,0.5
1433,18265.141567,18264.083568,18264.384901,18265.088233,18269.966228,0,1.99999999999996,0.0200000000000003,5.99999999999996,2,1,65,0.5
1434,18271.52756,18270.368895,18270.834228,18271.474227,18275.127557,1,1.99999999999996,0.0200000000000003,7.00000000000003,1,2,66,0.5
1435,18276.630222,18275.56889,18275.956222,18276.576889,18280.094885,1,1.99999999999996,0.0200000000000003,7.00000000000003,1,2,66,0.5
1436,18281.518884,18280.948217,18280.986884,18281.46555,18284.905547,0,1.99999999999996,0.0200000000000003,5.99999999999996,2,1,65,0.5
1437,18286.210212,18285.51688,18285.806213,18286.156879,18289.196876,0,1.99999999999996,0.0200000000000003,5.99999999999996,2,1,65,0.5
1438,18290.431541,18289.806875,18290.078208,18290.391541,18294.506871,0,1.99999999999996,0.0200000000000003,5.99999999999996,2,1,65,0.5
1439,18295.882869,18295.041537,18295.508203,18295.882869,18300.885531,0,NaN,0,7.00000000000003,1,2,66,0.5
1440,18302.946862,18301.709531,18302.200196,18302.893529,18306.472192,1,1.99999999999996,0.0200000000000003,7.00000000000003,1,2,66,0.5
1441,18308.30619,18307.375524,18307.622191,18308.303523,18312.400853,1,1.99999999999996,0.0200000000000003,7.00000000000003,1,2,66,0.5
1442,18314.094184,18313.011519,18313.296185,18314.040851,18317.900847,1,1.99999999999996,0.0200000000000003,7.00000000000003,1,2,66,0.5
1443,18319.294179,18318.272847,18318.538847,18319.240846,18322.786176,1,1.99999999999996,0.0200000000000003,7.00000000000003,1,2,66,0.5
1444,18324.148174,18323.179509,18323.480175,18324.094841,18327.738171,0,1.99999999999996,0.0200000000000003,5.99999999999996,2,1,65,0.5
1445,18328.934169,18328.176837,18328.412837,18328.880836,18332.2155,0,1.99999999999996,0.0200000000000003,5.99999999999996,2,1,65,0.5
1446,18333.633498,18332.798166,18333.154165,18333.633498,18342.703489,0,NaN,0,7.00000000000003,1,2,66,0.5
1447,18344.186154,18343.190822,18343.677488,18344.186154,18349.996148,0,NaN,0,7.00000000000003,1,2,66,0.5
1448,18352.267479,18350.785481,18351.412814,18352.214146,18355.747476,1,1.99999999999996,0.0200000000000003,7.00000000000003,1,2,66,0.5
1449,18357.262141,18356.142142,18356.539478,18357.208808,18359.791472,1,1.99999999999996,0.0200000000000003,7.00000000000003,1,2,66,0.5
1450,18361.176804,18360.182805,18360.508805,18361.123471,18365.201467,1,1.99999999999996,0.0200000000000003,7.00000000000003,1,2,66,0.5
1451,18366.580799,18365.612799,18365.988133,18366.527465,18370.534795,1,1.99999999999996,0.0200000000000003,7.00000000000003,1,2,66,0.5
1452,18371.87546,18370.914794,18371.187461,18371.872793,18375.704123,0,1.99999999999996,0.0200000000000003,5.99999999999996,2,1,65,0.5
1453,18377.575454,18376.777455,18377.063455,18377.575454,18382.672116,0,NaN,0,7.00000000000003,1,2,66,0.5
1454,18384.430781,18383.167449,18383.650115,18384.428114,18388.072777,1,1.99999999999996,0.0200000000000003,7.00000000000003,1,2,66,0.5
1455,18389.516109,18388.64211,18388.952776,18389.516109,18395.257436,1,NaN,0,5.99999999999996,2,1,65,0.5
1456,18396.984101,18395.778103,18396.285435,18396.981435,18400.438098,1,1.99999999999996,0.0200000000000003,7.00000000000003,1,2,66,0.5
1457,18401.84743,18400.826764,18401.288764,18401.794097,18405.113427,0,1.99999999999996,0.0200000000000003,5.99999999999996,2,1,65,0.5
1458,18406.729425,18405.704093,18406.191426,18406.729425,18412.295419,0,NaN,0,7.00000000000003,1,2,66,0.5
1459,18414.66475,18413.361418,18413.989418,18414.611417,18416.925415,1,1.99999999999996,0.0200000000000003,7.00000000000003,1,2,66,0.5
1460,18418.23808,18417.303414,18417.655414,18418.184747,18421.718077,1,1.99999999999996,0.0200000000000003,7.00000000000003,1,2,66,0.5
1461,18423.038075,18422.09941,18422.451409,18423.035409,18425.449406,0,1.99999999999996,0.0200000000000003,5.99999999999996,2,1,65,0.5
1462,18426.936738,18425.940739,18426.378072,18426.934072,18428.693403,0,1.99999999999996,0.0200000000000003,5.99999999999996,2,1,65,0.5
1463,18430.426068,18429.552069,18429.952068,18430.372735,18434.268064,0,1.99999999999996,0.0200000000000003,5.99999999999996,2,1,65,0.5
1464,18436.056729,18434.816064,18435.30273,18436.003396,18438.967393,1,1.99999999999996,0.0200000000000003,7.00000000000003,1,2,66,0.5
1465,18440.419391,18439.385392,18439.776059,18440.366058,18444.074054,1,1.99999999999996,0.0200000000000003,7.00000000000003,1,2,66,0.5
1466,18445.385386,18444.487387,18444.719387,18445.332053,18448.039384,1,1.99999999999996,0.0200000000000003,7.00000000000003,1,2,66,0.5
1467,18449.238049,18448.422717,18448.749383,18449.184716,18453.378712,0,1.99999999999996,0.0200000000000003,5.99999999999996,2,1,65,0.5
1468,18454.757377,18453.760711,18454.225378,18454.704044,18457.812041,0,1.99999999999996,0.0200000000000003,5.99999999999996,2,1,65,0.5
1469,18459.413372,18458.869373,18458.897373,18459.360039,18462.818036,0,1.99999999999996,0.0200000000000003,5.99999999999996,2,1,65,0.5
1470,18464.269367,18463.602035,18463.898035,18464.269367,18470.932694,0,NaN,0,7.00000000000003,1,2,66,0.5
1471,18472.610692,18471.35136,18471.792027,18472.557359,18475.511356,1,1.99999999999996,0.0200000000000003,7.00000000000003,1,2,66,0.5
1472,18478.85602,18477.739354,18478.176687,18478.853353,18482.450683,0,1.99999999999996,0.0200000000000003,5.99999999999996,2,1,65,0.5
1473,18484.266014,18483.036682,18483.521348,18484.212681,18488.020011,1,1.99999999999996,0.0200000000000003,7.00000000000003,1,2,66,0.5
1474,18489.577343,18488.56001,18488.932009,18489.574676,18492.738006,1,1.99999999999996,0.0200000000000003,7.00000000000003,1,2,66,0.5
1475,18494.204671,18493.164672,18493.542672,18494.151338,18498.011334,1,1.99999999999996,0.0200000000000003,7.00000000000003,1,2,66,0.5
1476,18500.403331,18499.574666,18499.836665,18500.349998,18503.515995,0,1.99999999999996,0.0200000000000003,5.99999999999996,2,1,65,0.5
1477,18504.88866,18504.093328,18504.415994,18504.87466,18507.909324,0,1.99999999999996,0.0200000000000003,5.99999999999996,2,1,65,0.5
1478,18509.242656,18508.464657,18508.834656,18509.242656,18518.275313,0,NaN,0,7.00000000000003,1,2,66,0.5
1479,18520.048645,18518.735313,18519.228646,18520.045978,18523.877975,1,1.99999999999996,0.0200000000000003,7.00000000000003,1,2,66,0.5
1480,18525.43064,18524.779974,18524.89464,18525.377306,18528.836636,0,1.99999999999996,0.0200000000000003,5.99999999999996,2,1,65,0.5
1481,18530.235302,18529.357969,18529.798635,18530.235302,18768.959729,0,NaN,0,7.00000000000003,1,2,66,0.5
1482,18776.566389,18772.971059,18773.093059,18776.566389,18776.756388,1,NaN,0,5.99999999999996,2,1,65,0.5
1483,18790.449708,18788.88771,18789.163043,18790.396375,18795.933702,1,1.99999999999996,0.0200000000000003,7.00000000000003,1,2,66,0.5
1484,18797.035701,18796.392369,18796.601702,18797.035701,18807.96969,0,NaN,0,7.00000000000003,1,2,66,0.5
1485,18809.03769,18808.359023,18808.63369,18809.03769,18809.375689,0,NaN,0,7.00000000000003,1,2,66,0.5
1486,18831.476334,18818.85368,18819.091013,NaN,18927.234904,NaN,NaN,0,7.00000000000003,1,2,66,0.5
1487,18928.804903,18927.852237,18928.16357,18928.802236,18934.576897,1,1.99999999999996,0.0200000000000003,7.00000000000003,1,2,66,0.5
1488,18936.696895,18935.300896,18935.636896,18936.643562,18939.642892,1,1.99999999999996,0.0200000000000003,7.00000000000003,1,2,66,0.5
1489,18941.82089,18941.080891,18941.374224,18941.82089,18947.382218,0,NaN,0,7.00000000000003,1,2,66,0.5
1490,18948.86955,18947.844884,18948.23155,18948.816216,18952.606212,1,1.99999999999996,0.0200000000000003,7.00000000000003,1,2,66,0.5
1491,18954.362211,18953.416878,18953.726878,18954.308877,18958.220874,1,1.99999999999996,0.0200000000000003,7.00000000000003,1,2,66,0.5
1492,18959.803539,18958.770206,18959.032206,18959.800872,18963.078869,1,1.99999999999996,0.0200000000000003,7.00000000000003,1,2,66,0.5
1493,18964.644867,18963.735535,18964.033534,18964.591534,18968.916196,1,1.99999999999996,0.0200000000000003,7.00000000000003,1,2,66,0.5
1494,18970.308195,18969.392196,18969.608862,18970.254862,18973.086192,1,1.99999999999996,0.0200000000000003,7.00000000000003,1,2,66,0.5
1495,18974.735524,18973.734858,18974.025524,18974.68219,18977.94552,1,1.99999999999996,0.0200000000000003,7.00000000000003,1,2,66,0.5
1496,18979.558186,18978.578853,18978.918853,18979.504852,18980.921518,0,1.99999999999996,0.0200000000000003,5.99999999999996,2,1,65,0.5
1497,18982.425516,18981.458184,18981.959516,18982.372183,18983.028849,0,1.99999999999996,0.0200000000000003,5.99999999999996,2,1,65,0.5
1498,18985.060847,18983.902848,18984.441514,18985.060847,18985.326846,0,NaN,0,7.00000000000003,1,2,66,0.5
1499,18996.967501,18996.106169,18996.438835,18996.914168,18998.118834,0,1.99999999999996,0.0200000000000003,5.99999999999996,2,1,65,0.5
1500,18999.778832,18998.560834,18999.056166,18999.725499,19003.570828,1,1.99999999999996,0.0200000000000003,7.00000000000003,1,2,66,0.5
1501,19005.01616,19004.082828,19004.474827,19004.962827,19009.248156,1,1.99999999999996,0.0200000000000003,7.00000000000003,1,2,66,0.5
1502,19010.628154,19009.662155,19009.978155,19010.574821,19014.380817,1,1.99999999999996,0.0200000000000003,7.00000000000003,1,2,66,0.5
1503,19015.743483,19014.860817,19015.171483,19015.690149,19016.993481,0,1.99999999999996,0.0200000000000003,5.99999999999996,2,1,65,0.5
1504,19018.61548,19017.441481,19017.978814,19018.562147,19019.779479,1,1.99999999999996,0.0200000000000003,7.00000000000003,1,2,66,0.5
1505,19021.615477,19020.823478,19021.007477,19021.61281,19022.536143,0,1.99999999999996,0.0200000000000003,5.99999999999996,2,1,65,0.5
1506,19024.450807,19023.021475,19023.508142,19024.448141,19028.234804,1,1.99999999999996,0.0200000000000003,7.00000000000003,1,2,66,0.5
1507,19030.076135,19029.290802,19029.498802,19030.022802,19031.518134,0,1.99999999999996,0.0200000000000003,5.99999999999996,2,1,65,0.5
1508,19033.369465,19031.963466,19032.648799,19033.316132,19036.333462,1,1.99999999999996,0.0200000000000003,7.00000000000003,1,2,66,0.5
1509,19037.990127,19036.993461,19037.420128,19037.936794,19040.928791,1,1.99999999999996,0.0200000000000003,7.00000000000003,1,2,66,0.5
1510,19042.322789,19041.426124,19041.78679,19042.269456,19043.130789,0,1.99999999999996,0.0200000000000003,5.99999999999996,2,1,65,0.5
1511,19044.378121,19043.557455,19043.945454,19044.375454,19045.21412,0,1.99999999999996,0.0200000000000003,5.99999999999996,2,1,65,0.5
1512,19046.352785,19045.645453,19045.971452,19046.299452,19047.539451,0,1.99999999999996,0.0200000000000003,5.99999999999996,2,1,65,0.5
1513,19050.234115,19048.948783,19049.492116,19050.231448,19053.272779,1,1.99999999999996,0.0200000000000003,7.00000000000003,1,2,66,0.5
1514,19055.656109,19054.80011,19055.053443,19055.603443,19056.073442,0,1.99999999999996,0.0200000000000003,5.99999999999996,2,1,65,0.5
1515,19057.836107,19056.508109,19057.182108,19057.782774,19060.702771,1,1.99999999999996,0.0200000000000003,7.00000000000003,1,2,66,0.5
1516,19062.152103,19061.157437,19061.586104,19062.09877,19065.874766,1,1.99999999999996,0.0200000000000003,7.00000000000003,1,2,66,0.5
1517,19067.442764,19066.510766,19066.868765,19067.389431,19070.635428,1,1.99999999999996,0.0200000000000003,7.00000000000003,1,2,66,0.5
1518,19072.489426,19071.75476,19071.88276,19072.436093,19073.666091,0,1.99999999999996,0.0200000000000003,5.99999999999996,2,1,65,0.5
1519,19075.435423,19074.133424,19074.669424,19075.38209,19078.150087,1,1.99999999999996,0.0200000000000003,7.00000000000003,1,2,66,0.5
1520,19080.110752,19079.128753,19079.549419,19080.057418,19083.965414,1,1.99999999999996,0.0200000000000003,7.00000000000003,1,2,66,0.5
1521,19085.50608,19084.538081,19084.965413,19085.452746,19088.446077,1,1.99999999999996,0.0200000000000003,7.00000000000003,1,2,66,0.5
1522,19090.200742,19088.882743,19089.342742,19090.198075,19091.043407,0,1.99999999999996,0.0200000000000003,5.99999999999996,2,1,65,0.5
1523,19092.775406,19091.497407,19092.043406,19092.772739,19095.635403,1,1.99999999999996,0.0200000000000003,7.00000000000003,1,2,66,0.5
1524,19097.645401,19096.591402,19096.965401,19097.642734,19100.872064,1,1.99999999999996,0.0200000000000003,7.00000000000003,1,2,66,0.5
1525,19102.329396,19101.361397,19101.773397,19102.276063,19105.656059,1,1.99999999999996,0.0200000000000003,7.00000000000003,1,2,66,0.5
1526,19107.102725,19106.120726,19106.540059,19107.049391,19108.172724,0,1.99999999999996,0.0200000000000003,5.99999999999996,2,1,65,0.5
1527,19109.498056,19108.686056,19109.076056,19109.492056,19114.839384,0,1.99999999999996,0.0200000000000003,5.99999999999996,2,1,65,0.5
1528,19116.434715,19115.377383,19115.786716,19116.434715,19122.725376,1,NaN,0,5.99999999999996,2,1,65,0.5
1529,19124.506041,19123.284042,19123.801375,19124.452707,19127.887371,1,1.99999999999996,0.0200000000000003,7.00000000000003,1,2,66,0.5
1530,19129.335369,19128.338037,19128.676036,19129.282036,19133.348698,1,1.99999999999996,0.0200000000000003,7.00000000000003,1,2,66,0.5
1531,19134.90003,19133.750031,19134.166698,19134.846697,19137.927361,1,1.99999999999996,0.0200000000000003,7.00000000000003,1,2,66,0.5
1532,19139.515359,19138.364693,19138.726693,19139.512692,19142.741356,0,1.99999999999996,0.0200000000000003,5.99999999999996,2,1,65,0.5
1533,19144.418687,19143.577355,19143.928688,19144.416021,19146.518685,0,1.99999999999996,0.0200000000000003,5.99999999999996,2,1,65,0.5
1534,19148.224017,19147.082018,19147.491351,19148.170684,19151.56668,1,1.99999999999996,0.0200000000000003,7.00000000000003,1,2,66,0.5
1535,19153.097345,19152.147346,19152.533346,19153.044012,19156.454675,1,1.99999999999996,0.0200000000000003,7.00000000000003,1,2,66,0.5
1536,19158.04734,19156.899342,19157.361342,19157.994007,19160.664004,0,1.99999999999996,0.0200000000000003,5.99999999999996,2,1,65,0.5
1537,19161.948003,19161.323337,19161.56867,19161.93067,19165.046,0,1.99999999999996,0.0200000000000003,5.99999999999996,2,1,65,0.5
1538,19166.954665,19165.644666,19166.141332,19166.951998,19169.824662,1,1.99999999999996,0.0200000000000003,7.00000000000003,1,2,66,0.5
1539,19171.203994,19170.273328,19170.639994,19171.150661,19174.385324,1,1.99999999999996,0.0200000000000003,7.00000000000003,1,2,66,0.5
1540,19176.280655,19175.126657,19175.40799,19176.227322,19179.168653,0,1.99999999999996,0.0200000000000003,5.99999999999996,2,1,65,0.5
1541,19180.303318,19179.566652,19179.967318,19180.303318,19186.784645,0,NaN,0,7.00000000000003,1,2,66,0.5
1542,19188.711976,19187.382644,19187.997977,19188.70931,19192.439306,1,1.99999999999996,0.0200000000000003,7.00000000000003,1,2,66,0.5
1543,19194.598637,19193.463305,19193.830638,19194.59597,19197.374634,1,1.99999999999996,0.0200000000000003,7.00000000000003,1,2,66,0.5
1544,19198.7213,19197.770634,19198.1693,19198.667966,19202.197963,0,1.99999999999996,0.0200000000000003,5.99999999999996,2,1,65,0.5
1545,19203.520628,19202.717296,19203.021962,19203.517962,19208.707956,0,1.99999999999996,0.0200000000000003,5.99999999999996,2,1,65,0.5
1546,19210.017288,19209.392622,19209.645955,19209.975955,19214.297951,0,1.99999999999996,0.0200000000000003,5.99999999999996,2,1,65,0.5
1547,19215.661949,19214.855284,19215.248617,19215.661949,19221.741277,0,NaN,0,7.00000000000003,1,2,66,0.5
1548,19223.635941,19222.231276,19222.747942,19223.582608,19226.555272,1,1.99999999999996,0.0200000000000003,7.00000000000003,1,2,66,0.5
1549,19227.96527,19226.969271,19227.297271,19227.911937,19229.599269,1,1.99999999999996,0.0200000000000003,7.00000000000003,1,2,66,0.5
1550,19231.050601,19230.037935,19230.387268,19230.997268,19232.033266,1,1.99999999999996,0.0200000000000003,7.00000000000003,1,2,66,0.5
1551,19233.377265,19232.427266,19232.859932,19233.323932,19236.811928,0,1.99999999999996,0.0200000000000003,5.99999999999996,2,1,65,0.5
1552,19238.525927,19237.305928,19237.777927,19238.52326,19239.595259,1,1.99999999999996,0.0200000000000003,7.00000000000003,1,2,66,0.5
1553,19240.813258,19239.935925,19240.267258,19240.759924,19242.025923,1,1.99999999999996,0.0200000000000003,7.00000000000003,1,2,66,0.5
1554,19243.406588,19242.403256,19242.837922,19243.353255,19244.503921,1,1.99999999999996,0.0200000000000003,7.00000000000003,1,2,66,0.5
1555,19245.888586,19244.923254,19245.343253,19245.835253,19249.833249,0,1.99999999999996,0.0200000000000003,5.99999999999996,2,1,65,0.5
1556,19251.089247,19250.353248,19250.680581,19251.035914,19255.900576,0,1.99999999999996,0.0200000000000003,5.99999999999996,2,1,65,0.5
1557,19257.241241,19256.367242,19256.709242,19257.188575,19261.90257,0,1.99999999999996,0.0200000000000003,5.99999999999996,2,1,65,0.5
1558,19263.278568,19262.575903,19262.812569,19263.278568,19268.570563,0,NaN,0,7.00000000000003,1,2,66,0.5
1559,19271.113227,19270.287228,19270.561895,19271.059894,19274.62989,0,1.99999999999996,0.0200000000000003,5.99999999999996,2,1,65,0.5
1560,19276.414555,19275.091223,19275.576556,19276.361222,19280.341885,1,1.99999999999996,0.0200000000000003,7.00000000000003,1,2,66,0.5
1561,19281.70255,19280.811884,19281.079884,19281.649217,19284.197881,1,1.99999999999996,0.0200000000000003,7.00000000000003,1,2,66,0.5
1562,19285.746546,19284.76188,19285.090547,19285.693213,19287.375878,1,1.99999999999996,0.0200000000000003,7.00000000000003,1,2,66,0.5
1563,19288.717876,19287.768544,19288.12921,19288.71521,19291.615873,0,1.99999999999996,0.0200000000000003,5.99999999999996,2,1,65,0.5
1564,19292.887206,19292.18454,19292.501873,19292.833872,19295.40187,0,1.99999999999996,0.0200000000000003,5.99999999999996,2,1,65,0.5
1565,19296.841202,19296.119202,19296.408535,19296.787868,19300.091865,0,1.99999999999996,0.0200000000000003,5.99999999999996,2,1,65,0.5
1566,19301.869197,19300.858531,19301.217197,19301.815863,19303.643195,1,1.99999999999996,0.0200000000000003,7.00000000000003,1,2,66,0.5
1567,19305.03986,19304.048528,19304.352527,19304.986527,19308.994523,0,1.99999999999996,0.0200000000000003,5.99999999999996,2,1,65,0.5
1568,19310.181189,19309.452522,19309.720522,19310.178522,19312.320519,0,1.99999999999996,0.0200000000000003,5.99999999999996,2,1,65,0.5
1569,19313.570518,19312.959185,19313.210519,19313.517185,19316.953181,0,1.99999999999996,0.0200000000000003,5.99999999999996,2,1,65,0.5
1570,19318.85718,19317.697847,19318.159847,19318.803846,19322.033176,1,1.99999999999996,0.0200000000000003,7.00000000000003,1,2,66,0.5
1571,19323.383842,19322.469176,19322.724509,19323.331175,19326.267172,1,1.99999999999996,0.0200000000000003,7.00000000000003,1,2,66,0.5
1572,19327.667837,19326.861172,19327.229171,19327.667837,19336.356495,0,NaN,0,7.00000000000003,1,2,66,0.5
1573,19337.638494,19336.723162,19337.093161,19337.585161,19344.123154,0,1.99999999999996,0.0200000000000003,5.99999999999996,2,1,65,0.5
1574,19345.315153,19344.554487,19344.890487,19345.315153,19350.491148,0,NaN,0,7.00000000000003,1,2,66,0.5
1575,19352.187146,19351.051147,19351.495147,19352.133813,19355.757143,1,1.99999999999996,0.0200000000000003,7.00000000000003,1,2,66,0.5
1576,19357.072475,19356.134476,19356.517809,19357.019141,19360.096472,1,1.99999999999996,0.0200000000000003,7.00000000000003,1,2,66,0.5
1577,19361.491804,19360.469138,19360.877804,19361.43847,19364.822467,1,1.99999999999996,0.0200000000000003,7.00000000000003,1,2,66,0.5
1578,19366.111799,19365.200467,19365.523133,19366.058466,19369.771129,1,1.99999999999996,0.0200000000000003,7.00000000000003,1,2,66,0.5
1579,19371.091794,19370.219128,19370.547128,19371.038461,19373.653125,0,1.99999999999996,0.0200000000000003,5.99999999999996,2,1,65,0.5
1580,19374.886457,19374.161124,19374.497124,19374.886457,19380.427118,0,NaN,0,7.00000000000003,1,2,66,0.5
1581,19381.919117,19380.896451,19381.337784,19381.919117,19387.337778,1,NaN,0,5.99999999999996,2,1,65,0.5
1582,19388.686443,19387.751777,19388.137777,19388.63311,19393.319105,0,1.99999999999996,0.0200000000000003,5.99999999999996,2,1,65,0.5
1583,19394.986437,19393.815105,19394.322437,19394.933103,19397.065101,1,1.99999999999996,0.0200000000000003,7.00000000000003,1,2,66,0.5
1584,19398.2991,19397.431768,19397.708434,19398.2991,19405.495093,1,NaN,0,5.99999999999996,2,1,65,0.5
1585,19406.827092,19405.953759,19406.309759,19406.773758,19410.392421,0,1.99999999999996,0.0200000000000003,5.99999999999996,2,1,65,0.5
1586,19411.649087,19410.859088,19411.189087,19411.595754,19414.852417,0,1.99999999999996,0.0200000000000003,5.99999999999996,2,1,65,0.5
1587,19416.205082,19415.399083,19415.712416,19416.151749,19419.490412,0,1.99999999999996,0.0200000000000003,5.99999999999996,2,1,65,0.5
1588,19421.246411,19420.073078,19420.498411,19421.193077,19424.057074,1,1.99999999999996,0.0200000000000003,7.00000000000003,1,2,66,0.5
1589,19425.343073,19424.427741,19424.727074,19425.28974,19428.038404,1,1.99999999999996,0.0200000000000003,7.00000000000003,1,2,66,0.5
1590,19429.331069,19428.41907,19428.754403,19429.328402,19431.711733,0,1.99999999999996,0.0200000000000003,5.99999999999996,2,1,65,0.5
1591,19432.944399,19432.261733,19432.548399,19432.891066,19436.449062,0,1.99999999999996,0.0200000000000003,5.99999999999996,2,1,65,0.5
1592,19437.827727,19437.136395,19437.411061,19437.774394,19441.471057,0,1.99999999999996,0.0200000000000003,5.99999999999996,2,1,65,0.5
1593,19442.651056,19441.997723,19442.22039,19442.651056,19449.551716,0,NaN,0,7.00000000000003,1,2,66,0.5
1594,19451.869713,19450.937048,19451.211047,19451.81638,19455.06971,0,1.99999999999996,0.0200000000000003,5.99999999999996,2,1,65,0.5
1595,19456.931041,19455.708376,19456.215709,19456.928375,19460.144372,1,1.99999999999996,0.0200000000000003,7.00000000000003,1,2,66,0.5
1596,19461.489704,19460.561705,19460.920371,19461.43637,19465.123033,1,1.99999999999996,0.0200000000000003,7.00000000000003,1,2,66,0.5
1597,19466.382365,19465.516366,19465.868366,19466.329032,19470.086362,0,1.99999999999996,0.0200000000000003,5.99999999999996,2,1,65,0.5
1598,19471.347694,19470.657694,19470.873694,19471.29436,19473.985024,0,1.99999999999996,0.0200000000000003,5.99999999999996,2,1,65,0.5
1599,19475.166357,19474.485024,19474.699024,19475.166357,19858.561973,0,NaN,0,7.00000000000003,1,2,66,0.5
1600,19918.089247,19905.466593,19905.659259,NaN,NaN,NaN,NaN,0,7.00000000000003,1,2,66,0.5
1601,19925.476573,19924.389241,19924.69324,19925.42324,19932.2199,1,1.99999999999996,0.0200000000000003,7.00000000000003,1,2,66,0.5
1602,19933.741231,19932.729232,19933.023232,19933.687898,19935.22123,1,1.99999999999996,0.0200000000000003,7.00000000000003,1,2,66,0.5
1603,19948.501217,19935.878563,19936.155896,NaN,19982.697182,NaN,NaN,0,5.99999999999996,2,1,65,0.5
1604,19988.235177,19987.432511,19987.485844,19988.235177,19989.134509,1,NaN,0,5.99999999999996,2,1,65,0.5
1605,19995.831169,19995.190503,19995.337836,19995.831169,19996.010502,0,NaN,0,7.00000000000003,1,2,66,0.5
1606,20049.375782,20047.915117,20048.093117,20049.322449,20050.704448,1,1.99999999999996,0.0200000000000003,7.00000000000003,1,2,66,0.5
1607,20052.531779,20051.70178,20052.06178,20052.531779,20066.890432,0,NaN,0,7.00000000000003,1,2,66,0.5
1608,20068.05643,20067.329764,20067.511765,20068.05643,20068.195764,0,NaN,0,7.00000000000003,1,2,66,0.5
1609,20083.391082,20082.343749,20082.659082,20083.337748,20088.223077,1,1.99999999999996,0.0200000000000003,7.00000000000003,1,2,66,0.5
1610,20090.665741,20089.945075,20090.153075,20090.612408,20092.174406,0,1.99999999999996,0.0200000000000003,5.99999999999996,2,1,65,0.5
1611,20094.455737,20093.101072,20093.715071,20094.402404,20097.9964,1,1.99999999999996,0.0200000000000003,7.00000000000003,1,2,66,0.5
1612,20100.801064,20100.033065,20100.285731,20100.747731,20101.65773,0,1.99999999999996,0.0200000000000003,5.99999999999996,2,1,65,0.5
1613,20103.501062,20102.194396,20102.757062,20103.447728,20106.514392,1,1.99999999999996,0.0200000000000003,7.00000000000003,1,2,66,0.5
1614,20108.033057,20107.049058,20107.382391,20107.979724,20108.563723,0,1.99999999999996,0.0200000000000003,5.99999999999996,2,1,65,0.5
1615,20110.461055,20109.199723,20109.731055,20110.407721,20113.145719,1,1.99999999999996,0.0200000000000003,7.00000000000003,1,2,66,0.5
1616,20114.593051,20113.689718,20114.029718,20114.539717,20115.467716,0,1.99999999999996,0.0200000000000003,5.99999999999996,2,1,65,0.5
1617,20116.693048,20115.949716,20116.268382,20116.639715,20119.463046,0,1.99999999999996,0.0200000000000003,5.99999999999996,2,1,65,0.5
1618,20120.977711,20119.947045,20120.259045,20120.924378,20121.69171,0,1.99999999999996,0.0200000000000003,5.99999999999996,2,1,65,0.5
1619,20127.467038,20126.596372,20126.785038,20127.413704,20130.606368,1,1.99999999999996,0.0200000000000003,7.00000000000003,1,2,66,0.5
1620,20132.401699,20131.522367,20131.818367,20132.348366,20135.563696,1,1.99999999999996,0.0200000000000003,7.00000000000003,1,2,66,0.5
1621,20136.997695,20135.988363,20136.351029,20136.945028,20137.891694,0,1.99999999999996,0.0200000000000003,5.99999999999996,2,1,65,0.5
1622,20139.254359,20138.423027,20138.735026,20139.201026,20139.966358,0,1.99999999999996,0.0200000000000003,5.99999999999996,2,1,65,0.5
1623,20142.416356,20141.38169,20141.71969,20142.416356,20155.447676,1,NaN,0,5.99999999999996,2,1,65,0.5
1624,20165.651666,20164.924334,20165.247,20165.651666,20169.392329,0,NaN,0,7.00000000000003,1,2,66,0.5
1625,20172.834992,20172.098326,20172.410993,20172.834992,20178.912986,0,NaN,0,7.00000000000003,1,2,66,0.5
1626,20181.150317,20180.275651,20180.544985,20181.147651,20184.320314,1,1.99999999999996,0.0200000000000003,7.00000000000003,1,2,66,0.5
1627,20186.554312,20185.933646,20186.104312,20186.500979,20192.484306,0,1.99999999999996,0.0200000000000003,5.99999999999996,2,1,65,0.5
1628,20194.686304,20192.870306,20193.112305,20194.686304,20194.822304,1,NaN,0,5.99999999999996,2,1,65,0.5
1629,20228.738937,20216.116282,20216.414282,NaN,20247.621584,NaN,NaN,0,7.00000000000003,1,2,66,0.5
1630,20348.255484,20335.632829,20335.868163,NaN,20362.094136,NaN,NaN,0,7.00000000000003,1,2,66,0.5
1631,20368.92413,20368.12213,20368.45613,20368.870796,20377.185455,0,1.99999999999996,0.0200000000000003,5.99999999999996,2,1,65,0.5
1632,20383.234115,20382.505449,20382.816782,20383.234115,20404.110761,0,NaN,0,7.00000000000003,1,2,66,0.5
1633,20408.787423,20407.818757,20408.22409,20408.787423,20424.045408,0,NaN,0,7.00000000000003,1,2,66,0.5
1634,20425.458073,20424.68874,20424.92074,20425.40474,20426.305405,0,1.99999999999996,0.0200000000000003,5.99999999999996,2,1,65,0.5
1635,20431.8674,20430.070735,20430.569401,20431.814067,20434.516064,1,1.99999999999996,0.0200000000000003,7.00000000000003,1,2,66,0.5
1636,20436.294729,20435.285396,20435.660063,20436.241396,20440.055392,1,1.99999999999996,0.0200000000000003,7.00000000000003,1,2,66,0.5
1637,20441.770723,20440.743391,20441.004724,20441.71739,20444.764054,1,1.99999999999996,0.0200000000000003,7.00000000000003,1,2,66,0.5
1638,20447.016718,20445.830719,20446.126719,20447.016718,20453.832711,1,NaN,0,5.99999999999996,2,1,65,0.5
1639,20455.433377,20454.257378,20454.739377,20455.380043,20459.134706,1,1.99999999999996,0.0200000000000003,7.00000000000003,1,2,66,0.5
1640,20460.767371,20459.778705,20460.080038,20460.714038,20465.063367,1,1.99999999999996,0.0200000000000003,7.00000000000003,1,2,66,0.5
1641,20466.697365,20465.715366,20466.089366,20466.644032,20468.266697,0,1.99999999999996,0.0200000000000003,5.99999999999996,2,1,65,0.5
1642,20470.030028,20469.002029,20469.392029,20469.976695,20471.41336,1,1.99999999999996,0.0200000000000003,7.00000000000003,1,2,66,0.5
1643,20472.958692,20471.98136,20472.414693,20472.905359,20477.497354,1,1.99999999999996,0.0200000000000003,7.00000000000003,1,2,66,0.5
1644,20479.386019,20478.30002,20478.683353,20479.383352,20480.506685,0,1.99999999999996,0.0200000000000003,5.99999999999996,2,1,65,0.5
1645,20482.234016,20481.003351,20481.522017,20482.180683,20485.514013,1,1.99999999999996,0.0200000000000003,7.00000000000003,1,2,66,0.5
1646,20487.219345,20486.153346,20486.546012,20487.166011,20489.900675,1,1.99999999999996,0.0200000000000003,7.00000000000003,1,2,66,0.5
1647,20491.620007,20490.609341,20491.014007,20491.566674,20492.632006,0,1.99999999999996,0.0200000000000003,5.99999999999996,2,1,65,0.5
1648,20494.053342,20493.166005,20493.572005,20494.000004,20494.809337,0,1.99999999999996,0.0200000000000003,5.99999999999996,2,1,65,0.5
1649,20496.336002,20495.371336,20495.778003,20496.282669,20500.352665,0,1.99999999999996,0.0200000000000003,5.99999999999996,2,1,65,0.5
1650,20501.998663,20500.824664,20501.296664,20501.94533,20503.401995,1,1.99999999999996,0.0200000000000003,7.00000000000003,1,2,66,0.5
1651,20505.00066,20503.918661,20504.306661,20504.947327,20506.291992,1,1.99999999999996,0.0200000000000003,7.00000000000003,1,2,66,0.5
1652,20507.715991,20506.690658,20507.133325,20507.713324,20508.87999,0,1.99999999999996,0.0200000000000003,5.99999999999996,2,1,65,0.5
1653,20510.861988,20509.748655,20510.249321,20510.808654,20511.896653,1,1.99999999999996,0.0200000000000003,7.00000000000003,1,2,66,0.5
1654,20513.271985,20512.279986,20512.735319,20513.218652,20513.647985,0,1.99999999999996,0.0200000000000003,5.99999999999996,2,1,65,0.5
1655,20514.88865,20514.139984,20514.469984,20514.835317,20516.625982,0,1.99999999999996,0.0200000000000003,5.99999999999996,2,1,65,0.5
1656,20518.215314,20517.214648,20517.757314,20518.16198,20520.659978,0,1.99999999999996,0.0200000000000003,5.99999999999996,2,1,65,0.5
1657,20522.524643,20521.284644,20521.759977,20522.471309,20526.197306,1,1.99999999999996,0.0200000000000003,7.00000000000003,1,2,66,0.5
1658,20527.95797,20526.921305,20527.342638,20527.904637,20531.833967,1,1.99999999999996,0.0200000000000003,7.00000000000003,1,2,66,0.5
1659,20533.311965,20532.317966,20532.685966,20533.259298,20534.193298,0,1.99999999999996,0.0200000000000003,5.99999999999996,2,1,65,0.5
1660,20535.471296,20534.711964,20535.031963,20535.417963,20536.316629,0,1.99999999999996,0.0200000000000003,5.99999999999996,2,1,65,0.5
1661,20537.562628,20536.871962,20537.128628,20537.509294,20541.147957,0,1.99999999999996,0.0200000000000003,5.99999999999996,2,1,65,0.5
1662,20542.858622,20542.280623,20542.345956,20542.858622,20548.602616,0,NaN,0,7.00000000000003,1,2,66,0.5
1663,20552.072613,20551.115947,20551.447947,20552.01928,20558.030607,0,1.99999999999996,0.0200000000000003,5.99999999999996,2,1,65,0.5
1664,20559.690605,20558.800606,20559.081939,20559.690605,20583.029915,1,NaN,0,5.99999999999996,2,1,65,0.5
1665,20590.423241,20589.639242,20589.876575,20590.369908,20593.357905,0,1.99999999999996,0.0200000000000003,5.99999999999996,2,1,65,0.5
1666,20597.428568,20596.227236,20596.601902,20597.425901,20599.239233,1,1.99999999999996,0.0200000000000003,7.00000000000003,1,2,66,0.5
1667,20600.589898,20599.700565,20599.962565,20600.589898,20611.817887,1,NaN,0,5.99999999999996,2,1,65,0.5
1668,20613.594552,20612.358553,20612.827219,20613.541218,20616.979881,1,1.99999999999996,0.0200000000000003,7.00000000000003,1,2,66,0.5
1669,20618.58388,20617.643214,20617.955214,20618.581213,20619.869879,0,1.99999999999996,0.0200000000000003,5.99999999999996,2,1,65,0.5
1670,20621.56321,20620.429878,20620.900544,20621.509877,20624.793207,1,1.99999999999996,0.0200000000000003,7.00000000000003,1,2,66,0.5
1671,20626.407205,20625.31854,20625.694539,20626.353872,20629.892535,0,1.99999999999996,0.0200000000000003,5.99999999999996,2,1,65,0.5
1672,20631.386534,20630.517201,20630.808534,20631.3332,20631.989866,0,1.99999999999996,0.0200000000000003,5.99999999999996,2,1,65,0.5
1673,20635.889863,20634.73653,20635.271863,20635.836529,20637.915861,1,1.99999999999996,0.0200000000000003,7.00000000000003,1,2,66,0.5
1674,20639.299192,20638.410527,20638.778526,20639.245859,20640.210525,0,1.99999999999996,0.0200000000000003,5.99999999999996,2,1,65,0.5
1675,20641.997856,20640.987191,20641.447857,20641.944523,20643.281188,0,1.99999999999996,0.0200000000000003,5.99999999999996,2,1,65,0.5
1676,20644.927853,20643.847855,20644.325854,20644.87452,20648.48185,1,1.99999999999996,0.0200000000000003,7.00000000000003,1,2,66,0.5
1677,20650.010515,20649.055849,20649.457182,20649.957182,20653.595178,1,1.99999999999996,0.0200000000000003,7.00000000000003,1,2,66,0.5
1678,20655.30251,20654.389177,20654.73051,20655.249177,20657.688507,0,1.99999999999996,0.0200000000000003,5.99999999999996,2,1,65,0.5
1679,20658.992506,20658.19984,20658.486507,20658.939173,20662.972502,0,1.99999999999996,0.0200000000000003,5.99999999999996,2,1,65,0.5
1680,20664.895167,20663.587835,20664.080501,20664.841834,20667.650497,1,1.99999999999996,0.0200000000000003,7.00000000000003,1,2,66,0.5
1681,20669.032496,20668.181164,20668.533163,20668.979163,20672.320493,0,1.99999999999996,0.0200000000000003,5.99999999999996,2,1,65,0.5
1682,20673.647158,20672.881159,20673.167159,20673.593825,20678.899153,0,1.99999999999996,0.0200000000000003,5.99999999999996,2,1,65,0.5
1683,20681.085817,20680.006485,20680.430485,20681.032484,20684.285814,1,1.99999999999996,0.0200000000000003,7.00000000000003,1,2,66,0.5
1684,20685.941812,20685.073147,20685.37648,20685.888479,20688.618476,1,1.99999999999996,0.0200000000000003,7.00000000000003,1,2,66,0.5
1685,20690.053808,20689.109143,20689.453809,20690.000475,20692.839806,0,1.99999999999996,0.0200000000000003,5.99999999999996,2,1,65,0.5
1686,20694.257138,20693.527805,20693.821138,20694.203804,20697.863134,0,1.99999999999996,0.0200000000000003,5.99999999999996,2,1,65,0.5
1687,20699.443799,20698.411133,20698.856466,20699.390466,20701.945796,1,1.99999999999996,0.0200000000000003,7.00000000000003,1,2,66,0.5
1688,20703.366462,20702.494463,20702.790462,20703.313128,20706.615125,1,1.99999999999996,0.0200000000000003,7.00000000000003,1,2,66,0.5
1689,20707.923791,20707.033125,20707.345124,20707.870457,20711.43512,0,1.99999999999996,0.0200000000000003,5.99999999999996,2,1,65,0.5
1690,20713.183786,20712.449786,20712.731119,20713.130452,20716.597115,0,1.99999999999996,0.0200000000000003,5.99999999999996,2,1,65,0.5
1691,20717.853781,20717.144448,20717.403114,20717.800447,20720.761111,0,1.99999999999996,0.0200000000000003,5.99999999999996,2,1,65,0.5
1692,20722.437776,20721.40111,20721.839777,20722.384443,20725.623774,1,1.99999999999996,0.0200000000000003,7.00000000000003,1,2,66,0.5
1693,20727.240438,20726.400439,20726.691105,20727.187105,NaN,1,1.99999999999996,0.0200000000000003,7.00000000000003,1,2,66,0.5
