trial,outcome,center_in,center_out,side_in,last_side_out,actions,reward,trial_types,odors,port_side,schedule,odor_name,odor_dur
1,82.636061,79.46524,79.508907,82.565894,1819.76894,1,1.99999999999996,0.0200000000000003,7.00000000000003,1,2,66,0.5
2,1825.139419,1824.517593,1824.56976,1825.114758,1846.436172,1,NaN,0,7.00000000000003,1,2,66,0.5
3,1856.768126,1852.550977,1852.615142,1856.679459,1861.449774,1,2.99999999999994,0.0299999999999997,7.00000000000003,1,2,66,0.5
4,1865.147425,1863.588604,1864.312101,1865.008265,1875.693883,1,2.99999999999994,0.0299999999999997,7.00000000000003,1,2,66,0.5
5,1876.982545,1876.177548,1876.413052,1876.889044,1880.893362,1,2.99999999999994,0.0299999999999997,7.00000000000003,1,2,66,0.5
6,1884.352854,1883.389852,1883.572024,1884.352854,1891.728986,1,NaN,0,5.99999999999996,2,1,65,0.5
7,1892.706815,1892.076151,1892.27815,1892.704654,1902.362609,1,2.99999999999994,0.0299999999999997,7.00000000000003,1,2,66,0.5
8,1905.251098,1904.44494,1904.899432,1905.251098,1927.340682,1,NaN,0,5.99999999999996,2,1,65,0.5
9,1933.796151,1933.016993,1933.338985,1933.796151,1941.438626,1,NaN,0,5.99999999999996,2,1,65,0.5
10,1942.93112,1941.860286,1942.319289,1942.93112,1946.138273,1,NaN,0,5.99999999999996,2,1,65,0.5
11,1963.686703,1963.064033,1963.280366,1963.63537,1971.319,0,2.99999999999994,0.0299999999999997,5.99999999999996,2,1,65,0.5
12,1974.788826,1973.75399,1974.203824,1974.673987,1976.683318,0,2.99999999999994,0.0299999999999997,5.99999999999996,2,1,65,0.5
13,1978.288811,1977.115478,1977.737308,1978.288811,1997.573062,1,NaN,0,5.99999999999996,2,1,65,0.5
14,2003.838043,2003.215212,2003.319206,2003.76287,2020.033145,1,2.99999999999994,0.0299999999999997,7.00000000000003,1,2,66,0.5
15,2024.835619,2023.954796,2024.235128,2024.835619,2039.667893,1,NaN,0,5.99999999999996,2,1,65,0.5
16,2041.458553,2040.53039,2040.772556,2041.458553,2060.141484,1,NaN,0,5.99999999999996,2,1,65,0.5
17,2070.960607,2070.337777,2070.41561,2070.854269,2078.681905,0,2.99999999999994,0.0299999999999997,5.99999999999996,2,1,65,0.5
18,2080.195571,2079.372241,2079.636239,2080.112899,2083.506051,0,2.99999999999994,0.0299999999999997,5.99999999999996,2,1,65,0.5
19,2088.507537,2087.501035,2087.690874,2088.452538,2123.259232,1,2.99999999999994,0.0299999999999997,7.00000000000003,1,2,66,0.5
20,2126.736046,2125.936882,2126.176881,2126.736046,2130.441536,1,NaN,0,5.99999999999996,2,1,65,0.5
21,2136.497345,2135.928348,2135.977175,2136.368173,2140.57799,0,2.99999999999994,0.0299999999999997,5.99999999999996,2,1,65,0.5
22,2146.97197,2146.2283,2146.442806,2146.878798,2152.664275,0,2.99999999999994,0.0299999999999997,5.99999999999996,2,1,65,0.5
23,2160.860076,2160.155917,2160.43291,2160.860076,2167.232889,0,NaN,0,7.00000000000003,1,2,66,0.5
24,2172.644028,2172.088036,2172.162536,2172.644028,2187.874134,0,NaN,0,7.00000000000003,1,2,66,0.5
25,2188.926802,2188.2743,2188.367804,2188.926802,2207.804554,1,NaN,0,5.99999999999996,2,1,65,0.5
26,2208.833723,2208.205892,2208.429886,2208.833723,2216.16736,1,NaN,0,5.99999999999996,2,1,65,0.5
27,2217.823348,2216.593692,2217.235689,2217.769688,2222.567662,1,2.99999999999994,0.0299999999999997,7.00000000000003,1,2,66,0.5
28,2224.671321,2223.698825,2224.179661,2224.671321,2258.210853,1,NaN,0,5.99999999999996,2,1,65,0.5
29,2261.838511,2261.119175,2261.389179,2261.838511,2277.667108,0,NaN,0,7.00000000000003,1,2,66,0.5
30,2278.969275,2278.054112,2278.480606,2278.846103,2312.676801,0,2.99999999999994,0.0299999999999997,5.99999999999996,2,1,65,0.5
31,2313.969302,2313.274138,2313.491965,2313.969302,2338.389198,1,NaN,0,5.99999999999996,2,1,65,0.5
32,2339.634699,2338.795197,2339.033029,2339.634699,2352.226476,1,NaN,0,5.99999999999996,2,1,65,0.5
33,2353.042813,2352.561314,2352.728814,2353.042813,2362.600441,0,NaN,0,7.00000000000003,1,2,66,0.5
34,2363.94293,2363.334932,2363.434265,2363.831603,2369.946912,1,2.99999999999994,0.0299999999999997,7.00000000000003,1,2,66,0.5
35,2371.05724,2370.34891,2370.585742,2370.981407,2376.861884,0,2.99999999999994,0.0299999999999997,5.99999999999996,2,1,65,0.5
36,2378.180712,2377.311715,2377.517715,2378.178545,2383.875017,1,2.99999999999994,0.0299999999999997,7.00000000000003,1,2,66,0.5
37,2385.414516,2384.472353,2384.679186,2385.41235,2392.445482,1,2.99999999999994,0.0299999999999997,7.00000000000003,1,2,66,0.5
38,2394.544807,2393.839644,2394.140643,2394.544807,2401.387446,0,NaN,0,7.00000000000003,1,2,66,0.5
39,2402.986113,2401.796611,2402.598109,2402.986113,2411.41024,0,NaN,0,7.00000000000003,1,2,66,0.5
40,2412.877907,2411.778578,2412.477236,2412.877907,2420.502376,1,NaN,0,5.99999999999996,2,1,65,0.5
41,2422.226869,2420.864875,2421.635532,2422.226869,2424.771526,1,NaN,0,5.99999999999996,2,1,65,0.5
42,2430.626002,2429.443507,2429.965332,2430.518997,2436.870305,1,2.99999999999994,0.0299999999999997,7.00000000000003,1,2,66,0.5
43,2438.109966,2437.383136,2437.587469,2438.109966,2443.237279,1,NaN,0,5.99999999999996,2,1,65,0.5
44,2444.89344,2443.65295,2444.150276,2444.891112,2449.354088,1,2.99999999999994,0.0299999999999997,7.00000000000003,1,2,66,0.5
45,2450.813749,2449.81342,2450.151085,2450.813749,2456.874397,1,NaN,0,5.99999999999996,2,1,65,0.5
46,2462.183043,2461.140041,2461.685372,2462.07787,2464.718532,0,2.99999999999994,0.0299999999999997,5.99999999999996,2,1,65,0.5
47,2466.641025,2465.261192,2465.638195,2466.630025,2471.414833,1,2.99999999999994,0.0299999999999997,7.00000000000003,1,2,66,0.5
48,2473.099666,2471.880832,2472.280164,2473.097499,2476.332153,1,2.99999999999994,0.0299999999999997,7.00000000000003,1,2,66,0.5
49,2477.861313,2476.796145,2477.10781,2477.861313,2483.367619,1,NaN,0,5.99999999999996,2,1,65,0.5
50,2485.169278,2483.911616,2484.376281,2485.169278,2490.540763,1,NaN,0,5.99999999999996,2,1,65,0.5
51,2505.074538,2504.265202,2504.487367,2505.074538,2509.718352,1,NaN,0,5.99999999999996,2,1,65,0.5
52,2515.274497,2514.673993,2514.905993,2515.274497,2525.335784,0,NaN,0,7.00000000000003,1,2,66,0.5
53,2526.330114,2525.707455,2525.909615,2526.275948,2534.666747,0,2.99999999999994,0.0299999999999997,5.99999999999996,2,1,65,0.5
54,2536.453079,2535.572576,2535.756576,2536.453079,2544.44938,1,NaN,0,5.99999999999996,2,1,65,0.5
55,2641.96449,2640.746156,2641.016321,2641.96449,2658.369252,1,NaN,0,5.99999999999996,2,1,65,0.5
56,2659.41692,2658.794256,2658.966083,2659.346582,2668.188385,0,2.99999999999994,0.0299999999999997,5.99999999999996,2,1,65,0.5
57,2669.727212,2668.75171,2668.96871,2669.725046,2674.935019,1,2.99999999999994,0.0299999999999997,7.00000000000003,1,2,66,0.5
58,2676.086348,2675.395023,2675.597022,2676.086348,2681.964663,1,NaN,0,5.99999999999996,2,1,65,0.5
59,2682.956826,2682.334323,2682.494155,2682.886654,2687.083976,0,2.99999999999994,0.0299999999999997,5.99999999999996,2,1,65,0.5
60,2688.409304,2687.584974,2687.873973,2688.407138,2691.105627,0,2.99999999999994,0.0299999999999997,5.99999999999996,2,1,65,0.5
61,2692.469455,2691.545953,2691.96229,2692.400782,2696.338934,0,2.99999999999994,0.0299999999999997,5.99999999999996,2,1,65,0.5
62,2697.596768,2696.971597,2697.127603,2697.596768,2711.068714,0,NaN,0,7.00000000000003,1,2,66,0.5
63,2712.424042,2711.801371,2711.99021,2712.366369,2716.832352,0,2.99999999999994,0.0299999999999997,5.99999999999996,2,1,65,0.5
64,2717.926848,2717.304683,2717.470855,2717.835353,2730.821795,0,2.99999999999994,0.0299999999999997,5.99999999999996,2,1,65,0.5
65,2737.646935,2736.843771,2737.234603,2737.646935,2749.606388,0,NaN,0,7.00000000000003,1,2,66,0.5
66,2750.998554,2750.224384,2750.468889,2750.907548,2757.563188,0,2.99999999999994,0.0299999999999997,5.99999999999996,2,1,65,0.5
67,2758.682523,2758.110359,2758.276852,2758.682523,2765.334997,0,NaN,0,7.00000000000003,1,2,66,0.5
68,2767.00599,2765.701823,2766.188993,2767.003823,2771.006969,1,2.99999999999994,0.0299999999999997,7.00000000000003,1,2,66,0.5
69,2772.25713,2771.534633,2771.749298,2772.165636,2776.526613,0,2.99999999999994,0.0299999999999997,5.99999999999996,2,1,65,0.5
70,2777.846275,2776.93745,2777.195777,2777.695781,2783.098926,0,2.99999999999994,0.0299999999999997,5.99999999999996,2,1,65,0.5
71,2784.290248,2783.668751,2783.844089,2784.290248,2790.003225,0,NaN,0,7.00000000000003,1,2,66,0.5
72,2795.750869,2795.143377,2795.351038,2795.750869,2803.09134,0,NaN,0,7.00000000000003,1,2,66,0.5
73,2804.924005,2803.494505,2804.196836,2804.924005,2811.528306,1,NaN,0,5.99999999999996,2,1,65,0.5
74,2812.513469,2811.890644,2812.08347,2812.441636,2820.493937,0,2.99999999999994,0.0299999999999997,5.99999999999996,2,1,65,0.5
75,2821.651932,2821.078268,2821.270767,2821.651932,2829.120575,0,NaN,0,7.00000000000003,1,2,66,0.5
76,2830.829235,2829.6789,2830.362237,2830.829235,2844.252181,1,NaN,0,5.99999999999996,2,1,65,0.5
77,2845.353505,2844.610174,2844.789179,2845.277677,2849.601488,0,2.99999999999994,0.0299999999999997,5.99999999999996,2,1,65,0.5
78,2850.697489,2850.134652,2850.341484,2850.697489,2864.774932,0,NaN,0,7.00000000000003,1,2,66,0.5
79,2883.047854,2882.089863,2882.481689,2882.909354,2891.402159,0,2.99999999999994,0.0299999999999997,5.99999999999996,2,1,65,0.5
80,2892.787981,2892.139817,2892.374816,2892.787981,2900.567789,0,NaN,0,7.00000000000003,1,2,66,0.5
81,2908.146592,2907.414095,2907.649594,2908.074592,2911.438412,0,2.99999999999994,0.0299999999999997,5.99999999999996,2,1,65,0.5
82,2913.360071,2911.904077,2912.369236,2913.357899,2916.595558,1,2.99999999999994,0.0299999999999997,7.00000000000003,1,2,66,0.5
83,2917.959048,2916.999718,2917.22855,2917.95688,2921.640205,1,2.99999999999994,0.0299999999999997,7.00000000000003,1,2,66,0.5
84,2922.91086,2922.168197,2922.382035,2922.91086,2928.664337,1,NaN,0,5.99999999999996,2,1,65,0.5
85,2934.124322,2933.367652,2933.577651,2934.043316,2939.504961,0,2.99999999999994,0.0299999999999997,5.99999999999996,2,1,65,0.5
86,2941.564292,2940.373124,2940.567129,2941.562125,2946.022268,1,2.99999999999994,0.0299999999999997,7.00000000000003,1,2,66,0.5
87,2947.251269,2946.543772,2946.740932,2947.251269,2953.944909,1,NaN,0,5.99999999999996,2,1,65,0.5
88,2956.251894,2954.517067,2955.629063,2956.249566,2961.826371,0,2.99999999999994,0.0299999999999997,5.99999999999996,2,1,65,0.5
89,2963.443698,2962.388708,2962.826873,2963.443698,2968.414851,1,NaN,0,5.99999999999996,2,1,65,0.5
90,2969.745679,2968.891849,2969.296508,2969.745679,3005.002199,1,NaN,0,5.99999999999996,2,1,65,0.5
91,3008.779517,3008.013859,3008.191025,3008.779517,3017.760148,1,NaN,0,5.99999999999996,2,1,65,0.5
92,3018.888482,3018.272485,3018.415312,3018.812477,3023.760963,0,2.99999999999994,0.0299999999999997,5.99999999999996,2,1,65,0.5
93,3025.318457,3024.394627,3024.852625,3025.205452,3037.141403,0,2.99999999999994,0.0299999999999997,5.99999999999996,2,1,65,0.5
94,3040.74589,3039.903892,3040.131731,3040.632889,3044.911378,0,2.99999999999994,0.0299999999999997,5.99999999999996,2,1,65,0.5
95,3047.922194,3046.411034,3046.739699,3047.920027,3052.514681,1,2.99999999999994,0.0299999999999997,7.00000000000003,1,2,66,0.5
96,3054.293841,3053.551671,3053.797676,3054.207002,3058.508324,0,2.99999999999994,0.0299999999999997,5.99999999999996,2,1,65,0.5
97,3059.822485,3059.043655,3059.366654,3059.715646,3073.170093,0,2.99999999999994,0.0299999999999997,5.99999999999996,2,1,65,0.5
98,3074.55426,3073.669257,3074.041262,3074.47976,3081.118728,0,2.99999999999994,0.0299999999999997,5.99999999999996,2,1,65,0.5
99,3082.636727,3081.776892,3082.126396,3082.636727,3085.873048,0,NaN,0,7.00000000000003,1,2,66,0.5
100,3092.378683,3091.638019,3091.841024,3092.30385,3096.632005,0,2.99999999999994,0.0299999999999997,5.99999999999996,2,1,65,0.5
101,3097.845661,3097.231002,3097.415335,3097.845661,3103.762976,0,NaN,0,7.00000000000003,1,2,66,0.5
102,3105.572636,3104.696967,3105.171465,3105.572636,3110.658777,0,NaN,0,7.00000000000003,1,2,66,0.5
103,3112.399936,3111.452445,3111.553606,3112.344436,3117.263756,1,2.99999999999994,0.0299999999999997,7.00000000000003,1,2,66,0.5
104,3118.842583,3118.008247,3118.191746,3118.842583,3124.755053,0,NaN,0,7.00000000000003,1,2,66,0.5
105,3126.19372,3125.403384,3125.654049,3126.191387,3131.315027,0,2.99999999999994,0.0299999999999997,5.99999999999996,2,1,65,0.5
106,3132.574189,3131.893358,3132.125529,3132.574189,3139.088835,0,NaN,0,7.00000000000003,1,2,66,0.5
107,3140.974994,3139.721666,3140.42683,3140.972827,3144.221976,0,2.99999999999994,0.0299999999999997,5.99999999999996,2,1,65,0.5
108,3145.786303,3144.69114,3145.014805,3145.727303,3150.541456,1,2.99999999999994,0.0299999999999997,7.00000000000003,1,2,66,0.5
109,3151.845951,3150.952788,3151.167947,3151.843784,3156.725092,1,2.99999999999994,0.0299999999999997,7.00000000000003,1,2,66,0.5
110,3157.87742,3157.233262,3157.444089,3157.87742,3164.3889,0,NaN,0,7.00000000000003,1,2,66,0.5
111,3165.701562,3164.863899,3165.21573,3165.701562,3167.238384,1,NaN,0,5.99999999999996,2,1,65,0.5
112,3189.217129,3188.353805,3188.63147,3189.214962,3195.303271,0,2.99999999999994,0.0299999999999997,5.99999999999996,2,1,65,0.5
113,3196.710432,3195.933108,3196.240101,3196.710432,3204.143069,0,NaN,0,7.00000000000003,1,2,66,0.5
114,3205.316737,3204.548734,3204.761233,3205.31457,3210.878208,1,2.99999999999994,0.0299999999999997,7.00000000000003,1,2,66,0.5
115,3212.281203,3211.36204,3211.588378,3212.279036,3216.464353,1,2.99999999999994,0.0299999999999997,7.00000000000003,1,2,66,0.5
116,3217.565188,3217.030856,3217.153184,3217.565188,3229.264302,1,NaN,0,5.99999999999996,2,1,65,0.5
117,3230.274298,3229.634301,3229.799799,3230.274298,3241.288587,1,NaN,0,5.99999999999996,2,1,65,0.5
118,3242.482415,3241.928251,3242.036917,3242.482415,3252.608709,0,NaN,0,7.00000000000003,1,2,66,0.5
119,3253.763204,3252.961374,3253.182207,3253.763204,3257.492689,1,NaN,0,5.99999999999996,2,1,65,0.5
120,3261.613345,3260.916508,3261.229174,3261.613345,3267.219316,0,NaN,0,7.00000000000003,1,2,66,0.5
121,3268.515645,3267.613821,3268.130479,3268.515645,3271.337806,0,NaN,0,7.00000000000003,1,2,66,0.5
122,3275.071624,3274.173789,3274.581793,3274.992291,3277.866774,0,2.99999999999994,0.0299999999999997,5.99999999999996,2,1,65,0.5
123,3279.601434,3278.550271,3278.942276,3279.55544,3283.797589,1,2.99999999999994,0.0299999999999997,7.00000000000003,1,2,66,0.5
124,3285.229078,3284.273916,3284.582414,3285.229078,3303.625171,1,NaN,0,5.99999999999996,2,1,65,0.5
125,3305.819163,3305.201665,3305.365497,3305.816995,3308.016153,0,2.99999999999994,0.0299999999999997,5.99999999999996,2,1,65,0.5
126,3309.942985,3308.807484,3309.187655,3309.940812,3314.530967,1,2.99999999999994,0.0299999999999997,7.00000000000003,1,2,66,0.5
127,3315.903461,3314.983292,3315.43813,3315.903461,3321.547266,1,NaN,0,5.99999999999996,2,1,65,0.5
128,3332.828887,3332.136396,3332.416222,3332.828887,3360.271944,0,NaN,0,7.00000000000003,1,2,66,0.5
129,3361.61394,3360.796609,3360.997942,3361.501273,3370.674236,0,2.99999999999994,0.0299999999999997,5.99999999999996,2,1,65,0.5
130,3372.866567,3371.90507,3372.191069,3372.7749,3376.513719,0,2.99999999999994,0.0299999999999997,5.99999999999996,2,1,65,0.5
131,3377.897713,3377.020044,3377.23821,3377.897713,3383.552352,1,NaN,0,5.99999999999996,2,1,65,0.5
132,3385.929342,3385.079184,3385.383183,3385.929342,3392.197817,1,NaN,0,5.99999999999996,2,1,65,0.5
133,3393.680811,3392.613316,3392.835987,3393.680811,3404.201436,0,NaN,0,7.00000000000003,1,2,66,0.5
134,3405.093098,3404.524435,3404.7321,3405.093098,3408.490424,0,NaN,0,7.00000000000003,1,2,66,0.5
135,3414.589066,3413.809069,3414.072396,3414.506395,3417.80772,0,2.99999999999994,0.0299999999999997,5.99999999999996,2,1,65,0.5
136,3419.181543,3418.261379,3418.649883,3419.083542,3421.616199,0,2.99999999999994,0.0299999999999997,5.99999999999996,2,1,65,0.5
137,3422.982366,3422.03087,3422.334369,3422.980199,3426.704018,1,2.99999999999994,0.0299999999999997,7.00000000000003,1,2,66,0.5
138,3428.157012,3427.238849,3427.530842,3428.137845,3433.341652,1,2.99999999999994,0.0299999999999997,7.00000000000003,1,2,66,0.5
139,3434.467981,3433.80115,3434.027822,3434.467981,3440.946794,0,NaN,0,7.00000000000003,1,2,66,0.5
140,3442.444449,3441.373286,3441.811952,3442.444449,3448.396431,1,NaN,0,5.99999999999996,2,1,65,0.5
141,3449.813925,3449.085756,3449.446422,3449.813925,3455.500736,0,NaN,0,7.00000000000003,1,2,66,0.5
142,3457.838393,3456.574232,3457.426228,3457.838393,3462.043204,0,NaN,0,7.00000000000003,1,2,66,0.5
143,3465.966021,3465.324025,3465.598356,3465.966021,3471.752665,0,NaN,0,7.00000000000003,1,2,66,0.5
144,3473.709158,3472.139497,3473.173999,3473.608164,3475.879154,0,2.99999999999994,0.0299999999999997,5.99999999999996,2,1,65,0.5
145,3477.196977,3476.316813,3476.648979,3477.196977,3483.002621,1,NaN,0,5.99999999999996,2,1,65,0.5
146,3484.843452,3483.401618,3484.412454,3484.843452,3492.303583,0,NaN,0,7.00000000000003,1,2,66,0.5
147,3493.281418,3492.641587,3492.92792,3493.281418,3498.833224,0,NaN,0,7.00000000000003,1,2,66,0.5
148,3499.767059,3499.155555,3499.377554,3499.767059,3505.870528,1,NaN,0,5.99999999999996,2,1,65,0.5
149,3509.311187,3508.688518,3508.899356,3509.250515,3511.349013,0,2.99999999999994,0.0299999999999997,5.99999999999996,2,1,65,0.5
150,3512.700507,3511.715338,3512.028677,3512.698335,3517.123317,1,2.99999999999994,0.0299999999999997,7.00000000000003,1,2,66,0.5
151,3518.543144,3517.540815,3517.992486,3518.543144,3524.655287,1,NaN,0,5.99999999999996,2,1,65,0.5
152,3529.727106,3529.001442,3529.234608,3529.633767,3533.240419,0,2.99999999999994,0.0299999999999997,5.99999999999996,2,1,65,0.5
153,3534.913252,3534.165421,3534.399748,3534.826585,3538.102733,0,2.99999999999994,0.0299999999999997,5.99999999999996,2,1,65,0.5
154,3539.349895,3538.556898,3538.861897,3539.251068,3547.422868,0,2.99999999999994,0.0299999999999997,5.99999999999996,2,1,65,0.5
155,3548.776691,3548.024866,3548.290026,3548.694863,3553.03234,0,2.99999999999994,0.0299999999999997,5.99999999999996,2,1,65,0.5
156,3554.330501,3553.588172,3553.936336,3554.330501,3562.272476,0,NaN,0,7.00000000000003,1,2,66,0.5
157,3564.015797,3562.671635,3563.438965,3563.892963,3568.67745,0,2.99999999999994,0.0299999999999997,5.99999999999996,2,1,65,0.5
158,3570.106611,3569.207114,3569.589774,3570.106611,3577.19391,0,NaN,0,7.00000000000003,1,2,66,0.5
159,3579.126075,3577.597414,3578.532077,3579.001069,3583.273725,0,2.99999999999994,0.0299999999999997,5.99999999999996,2,1,65,0.5
160,3584.676047,3583.730551,3584.207216,3584.676047,3589.841199,0,NaN,0,7.00000000000003,1,2,66,0.5
161,3592.001684,3590.228697,3591.513025,3592.001684,3599.525821,0,NaN,0,7.00000000000003,1,2,66,0.5
162,3601.822484,3599.979653,3601.012487,3601.820317,3606.460293,1,2.99999999999994,0.0299999999999997,7.00000000000003,1,2,66,0.5
163,3607.926293,3607.028457,3607.254629,3607.924126,3611.366773,1,2.99999999999994,0.0299999999999997,7.00000000000003,1,2,66,0.5
164,3612.997106,3611.804944,3612.401775,3612.8921,3616.353921,0,2.99999999999994,0.0299999999999997,5.99999999999996,2,1,65,0.5
165,3617.938253,3616.766924,3617.393582,3617.860914,3622.836227,0,2.99999999999994,0.0299999999999997,5.99999999999996,2,1,65,0.5
166,3624.347388,3623.312392,3623.858557,3624.347388,3631.256533,0,NaN,0,7.00000000000003,1,2,66,0.5
167,3632.844021,3631.667031,3632.083524,3632.841693,3638.053333,1,2.99999999999994,0.0299999999999997,7.00000000000003,1,2,66,0.5
168,3639.486167,3638.444832,3638.688503,3639.483995,3643.659144,1,2.99999999999994,0.0299999999999997,7.00000000000003,1,2,66,0.5
169,3644.969806,3644.215481,3644.428474,3644.969806,3652.216944,1,NaN,0,5.99999999999996,2,1,65,0.5
170,3654.246936,3652.673114,3653.699937,3654.193935,3657.083258,0,2.99999999999994,0.0299999999999997,5.99999999999996,2,1,65,0.5
171,3658.586252,3657.558922,3657.94092,3658.584251,3663.320065,1,2.99999999999994,0.0299999999999997,7.00000000000003,1,2,66,0.5
172,3664.630394,3663.908396,3664.103235,3664.630394,3670.772708,1,NaN,0,5.99999999999996,2,1,65,0.5
173,3672.616695,3671.125873,3671.782865,3672.614528,3677.778014,1,2.99999999999994,0.0299999999999997,7.00000000000003,1,2,66,0.5
174,3679.056836,3678.296172,3678.584504,3679.056836,3683.084159,0,NaN,0,7.00000000000003,1,2,66,0.5
175,3685.910309,3684.968812,3685.218484,3685.795481,3689.473461,0,2.99999999999994,0.0299999999999997,5.99999999999996,2,1,65,0.5
176,3691.077794,3689.870626,3690.520629,3690.959455,3694.042942,0,2.99999999999994,0.0299999999999997,5.99999999999996,2,1,65,0.5
177,3695.55977,3694.511941,3695.148277,3695.55977,3705.180731,0,NaN,0,7.00000000000003,1,2,66,0.5
178,3706.972058,3705.626235,3706.400893,3706.868725,3711.269207,0,2.99999999999994,0.0299999999999997,5.99999999999996,2,1,65,0.5
179,3712.891706,3711.672873,3712.036377,3712.889535,3717.482521,1,2.99999999999994,0.0299999999999997,7.00000000000003,1,2,66,0.5
180,3719.279681,3718.044847,3718.328179,3719.277514,3724.042662,1,2.99999999999994,0.0299999999999997,7.00000000000003,1,2,66,0.5
181,3725.318318,3724.483321,3724.748486,3725.318318,3732.613788,1,NaN,0,5.99999999999996,2,1,65,0.5
182,3734.682453,3733.020293,3734.071616,3734.567781,3739.910426,0,2.99999999999994,0.0299999999999997,5.99999999999996,2,1,65,0.5
183,3741.966918,3741.022755,3741.383253,3741.823585,3747.503896,0,2.99999999999994,0.0299999999999997,5.99999999999996,2,1,65,0.5
184,3748.821396,3747.959233,3748.343565,3748.763891,3752.112378,0,2.99999999999994,0.0299999999999997,5.99999999999996,2,1,65,0.5
185,3753.557038,3752.510715,3753.053206,3753.557038,3759.074355,0,NaN,0,7.00000000000003,1,2,66,0.5
186,3761.678339,3759.457347,3761.033008,3761.568672,3773.556625,0,2.99999999999994,0.0299999999999997,5.99999999999996,2,1,65,0.5
187,3775.376951,3774.134123,3774.831292,3775.299457,3778.280778,0,2.99999999999994,0.0299999999999997,5.99999999999996,2,1,65,0.5
188,3779.874933,3778.75511,3779.026609,3779.872766,3783.808423,1,2.99999999999994,0.0299999999999997,7.00000000000003,1,2,66,0.5
189,3785.292078,3784.316748,3784.54592,3785.289911,3789.660893,1,2.99999999999994,0.0299999999999997,7.00000000000003,1,2,66,0.5
190,3791.424387,3790.389557,3790.580062,3791.36322,3795.317371,1,2.99999999999994,0.0299999999999997,7.00000000000003,1,2,66,0.5
191,3797.232364,3795.799035,3796.493033,3797.230196,3802.128349,1,2.99999999999994,0.0299999999999997,7.00000000000003,1,2,66,0.5
192,3803.592838,3802.582842,3803.001674,3803.515838,3806.985997,0,2.99999999999994,0.0299999999999997,5.99999999999996,2,1,65,0.5
193,3808.311486,3807.489489,3807.715988,3808.252652,3809.999818,0,2.99999999999994,0.0299999999999997,5.99999999999996,2,1,65,0.5
194,3811.564473,3810.338644,3810.787648,3811.562145,3816.587958,1,2.99999999999994,0.0299999999999997,7.00000000000003,1,2,66,0.5
195,3817.851947,3817.085951,3817.287616,3817.851947,3822.874761,1,NaN,0,5.99999999999996,2,1,65,0.5
196,3838.685537,3837.719707,3837.985539,3838.68337,3841.468019,0,2.99999999999994,0.0299999999999997,5.99999999999996,2,1,65,0.5
197,3843.107019,3841.859018,3842.265356,3843.104852,3847.36683,1,2.99999999999994,0.0299999999999997,7.00000000000003,1,2,66,0.5
198,3848.78599,3847.952166,3848.166332,3848.78599,3855.874795,1,NaN,0,5.99999999999996,2,1,65,0.5
199,3857.467795,3856.236133,3856.981791,3857.467795,3866.411253,0,NaN,0,7.00000000000003,1,2,66,0.5
200,3867.946247,3866.783924,3867.242916,3867.822081,3872.140063,0,2.99999999999994,0.0299999999999997,5.99999999999996,2,1,65,0.5
201,3873.24456,3872.531729,3872.788727,3873.184226,3876.299881,0,2.99999999999994,0.0299999999999997,5.99999999999996,2,1,65,0.5
202,3877.412882,3876.653051,3877.033211,3877.412882,3882.754354,0,NaN,0,7.00000000000003,1,2,66,0.5
203,3884.293021,3883.327685,3883.61369,3884.166849,3888.532498,1,2.99999999999994,0.0299999999999997,7.00000000000003,1,2,66,0.5
204,3889.891493,3888.88983,3889.313662,3889.889165,3892.11949,0,2.99999999999994,0.0299999999999997,5.99999999999996,2,1,65,0.5
205,3893.256312,3892.501488,3892.71882,3893.256312,3899.520127,1,NaN,0,5.99999999999996,2,1,65,0.5
206,3900.993454,3899.906119,3900.569622,3900.993454,3906.968425,0,NaN,0,7.00000000000003,1,2,66,0.5
207,3924.626687,3912.006071,3912.322742,NaN,4070.170111,NaN,NaN,0,7.00000000000003,1,2,66,0.5
208,4071.786932,4070.960607,4071.142607,4071.701099,4087.826535,0,2.99999999999994,0.0299999999999997,5.99999999999996,2,1,65,0.5
209,4089.270034,4088.335205,4088.376699,4089.270034,4095.164172,1,NaN,0,5.99999999999996,2,1,65,0.5
210,4096.517833,4095.714669,4095.915002,4096.419166,4126.800211,0,2.99999999999994,0.0299999999999997,5.99999999999996,2,1,65,0.5
211,4127.823041,4127.214043,4127.396876,4127.823041,4135.848842,0,NaN,0,7.00000000000003,1,2,66,0.5
212,4136.882171,4136.27334,4136.460673,4136.882171,4148.628291,0,NaN,0,7.00000000000003,1,2,66,0.5
213,4149.765787,4149.080622,4149.149789,4149.76362,4154.737766,0,2.99999999999994,0.0299999999999997,5.99999999999996,2,1,65,0.5
214,4155.880934,4155.143098,4155.366598,4155.880934,4164.264729,0,NaN,0,7.00000000000003,1,2,66,0.5
215,4165.368724,4164.62256,4164.995059,4165.368724,4172.626028,0,NaN,0,7.00000000000003,1,2,66,0.5
216,4173.630357,4173.111694,4173.264859,4173.630357,4180.846662,0,NaN,0,7.00000000000003,1,2,66,0.5
217,4182.690661,4181.375999,4182.024824,4182.688488,4187.20447,1,2.99999999999994,0.0299999999999997,7.00000000000003,1,2,66,0.5
218,4188.843469,4187.627141,4188.144639,4188.772297,4192.452449,1,2.99999999999994,0.0299999999999997,7.00000000000003,1,2,66,0.5
219,4193.796949,4192.971613,4193.205452,4193.796949,4201.863917,0,NaN,0,7.00000000000003,1,2,66,0.5
220,4203.24324,4202.205416,4202.409082,4203.241072,4208.806383,1,2.99999999999994,0.0299999999999997,7.00000000000003,1,2,66,0.5
221,4210.177384,4209.247554,4209.477553,4210.177384,4217.23485,1,NaN,0,5.99999999999996,2,1,65,0.5
222,4218.876176,4217.800347,4218.434678,4218.876176,4226.251647,0,NaN,0,7.00000000000003,1,2,66,0.5
223,4228.153307,4226.664979,4227.610975,4228.151139,4229.531301,0,2.99999999999994,0.0299999999999997,5.99999999999996,2,1,65,0.5
224,4231.308799,4229.941966,4230.768135,4231.206128,4232.552295,0,2.99999999999994,0.0299999999999997,5.99999999999996,2,1,65,0.5
225,4234.374614,4232.907954,4233.615617,4234.372448,4237.882434,1,2.99999999999994,0.0299999999999997,7.00000000000003,1,2,66,0.5
226,4239.200934,4238.239272,4238.795764,4239.200934,4245.102411,0,NaN,0,7.00000000000003,1,2,66,0.5
227,4247.160736,4245.505904,4246.670899,4247.160736,4255.733202,0,NaN,0,7.00000000000003,1,2,66,0.5
228,4257.496689,4256.088361,4256.846364,4257.494522,4259.439181,0,2.99999999999994,0.0299999999999997,5.99999999999996,2,1,65,0.5
229,4260.950508,4259.796852,4260.217678,4260.948347,4264.196829,1,2.99999999999994,0.0299999999999997,7.00000000000003,1,2,66,0.5
230,4265.715156,4264.708993,4264.975325,4265.712989,4268.67265,1,2.99999999999994,0.0299999999999997,7.00000000000003,1,2,66,0.5
231,4269.775479,4269.087315,4269.302647,4269.775479,4276.029448,1,NaN,0,5.99999999999996,2,1,65,0.5
232,4277.691441,4276.393619,4277.163777,4277.691441,4284.079755,0,NaN,0,7.00000000000003,1,2,66,0.5
233,4287.670901,4287.071904,4287.283069,4287.670901,4293.347879,0,NaN,0,7.00000000000003,1,2,66,0.5
234,4295.38821,4294.610707,4294.842373,4295.273038,4297.180203,0,2.99999999999994,0.0299999999999997,5.99999999999996,2,1,65,0.5
235,4300.478184,4299.706186,4299.879186,4300.476017,4305.159665,1,2.99999999999994,0.0299999999999997,7.00000000000003,1,2,66,0.5
236,4306.041661,4305.498003,4305.692996,4306.041661,4315.983121,0,NaN,0,7.00000000000003,1,2,66,0.5
237,4322.073103,4321.209434,4321.3851,4322.073103,4335.004712,1,NaN,0,5.99999999999996,2,1,65,0.5
238,4339.495033,4338.837698,4338.985369,4339.495033,4366.20992,1,NaN,0,5.99999999999996,2,1,65,0.5
239,4367.637582,4366.679091,4367.067923,4367.568416,4381.265366,0,2.99999999999994,0.0299999999999997,5.99999999999996,2,1,65,0.5
240,4386.528512,4385.770842,4385.895181,4386.528512,4393.663145,1,NaN,0,5.99999999999996,2,1,65,0.5
241,4395.924468,4395.180638,4395.40831,4395.924468,4402.768947,1,NaN,0,5.99999999999996,2,1,65,0.5
242,4403.783943,4403.161279,4403.399444,4403.77427,4406.941424,0,2.99999999999994,0.0299999999999997,5.99999999999996,2,1,65,0.5
243,4408.484252,4407.384756,4407.746754,4408.482085,4412.531568,1,2.99999999999994,0.0299999999999997,7.00000000000003,1,2,66,0.5
244,4413.968069,4413.093233,4413.258732,4413.968069,4421.527866,1,NaN,0,5.99999999999996,2,1,65,0.5
245,4422.683034,4421.945698,4422.156364,4422.568534,4427.437515,0,2.99999999999994,0.0299999999999997,5.99999999999996,2,1,65,0.5
246,4428.99017,4427.921007,4428.271678,4428.988003,4432.93416,1,2.99999999999994,0.0299999999999997,7.00000000000003,1,2,66,0.5
247,4434.45082,4433.467985,4433.679818,4434.361982,4439.152796,1,2.99999999999994,0.0299999999999997,7.00000000000003,1,2,66,0.5
248,4440.419463,4439.65596,4439.850126,4440.419463,4447.409929,1,NaN,0,5.99999999999996,2,1,65,0.5
249,4448.882096,4447.742594,4448.347925,4448.822096,4450.525589,0,2.99999999999994,0.0299999999999997,5.99999999999996,2,1,65,0.5
250,4452.091916,4450.884748,4451.45508,4451.991244,4454.028242,0,2.99999999999994,0.0299999999999997,5.99999999999996,2,1,65,0.5
251,4455.581902,4454.561573,4455.070398,4455.522564,4458.248725,0,2.99999999999994,0.0299999999999997,5.99999999999996,2,1,65,0.5
252,4459.742547,4458.688217,4459.273221,4459.742547,4466.960851,0,NaN,0,7.00000000000003,1,2,66,0.5
253,4468.811677,4467.328022,4467.95968,4468.80951,4472.364002,1,2.99999999999994,0.0299999999999997,7.00000000000003,1,2,66,0.5
254,4473.623997,4472.887666,4473.147327,4473.623997,4483.399785,0,NaN,0,7.00000000000003,1,2,66,0.5
255,4485.28695,4483.780617,4484.69028,4485.284784,4490.932923,0,2.99999999999994,0.0299999999999997,5.99999999999996,2,1,65,0.5
256,4492.18325,4491.473253,4491.804924,4492.18325,4498.981389,0,NaN,0,7.00000000000003,1,2,66,0.5
257,4500.551216,4499.375727,4500.118558,4500.551216,4504.51254,0,NaN,0,7.00000000000003,1,2,66,0.5
258,4516.32482,4515.732995,4515.949488,4516.32482,4531.1021,0,NaN,0,7.00000000000003,1,2,66,0.5
259,4534.863585,4534.019083,4534.265588,4534.76158,4540.658395,1,2.99999999999994,0.0299999999999997,7.00000000000003,1,2,66,0.5
260,4542.229217,4541.204387,4541.405386,4542.22705,4546.894704,1,2.99999999999994,0.0299999999999997,7.00000000000003,1,2,66,0.5
261,4548.196859,4547.353029,4547.544529,4548.196859,4553.968842,1,NaN,0,5.99999999999996,2,1,65,0.5
262,4555.763663,4555.140998,4555.385336,4555.735502,4558.595651,0,2.99999999999994,0.0299999999999997,5.99999999999996,2,1,65,0.5
263,4560.140817,4559.082822,4559.569647,4560.005985,4567.377288,0,2.99999999999994,0.0299999999999997,5.99999999999996,2,1,65,0.5
264,4569.257108,4568.06778,4568.651111,4569.257108,4576.221753,0,NaN,0,7.00000000000003,1,2,66,0.5
265,4580.630902,4579.814066,4580.003065,4580.62873,4585.197879,0,2.99999999999994,0.0299999999999997,5.99999999999996,2,1,65,0.5
266,4586.707211,4585.667049,4586.20654,4586.614705,4590.498523,0,2.99999999999994,0.0299999999999997,5.99999999999996,2,1,65,0.5
267,4592.084356,4591.155521,4591.576186,4591.982351,4602.679475,0,2.99999999999994,0.0299999999999997,5.99999999999996,2,1,65,0.5
268,4604.393468,4603.603144,4603.864637,4604.393468,4612.312603,0,NaN,0,7.00000000000003,1,2,66,0.5
269,4614.095935,4612.751274,4613.394598,4614.093768,4617.564421,1,2.99999999999994,0.0299999999999997,7.00000000000003,1,2,66,0.5
270,4619.344909,4618.287918,4618.537411,4619.342741,4623.270398,1,2.99999999999994,0.0299999999999997,7.00000000000003,1,2,66,0.5
271,4624.738726,4623.922723,4624.099722,4624.738726,4631.43686,0,NaN,0,7.00000000000003,1,2,66,0.5
272,4633.070692,4631.826858,4632.570356,4633.070692,4640.960322,0,NaN,0,7.00000000000003,1,2,66,0.5
273,4642.858981,4641.332826,4642.310489,4642.858981,4649.287294,0,NaN,0,7.00000000000003,1,2,66,0.5
274,4650.953121,4649.715454,4650.442623,4650.886615,4654.055602,0,2.99999999999994,0.0299999999999997,5.99999999999996,2,1,65,0.5
275,4655.37743,4654.703606,4654.926772,4655.37743,4790.866728,0,NaN,0,7.00000000000003,1,2,66,0.5
276,4792.648221,4791.558225,4791.805552,4792.550215,4798.097193,1,2.99999999999994,0.0299999999999997,7.00000000000003,1,2,66,0.5
277,4800.562183,4799.847519,4800.051518,4800.562183,4810.739482,0,NaN,0,7.00000000000003,1,2,66,0.5
278,4812.365303,4811.119807,4811.37614,4812.363136,4815.688623,1,2.99999999999994,0.0299999999999997,7.00000000000003,1,2,66,0.5
279,4817.059951,4816.179454,4816.369453,4817.005951,4819.138275,1,2.99999999999994,0.0299999999999997,7.00000000000003,1,2,66,0.5
280,4820.488276,4819.640446,4819.843107,4820.42677,4824.923925,1,2.99999999999994,0.0299999999999997,7.00000000000003,1,2,66,0.5
281,4827.002583,4826.042587,4826.341253,4826.943578,4829.571068,0,2.99999999999994,0.0299999999999997,5.99999999999996,2,1,65,0.5
282,4831.556226,4830.060404,4830.59223,4831.556226,4837.238204,0,NaN,0,7.00000000000003,1,2,66,0.5
283,4839.113696,4837.805867,4838.200872,4839.111529,4841.820857,1,2.99999999999994,0.0299999999999997,7.00000000000003,1,2,66,0.5
284,4843.429179,4842.25035,4842.480021,4843.427012,4847.664667,1,2.99999999999994,0.0299999999999997,7.00000000000003,1,2,66,0.5
285,4848.781324,4848.086493,4848.278492,4848.781324,4855.817635,1,NaN,0,5.99999999999996,2,1,65,0.5
286,4857.706122,4856.414799,4856.893464,4857.703954,4861.021942,1,2.99999999999994,0.0299999999999997,7.00000000000003,1,2,66,0.5
287,4862.669441,4861.453779,4861.901438,4862.667269,4865.979255,1,2.99999999999994,0.0299999999999997,7.00000000000003,1,2,66,0.5
288,4867.21075,4866.359754,4866.552592,4867.21075,4870.103239,1,NaN,0,5.99999999999996,2,1,65,0.5
289,4873.798557,4873.089394,4873.273226,4873.798557,4879.519201,1,NaN,0,5.99999999999996,2,1,65,0.5
290,4881.53186,4879.920366,4880.990867,4881.53186,4889.283161,0,NaN,0,7.00000000000003,1,2,66,0.5
291,4891.404826,4889.634666,4890.705322,4891.402659,4893.799816,0,2.99999999999994,0.0299999999999997,5.99999999999996,2,1,65,0.5
292,4895.325971,4894.222981,4894.76914,4895.323804,4900.638949,0,2.99999999999994,0.0299999999999997,5.99999999999996,2,1,65,0.5
293,4902.237116,4901.449279,4901.555112,4902.237116,4909.611247,1,NaN,0,5.99999999999996,2,1,65,0.5
294,4911.500912,4910.016745,4910.506416,4911.498745,4915.672723,1,2.99999999999994,0.0299999999999997,7.00000000000003,1,2,66,0.5
295,4916.847891,4916.136054,4916.323393,4916.847891,4923.483025,1,NaN,0,5.99999999999996,2,1,65,0.5
296,4924.801686,4923.846196,4924.371188,4924.801686,4944.463113,0,NaN,0,7.00000000000003,1,2,66,0.5
297,4945.883108,4944.904112,4945.179938,4945.762436,4953.742404,0,2.99999999999994,0.0299999999999997,5.99999999999996,2,1,65,0.5
298,4955.394065,4954.191903,4954.507907,4955.391897,4960.765548,1,2.99999999999994,0.0299999999999997,7.00000000000003,1,2,66,0.5
299,4962.184871,4961.316873,4961.520206,4962.055538,4967.677687,0,2.99999999999994,0.0299999999999997,5.99999999999996,2,1,65,0.5
300,4969.279008,4968.607345,4968.710344,4969.279008,4975.944815,0,NaN,0,7.00000000000003,1,2,66,0.5
301,4978.682643,4977.937308,4978.124806,4978.67681,4982.553628,1,2.99999999999994,0.0299999999999997,7.00000000000003,1,2,66,0.5
302,4983.82695,4983.039459,4983.222619,4983.82695,4987.94494,1,NaN,0,5.99999999999996,2,1,65,0.5
303,4991.712091,4990.468591,4990.942421,4991.585086,4994.190576,0,2.99999999999994,0.0299999999999997,5.99999999999996,2,1,65,0.5
304,4995.733075,4994.61508,4995.178238,4995.733075,5002.663381,0,NaN,0,7.00000000000003,1,2,66,0.5
305,5004.8042,5003.653371,5004.273541,5004.750033,5011.707672,0,2.99999999999994,0.0299999999999997,5.99999999999996,2,1,65,0.5
306,5013.335833,5012.166009,5012.799007,5013.282665,5022.281296,0,2.99999999999994,0.0299999999999997,5.99999999999996,2,1,65,0.5
307,5024.064956,5022.8078,5023.205793,5024.062789,5027.98544,1,2.99999999999994,0.0299999999999997,7.00000000000003,1,2,66,0.5
308,5029.6996,5028.53061,5028.70111,5029.697433,5033.163592,1,2.99999999999994,0.0299999999999997,7.00000000000003,1,2,66,0.5
309,5034.489914,5033.756584,5033.95725,5034.489914,5041.517887,1,NaN,0,5.99999999999996,2,1,65,0.5
310,5043.470879,5042.025557,5042.78072,5043.341718,5046.893198,0,2.99999999999994,0.0299999999999997,5.99999999999996,2,1,65,0.5
311,5048.454531,5047.341702,5047.841527,5048.313026,5050.792182,0,2.99999999999994,0.0299999999999997,5.99999999999996,2,1,65,0.5
312,5053.659171,5051.332513,5051.689679,5053.659171,5060.731482,1,NaN,0,5.99999999999996,2,1,65,0.5
313,5062.156803,5061.087314,5061.652645,5062.156803,5069.714606,0,NaN,0,7.00000000000003,1,2,66,0.5
314,5071.3291,5070.308777,5070.903274,5071.3291,5078.358245,0,NaN,0,7.00000000000003,1,2,66,0.5
315,5080.051738,5078.705576,5079.198735,5080.049571,5082.827393,1,2.99999999999994,0.0299999999999997,7.00000000000003,1,2,66,0.5
316,5084.353054,5083.261392,5083.713217,5084.350882,5090.011025,0,2.99999999999994,0.0299999999999997,5.99999999999996,2,1,65,0.5
317,5091.540025,5090.450357,5090.889188,5091.414692,5095.075511,0,2.99999999999994,0.0299999999999997,5.99999999999996,2,1,65,0.5
318,5096.809832,5095.498503,5095.798169,5096.664999,5101.551485,1,2.99999999999994,0.0299999999999997,7.00000000000003,1,2,66,0.5
319,5103.154807,5102.24481,5102.419142,5103.152639,5107.802627,1,2.99999999999994,0.0299999999999997,7.00000000000003,1,2,66,0.5
320,5109.293116,5108.410619,5108.66229,5109.293116,5115.672595,0,NaN,0,7.00000000000003,1,2,66,0.5
321,5117.311417,5116.17426,5116.655585,5117.309249,5128.56771,0,2.99999999999994,0.0299999999999997,5.99999999999996,2,1,65,0.5
322,5130.083038,5129.268035,5129.39504,5130.083038,5135.676509,1,NaN,0,5.99999999999996,2,1,65,0.5
323,5137.577174,5136.256007,5136.829511,5137.463008,5141.752652,0,2.99999999999994,0.0299999999999997,5.99999999999996,2,1,65,0.5
324,5143.354813,5142.166151,5142.475482,5143.352645,5147.04847,1,2.99999999999994,0.0299999999999997,7.00000000000003,1,2,66,0.5
325,5148.582292,5147.547462,5147.848467,5148.579964,5153.238939,1,2.99999999999994,0.0299999999999997,7.00000000000003,1,2,66,0.5
326,5154.672934,5153.75761,5153.940942,5154.672934,5159.895746,1,NaN,0,5.99999999999996,2,1,65,0.5
327,5161.367246,5160.288411,5160.777575,5161.367246,5168.552545,0,NaN,0,7.00000000000003,1,2,66,0.5
328,5170.392038,5169.118375,5169.684213,5170.389871,5176.244514,0,2.99999999999994,0.0299999999999997,5.99999999999996,2,1,65,0.5
329,5177.514515,5176.794679,5177.138343,5177.514515,5182.744655,0,NaN,0,7.00000000000003,1,2,66,0.5
330,5184.528481,5183.209992,5183.909822,5184.418987,5189.286301,0,2.99999999999994,0.0299999999999997,5.99999999999996,2,1,65,0.5
331,5191.093127,5189.710126,5190.110125,5191.09096,5194.949445,1,2.99999999999994,0.0299999999999997,7.00000000000003,1,2,66,0.5
332,5196.598433,5195.603609,5195.833608,5196.596266,5201.339753,1,2.99999999999994,0.0299999999999997,7.00000000000003,1,2,66,0.5
333,5202.677075,5201.818245,5202.134577,5202.677075,5207.748721,0,NaN,0,7.00000000000003,1,2,66,0.5
334,5212.045038,5210.224717,5211.20954,5212.04287,5216.120354,1,2.99999999999994,0.0299999999999997,7.00000000000003,1,2,66,0.5
335,5217.572682,5216.785024,5217.008517,5217.572682,5224.708659,1,NaN,0,5.99999999999996,2,1,65,0.5
336,5226.21982,5225.191318,5225.657822,5226.132647,5230.177132,0,2.99999999999994,0.0299999999999997,5.99999999999996,2,1,65,0.5
337,5232.145629,5230.620635,5231.074128,5232.143458,5236.778938,1,2.99999999999994,0.0299999999999997,7.00000000000003,1,2,66,0.5
338,5238.271938,5237.247609,5237.71144,5238.216932,5243.981243,0,2.99999999999994,0.0299999999999997,5.99999999999996,2,1,65,0.5
339,5245.429071,5244.460741,5244.889239,5245.426904,5248.361398,0,2.99999999999994,0.0299999999999997,5.99999999999996,2,1,65,0.5
340,5250.018391,5248.904556,5249.425721,5249.877725,5261.032675,0,2.99999999999994,0.0299999999999997,5.99999999999996,2,1,65,0.5
341,5262.891501,5261.578006,5262.056671,5262.814173,5266.760658,1,2.99999999999994,0.0299999999999997,7.00000000000003,1,2,66,0.5
342,5268.007313,5267.19265,5267.42565,5268.007313,5274.59362,1,NaN,0,5.99999999999996,2,1,65,0.5
343,5276.08362,5275.051285,5275.524117,5275.974282,5278.886603,0,2.99999999999994,0.0299999999999997,5.99999999999996,2,1,65,0.5
344,5280.37043,5279.402102,5279.903266,5280.37043,5289.007063,0,NaN,0,7.00000000000003,1,2,66,0.5
345,5290.755895,5289.560066,5290.123892,5290.628389,5293.86921,0,2.99999999999994,0.0299999999999997,5.99999999999996,2,1,65,0.5
346,5295.776042,5294.302381,5294.982873,5295.773875,5299.044862,1,2.99999999999994,0.0299999999999997,7.00000000000003,1,2,66,0.5
347,5300.768522,5299.444688,5300.091852,5300.766355,5306.594832,0,2.99999999999994,0.0299999999999997,5.99999999999996,2,1,65,0.5
348,5308.216825,5307.033824,5307.431828,5308.147659,5314.189129,1,2.99999999999994,0.0299999999999997,7.00000000000003,1,2,66,0.5
349,5315.63629,5314.586628,5314.981631,5315.562123,5320.242938,0,2.99999999999994,0.0299999999999997,5.99999999999996,2,1,65,0.5
350,5321.900437,5320.700436,5321.070601,5321.89827,5325.678583,1,2.99999999999994,0.0299999999999997,7.00000000000003,1,2,66,0.5
351,5327.268582,5326.204086,5326.413413,5327.26641,5331.324233,1,2.99999999999994,0.0299999999999997,7.00000000000003,1,2,66,0.5
352,5332.79056,5331.854564,5332.053563,5332.788394,5336.497379,1,2.99999999999994,0.0299999999999997,7.00000000000003,1,2,66,0.5
353,5338.296366,5337.422536,5337.585208,5338.294199,5341.718358,0,2.99999999999994,0.0299999999999997,5.99999999999996,2,1,65,0.5
354,5343.132352,5342.134023,5342.383682,5343.02918,5348.951156,1,2.99999999999994,0.0299999999999997,7.00000000000003,1,2,66,0.5
355,5351.221986,5349.883819,5350.38999,5351.221986,5357.09629,1,NaN,0,5.99999999999996,2,1,65,0.5
356,5358.649957,5357.599955,5358.159119,5358.596118,5361.278446,0,2.99999999999994,0.0299999999999997,5.99999999999996,2,1,65,0.5
357,5363.131439,5361.736105,5362.334936,5363.0596,5366.366093,1,2.99999999999994,0.0299999999999997,7.00000000000003,1,2,66,0.5
358,5367.915414,5366.812257,5367.23975,5367.915414,5374.203228,0,NaN,0,7.00000000000003,1,2,66,0.5
359,5375.838383,5374.68722,5375.214052,5375.686889,5377.573042,0,2.99999999999994,0.0299999999999997,5.99999999999996,2,1,65,0.5
360,5379.149208,5378.054374,5378.552538,5379.030869,5383.784683,0,2.99999999999994,0.0299999999999997,5.99999999999996,2,1,65,0.5
361,5385.546844,5384.196521,5384.720846,5385.544676,5390.364324,1,2.99999999999994,0.0299999999999997,7.00000000000003,1,2,66,0.5
362,5391.911652,5390.777655,5391.231654,5391.856318,5395.537803,1,2.99999999999994,0.0299999999999997,7.00000000000003,1,2,66,0.5
363,5396.832632,5395.939635,5396.137301,5396.830465,5400.136618,1,2.99999999999994,0.0299999999999997,7.00000000000003,1,2,66,0.5
364,5401.469446,5400.65895,5400.990948,5401.469446,5406.892097,0,NaN,0,7.00000000000003,1,2,66,0.5
365,5412.658069,5411.694906,5411.986243,5412.518902,5419.409214,0,2.99999999999994,0.0299999999999997,5.99999999999996,2,1,65,0.5
366,5420.692375,5419.93404,5420.195871,5420.692375,5425.136018,0,NaN,0,7.00000000000003,1,2,66,0.5
367,5544.864379,5544.008376,5544.167381,5544.864379,5555.301664,0,NaN,0,7.00000000000003,1,2,66,0.5
368,5558.418485,5557.609994,5557.825327,5558.418485,5566.722124,0,NaN,0,7.00000000000003,1,2,66,0.5
369,5567.785615,5567.13895,5567.325955,5567.785615,5568.612445,0,NaN,0,7.00000000000003,1,2,66,0.5
370,5576.433247,5575.639749,5575.720082,5576.433247,5584.482214,1,NaN,0,5.99999999999996,2,1,65,0.5
371,5585.801209,5585.111384,5585.27255,5585.801209,5592.798353,0,NaN,0,7.00000000000003,1,2,66,0.5
372,5598.005161,5597.472329,5597.573834,5598.005161,5610.383783,0,NaN,0,7.00000000000003,1,2,66,0.5
373,5612.05711,5610.819443,5611.321773,5611.965271,5617.553082,1,2.99999999999994,0.0299999999999997,7.00000000000003,1,2,66,0.5
374,5619.052915,5618.03008,5618.327251,5619.052915,5627.410376,1,NaN,0,5.99999999999996,2,1,65,0.5
375,5628.838371,5627.797547,5628.219045,5628.836203,5631.833858,0,2.99999999999994,0.0299999999999997,5.99999999999996,2,1,65,0.5
376,5633.314191,5632.206523,5632.732027,5633.231358,5637.635007,0,2.99999999999994,0.0299999999999997,5.99999999999996,2,1,65,0.5
377,5639.586994,5638.030839,5638.538498,5639.584827,5643.949477,1,2.99999999999994,0.0299999999999997,7.00000000000003,1,2,66,0.5
378,5645.42631,5644.441808,5644.672641,5645.424138,5648.961629,1,2.99999999999994,0.0299999999999997,7.00000000000003,1,2,66,0.5
379,5650.277623,5649.528793,5649.770959,5650.277623,5658.197925,1,NaN,0,5.99999999999996,2,1,65,0.5
380,5659.801913,5658.802917,5659.172083,5659.799585,5664.743726,0,2.99999999999994,0.0299999999999997,5.99999999999996,2,1,65,0.5
381,5666.656891,5665.173897,5665.616723,5666.654725,5670.921035,1,2.99999999999994,0.0299999999999997,7.00000000000003,1,2,66,0.5
382,5672.243702,5671.334701,5671.540205,5672.24153,5675.342523,1,2.99999999999994,0.0299999999999997,7.00000000000003,1,2,66,0.5
383,5676.91085,5676.000681,5676.200847,5676.908684,5680.157171,1,2.99999999999994,0.0299999999999997,7.00000000000003,1,2,66,0.5
384,5681.40116,5680.574002,5680.778995,5681.40116,5688.396632,1,NaN,0,5.99999999999996,2,1,65,0.5
385,5689.849632,5688.804469,5689.326795,5689.849632,5721.614999,0,NaN,0,7.00000000000003,1,2,66,0.5
386,5904.119275,5903.464105,5903.626937,5904.119275,5919.146709,0,NaN,0,7.00000000000003,1,2,66,0.5
387,5925.566356,5924.394194,5924.600687,5925.564184,5932.289329,1,2.99999999999994,0.0299999999999997,7.00000000000003,1,2,66,0.5
388,5933.510985,5932.849488,5932.985826,5933.510985,5944.108276,0,NaN,0,7.00000000000003,1,2,66,0.5
389,5945.345943,5944.657613,5944.841779,5945.345943,5950.222918,0,NaN,0,7.00000000000003,1,2,66,0.5
390,5952.094416,5951.47158,5951.646413,5952.060744,5954.954732,0,2.99999999999994,0.0299999999999997,5.99999999999996,2,1,65,0.5
391,5956.41656,5955.35457,5955.597236,5956.361233,5960.473211,1,2.99999999999994,0.0299999999999997,7.00000000000003,1,2,66,0.5
392,5961.881538,5960.944714,5961.148041,5961.879371,5965.088525,1,2.99999999999994,0.0299999999999997,7.00000000000003,1,2,66,0.5
393,5966.467525,5965.528856,5965.711189,5966.356186,5968.69785,1,2.99999999999994,0.0299999999999997,7.00000000000003,1,2,66,0.5
394,5969.963506,5969.099515,5969.295514,5969.904845,5972.862494,1,2.99999999999994,0.0299999999999997,7.00000000000003,1,2,66,0.5
395,5974.347989,5973.261498,5973.433492,5974.205161,5980.746629,0,2.99999999999994,0.0299999999999997,5.99999999999996,2,1,65,0.5
396,5982.32329,5981.33696,5981.570292,5982.32329,5988.490432,1,NaN,0,5.99999999999996,2,1,65,0.5
397,5990.38393,5988.893936,5989.498261,5990.381758,5993.920582,1,2.99999999999994,0.0299999999999997,7.00000000000003,1,2,66,0.5
398,5995.514243,5994.549246,5994.807906,5995.512071,5999.349721,1,2.99999999999994,0.0299999999999997,7.00000000000003,1,2,66,0.5
399,6000.740888,5999.855559,6000.024552,6000.740888,6006.508032,1,NaN,0,5.99999999999996,2,1,65,0.5
400,6008.17752,6006.899197,6007.582522,6008.09202,6012.191176,0,2.99999999999994,0.0299999999999997,5.99999999999996,2,1,65,0.5
401,6013.340171,6012.698834,6012.969673,6013.340171,6019.606813,0,NaN,0,7.00000000000003,1,2,66,0.5
402,6021.576966,6020.149805,6020.892641,6021.574799,6026.959111,0,2.99999999999994,0.0299999999999997,5.99999999999996,2,1,65,0.5
403,6028.148779,6027.450942,6027.800774,6028.148779,6034.689914,0,NaN,0,7.00000000000003,1,2,66,0.5
404,6036.25558,6035.120917,6035.642743,6036.25558,6048.27436,0,NaN,0,7.00000000000003,1,2,66,0.5
405,6049.82252,6048.804363,6049.014362,6049.726354,6053.153179,1,2.99999999999994,0.0299999999999997,7.00000000000003,1,2,66,0.5
406,6054.678167,6053.662677,6053.829503,6054.676001,6057.761827,1,2.99999999999994,0.0299999999999997,7.00000000000003,1,2,66,0.5
407,6059.212154,6058.222319,6058.382324,6059.120815,6062.569469,1,2.99999999999994,0.0299999999999997,7.00000000000003,1,2,66,0.5
408,6064.095968,6062.982973,6063.188639,6064.093802,6066.067627,1,2.99999999999994,0.0299999999999997,7.00000000000003,1,2,66,0.5
409,6068.149785,6067.037117,6067.522288,6068.136452,6073.113093,0,2.99999999999994,0.0299999999999997,5.99999999999996,2,1,65,0.5
410,6074.448587,6073.558424,6073.962589,6074.448587,6080.73573,0,NaN,0,7.00000000000003,1,2,66,0.5
411,6082.818555,6081.733226,6082.345062,6082.818555,6093.67435,0,NaN,0,7.00000000000003,1,2,66,0.5
412,6095.406338,6093.989682,6094.51018,6095.40417,6098.83199,1,2.99999999999994,0.0299999999999997,7.00000000000003,1,2,66,0.5
413,6100.653989,6099.642487,6099.966319,6100.651822,6104.273635,0,2.99999999999994,0.0299999999999997,5.99999999999996,2,1,65,0.5
414,6105.670635,6104.7458,6105.126631,6105.670635,6110.768109,0,NaN,0,7.00000000000003,1,2,66,0.5
415,6113.727936,6112.658774,6113.313271,6113.727936,6125.332217,0,NaN,0,7.00000000000003,1,2,66,0.5
416,6128.150545,6127.20371,6127.368876,6128.060206,6131.662198,1,2.99999999999994,0.0299999999999997,7.00000000000003,1,2,66,0.5
417,6133.324186,6132.164029,6132.731188,6133.322019,6138.152499,0,2.99999999999994,0.0299999999999997,5.99999999999996,2,1,65,0.5
418,6139.74166,6138.625837,6138.879163,6139.724327,6143.471645,1,2.99999999999994,0.0299999999999997,7.00000000000003,1,2,66,0.5
419,6145.516137,6144.214475,6144.54798,6145.51397,6149.243789,1,2.99999999999994,0.0299999999999997,7.00000000000003,1,2,66,0.5
420,6150.966615,6149.756454,6149.997958,6150.964448,6154.930605,1,2.99999999999994,0.0299999999999997,7.00000000000003,1,2,66,0.5
421,6156.159761,6155.350603,6155.57793,6156.159761,6164.113901,1,NaN,0,5.99999999999996,2,1,65,0.5
422,6165.967227,6164.585394,6165.312724,6165.872228,6169.782045,0,2.99999999999994,0.0299999999999997,5.99999999999996,2,1,65,0.5
423,6171.266867,6170.185038,6170.581042,6171.2647,6175.323851,1,2.99999999999994,0.0299999999999997,7.00000000000003,1,2,66,0.5
424,6177.515343,6176.485679,6176.53118,6177.513175,6181.022334,1,2.99999999999994,0.0299999999999997,7.00000000000003,1,2,66,0.5
425,6182.621322,6181.440999,6181.622159,6182.619155,6185.728642,1,2.99999999999994,0.0299999999999997,7.00000000000003,1,2,66,0.5
426,6186.94481,6186.172141,6186.385306,6186.94481,6192.139784,1,NaN,0,5.99999999999996,2,1,65,0.5
427,6194.467441,6193.150285,6193.709777,6194.339441,6200.684089,0,2.99999999999994,0.0299999999999997,5.99999999999996,2,1,65,0.5
428,6202.366076,6201.233747,6201.715918,6202.262416,6207.061891,0,2.99999999999994,0.0299999999999997,5.99999999999996,2,1,65,0.5
429,6209.271216,6207.501389,6208.318886,6209.269048,6213.428198,1,2.99999999999994,0.0299999999999997,7.00000000000003,1,2,66,0.5
430,6215.027365,6213.891036,6214.501194,6214.965198,6220.126011,0,2.99999999999994,0.0299999999999997,5.99999999999996,2,1,65,0.5
431,6221.815831,6220.540336,6220.922508,6221.815831,6230.130304,1,NaN,0,5.99999999999996,2,1,65,0.5
432,6231.867458,6230.698802,6231.179961,6231.86513,6235.481116,0,2.99999999999994,0.0299999999999997,5.99999999999996,2,1,65,0.5
433,6237.146437,6235.939614,6236.55994,6237.02327,6243.412578,0,2.99999999999994,0.0299999999999997,5.99999999999996,2,1,65,0.5
434,6245.411738,6243.964749,6244.544074,6245.40957,6249.619393,1,2.99999999999994,0.0299999999999997,7.00000000000003,1,2,66,0.5
435,6251.306053,6250.006552,6250.563883,6251.306053,6256.828525,1,NaN,0,5.99999999999996,2,1,65,0.5
436,6258.402519,6257.238023,6257.80936,6258.304691,6261.99351,0,2.99999999999994,0.0299999999999997,5.99999999999996,2,1,65,0.5
437,6263.850831,6262.466503,6263.050006,6263.848663,6267.029657,1,2.99999999999994,0.0299999999999997,7.00000000000003,1,2,66,0.5
438,6269.117809,6267.488821,6268.176479,6269.115642,6271.914804,1,2.99999999999994,0.0299999999999997,7.00000000000003,1,2,66,0.5
439,6273.557297,6272.370468,6272.967127,6273.55513,6278.358278,0,2.99999999999994,0.0299999999999997,5.99999999999996,2,1,65,0.5
440,6280.088099,6278.850776,6279.324107,6280.024938,6282.643927,1,2.99999999999994,0.0299999999999997,7.00000000000003,1,2,66,0.5
441,6284.181249,6283.05492,6283.396585,6284.106749,6285.693242,1,2.99999999999994,0.0299999999999997,7.00000000000003,1,2,66,0.5
442,6287.417236,6286.349907,6286.768572,6287.415069,6294.225042,0,2.99999999999994,0.0299999999999997,5.99999999999996,2,1,65,0.5
443,6295.892036,6294.671541,6295.256872,6295.792869,6298.491692,0,2.99999999999994,0.0299999999999997,5.99999999999996,2,1,65,0.5
444,6300.062191,6298.938357,6299.49586,6299.970019,6307.691321,0,2.99999999999994,0.0299999999999997,5.99999999999996,2,1,65,0.5
445,6309.55832,6308.222492,6308.662317,6309.556153,6313.170305,1,2.99999999999994,0.0299999999999997,7.00000000000003,1,2,66,0.5
446,6314.993959,6313.785631,6314.369462,6314.951459,6320.082278,0,2.99999999999994,0.0299999999999997,5.99999999999996,2,1,65,0.5
447,6321.822771,6320.51727,6321.105768,6321.698932,6326.303913,0,2.99999999999994,0.0299999999999997,5.99999999999996,2,1,65,0.5
448,6328.237572,6326.776418,6327.432076,6328.237572,6334.753547,1,NaN,0,5.99999999999996,2,1,65,0.5
449,6337.416875,6335.618215,6336.203374,6337.414703,6340.800355,1,2.99999999999994,0.0299999999999997,7.00000000000003,1,2,66,0.5
450,6342.425855,6341.208854,6341.742852,6342.425855,6349.307822,1,NaN,0,5.99999999999996,2,1,65,0.5
451,6351.123314,6349.863992,6350.575483,6351.123314,6356.981958,0,NaN,0,7.00000000000003,1,2,66,0.5
452,6360.63761,6359.383287,6360.004451,6360.507277,6364.877592,0,2.99999999999994,0.0299999999999997,5.99999999999996,2,1,65,0.5
453,6366.300587,6365.314759,6365.761256,6366.190421,6374.163561,0,2.99999999999994,0.0299999999999997,5.99999999999996,2,1,65,0.5
454,6375.64605,6374.796219,6375.020886,6375.502889,6383.357191,0,2.99999999999994,0.0299999999999997,5.99999999999996,2,1,65,0.5
455,6385.107517,6383.81135,6384.150021,6385.105346,6390.323657,1,2.99999999999994,0.0299999999999997,7.00000000000003,1,2,66,0.5
456,6391.526658,6390.744495,6391.018821,6391.526658,6397.412302,1,NaN,0,5.99999999999996,2,1,65,0.5
457,6398.875629,6397.93346,6398.402298,6398.875629,6405.301103,0,NaN,0,7.00000000000003,1,2,66,0.5
458,6407.620261,6406.658425,6407.173424,6407.620261,6415.266224,0,NaN,0,7.00000000000003,1,2,66,0.5
459,6419.506708,6418.377546,6418.675377,6419.504541,6423.069866,1,2.99999999999994,0.0299999999999997,7.00000000000003,1,2,66,0.5
460,6424.819025,6423.598858,6423.962189,6424.816859,6428.242845,1,2.99999999999994,0.0299999999999997,7.00000000000003,1,2,66,0.5
461,6429.837672,6428.684843,6429.099336,6429.835505,6432.73916,0,2.99999999999994,0.0299999999999997,5.99999999999996,2,1,65,0.5
462,6434.268988,6433.09632,6433.72565,6434.268988,6443.072446,0,NaN,0,7.00000000000003,1,2,66,0.5
463,6444.238948,6443.594445,6443.80511,6444.238948,6447.504429,0,NaN,0,7.00000000000003,1,2,66,0.5
464,6467.618015,6466.602353,6466.683352,6467.615848,6471.951164,1,2.99999999999994,0.0299999999999997,7.00000000000003,1,2,66,0.5
465,6473.048993,6472.390335,6472.599829,6473.048993,6478.817137,1,NaN,0,5.99999999999996,2,1,65,0.5
466,6480.498631,6479.461134,6479.866799,6480.498631,6502.04971,0,NaN,0,7.00000000000003,1,2,66,0.5
467,6503.139045,6502.516215,6502.716042,6503.130539,6505.145537,0,2.99999999999994,0.0299999999999997,5.99999999999996,2,1,65,0.5
468,6506.568198,6505.60153,6505.829035,6506.566032,6510.422677,1,2.99999999999994,0.0299999999999997,7.00000000000003,1,2,66,0.5
469,6511.561678,6510.868508,6511.019175,6511.561678,6519.023476,1,NaN,0,5.99999999999996,2,1,65,0.5
470,6525.43779,6524.81512,6524.947625,6525.41595,6530.776935,1,2.99999999999994,0.0299999999999997,7.00000000000003,1,2,66,0.5
471,6533.025592,6531.829425,6532.336929,6533.02342,6534.924579,0,2.99999999999994,0.0299999999999997,5.99999999999996,2,1,65,0.5
472,6537.082576,6535.806415,6536.396579,6537.025077,6542.514382,0,2.99999999999994,0.0299999999999997,5.99999999999996,2,1,65,0.5
473,6543.951716,6542.92888,6543.332385,6543.894544,6547.284363,1,2.99999999999994,0.0299999999999997,7.00000000000003,1,2,66,0.5
474,6548.70219,6547.8047,6548.025193,6548.70219,6554.816333,1,NaN,0,5.99999999999996,2,1,65,0.5
475,6556.1345,6555.606997,6555.727502,6556.1345,6556.995824,0,NaN,0,7.00000000000003,1,2,66,0.5
476,6563.205805,6562.32197,6562.495636,6563.205805,6567.741787,1,NaN,0,5.99999999999996,2,1,65,0.5
477,6576.375086,6575.550256,6575.649922,6576.375086,6702.090578,1,NaN,0,5.99999999999996,2,1,65,0.5
478,6703.213406,6702.602414,6702.712741,6703.213406,6712.438869,0,NaN,0,7.00000000000003,1,2,66,0.5
479,6713.348871,6712.829867,6712.977367,6713.348871,6720.450504,0,NaN,0,7.00000000000003,1,2,66,0.5
480,6721.718504,6721.155334,6721.302506,6721.718504,6735.568782,0,NaN,0,7.00000000000003,1,2,66,0.5
481,6736.96111,6735.945281,6736.12128,6736.958943,6742.237089,1,2.99999999999994,0.0299999999999997,7.00000000000003,1,2,66,0.5
482,6744.359414,6743.186252,6743.434745,6744.237076,6746.455739,1,2.99999999999994,0.0299999999999997,7.00000000000003,1,2,66,0.5
483,6748.837563,6748.258726,6748.455231,6748.837563,6777.013945,0,NaN,0,7.00000000000003,1,2,66,0.5
484,6786.358079,6785.376911,6785.58191,6786.276407,6792.661215,1,2.99999999999994,0.0299999999999997,7.00000000000003,1,2,66,0.5
485,6794.314714,6793.260052,6793.465551,6794.312547,6797.038536,1,2.99999999999994,0.0299999999999997,7.00000000000003,1,2,66,0.5
486,6798.332365,6797.494862,6797.685362,6798.332365,6803.297339,1,NaN,0,5.99999999999996,2,1,65,0.5
487,6804.912172,6803.91567,6804.477334,6804.912172,6807.08099,0,NaN,0,7.00000000000003,1,2,66,0.5
488,6811.791477,6811.357146,6811.425979,6811.791477,6818.272451,1,NaN,0,5.99999999999996,2,1,65,0.5
489,6820.181439,6818.837111,6819.51428,6820.179271,6823.534597,0,2.99999999999994,0.0299999999999997,5.99999999999996,2,1,65,0.5
490,6825.250252,6823.986923,6824.392094,6825.248084,6828.327739,1,2.99999999999994,0.0299999999999997,7.00000000000003,1,2,66,0.5
491,6829.761239,6828.761737,6828.956903,6829.6464,6831.084567,1,2.99999999999994,0.0299999999999997,7.00000000000003,1,2,66,0.5
492,6833.103553,6831.852725,6832.382062,6832.993893,6840.68169,0,2.99999999999994,0.0299999999999997,5.99999999999996,2,1,65,0.5
493,6842.32635,6841.212521,6841.445853,6842.32635,6848.937996,1,NaN,0,5.99999999999996,2,1,65,0.5
494,6850.951149,6849.53266,6850.275151,6850.948981,6854.353307,0,2.99999999999994,0.0299999999999997,5.99999999999996,2,1,65,0.5
495,6856.288127,6854.847633,6855.473803,6856.285799,6860.004445,1,2.99999999999994,0.0299999999999997,7.00000000000003,1,2,66,0.5
496,6861.526106,6860.448943,6860.867614,6861.40544,6865.085758,0,2.99999999999994,0.0299999999999997,5.99999999999996,2,1,65,0.5
497,6866.760924,6865.509757,6866.166421,6866.639419,6869.436908,0,2.99999999999994,0.0299999999999997,5.99999999999996,2,1,65,0.5
498,6871.3599,6869.88324,6870.723075,6871.250573,6874.44256,0,2.99999999999994,0.0299999999999997,5.99999999999996,2,1,65,0.5
499,6876.111887,6874.830225,6875.533556,6876.045881,6881.910858,0,2.99999999999994,0.0299999999999997,5.99999999999996,2,1,65,0.5
500,6883.493185,6882.522855,6883.039854,6883.493185,6889.61916,0,NaN,0,7.00000000000003,1,2,66,0.5
501,6891.627158,6890.060498,6891.165321,6891.627158,6895.445809,0,NaN,0,7.00000000000003,1,2,66,0.5
502,6919.785707,6918.230385,6918.76871,6919.783539,6924.72202,1,2.99999999999994,0.0299999999999997,7.00000000000003,1,2,66,0.5
503,6925.916021,6925.171351,6925.380023,6925.916021,6931.26616,1,NaN,0,5.99999999999996,2,1,65,0.5
504,6932.647155,6931.749159,6932.231662,6932.647155,6937.576802,0,NaN,0,7.00000000000003,1,2,66,0.5
505,6940.077131,6939.116795,6939.480794,6939.990798,6943.490945,0,2.99999999999994,0.0299999999999997,5.99999999999996,2,1,65,0.5
506,6946.208106,6943.880943,6945.411771,6946.208106,6951.921578,1,NaN,0,5.99999999999996,2,1,65,0.5
507,6953.664404,6952.606081,6953.22174,6953.664404,6956.442399,0,NaN,0,7.00000000000003,1,2,66,0.5
508,6973.268659,6971.677166,6972.342335,6973.268659,6979.706972,1,NaN,0,5.99999999999996,2,1,65,0.5
509,6981.695964,6980.203637,6981.092461,6981.695964,6987.401102,1,NaN,0,5.99999999999996,2,1,65,0.5
510,6999.858892,6999.031889,6999.100062,6999.858892,7007.427028,1,NaN,0,5.99999999999996,2,1,65,0.5
511,7013.828503,7012.845001,7013.125672,7013.828503,7015.530156,1,NaN,0,5.99999999999996,2,1,65,0.5
512,7047.370196,7046.547032,7046.749371,7047.370196,7048.114365,1,NaN,0,5.99999999999996,2,1,65,0.5
513,7054.791499,7053.806171,7054.004675,7054.791499,7055.164004,1,NaN,0,5.99999999999996,2,1,65,0.5
514,7064.081135,7063.458465,7063.525298,7064.076968,7067.651954,1,2.99999999999994,0.0299999999999997,7.00000000000003,1,2,66,0.5
515,7069.053443,7068.022786,7068.218285,7068.950943,7072.575428,1,2.99999999999994,0.0299999999999997,7.00000000000003,1,2,66,0.5
516,7073.856429,7073.042266,7073.253598,7073.856429,7082.901726,1,NaN,0,5.99999999999996,2,1,65,0.5
517,7084.123715,7083.223053,7083.513385,7084.123715,7090.36153,1,NaN,0,5.99999999999996,2,1,65,0.5
518,7092.003857,7090.888688,7091.39452,7091.86719,7097.570168,0,2.99999999999994,0.0299999999999997,5.99999999999996,2,1,65,0.5
519,7099.504155,7098.020666,7098.508331,7099.501987,7104.289801,1,2.99999999999994,0.0299999999999997,7.00000000000003,1,2,66,0.5
520,7105.586296,7104.751306,7104.943466,7105.586296,7112.656774,1,NaN,0,5.99999999999996,2,1,65,0.5
521,7114.657933,7113.526937,7114.043763,7114.655761,7121.561572,0,2.99999999999994,0.0299999999999997,5.99999999999996,2,1,65,0.5
522,7125.819055,7124.512887,7124.960052,7125.816888,7133.435524,1,2.99999999999994,0.0299999999999997,7.00000000000003,1,2,66,0.5
523,7134.841519,7133.932349,7134.135855,7134.841519,7141.224993,1,NaN,0,5.99999999999996,2,1,65,0.5
524,7143.010481,7141.667825,7142.25815,7142.859647,7146.966631,0,2.99999999999994,0.0299999999999997,5.99999999999996,2,1,65,0.5
525,7148.541458,7147.457295,7147.94296,7148.395631,7154.074775,0,2.99999999999994,0.0299999999999997,5.99999999999996,2,1,65,0.5
526,7156.900764,7154.580106,7155.121437,7156.898597,7160.518577,1,2.99999999999994,0.0299999999999997,7.00000000000003,1,2,66,0.5
527,7162.217242,7161.15008,7161.338246,7162.215076,7166.081222,1,2.99999999999994,0.0299999999999997,7.00000000000003,1,2,66,0.5
528,7167.586215,7166.707385,7166.87889,7167.586215,7174.978685,1,NaN,0,5.99999999999996,2,1,65,0.5
529,7177.016011,7175.443351,7176.333686,7176.958511,7182.437656,0,2.99999999999994,0.0299999999999997,5.99999999999996,2,1,65,0.5
530,7184.191155,7182.865993,7183.605657,7184.175982,7193.67395,0,2.99999999999994,0.0299999999999997,5.99999999999996,2,1,65,0.5
531,7195.800608,7194.361274,7194.835612,7195.798436,7199.697253,1,2.99999999999994,0.0299999999999997,7.00000000000003,1,2,66,0.5
532,7201.418086,7200.410417,7200.621249,7201.418086,7207.927387,1,NaN,0,5.99999999999996,2,1,65,0.5
533,7209.493881,7208.398552,7208.89405,7209.493881,7214.793027,0,NaN,0,7.00000000000003,1,2,66,0.5
534,7216.572358,7215.318024,7215.963021,7216.511858,7220.834508,0,2.99999999999994,0.0299999999999997,5.99999999999996,2,1,65,0.5
535,7222.491168,7221.258506,7221.919164,7222.417835,7227.393976,0,2.99999999999994,0.0299999999999997,5.99999999999996,2,1,65,0.5
536,7229.245969,7227.832141,7228.281805,7229.243641,7232.377122,1,2.99999999999994,0.0299999999999997,7.00000000000003,1,2,66,0.5
537,7234.037788,7232.87346,7233.202958,7234.035622,7236.716272,1,2.99999999999994,0.0299999999999997,7.00000000000003,1,2,66,0.5
538,7238.279105,7237.169776,7237.449608,7238.276938,7244.088915,1,2.99999999999994,0.0299999999999997,7.00000000000003,1,2,66,0.5
539,7245.610075,7244.519907,7244.825406,7245.607909,7249.252561,1,2.99999999999994,0.0299999999999997,7.00000000000003,1,2,66,0.5
540,7250.989387,7249.69772,7249.891386,7250.987215,7254.682533,1,2.99999999999994,0.0299999999999997,7.00000000000003,1,2,66,0.5
541,7255.967028,7255.189871,7255.358697,7255.967028,7262.195503,1,NaN,0,5.99999999999996,2,1,65,0.5
542,7263.998163,7262.702168,7262.948339,7263.995996,7268.804977,1,2.99999999999994,0.0299999999999997,7.00000000000003,1,2,66,0.5
543,7270.513976,7269.508475,7269.71814,7270.511804,7274.436127,1,2.99999999999994,0.0299999999999997,7.00000000000003,1,2,66,0.5
544,7276.244786,7275.053624,7275.235451,7276.24262,7280.285097,1,2.99999999999994,0.0299999999999997,7.00000000000003,1,2,66,0.5
545,7281.55526,7280.737268,7280.973261,7281.55526,7288.062906,1,NaN,0,5.99999999999996,2,1,65,0.5
546,7289.662899,7288.459404,7288.985897,7289.660727,7294.158715,0,2.99999999999994,0.0299999999999997,5.99999999999996,2,1,65,0.5
547,7296.077702,7294.626373,7295.302371,7296.075534,7300.133524,1,2.99999999999994,0.0299999999999997,7.00000000000003,1,2,66,0.5
548,7301.818845,7300.641022,7300.897349,7301.816678,7304.752166,1,2.99999999999994,0.0299999999999997,7.00000000000003,1,2,66,0.5
549,7306.283333,7305.146331,7305.442163,7306.281166,7309.52498,1,2.99999999999994,0.0299999999999997,7.00000000000003,1,2,66,0.5
550,7311.22448,7310.361483,7310.604976,7311.222313,7314.100135,0,2.99999999999994,0.0299999999999997,5.99999999999996,2,1,65,0.5
551,7316.049788,7314.540794,7315.206292,7316.049788,7323.438759,1,NaN,0,5.99999999999996,2,1,65,0.5
552,7325.139257,7323.922596,7324.45226,7325.037591,7334.295054,0,2.99999999999994,0.0299999999999997,5.99999999999996,2,1,65,0.5
553,7336.207046,7335.170545,7335.389883,7336.20488,7340.865194,1,2.99999999999994,0.0299999999999997,7.00000000000003,1,2,66,0.5
554,7342.416688,7341.316687,7341.703352,7342.290683,7347.169003,0,2.99999999999994,0.0299999999999997,5.99999999999996,2,1,65,0.5
555,7349.104489,7347.629161,7348.121659,7349.102322,7353.364144,1,2.99999999999994,0.0299999999999997,7.00000000000003,1,2,66,0.5
556,7354.881472,7353.817476,7354.057975,7354.8793,7358.109953,1,2.99999999999994,0.0299999999999997,7.00000000000003,1,2,66,0.5
557,7359.711952,7358.558124,7358.789123,7359.577948,7364.317101,1,2.99999999999994,0.0299999999999997,7.00000000000003,1,2,66,0.5
558,7365.685428,7364.882259,7365.048925,7365.685428,7372.10173,1,NaN,0,5.99999999999996,2,1,65,0.5
559,7375.830049,7374.741392,7375.32789,7375.830049,7381.829525,0,NaN,0,7.00000000000003,1,2,66,0.5
560,7383.575852,7382.31569,7382.960026,7383.468524,7388.109005,0,2.99999999999994,0.0299999999999997,5.99999999999996,2,1,65,0.5
561,7389.73766,7388.615665,7389.147829,7389.615493,7401.233114,0,2.99999999999994,0.0299999999999997,5.99999999999996,2,1,65,0.5
562,7402.871941,7401.737784,7402.224776,7402.745447,7407.932426,0,2.99999999999994,0.0299999999999997,5.99999999999996,2,1,65,0.5
563,7409.902746,7408.384585,7408.718756,7409.788419,7413.575737,1,2.99999999999994,0.0299999999999997,7.00000000000003,1,2,66,0.5
564,7415.088892,7414.081396,7414.343734,7415.019392,7419.020542,1,2.99999999999994,0.0299999999999997,7.00000000000003,1,2,66,0.5
565,7420.43137,7419.479708,7419.674046,7420.43137,7424.612526,1,NaN,0,5.99999999999996,2,1,65,0.5
566,7428.935836,7426.940344,7427.876507,7428.935836,7429.960332,0,NaN,0,7.00000000000003,1,2,66,0.5
567,7435.754476,7434.608986,7434.883312,7435.752309,7439.222129,1,2.99999999999994,0.0299999999999997,7.00000000000003,1,2,66,0.5
568,7440.726295,7439.67896,7440.102292,7440.726295,7496.229234,0,NaN,0,7.00000000000003,1,2,66,0.5
569,7497.712728,7496.694899,7497.061898,7497.625895,7502.289877,1,2.99999999999994,0.0299999999999997,7.00000000000003,1,2,66,0.5
570,7503.876542,7502.825875,7503.024373,7503.874376,7506.899524,1,2.99999999999994,0.0299999999999997,7.00000000000003,1,2,66,0.5
571,7508.460524,7507.367189,7507.559188,7508.458357,7511.653005,1,2.99999999999994,0.0299999999999997,7.00000000000003,1,2,66,0.5
572,7513.119666,7512.102504,7512.329175,7513.119666,7519.42798,1,NaN,0,5.99999999999996,2,1,65,0.5
573,7520.793808,7519.84564,7520.309977,7520.793808,7526.313619,0,NaN,0,7.00000000000003,1,2,66,0.5
574,7528.235606,7526.765112,7527.533942,7528.141112,7530.442103,0,2.99999999999994,0.0299999999999997,5.99999999999996,2,1,65,0.5
575,7532.160763,7530.865262,7531.284099,7532.158596,7535.892242,1,2.99999999999994,0.0299999999999997,7.00000000000003,1,2,66,0.5
576,7537.703235,7536.345573,7536.789739,7537.701068,7540.321724,1,2.99999999999994,0.0299999999999997,7.00000000000003,1,2,66,0.5
577,7542.068551,7540.771722,7541.336887,7542.068551,7547.981366,1,NaN,0,5.99999999999996,2,1,65,0.5
578,7549.554521,7548.369026,7548.586864,7549.552354,7551.292186,1,2.99999999999994,0.0299999999999997,7.00000000000003,1,2,66,0.5
579,7552.83468,7551.743018,7552.223516,7552.83468,7559.726813,1,NaN,0,5.99999999999996,2,1,65,0.5
580,7561.689311,7560.063318,7560.867981,7561.628639,7565.255797,1,2.99999999999994,0.0299999999999997,7.00000000000003,1,2,66,0.5
581,7566.809785,7565.65729,7566.023455,7566.714285,7570.667942,1,2.99999999999994,0.0299999999999997,7.00000000000003,1,2,66,0.5
582,7572.290763,7571.420933,7571.593438,7572.142263,7573.890429,0,2.99999999999994,0.0299999999999997,5.99999999999996,2,1,65,0.5
583,7575.430751,7574.586588,7574.754586,7575.428584,7581.463727,0,2.99999999999994,0.0299999999999997,5.99999999999996,2,1,65,0.5
584,7583.039387,7581.88673,7582.412562,7582.984893,7592.52985,0,2.99999999999994,0.0299999999999997,5.99999999999996,2,1,65,0.5
585,7594.365514,7593.043846,7593.559178,7594.303508,7598.71649,1,2.99999999999994,0.0299999999999997,7.00000000000003,1,2,66,0.5
586,7600.353151,7599.254322,7599.503488,7600.353151,7606.628626,1,NaN,0,5.99999999999996,2,1,65,0.5
587,7608.646623,7607.310123,7607.778454,7608.644451,7612.118776,1,2.99999999999994,0.0299999999999997,7.00000000000003,1,2,66,0.5
588,7613.495599,7612.504269,7612.818934,7613.431938,7616.077921,1,2.99999999999994,0.0299999999999997,7.00000000000003,1,2,66,0.5
589,7617.774748,7616.514259,7617.014418,7617.774748,7621.617238,1,NaN,0,5.99999999999996,2,1,65,0.5
590,7626.960045,7625.828382,7626.264053,7626.957877,7630.583196,0,2.99999999999994,0.0299999999999997,5.99999999999996,2,1,65,0.5
591,7631.815197,7630.974861,7631.2237,7631.687192,7636.510345,0,2.99999999999994,0.0299999999999997,5.99999999999996,2,1,65,0.5
592,7638.297505,7637.12517,7637.711502,7638.179833,7641.14516,0,2.99999999999994,0.0299999999999997,5.99999999999996,2,1,65,0.5
593,7642.613982,7641.567492,7642.097818,7642.517988,7645.252977,0,2.99999999999994,0.0299999999999997,5.99999999999996,2,1,65,0.5
594,7646.882465,7645.656136,7645.961641,7646.828965,7650.42929,1,2.99999999999994,0.0299999999999997,7.00000000000003,1,2,66,0.5
595,7651.843951,7650.973115,7651.165781,7651.773618,7655.519763,1,2.99999999999994,0.0299999999999997,7.00000000000003,1,2,66,0.5
596,7656.923424,7656.228261,7656.412927,7656.923424,7662.504402,1,NaN,0,5.99999999999996,2,1,65,0.5
597,7664.281901,7662.956067,7663.524232,7664.182401,7671.669371,0,2.99999999999994,0.0299999999999997,5.99999999999996,2,1,65,0.5
598,7673.086199,7672.259863,7672.470196,7672.940527,7679.835833,0,2.99999999999994,0.0299999999999997,5.99999999999996,2,1,65,0.5
599,7681.483499,7680.278503,7680.876834,7681.374166,7685.014151,0,2.99999999999994,0.0299999999999997,5.99999999999996,2,1,65,0.5
600,7686.676978,7685.453143,7686.03198,7686.564972,7693.045446,0,2.99999999999994,0.0299999999999997,5.99999999999996,2,1,65,0.5
601,7694.867278,7693.499117,7693.886949,7694.783439,7698.177759,1,2.99999999999994,0.0299999999999997,7.00000000000003,1,2,66,0.5
602,7700.475923,7699.261928,7699.689426,7700.36225,7703.860242,0,2.99999999999994,0.0299999999999997,5.99999999999996,2,1,65,0.5
603,7705.438231,7704.293407,7704.7434,7705.35157,7708.958383,1,2.99999999999994,0.0299999999999997,7.00000000000003,1,2,66,0.5
604,7711.058708,7709.957218,7710.445377,7710.959708,7713.639203,0,2.99999999999994,0.0299999999999997,5.99999999999996,2,1,65,0.5
605,7715.061526,7714.002702,7714.507194,7714.992359,7725.366656,0,2.99999999999994,0.0299999999999997,5.99999999999996,2,1,65,0.5
606,7726.999645,7725.841315,7726.150648,7726.997477,7730.747462,1,2.99999999999994,0.0299999999999997,7.00000000000003,1,2,66,0.5
607,7732.78946,7731.798625,7732.002797,7732.787288,7736.133441,1,2.99999999999994,0.0299999999999997,7.00000000000003,1,2,66,0.5
608,7737.503603,7736.678939,7736.864604,7737.503603,7744.302575,1,NaN,0,5.99999999999996,2,1,65,0.5
609,7746.18574,7744.712579,7745.255238,7746.034574,7748.491559,0,2.99999999999994,0.0299999999999997,5.99999999999996,2,1,65,0.5
610,7750.463723,7748.89139,7749.568554,7750.461556,7754.427701,1,2.99999999999994,0.0299999999999997,7.00000000000003,1,2,66,0.5
611,7755.778696,7754.848532,7755.211537,7755.702202,7758.096026,0,2.99999999999994,0.0299999999999997,5.99999999999996,2,1,65,0.5
612,7759.627853,7758.496018,7759.012183,7759.480181,7762.983839,0,2.99999999999994,0.0299999999999997,5.99999999999996,2,1,65,0.5
613,7764.355662,7763.359665,7763.660164,7764.353494,7768.274485,1,2.99999999999994,0.0299999999999997,7.00000000000003,1,2,66,0.5
614,7770.012978,7769.063643,7769.269808,7769.895478,7773.656297,0,2.99999999999994,0.0299999999999997,5.99999999999996,2,1,65,0.5
615,7775.195624,7774.088462,7774.445627,7775.193452,7778.725437,1,2.99999999999994,0.0299999999999997,7.00000000000003,1,2,66,0.5
616,7780.498264,7779.322768,7779.803439,7780.423436,7785.704409,0,2.99999999999994,0.0299999999999997,5.99999999999996,2,1,65,0.5
617,7787.171743,7786.138913,7786.614239,7787.083904,7790.62939,0,2.99999999999994,0.0299999999999997,5.99999999999996,2,1,65,0.5
618,7792.057223,7791.046888,7791.339887,7792.057223,7798.686524,1,NaN,0,5.99999999999996,2,1,65,0.5
619,7800.294684,7799.029522,7799.71952,7800.294684,7802.540681,0,NaN,0,7.00000000000003,1,2,66,0.5
620,7808.338825,7807.267495,7807.541822,7808.336658,7815.116464,1,2.99999999999994,0.0299999999999997,7.00000000000003,1,2,66,0.5
621,7817.703114,7816.862784,7817.084951,7817.703114,7824.921252,1,NaN,0,5.99999999999996,2,1,65,0.5
622,7826.868745,7825.420256,7826.024421,7826.866578,7829.47774,1,2.99999999999994,0.0299999999999997,7.00000000000003,1,2,66,0.5
623,7831.004734,7829.909733,7830.310237,7830.924228,7834.46122,1,2.99999999999994,0.0299999999999997,7.00000000000003,1,2,66,0.5
624,7835.720043,7834.921213,7835.164878,7835.720043,7841.677025,1,NaN,0,5.99999999999996,2,1,65,0.5
625,7843.133847,7842.061523,7842.575182,7843.049513,7847.788161,0,2.99999999999994,0.0299999999999997,5.99999999999996,2,1,65,0.5
626,7849.723654,7848.776996,7848.960489,7849.721486,7854.023136,1,2.99999999999994,0.0299999999999997,7.00000000000003,1,2,66,0.5
627,7855.613297,7854.7438,7855.011633,7855.613297,7892.980153,0,NaN,0,7.00000000000003,1,2,66,0.5
628,7894.92414,7894.183315,7894.315975,7894.92414,7895.738642,1,NaN,0,5.99999999999996,2,1,65,0.5
629,7904.170602,7903.455938,7903.475611,7904.170602,7967.370688,1,NaN,0,5.99999999999996,2,1,65,0.5
630,7969.346181,7967.992853,7968.212346,7969.344014,7972.595334,1,2.99999999999994,0.0299999999999997,7.00000000000003,1,2,66,0.5
631,7974.297989,7973.086994,7973.639663,7974.297989,8104.163135,1,NaN,0,5.99999999999996,2,1,65,0.5
632,8116.182254,8115.542923,8115.707756,8116.182254,8135.439016,1,NaN,0,5.99999999999996,2,1,65,0.5
633,8139.170496,8138.154166,8138.303505,8139.168329,8143.487151,1,2.99999999999994,0.0299999999999997,7.00000000000003,1,2,66,0.5
634,8144.907478,8143.924649,8144.122981,8144.905312,8149.041128,1,2.99999999999994,0.0299999999999997,7.00000000000003,1,2,66,0.5
635,8150.373123,8149.485793,8149.643121,8150.370951,8153.858436,1,2.99999999999994,0.0299999999999997,7.00000000000003,1,2,66,0.5
636,8155.483936,8154.7401,8154.906938,8155.483936,8161.18824,1,NaN,0,5.99999999999996,2,1,65,0.5
637,8162.897568,8161.547745,8162.107571,8162.807901,8166.595052,1,2.99999999999994,0.0299999999999997,7.00000000000003,1,2,66,0.5
638,8168.313546,8167.302549,8167.588721,8168.231385,8172.032197,0,2.99999999999994,0.0299999999999997,5.99999999999996,2,1,65,0.5
639,8173.367031,8172.494035,8172.7277,8173.367031,8175.287523,1,NaN,0,5.99999999999996,2,1,65,0.5
640,8181.51666,8180.271665,8180.778329,8181.400493,8186.080808,0,2.99999999999994,0.0299999999999997,5.99999999999996,2,1,65,0.5
641,8187.529808,8186.52164,8186.87831,8187.529808,8192.98178,1,NaN,0,5.99999999999996,2,1,65,0.5
642,8194.831612,8193.509444,8194.11061,8194.73094,8197.980593,0,2.99999999999994,0.0299999999999997,5.99999999999996,2,1,65,0.5
643,8199.559254,8198.407259,8198.970095,8199.45276,8202.924574,0,2.99999999999994,0.0299999999999997,5.99999999999996,2,1,65,0.5
644,8204.665567,8203.316078,8203.757238,8204.6634,8208.283225,1,2.99999999999994,0.0299999999999997,7.00000000000003,1,2,66,0.5
645,8209.73088,8208.722884,8208.919056,8209.73088,8211.095714,1,NaN,0,5.99999999999996,2,1,65,0.5
646,8217.716187,8216.678358,8217.015851,8217.608682,8223.167665,0,2.99999999999994,0.0299999999999997,5.99999999999996,2,1,65,0.5
647,8224.578993,8223.603497,8223.943495,8224.52866,8226.738478,0,2.99999999999994,0.0299999999999997,5.99999999999996,2,1,65,0.5
648,8228.203145,8227.118816,8227.628141,8228.105973,8230.615629,0,2.99999999999994,0.0299999999999997,5.99999999999996,2,1,65,0.5
649,8232.417623,8231.052628,8231.528793,8232.415295,8236.21444,1,2.99999999999994,0.0299999999999997,7.00000000000003,1,2,66,0.5
650,8237.789601,8236.660272,8236.968437,8237.787434,8240.383763,1,2.99999999999994,0.0299999999999997,7.00000000000003,1,2,66,0.5
651,8241.755586,8240.849255,8241.038254,8241.671091,8244.792739,1,2.99999999999994,0.0299999999999997,7.00000000000003,1,2,66,0.5
652,8246.311573,8245.55107,8245.654403,8246.311573,8253.423378,1,NaN,0,5.99999999999996,2,1,65,0.5
653,8255.138865,8253.861537,8254.44404,8255.028704,8260.446849,0,2.99999999999994,0.0299999999999997,5.99999999999996,2,1,65,0.5
654,8262.135343,8260.835842,8261.310179,8262.135343,8268.106647,1,NaN,0,5.99999999999996,2,1,65,0.5
655,8270.49547,8269.53964,8269.956478,8270.49547,8275.864782,0,NaN,0,7.00000000000003,1,2,66,0.5
656,8278.278778,8277.117277,8277.681947,8278.276611,8282.419428,0,2.99999999999994,0.0299999999999997,5.99999999999996,2,1,65,0.5
657,8284.341254,8282.838754,8283.636251,8284.195254,8291.98089,0,2.99999999999994,0.0299999999999997,5.99999999999996,2,1,65,0.5
658,8293.99121,8292.443555,8292.818381,8293.989043,8297.801861,1,2.99999999999994,0.0299999999999997,7.00000000000003,1,2,66,0.5
659,8299.455193,8298.498525,8298.76469,8299.453027,8302.109516,1,2.99999999999994,0.0299999999999997,7.00000000000003,1,2,66,0.5
660,8303.697671,8302.540848,8302.77818,8303.695504,8307.211823,1,2.99999999999994,0.0299999999999997,7.00000000000003,1,2,66,0.5
661,8309.176816,8308.130987,8308.514985,8309.174649,8312.779134,0,2.99999999999994,0.0299999999999997,5.99999999999996,2,1,65,0.5
662,8314.5548,8313.258466,8313.626965,8314.552633,8318.87461,1,2.99999999999994,0.0299999999999997,7.00000000000003,1,2,66,0.5
663,8320.506771,8319.251775,8319.596607,8320.504603,8323.944929,1,2.99999999999994,0.0299999999999997,7.00000000000003,1,2,66,0.5
664,8325.480917,8324.350927,8324.668753,8325.47875,8329.001569,1,2.99999999999994,0.0299999999999997,7.00000000000003,1,2,66,0.5
665,8330.396403,8329.38374,8329.793739,8330.394231,8337.587368,0,2.99999999999994,0.0299999999999997,5.99999999999996,2,1,65,0.5
666,8339.408034,8338.333865,8338.733036,8339.313361,8343.406179,0,2.99999999999994,0.0299999999999997,5.99999999999996,2,1,65,0.5
667,8345.20551,8343.86551,8344.217175,8345.203344,8348.905656,1,2.99999999999994,0.0299999999999997,7.00000000000003,1,2,66,0.5
668,8350.363323,8349.356654,8349.63082,8350.302818,8353.389811,1,2.99999999999994,0.0299999999999997,7.00000000000003,1,2,66,0.5
669,8354.57414,8353.787476,8353.962809,8354.57414,8362.299275,1,NaN,0,5.99999999999996,2,1,65,0.5
670,8363.85543,8362.889106,8363.377098,8363.85543,8370.459576,0,NaN,0,7.00000000000003,1,2,66,0.5
671,8371.865237,8370.887908,8371.370233,8371.865237,8374.71822,0,NaN,0,7.00000000000003,1,2,66,0.5
672,8381.019867,8379.752872,8380.050532,8381.017862,8384.00035,1,2.99999999999994,0.0299999999999997,7.00000000000003,1,2,66,0.5
673,8385.153011,8384.406514,8384.602513,8385.153011,8390.916822,1,NaN,0,5.99999999999996,2,1,65,0.5
674,8402.561609,8401.370619,8401.582447,8402.475615,8406.763764,1,2.99999999999994,0.0299999999999997,7.00000000000003,1,2,66,0.5
675,8408.171925,8407.217262,8407.420422,8408.169753,8410.51841,1,2.99999999999994,0.0299999999999997,7.00000000000003,1,2,66,0.5
676,8411.687245,8410.997742,8411.168747,8411.687245,8414.467067,1,NaN,0,5.99999999999996,2,1,65,0.5
677,8453.301072,8452.092077,8452.277415,8453.301072,8617.422582,1,NaN,0,5.99999999999996,2,1,65,0.5
678,8619.055915,8618.03808,8618.128579,8619.053748,8620.423076,1,2.99999999999994,0.0299999999999997,7.00000000000003,1,2,66,0.5
679,8623.016893,8622.461401,8622.538901,8623.016893,8706.905725,0,NaN,0,7.00000000000003,1,2,66,0.5
680,8710.193044,8709.129715,8709.193721,8710.193044,8717.677349,1,NaN,0,5.99999999999996,2,1,65,0.5
681,8719.012843,8718.198018,8718.394512,8719.012843,8725.304984,1,NaN,0,5.99999999999996,2,1,65,0.5
682,8726.725318,8725.741649,8725.963481,8726.660145,8730.361798,1,2.99999999999994,0.0299999999999997,7.00000000000003,1,2,66,0.5
683,8731.769791,8731.045134,8731.24096,8731.769791,8738.771097,1,NaN,0,5.99999999999996,2,1,65,0.5
684,8740.461929,8739.163768,8739.682599,8740.326763,8743.004913,0,2.99999999999994,0.0299999999999997,5.99999999999996,2,1,65,0.5
685,8744.518913,8743.442745,8743.71641,8744.518913,8750.438056,1,NaN,0,5.99999999999996,2,1,65,0.5
686,8751.988217,8750.977549,8751.446546,8751.986045,8759.349181,0,2.99999999999994,0.0299999999999997,5.99999999999996,2,1,65,0.5
687,8760.611343,8759.760346,8760.093846,8760.611343,8765.685162,0,NaN,0,7.00000000000003,1,2,66,0.5
688,8767.251656,8766.108154,8766.587486,8767.249484,8772.105303,0,2.99999999999994,0.0299999999999997,5.99999999999996,2,1,65,0.5
689,8773.646797,8772.580801,8773.072966,8773.578791,8776.088454,0,2.99999999999994,0.0299999999999997,5.99999999999996,2,1,65,0.5
690,8779.132775,8777.738441,8778.143773,8779.130608,8783.219086,1,2.99999999999994,0.0299999999999997,7.00000000000003,1,2,66,0.5
691,8785.20375,8784.066083,8784.166755,8785.201744,8787.595908,1,2.99999999999994,0.0299999999999997,7.00000000000003,1,2,66,0.5
692,8789.221396,8788.074072,8788.384898,8789.219068,8792.189383,1,2.99999999999994,0.0299999999999997,7.00000000000003,1,2,66,0.5
693,8794.179043,8793.407218,8793.508711,8794.176875,8802.016178,0,2.99999999999994,0.0299999999999997,5.99999999999996,2,1,65,0.5
694,8804.022003,8803.078173,8803.315005,8803.912669,8808.127159,0,2.99999999999994,0.0299999999999997,5.99999999999996,2,1,65,0.5
695,8810.002979,8809.045316,8809.301654,8809.915985,8812.573136,0,2.99999999999994,0.0299999999999997,5.99999999999996,2,1,65,0.5
696,8814.263468,8812.982633,8813.303132,8814.200962,8818.274951,1,2.99999999999994,0.0299999999999997,7.00000000000003,1,2,66,0.5
697,8819.88844,8818.734444,8819.008449,8819.886272,8822.789933,1,2.99999999999994,0.0299999999999997,7.00000000000003,1,2,66,0.5
698,8824.437755,8823.353931,8823.690424,8824.437755,8831.182228,1,NaN,0,5.99999999999996,2,1,65,0.5
699,8832.877226,8831.607559,8832.149396,8832.875054,8839.663033,0,2.99999999999994,0.0299999999999997,5.99999999999996,2,1,65,0.5
700,8841.39302,8840.172858,8840.558029,8841.390692,8845.130005,1,2.99999999999994,0.0299999999999997,7.00000000000003,1,2,66,0.5
701,8846.619666,8845.726169,8845.958007,8846.556333,8849.53932,1,2.99999999999994,0.0299999999999997,7.00000000000003,1,2,66,0.5
702,8851.152153,8850.105491,8850.290317,8851.152153,8857.607121,1,NaN,0,5.99999999999996,2,1,65,0.5
703,8859.289787,8858.01062,8858.553124,8859.146282,8867.21075,0,2.99999999999994,0.0299999999999997,5.99999999999996,2,1,65,0.5
704,8869.231409,8868.172579,8868.676244,8869.167748,8871.95857,0,2.99999999999994,0.0299999999999997,5.99999999999996,2,1,65,0.5
705,8873.756224,8872.425068,8872.847061,8873.753896,8877.085883,1,2.99999999999994,0.0299999999999997,7.00000000000003,1,2,66,0.5
706,8878.71071,8877.494209,8877.711047,8878.708543,8882.431022,1,2.99999999999994,0.0299999999999997,7.00000000000003,1,2,66,0.5
707,8884.001183,8882.970687,8883.193352,8884.001183,8890.088158,1,NaN,0,5.99999999999996,2,1,65,0.5
708,8892.07449,8890.519823,8891.22566,8892.072318,8895.615975,1,2.99999999999994,0.0299999999999997,7.00000000000003,1,2,66,0.5
709,8897.376135,8896.141973,8896.603965,8897.376135,8903.263112,1,NaN,0,5.99999999999996,2,1,65,0.5
710,8904.975099,8903.665437,8904.259441,8904.849432,8906.953257,0,2.99999999999994,0.0299999999999997,5.99999999999996,2,1,65,0.5
711,8908.900417,8907.35459,8908.02542,8908.827251,8912.03391,1,2.99999999999994,0.0299999999999997,7.00000000000003,1,2,66,0.5
712,8913.379898,8912.489241,8912.847568,8913.379898,8919.80754,0,NaN,0,7.00000000000003,1,2,66,0.5
713,8921.5712,8920.254877,8920.832541,8921.479205,8923.93119,0,2.99999999999994,0.0299999999999997,5.99999999999996,2,1,65,0.5
714,8925.762021,8924.342021,8924.770853,8925.759855,8928.929509,1,2.99999999999994,0.0299999999999997,7.00000000000003,1,2,66,0.5
715,8930.850662,8929.367168,8929.957505,8930.850662,8936.201313,1,NaN,0,5.99999999999996,2,1,65,0.5
716,8938.236966,8936.647639,8937.364136,8938.234799,8941.657952,1,2.99999999999994,0.0299999999999997,7.00000000000003,1,2,66,0.5
717,8943.584117,8942.764281,8942.787453,8943.444284,8946.419766,0,2.99999999999994,0.0299999999999997,5.99999999999996,2,1,65,0.5
718,8948.337765,8946.837432,8947.369435,8948.335598,8951.337914,1,2.99999999999994,0.0299999999999997,7.00000000000003,1,2,66,0.5
719,8952.987246,8951.792251,8952.222243,8952.857907,8957.554556,0,2.99999999999994,0.0299999999999997,5.99999999999996,2,1,65,0.5
720,8958.991717,8958.060559,8958.434051,8958.866889,8966.079694,0,2.99999999999994,0.0299999999999997,5.99999999999996,2,1,65,0.5
721,8967.511188,8966.578519,8966.890524,8967.446515,8972.827494,0,2.99999999999994,0.0299999999999997,5.99999999999996,2,1,65,0.5
722,8974.485493,8973.304825,8973.606657,8974.483321,8977.980479,1,2.99999999999994,0.0299999999999997,7.00000000000003,1,2,66,0.5
723,8979.742472,8978.716476,8979.153975,8979.663467,8982.677121,0,2.99999999999994,0.0299999999999997,5.99999999999996,2,1,65,0.5
724,8984.40812,8983.078453,8983.423285,8984.405954,8987.624107,1,2.99999999999994,0.0299999999999997,7.00000000000003,1,2,66,0.5
725,8989.237601,8988.084106,8988.376438,8989.235429,8991.917257,1,2.99999999999994,0.0299999999999997,7.00000000000003,1,2,66,0.5
726,8993.95841,8992.688914,8993.296413,8993.878249,8997.6879,0,2.99999999999994,0.0299999999999997,5.99999999999996,2,1,65,0.5
727,8999.112228,8998.15556,8998.563397,8999.02639,9003.346206,0,2.99999999999994,0.0299999999999997,5.99999999999996,2,1,65,0.5
728,9004.836867,9003.802037,9004.251035,9004.698872,9011.551506,0,2.99999999999994,0.0299999999999997,5.99999999999996,2,1,65,0.5
729,9013.60567,9012.118503,9012.568836,9013.588831,9017.894647,1,2.99999999999994,0.0299999999999997,7.00000000000003,1,2,66,0.5
730,9019.546808,9018.395151,9018.581645,9019.481147,9022.952299,1,2.99999999999994,0.0299999999999997,7.00000000000003,1,2,66,0.5
731,9024.646621,9023.446464,9023.659797,9024.644453,9028.009779,1,2.99999999999994,0.0299999999999997,7.00000000000003,1,2,66,0.5
732,9029.5616,9028.465611,9028.768943,9029.5616,9037.001405,1,NaN,0,5.99999999999996,2,1,65,0.5
733,9038.718903,9037.452903,9038.003567,9038.58907,9042.226883,0,2.99999999999994,0.0299999999999997,5.99999999999996,2,1,65,0.5
734,9043.660378,9042.721548,9043.118879,9043.65805,9054.787999,0,2.99999999999994,0.0299999999999997,5.99999999999996,2,1,65,0.5
735,9056.761992,9055.459169,9055.711502,9056.759825,9062.088304,1,2.99999999999994,0.0299999999999997,7.00000000000003,1,2,66,0.5
736,9063.609803,9062.591635,9062.84214,9063.564804,9067.591454,1,2.99999999999994,0.0299999999999997,7.00000000000003,1,2,66,0.5
737,9069.200442,9068.325285,9068.498784,9069.200442,9075.418584,1,NaN,0,5.99999999999996,2,1,65,0.5
738,9076.946417,9075.803249,9076.27458,9076.877912,9082.562056,0,2.99999999999994,0.0299999999999997,5.99999999999996,2,1,65,0.5
739,9083.759551,9083.13672,9083.320891,9083.714556,9089.963525,0,2.99999999999994,0.0299999999999997,5.99999999999996,2,1,65,0.5
740,9091.514692,9090.43369,9090.891688,9091.426026,9096.751504,0,2.99999999999994,0.0299999999999997,5.99999999999996,2,1,65,0.5
741,9098.857829,9097.890833,9098.137659,9098.770329,9104.569806,0,2.99999999999994,0.0299999999999997,5.99999999999996,2,1,65,0.5
742,9106.495799,9105.197798,9105.508803,9106.493632,9110.856442,1,2.99999999999994,0.0299999999999997,7.00000000000003,1,2,66,0.5
743,9112.367936,9111.30094,9111.512279,9112.365769,9115.570096,1,2.99999999999994,0.0299999999999997,7.00000000000003,1,2,66,0.5
744,9117.475582,9116.523758,9116.852091,9117.467082,9121.521733,0,2.99999999999994,0.0299999999999997,5.99999999999996,2,1,65,0.5
745,9122.935728,9122.302063,9122.368568,9122.8394,9131.624692,0,2.99999999999994,0.0299999999999997,5.99999999999996,2,1,65,0.5
746,9133.146025,9132.205856,9132.539028,9133.051026,9135.621349,0,2.99999999999994,0.0299999999999997,5.99999999999996,2,1,65,0.5
747,9138.484499,9137.027338,9137.311836,9138.482331,9141.853157,1,2.99999999999994,0.0299999999999997,7.00000000000003,1,2,66,0.5
748,9143.726816,9142.892147,9142.936153,9143.672978,9145.790802,0,2.99999999999994,0.0299999999999997,5.99999999999996,2,1,65,0.5
749,9147.301802,9146.214634,9146.635305,9147.150297,9149.389127,0,2.99999999999994,0.0299999999999997,5.99999999999996,2,1,65,0.5
750,9151.061787,9149.808619,9150.34129,9151.061787,9158.571918,1,NaN,0,5.99999999999996,2,1,65,0.5
751,9159.956418,9158.942083,9159.446747,9159.956418,9165.264397,0,NaN,0,7.00000000000003,1,2,66,0.5
752,9167.185556,9165.661389,9166.368053,9167.095217,9170.342871,1,2.99999999999994,0.0299999999999997,7.00000000000003,1,2,66,0.5
753,9171.888537,9170.728869,9170.979701,9171.886365,9175.271023,1,2.99999999999994,0.0299999999999997,7.00000000000003,1,2,66,0.5
754,9176.645018,9175.664017,9175.979681,9176.645018,9181.875664,1,NaN,0,5.99999999999996,2,1,65,0.5
755,9183.679657,9182.436322,9183.014159,9183.612657,9188.460971,0,2.99999999999994,0.0299999999999997,5.99999999999996,2,1,65,0.5
756,9190.151292,9188.891296,9189.328295,9190.148964,9193.247946,1,2.99999999999994,0.0299999999999997,7.00000000000003,1,2,66,0.5
757,9194.952611,9194.125275,9194.280108,9194.847439,9199.292922,0,2.99999999999994,0.0299999999999997,5.99999999999996,2,1,65,0.5
758,9200.800588,9199.726092,9200.194757,9200.682088,9203.129412,0,2.99999999999994,0.0299999999999997,5.99999999999996,2,1,65,0.5
759,9204.909066,9203.531738,9203.989575,9204.906738,9207.749054,1,2.99999999999994,0.0299999999999997,7.00000000000003,1,2,66,0.5
760,9209.287554,9208.220892,9208.477891,9209.285387,9212.74154,1,2.99999999999994,0.0299999999999997,7.00000000000003,1,2,66,0.5
761,9214.134201,9213.165872,9213.365038,9214.132035,9217.366522,1,2.99999999999994,0.0299999999999997,7.00000000000003,1,2,66,0.5
762,9219.215008,9218.174679,9218.420512,9219.215008,9219.988339,1,NaN,0,5.99999999999996,2,1,65,0.5
763,9228.652471,9227.731475,9228.023474,9228.652471,9232.246796,1,NaN,0,5.99999999999996,2,1,65,0.5
764,9235.845448,9234.605447,9234.851118,9235.845448,9241.168088,1,NaN,0,5.99999999999996,2,1,65,0.5
765,9242.971419,9241.616252,9242.162417,9242.969253,9246.493405,1,2.99999999999994,0.0299999999999997,7.00000000000003,1,2,66,0.5
766,9248.033066,9246.951897,9247.385068,9248.033066,9248.791729,1,NaN,0,5.99999999999996,2,1,65,0.5
767,9259.428353,9258.658517,9258.885517,9259.428353,9288.778897,1,NaN,0,5.99999999999996,2,1,65,0.5
768,9290.002893,9289.184229,9289.374394,9289.943059,9298.629858,0,2.99999999999994,0.0299999999999997,5.99999999999996,2,1,65,0.5
769,9300.473189,9299.209688,9299.563526,9300.402518,9304.104002,1,2.99999999999994,0.0299999999999997,7.00000000000003,1,2,66,0.5
770,9305.511502,9304.684839,9304.844833,9305.511502,9312.310809,1,NaN,0,5.99999999999996,2,1,65,0.5
771,9313.895302,9312.72064,9313.224305,9313.82913,9319.537607,0,2.99999999999994,0.0299999999999997,5.99999999999996,2,1,65,0.5
772,9320.865769,9320.024438,9320.314437,9320.841603,9322.589101,0,2.99999999999994,0.0299999999999997,5.99999999999996,2,1,65,0.5
773,9324.278594,9322.969433,9323.410425,9324.276422,9327.311743,1,2.99999999999994,0.0299999999999997,7.00000000000003,1,2,66,0.5
774,9328.980736,9327.73708,9327.92174,9328.980736,9390.263157,1,NaN,0,5.99999999999996,2,1,65,0.5
775,9403.792109,9395.365304,9395.423637,9403.697772,9407.937253,1,2.99999999999994,0.0299999999999997,7.00000000000003,1,2,66,0.5
776,9410.829743,9409.904585,9410.070579,9410.827575,9463.191866,0,2.99999999999994,0.0299999999999997,5.99999999999996,2,1,65,0.5
777,9464.864532,9463.794531,9463.986363,9464.862365,9467.639687,1,2.99999999999994,0.0299999999999997,7.00000000000003,1,2,66,0.5
778,9468.877682,9468.148679,9468.245679,9468.875516,9474.301488,0,2.99999999999994,0.0299999999999997,5.99999999999996,2,1,65,0.5
779,9475.669983,9474.926658,9475.010485,9475.669983,9482.90712,1,NaN,0,5.99999999999996,2,1,65,0.5
780,9487.972773,9486.911105,9487.289603,9487.843934,9492.543248,0,2.99999999999994,0.0299999999999997,5.99999999999996,2,1,65,0.5
781,9495.794569,9494.68174,9494.908072,9495.794569,9743.105919,1,NaN,0,5.99999999999996,2,1,65,0.5
782,9745.003411,9743.937915,9744.020242,9745.001245,9761.238513,0,2.99999999999994,0.0299999999999997,5.99999999999996,2,1,65,0.5
783,9762.739007,9761.989504,9762.006171,9762.73684,9768.126313,1,2.99999999999994,0.0299999999999997,7.00000000000003,1,2,66,0.5
784,9769.726307,9768.640483,9768.763643,9769.72414,9770.844308,1,2.99999999999994,0.0299999999999997,7.00000000000003,1,2,66,0.5
785,9774.584621,9773.457458,9773.762123,9774.582454,9775.764788,1,2.99999999999994,0.0299999999999997,7.00000000000003,1,2,66,0.5
786,9777.973274,9776.723278,9777.179282,9777.882441,9781.921764,0,2.99999999999994,0.0299999999999997,5.99999999999996,2,1,65,0.5
787,9783.423591,9782.470928,9782.689588,9783.423591,9788.520564,1,NaN,0,5.99999999999996,2,1,65,0.5
788,9790.651729,9789.487061,9789.700393,9790.57489,9793.273713,1,2.99999999999994,0.0299999999999997,7.00000000000003,1,2,66,0.5
789,9794.632713,9793.829883,9794.065882,9794.632713,9802.245682,1,NaN,0,5.99999999999996,2,1,65,0.5
790,9808.174653,9807.10249,9807.354995,9808.174653,9808.578318,1,NaN,0,5.99999999999996,2,1,65,0.5
791,9822.130436,9820.931435,9821.420933,9822.130436,9829.984232,1,NaN,0,5.99999999999996,2,1,65,0.5
792,9831.157227,9830.364064,9830.583563,9831.157227,9910.641076,1,NaN,0,5.99999999999996,2,1,65,0.5
793,9912.444075,9911.505906,9911.665739,9912.441908,9919.826039,1,2.99999999999994,0.0299999999999997,7.00000000000003,1,2,66,0.5
794,9921.006201,9920.26621,9920.42137,9921.006201,9921.807698,1,NaN,0,5.99999999999996,2,1,65,0.5
795,9928.273172,9927.478181,9927.641008,9928.273172,9935.282644,1,NaN,0,5.99999999999996,2,1,65,0.5
796,9936.933977,9935.653482,9936.185146,9936.793144,9940.502123,0,2.99999999999994,0.0299999999999997,5.99999999999996,2,1,65,0.5
797,9942.147956,9940.936621,9941.361459,9942.038956,9946.3211,0,2.99999999999994,0.0299999999999997,5.99999999999996,2,1,65,0.5
798,9948.035766,9946.780937,9947.283435,9948.035766,9954.217235,1,NaN,0,5.99999999999996,2,1,65,0.5
799,9955.701902,9954.637567,9955.092237,9955.585063,9957.94222,0,2.99999999999994,0.0299999999999997,5.99999999999996,2,1,65,0.5
800,9959.73638,9958.382218,9958.844217,9959.667719,9963.023533,1,2.99999999999994,0.0299999999999997,7.00000000000003,1,2,66,0.5
801,9964.950025,9963.62987,9963.866369,9964.947859,9968.120185,1,2.99999999999994,0.0299999999999997,7.00000000000003,1,2,66,0.5
802,9969.619174,9968.790344,9969.032182,9969.55218,9972.258169,1,2.99999999999994,0.0299999999999997,7.00000000000003,1,2,66,0.5
803,9973.473164,9972.682328,9972.864494,9973.473164,9979.746306,1,NaN,0,5.99999999999996,2,1,65,0.5
804,9981.387132,9980.129965,9980.66363,9981.237461,9983.853784,0,2.99999999999994,0.0299999999999997,5.99999999999996,2,1,65,0.5
805,9985.69261,9984.274621,9984.749452,9985.690282,9987.07977,1,2.99999999999994,0.0299999999999997,7.00000000000003,1,2,66,0.5
806,9989.315267,9987.855434,9988.542931,9989.201768,9996.375566,0,2.99999999999994,0.0299999999999997,5.99999999999996,2,1,65,0.5
807,9998.328559,9996.972237,9997.400568,9998.256226,10001.198548,1,2.99999999999994,0.0299999999999997,7.00000000000003,1,2,66,0.5
808,10002.718042,10001.703878,10001.925711,10002.718042,10009.68918,1,NaN,0,5.99999999999996,2,1,65,0.5
809,10011.986171,10010.890514,10011.449506,10011.986171,10018.898643,0,NaN,0,7.00000000000003,1,2,66,0.5
810,10020.661309,10019.312814,10019.966811,10020.568138,10025.434117,0,2.99999999999994,0.0299999999999997,5.99999999999996,2,1,65,0.5
811,10026.85595,10025.897282,10026.392613,10026.789445,10032.01159,0,2.99999999999994,0.0299999999999997,5.99999999999996,2,1,65,0.5
812,10033.844589,10032.959087,10033.130759,10033.844589,10040.606562,1,NaN,0,5.99999999999996,2,1,65,0.5
813,10042.139551,10040.994722,10041.451553,10042.137383,10049.75852,0,2.99999999999994,0.0299999999999997,5.99999999999996,2,1,65,0.5
814,10051.20302,10050.347184,10050.657683,10051.20302,10057.670494,0,NaN,0,7.00000000000003,1,2,66,0.5
815,10059.194654,10058.037653,10058.552824,10059.192482,10062.252809,0,2.99999999999994,0.0299999999999997,5.99999999999996,2,1,65,0.5
816,10063.747303,10062.665802,10063.122467,10063.606798,10065.460457,0,2.99999999999994,0.0299999999999997,5.99999999999996,2,1,65,0.5
817,10066.822452,10065.809461,10066.231626,10066.729952,10073.432758,0,2.99999999999994,0.0299999999999997,5.99999999999996,2,1,65,0.5
818,10075.320257,10074.116928,10074.541421,10075.320257,10080.773235,1,NaN,0,5.99999999999996,2,1,65,0.5
819,10082.465889,10081.362732,10081.923891,10082.465889,10088.286538,0,NaN,0,7.00000000000003,1,2,66,0.5
820,10089.873532,10088.648537,10089.230029,10089.81836,10092.978686,0,2.99999999999994,0.0299999999999997,5.99999999999996,2,1,65,0.5
821,10094.374014,10093.411012,10093.885016,10094.371842,10096.508505,0,2.99999999999994,0.0299999999999997,5.99999999999996,2,1,65,0.5
822,10098.206326,10096.913004,10097.344663,10098.204159,10101.506646,1,2.99999999999994,0.0299999999999997,7.00000000000003,1,2,66,0.5
823,10103.125306,10102.008811,10102.267977,10103.125306,10111.693938,1,NaN,0,5.99999999999996,2,1,65,0.5
824,10113.356438,10112.053438,10112.496441,10113.354266,10116.707918,1,2.99999999999994,0.0299999999999997,7.00000000000003,1,2,66,0.5
825,10117.92708,10117.147583,10117.393415,10117.92708,10124.264222,1,NaN,0,5.99999999999996,2,1,65,0.5
826,10125.856882,10124.662393,10125.226557,10125.754055,10131.850858,0,2.99999999999994,0.0299999999999997,5.99999999999996,2,1,65,0.5
827,10133.522352,10132.537694,10132.958687,10133.457185,10136.245008,0,2.99999999999994,0.0299999999999997,5.99999999999996,2,1,65,0.5
828,10137.684835,10136.678505,10137.130343,10137.682507,10142.364655,0,2.99999999999994,0.0299999999999997,5.99999999999996,2,1,65,0.5
829,10143.869982,10142.831981,10143.285485,10143.86781,10151.470613,0,2.99999999999994,0.0299999999999997,5.99999999999996,2,1,65,0.5
830,10153.153606,10152.06761,10152.507775,10153.084112,10155.42343,0,2.99999999999994,0.0299999999999997,5.99999999999996,2,1,65,0.5
831,10157.281429,10155.840768,10156.216261,10157.279257,10161.819744,1,2.99999999999994,0.0299999999999997,7.00000000000003,1,2,66,0.5
832,10163.441732,10162.22207,10162.413242,10163.331738,10166.254554,1,2.99999999999994,0.0299999999999997,7.00000000000003,1,2,66,0.5
833,10167.85188,10166.708385,10166.936723,10167.85188,10174.67452,1,NaN,0,5.99999999999996,2,1,65,0.5
834,10176.442685,10175.153691,10175.687188,10176.341513,10182.202657,0,2.99999999999994,0.0299999999999997,5.99999999999996,2,1,65,0.5
835,10183.579318,10182.686321,10183.067492,10183.579318,10189.324801,0,NaN,0,7.00000000000003,1,2,66,0.5
836,10191.038627,10189.66496,10190.20163,10191.036621,10194.969445,1,2.99999999999994,0.0299999999999997,7.00000000000003,1,2,66,0.5
837,10196.714266,10195.556937,10195.801435,10196.712099,10199.543754,1,2.99999999999994,0.0299999999999997,7.00000000000003,1,2,66,0.5
838,10201.336919,10200.447756,10200.635916,10201.240414,10204.423574,0,2.99999999999994,0.0299999999999997,5.99999999999996,2,1,65,0.5
839,10205.789229,10204.878566,10205.240731,10205.706396,10209.569047,0,2.99999999999994,0.0299999999999997,5.99999999999996,2,1,65,0.5
840,10211.098041,10209.970712,10210.498877,10211.06988,10216.445853,0,2.99999999999994,0.0299999999999997,5.99999999999996,2,1,65,0.5
841,10218.399679,10216.925857,10217.294855,10218.319679,10222.007664,1,2.99999999999994,0.0299999999999997,7.00000000000003,1,2,66,0.5
842,10224.654159,10223.486991,10223.85799,10224.626321,10226.00982,0,2.99999999999994,0.0299999999999997,5.99999999999996,2,1,65,0.5
843,10229.40114,10228.285139,10228.62281,10229.345968,10232.531289,1,2.99999999999994,0.0299999999999997,7.00000000000003,1,2,66,0.5
844,10233.906122,10233.07312,10233.273953,10233.83095,10236.89561,1,2.99999999999994,0.0299999999999997,7.00000000000003,1,2,66,0.5
845,10238.261933,10237.344108,10237.590102,10238.261933,10245.393743,1,NaN,0,5.99999999999996,2,1,65,0.5
846,10247.043903,10245.823569,10246.358233,10247.041736,10249.445227,0,2.99999999999994,0.0299999999999997,5.99999999999996,2,1,65,0.5
847,10251.045554,10249.847225,10250.26939,10251.01772,10253.79187,1,2.99999999999994,0.0299999999999997,7.00000000000003,1,2,66,0.5
848,10255.462197,10254.316201,10254.688872,10255.36103,10258.238025,0,2.99999999999994,0.0299999999999997,5.99999999999996,2,1,65,0.5
849,10259.773352,10258.64869,10258.963189,10259.77118,10263.191505,1,2.99999999999994,0.0299999999999997,7.00000000000003,1,2,66,0.5
850,10264.84316,10264.038162,10264.246328,10264.839498,10267.427655,0,2.99999999999994,0.0299999999999997,5.99999999999996,2,1,65,0.5
851,10269.054648,10268.251652,10268.407318,10268.960643,10272.573295,0,2.99999999999994,0.0299999999999997,5.99999999999996,2,1,65,0.5
852,10274.166455,10273.027126,10273.375125,10274.166455,10279.532273,1,NaN,0,5.99999999999996,2,1,65,0.5
853,10281.485599,10279.942438,10280.716763,10281.339093,10284.230915,0,2.99999999999994,0.0299999999999997,5.99999999999996,2,1,65,0.5
854,10285.960075,10284.661247,10285.061584,10285.835581,10289.801393,1,2.99999999999994,0.0299999999999997,7.00000000000003,1,2,66,0.5
855,10291.162721,10290.218397,10290.500223,10291.162721,10297.906194,0,NaN,0,7.00000000000003,1,2,66,0.5
856,10299.439355,10298.277692,10298.73003,10299.333855,10302.883508,0,2.99999999999994,0.0299999999999997,5.99999999999996,2,1,65,0.5
857,10304.450501,10303.492011,10303.871003,10304.327835,10307.71716,0,2.99999999999994,0.0299999999999997,5.99999999999996,2,1,65,0.5
858,10309.161655,10308.121653,10308.517651,10309.037822,10316.33212,0,2.99999999999994,0.0299999999999997,5.99999999999996,2,1,65,0.5
859,10318.107785,10316.753791,10317.144956,10318.04228,10320.961107,1,2.99999999999994,0.0299999999999997,7.00000000000003,1,2,66,0.5
860,10322.896428,10321.407439,10321.659266,10322.89426,10325.953081,1,2.99999999999994,0.0299999999999997,7.00000000000003,1,2,66,0.5
861,10327.406248,10326.383586,10326.600251,10327.404076,10330.600569,1,2.99999999999994,0.0299999999999997,7.00000000000003,1,2,66,0.5
862,10332.215057,10331.027061,10331.468226,10332.215057,10338.382038,1,NaN,0,5.99999999999996,2,1,65,0.5
863,10340.428363,10339.037362,10339.651199,10340.333197,10343.051013,0,2.99999999999994,0.0299999999999997,5.99999999999996,2,1,65,0.5
864,10344.54468,10343.505844,10343.985176,10344.466841,10348.947829,0,2.99999999999994,0.0299999999999997,5.99999999999996,2,1,65,0.5
865,10351.236981,10350.182318,10350.468489,10351.183648,10354.413135,1,2.99999999999994,0.0299999999999997,7.00000000000003,1,2,66,0.5
866,10355.686468,10354.877632,10355.075132,10355.686468,10363.111272,1,NaN,0,5.99999999999996,2,1,65,0.5
867,10364.848598,10363.545937,10364.223429,10364.848598,10502.08505,0,NaN,0,7.00000000000003,1,2,66,0.5
868,10503.399044,10502.464715,10502.644047,10503.297205,10509.795346,1,2.99999999999994,0.0299999999999997,7.00000000000003,1,2,66,0.5
869,10511.313174,10510.36035,10510.501343,10511.313174,10518.214652,1,NaN,0,5.99999999999996,2,1,65,0.5
870,10519.811306,10518.684477,10518.957315,10519.811306,10523.316125,1,NaN,0,5.99999999999996,2,1,65,0.5
871,10826.188415,10823.843257,10823.901929,10826.188415,10832.925059,1,NaN,0,5.99999999999996,2,1,65,0.5
872,10834.263382,10833.442219,10833.627384,10834.263382,10855.58763,1,NaN,0,5.99999999999996,2,1,65,0.5
873,10856.976958,10856.024962,10856.117294,10856.88113,10860.508616,1,2.99999999999994,0.0299999999999997,7.00000000000003,1,2,66,0.5
874,10862.238604,10861.150608,10861.326779,10862.236436,10864.524927,1,2.99999999999994,0.0299999999999997,7.00000000000003,1,2,66,0.5
875,10865.894755,10865.30843,10865.441423,10865.894755,10869.240748,1,NaN,0,5.99999999999996,2,1,65,0.5
876,10876.967711,10875.805221,10876.073382,10876.967711,10883.567524,1,NaN,0,5.99999999999996,2,1,65,0.5
877,10885.391844,10884.226021,10884.723852,10885.306011,10889.304495,0,2.99999999999994,0.0299999999999997,5.99999999999996,2,1,65,0.5
878,10890.653657,10889.81216,10890.130497,10890.653657,10897.065297,0,NaN,0,7.00000000000003,1,2,66,0.5
879,10898.711463,10897.535462,10897.7783,10898.709291,10901.662113,1,2.99999999999994,0.0299999999999997,7.00000000000003,1,2,66,0.5
880,10903.232606,10902.24261,10902.424442,10903.230439,10906.272766,1,2.99999999999994,0.0299999999999997,7.00000000000003,1,2,66,0.5
881,10907.636755,10906.781264,10906.941097,10907.636755,10913.696897,1,NaN,0,5.99999999999996,2,1,65,0.5
882,10915.383724,10914.296067,10914.696893,10915.318724,10918.132379,0,2.99999999999994,0.0299999999999997,5.99999999999996,2,1,65,0.5
883,10919.506541,10918.659711,10918.958882,10919.506541,10925.104851,0,NaN,0,7.00000000000003,1,2,66,0.5
884,10926.622351,10925.484017,10925.831182,10926.620185,10930.007505,1,2.99999999999994,0.0299999999999997,7.00000000000003,1,2,66,0.5
885,10931.661165,10930.530502,10930.722002,10931.658998,10933.980483,1,2.99999999999994,0.0299999999999997,7.00000000000003,1,2,66,0.5
886,10935.887314,10934.70598,10934.932145,10935.887314,10941.391292,1,NaN,0,5.99999999999996,2,1,65,0.5
887,10943.047947,10941.853952,10942.125451,10943.04578,10945.940774,1,2.99999999999994,0.0299999999999997,7.00000000000003,1,2,66,0.5
888,10947.603762,10946.353934,10946.559599,10947.601595,10951.10942,1,2.99999999999994,0.0299999999999997,7.00000000000003,1,2,66,0.5
889,10952.662747,10951.522246,10951.758251,10952.604747,10955.834562,1,2.99999999999994,0.0299999999999997,7.00000000000003,1,2,66,0.5
890,10958.076892,10956.86773,10957.247723,10957.943226,10961.242046,0,2.99999999999994,0.0299999999999997,5.99999999999996,2,1,65,0.5
891,10963.019534,10962.159037,10962.367369,10962.9607,10966.869024,0,2.99999999999994,0.0299999999999997,5.99999999999996,2,1,65,0.5
892,10968.484179,10967.483355,10967.784181,10968.482011,10972.320669,0,2.99999999999994,0.0299999999999997,5.99999999999996,2,1,65,0.5
893,10973.68983,10972.924166,10973.137832,10973.68983,10979.58564,0,NaN,0,7.00000000000003,1,2,66,0.5
894,10981.519798,10980.288464,10980.696468,10981.450459,10984.834612,1,2.99999999999994,0.0299999999999997,7.00000000000003,1,2,66,0.5
895,10986.604106,10985.238444,10985.436277,10986.601939,10990.067431,1,2.99999999999994,0.0299999999999997,7.00000000000003,1,2,66,0.5
896,10991.422086,10990.503596,10990.729428,10991.422086,10998.003727,1,NaN,0,5.99999999999996,2,1,65,0.5
897,10999.605559,10998.413225,10998.902056,10999.529387,11002.881874,0,2.99999999999994,0.0299999999999997,5.99999999999996,2,1,65,0.5
898,11004.725367,11003.407872,11003.638371,11004.7232,11008.791189,1,2.99999999999994,0.0299999999999997,7.00000000000003,1,2,66,0.5
899,11010.745182,11009.729186,11010.039678,11010.689176,11013.892002,0,2.99999999999994,0.0299999999999997,5.99999999999996,2,1,65,0.5
900,11015.255492,11014.459333,11014.680666,11015.255492,11022.596801,0,NaN,0,7.00000000000003,1,2,66,0.5
901,11024.129795,11023.051293,11023.467791,11024.129795,11031.726431,0,NaN,0,7.00000000000003,1,2,66,0.5
902,11033.515584,11032.501755,11032.737594,11033.515584,11039.367561,1,NaN,0,5.99999999999996,2,1,65,0.5
903,11040.986727,11039.822732,11040.284391,11040.984555,11046.874537,0,2.99999999999994,0.0299999999999997,5.99999999999996,2,1,65,0.5
904,11048.63953,11047.422029,11047.680028,11048.637363,11052.25351,1,2.99999999999994,0.0299999999999997,7.00000000000003,1,2,66,0.5
905,11053.847676,11052.722347,11053.001507,11053.72667,11057.416156,1,2.99999999999994,0.0299999999999997,7.00000000000003,1,2,66,0.5
906,11059.088483,11057.837827,11058.067826,11059.088483,11064.186295,1,NaN,0,5.99999999999996,2,1,65,0.5
907,11065.893789,11064.679127,11065.121791,11065.801789,11070.120105,0,2.99999999999994,0.0299999999999997,5.99999999999996,2,1,65,0.5
908,11072.393768,11071.443939,11071.706771,11072.393768,11073.52993,1,NaN,0,5.99999999999996,2,1,65,0.5
909,11079.7194,11078.923737,11079.150075,11079.7194,11086.749878,1,NaN,0,5.99999999999996,2,1,65,0.5
910,11088.579032,11087.198542,11087.793534,11088.484198,11094.750679,0,2.99999999999994,0.0299999999999997,5.99999999999996,2,1,65,0.5
911,11096.3185,11095.309671,11095.569837,11096.3185,11102.267316,1,NaN,0,5.99999999999996,2,1,65,0.5
912,11104.765639,11103.547144,11104.030136,11104.765639,11107.972626,0,NaN,0,7.00000000000003,1,2,66,0.5
913,11111.45844,11110.227284,11110.833608,11111.456273,11115.049264,0,2.99999999999994,0.0299999999999997,5.99999999999996,2,1,65,0.5
914,11116.381753,11115.46409,11115.898261,11116.381753,11122.571562,0,NaN,0,7.00000000000003,1,2,66,0.5
915,11125.371384,11122.949733,11124.695892,11125.371384,11130.343531,0,NaN,0,7.00000000000003,1,2,66,0.5
916,11132.09203,11131.345366,11131.400693,11132.020696,11135.591843,1,2.99999999999994,0.0299999999999997,7.00000000000003,1,2,66,0.5
917,11137.885334,11136.520839,11136.801344,11137.812673,11141.817651,1,2.99999999999994,0.0299999999999997,7.00000000000003,1,2,66,0.5
918,11143.661817,11142.250316,11142.440149,11143.04848,11150.107451,1,NaN,0,7.00000000000003,1,2,66,0.5
919,11151.901278,11150.675622,11151.161947,11151.899111,11154.022437,0,2.99999999999994,0.0299999999999997,5.99999999999996,2,1,65,0.5
920,11155.538264,11154.498269,11154.942933,11155.470603,11158.203086,0,2.99999999999994,0.0299999999999997,5.99999999999996,2,1,65,0.5
921,11159.704752,11158.602257,11159.095915,11159.704752,11165.714222,0,NaN,0,7.00000000000003,1,2,66,0.5
922,11167.964053,11166.419053,11167.211056,11167.834387,11172.284697,0,2.99999999999994,0.0299999999999997,5.99999999999996,2,1,65,0.5
923,11173.870862,11172.702028,11173.191693,11173.741524,11177.985674,0,2.99999999999994,0.0299999999999997,5.99999999999996,2,1,65,0.5
924,11179.747667,11178.435672,11178.841176,11179.679839,11183.053659,1,2.99999999999994,0.0299999999999997,7.00000000000003,1,2,66,0.5
925,11185.098146,11183.713818,11184.113482,11185.095978,11188.350298,1,2.99999999999994,0.0299999999999997,7.00000000000003,1,2,66,0.5
926,11190.327457,11188.970796,11189.202962,11190.327457,11195.925441,1,NaN,0,5.99999999999996,2,1,65,0.5
927,11197.726767,11196.407439,11196.950765,11197.576428,11203.09724,0,2.99999999999994,0.0299999999999997,5.99999999999996,2,1,65,0.5
928,11204.624234,11203.575571,11203.966403,11204.536401,11207.930387,0,2.99999999999994,0.0299999999999997,5.99999999999996,2,1,65,0.5
929,11209.409882,11208.380885,11208.836884,11209.344554,11212.393369,0,2.99999999999994,0.0299999999999997,5.99999999999996,2,1,65,0.5
930,11213.74237,11212.872373,11213.201199,11213.70453,11216.796018,0,2.99999999999994,0.0299999999999997,5.99999999999996,2,1,65,0.5
931,11218.198346,11217.286683,11217.655181,11218.068186,11222.395496,0,2.99999999999994,0.0299999999999997,5.99999999999996,2,1,65,0.5
932,11223.70533,11222.921166,11223.20066,11223.70533,11229.367468,0,NaN,0,7.00000000000003,1,2,66,0.5
933,11231.121128,11229.904799,11230.426464,11231.027795,11233.731623,0,2.99999999999994,0.0299999999999997,5.99999999999996,2,1,65,0.5
934,11235.22245,11234.226282,11234.749447,11235.22245,11241.124593,0,NaN,0,7.00000000000003,1,2,66,0.5
935,11243.065252,11241.588752,11242.267916,11243.063086,11246.412734,1,2.99999999999994,0.0299999999999997,7.00000000000003,1,2,66,0.5
936,11248.005227,11246.903404,11247.172236,11248.00306,11250.918888,1,2.99999999999994,0.0299999999999997,7.00000000000003,1,2,66,0.5
937,11253.662038,11252.397542,11252.640381,11253.659871,11256.41636,1,2.99999999999994,0.0299999999999997,7.00000000000003,1,2,66,0.5
938,11257.716022,11256.88653,11257.094029,11257.716022,11263.460337,1,NaN,0,5.99999999999996,2,1,65,0.5
939,11265.192664,11263.954163,11264.466495,11265.062992,11267.562816,0,2.99999999999994,0.0299999999999997,5.99999999999996,2,1,65,0.5
940,11269.414314,11268.259645,11268.719477,11269.296142,11272.178302,0,2.99999999999994,0.0299999999999997,5.99999999999996,2,1,65,0.5
941,11274.519626,11273.347798,11273.551458,11274.517454,11277.351109,1,2.99999999999994,0.0299999999999997,7.00000000000003,1,2,66,0.5
942,11279.361268,11278.447605,11278.738937,11279.35894,11283.015426,0,2.99999999999994,0.0299999999999997,5.99999999999996,2,1,65,0.5
943,11284.871413,11283.434419,11283.87925,11284.869246,11288.308571,1,2.99999999999994,0.0299999999999997,7.00000000000003,1,2,66,0.5
944,11289.910232,11288.763569,11288.952397,11289.90806,11293.294545,1,2.99999999999994,0.0299999999999997,7.00000000000003,1,2,66,0.5
945,11295.131539,11293.789549,11293.962376,11295.129371,11298.374692,1,2.99999999999994,0.0299999999999997,7.00000000000003,1,2,66,0.5
946,11299.909686,11299.089689,11299.305522,11299.909686,11304.993832,1,NaN,0,5.99999999999996,2,1,65,0.5
947,11307.710327,11307.710327,11306.353326,NaN,11315.138297,NaN,NaN,0,7.00000000000003,1,2,66,0.5
948,11316.912285,11315.495623,11316.021627,11316.910118,11321.825104,1,2.99999999999994,0.0299999999999997,7.00000000000003,1,2,66,0.5
949,11323.385431,11322.277263,11322.489262,11323.383259,11326.422079,1,2.99999999999994,0.0299999999999997,7.00000000000003,1,2,66,0.5
950,11328.069407,11327.142243,11327.308749,11328.069407,11333.582557,1,NaN,0,5.99999999999996,2,1,65,0.5
951,11335.20955,11334.007549,11334.436381,11335.127711,11338.535864,0,2.99999999999994,0.0299999999999997,5.99999999999996,2,1,65,0.5
952,11339.810532,11338.984529,11339.271529,11339.725699,11344.234676,0,2.99999999999994,0.0299999999999997,5.99999999999996,2,1,65,0.5
953,11346.742832,11345.520337,11345.784835,11346.740665,11349.46666,1,2.99999999999994,0.0299999999999997,7.00000000000003,1,2,66,0.5
954,11351.691984,11350.529816,11350.893648,11351.689812,11357.930621,0,2.99999999999994,0.0299999999999997,5.99999999999996,2,1,65,0.5
955,11359.784285,11358.450957,11358.751784,11359.660286,11362.297269,1,2.99999999999994,0.0299999999999997,7.00000000000003,1,2,66,0.5
956,11364.178268,11363.195105,11363.388266,11364.034102,11366.942757,0,2.99999999999994,0.0299999999999997,5.99999999999996,2,1,65,0.5
957,11369.130075,11367.980919,11368.221412,11369.130075,11374.337554,1,NaN,0,5.99999999999996,2,1,65,0.5
958,11376.122881,11375.406051,11375.555389,11376.122881,11381.306533,1,NaN,0,5.99999999999996,2,1,65,0.5
959,11382.963853,11381.864358,11382.374522,11382.963853,11390.051159,0,NaN,0,7.00000000000003,1,2,66,0.5
960,11392.222817,11390.644495,11391.442653,11392.148317,11395.986135,0,2.99999999999994,0.0299999999999997,5.99999999999996,2,1,65,0.5
961,11397.546968,11396.932131,11396.994298,11397.546968,11405.44343,0,NaN,0,7.00000000000003,1,2,66,0.5
962,11407.370423,11405.948267,11406.612259,11407.272423,11411.395746,0,2.99999999999994,0.0299999999999997,5.99999999999996,2,1,65,0.5
963,11412.991901,11411.836905,11412.226909,11412.9129,11415.746722,1,2.99999999999994,0.0299999999999997,7.00000000000003,1,2,66,0.5
964,11417.400882,11416.258893,11416.640558,11417.400882,11422.977861,1,NaN,0,5.99999999999996,2,1,65,0.5
965,11430.861834,11429.637667,11429.979832,11430.859668,11434.050816,1,2.99999999999994,0.0299999999999997,7.00000000000003,1,2,66,0.5
966,11435.513649,11434.474647,11434.730986,11435.513649,11441.756618,1,NaN,0,5.99999999999996,2,1,65,0.5
967,11443.220613,11442.145617,11442.641621,11443.068619,11445.939607,0,2.99999999999994,0.0299999999999997,5.99999999999996,2,1,65,0.5
968,11447.309263,11446.366433,11446.709104,11447.250097,11452.210576,0,2.99999999999994,0.0299999999999997,5.99999999999996,2,1,65,0.5
969,11453.615238,11452.667581,11453.004741,11453.543904,11457.053063,0,2.99999999999994,0.0299999999999997,5.99999999999996,2,1,65,0.5
970,11459.205382,11458.164225,11458.377885,11459.203215,11461.716705,1,2.99999999999994,0.0299999999999997,7.00000000000003,1,2,66,0.5
971,11463.382699,11462.22287,11462.510869,11463.380532,11466.465859,1,2.99999999999994,0.0299999999999997,7.00000000000003,1,2,66,0.5
972,11468.241846,11466.904351,11467.075356,11468.239679,11472.163997,1,2.99999999999994,0.0299999999999997,7.00000000000003,1,2,66,0.5
973,11474.497654,11473.398831,11473.72133,11474.42466,11477.642975,0,2.99999999999994,0.0299999999999997,5.99999999999996,2,1,65,0.5
974,11479.46914,11478.071306,11478.400306,11479.466968,11482.888288,1,2.99999999999994,0.0299999999999997,7.00000000000003,1,2,66,0.5
975,11484.781947,11483.610951,11483.874783,11484.683946,11487.474936,1,2.99999999999994,0.0299999999999997,7.00000000000003,1,2,66,0.5
976,11488.909764,11487.863434,11488.080939,11488.909764,11491.877585,1,NaN,0,5.99999999999996,2,1,65,0.5
977,11567.478949,11566.313121,11566.53512,11567.404282,11571.828765,0,2.99999999999994,0.0299999999999997,5.99999999999996,2,1,65,0.5
978,11573.795596,11572.308096,11572.695434,11573.795596,11578.814576,1,NaN,0,5.99999999999996,2,1,65,0.5
979,11582.410056,11581.299393,11581.502059,11582.308562,11585.566382,1,2.99999999999994,0.0299999999999997,7.00000000000003,1,2,66,0.5
980,11587.378875,11586.312873,11586.513372,11587.376703,11592.195017,0,2.99999999999994,0.0299999999999997,5.99999999999996,2,1,65,0.5
981,11593.586517,11592.593181,11592.948847,11593.501684,11596.305001,0,2.99999999999994,0.0299999999999997,5.99999999999996,2,1,65,0.5
982,11598.030494,11596.717171,11597.09283,11598.028166,11604.029975,1,2.99999999999994,0.0299999999999997,7.00000000000003,1,2,66,0.5
983,11605.867134,11604.882966,11605.037299,11605.864968,11607.991953,0,2.99999999999994,0.0299999999999997,5.99999999999996,2,1,65,0.5
984,11610.054112,11608.963289,11609.193454,11610.054112,11610.825948,0,NaN,0,7.00000000000003,1,2,66,0.5
985,11629.975038,11629.041537,11629.238202,11629.975038,11635.608509,0,NaN,0,7.00000000000003,1,2,66,0.5
986,11637.188003,11636.398679,11636.518006,11637.188003,11638.65467,1,NaN,0,5.99999999999996,2,1,65,0.5
987,11655.757096,11654.764605,11654.848932,11655.754929,11663.468565,0,2.99999999999994,0.0299999999999997,5.99999999999996,2,1,65,0.5
988,11665.045726,11663.973563,11664.196734,11665.043559,11668.849877,1,2.99999999999994,0.0299999999999997,7.00000000000003,1,2,66,0.5
989,11670.322543,11669.374542,11669.518874,11670.322543,11677.178177,1,NaN,0,5.99999999999996,2,1,65,0.5
990,11678.420338,11677.590508,11677.830174,11678.420338,11684.26415,1,NaN,0,5.99999999999996,2,1,65,0.5
991,11685.829976,11684.839652,11685.229978,11685.829976,11688.188299,0,NaN,0,7.00000000000003,1,2,66,0.5
992,11694.886273,11693.615944,11693.77611,11694.884106,11697.967094,1,2.99999999999994,0.0299999999999997,7.00000000000003,1,2,66,0.5
993,11699.235428,11698.415758,11698.53593,11699.235428,11706.733559,1,NaN,0,5.99999999999996,2,1,65,0.5
994,11708.559224,11707.266723,11707.719394,11708.557057,11712.074876,0,2.99999999999994,0.0299999999999997,5.99999999999996,2,1,65,0.5
995,11713.509032,11712.504541,11712.9672,11713.441031,11716.126354,0,2.99999999999994,0.0299999999999997,5.99999999999996,2,1,65,0.5
996,11717.75252,11717.033184,11717.047023,11717.750354,11721.308833,0,2.99999999999994,0.0299999999999997,5.99999999999996,2,1,65,0.5
997,11722.767494,11721.750832,11722.172996,11722.767494,11729.276474,0,NaN,0,7.00000000000003,1,2,66,0.5
998,11731.349632,11729.714134,11730.342137,11731.34746,11734.156955,1,2.99999999999994,0.0299999999999997,7.00000000000003,1,2,66,0.5
999,11735.60961,11734.640947,11734.832446,11735.55711,11738.745597,1,2.99999999999994,0.0299999999999997,7.00000000000003,1,2,66,0.5
1000,11740.067258,11739.209268,11739.399428,11740.067258,11743.669744,1,NaN,0,5.99999999999996,2,1,65,0.5
1001,11836.252708,11834.732214,11834.911385,11836.25054,11837.459041,0,2.99999999999994,0.0299999999999997,5.99999999999996,2,1,65,0.5
1002,11839.021035,11837.9072,11838.174532,11839.018863,11848.953995,1,2.99999999999994,0.0299999999999997,7.00000000000003,1,2,66,0.5
1003,11852.504315,11851.418986,11851.697812,11852.502148,11854.394302,0,2.99999999999994,0.0299999999999997,5.99999999999996,2,1,65,0.5
1004,11856.022962,11854.830805,11855.055799,11856.020794,11858.830623,1,2.99999999999994,0.0299999999999997,7.00000000000003,1,2,66,0.5
1005,11860.34695,11859.594619,11859.728447,11860.34695,11866.315093,1,NaN,0,5.99999999999996,2,1,65,0.5
1006,11867.999581,11866.757418,11867.016584,11867.997253,11872.352396,1,2.99999999999994,0.0299999999999997,7.00000000000003,1,2,66,0.5
1007,11873.82889,11872.8094,11872.971894,11873.682896,11877.17521,1,2.99999999999994,0.0299999999999997,7.00000000000003,1,2,66,0.5
1008,11878.891876,11877.957707,11878.187878,11878.889704,11883.274019,0,2.99999999999994,0.0299999999999997,5.99999999999996,2,1,65,0.5
1009,11884.876346,11883.71835,11883.970355,11884.876346,12079.884233,1,NaN,0,5.99999999999996,2,1,65,0.5
1010,12158.117419,12156.539432,12156.944091,12158.117419,12165.264724,1,NaN,0,5.99999999999996,2,1,65,0.5
1011,12166.732386,12165.811389,12165.907061,12166.730218,12169.374041,1,2.99999999999994,0.0299999999999997,7.00000000000003,1,2,66,0.5
1012,12171.298373,12170.157539,12170.328377,12171.296201,12174.070689,1,2.99999999999994,0.0299999999999997,7.00000000000003,1,2,66,0.5
1013,12175.49485,12174.694687,12174.786853,12175.49485,12180.874995,1,NaN,0,5.99999999999996,2,1,65,0.5
1014,12182.496328,12181.556826,12181.711825,12182.496328,12189.414961,1,NaN,0,5.99999999999996,2,1,65,0.5
1015,12191.162293,12189.893632,12190.281297,12191.160127,12195.017778,0,2.99999999999994,0.0299999999999997,5.99999999999996,2,1,65,0.5
1016,12196.624766,12195.595603,12195.826435,12196.624766,12204.589067,1,NaN,0,5.99999999999996,2,1,65,0.5
1017,12206.652898,12205.492236,12205.893234,12206.556232,12209.73688,0,2.99999999999994,0.0299999999999997,5.99999999999996,2,1,65,0.5
1018,12211.350379,12210.165211,12210.681382,12211.348212,12216.769352,0,2.99999999999994,0.0299999999999997,5.99999999999996,2,1,65,0.5
1019,12218.15268,12217.364516,12217.700514,12218.15268,12225.176985,0,NaN,0,7.00000000000003,1,2,66,0.5
1020,12227.035144,12226.002981,12226.243981,12227.032977,12229.097475,0,2.99999999999994,0.0299999999999997,5.99999999999996,2,1,65,0.5
1021,12230.965462,12229.55064,12230.016465,12230.963295,NaN,1,2.99999999999994,0.0299999999999997,7.00000000000003,1,2,66,0.5
