trial,outcome,center_in,center_out,side_in,last_side_out,actions,reward,trial_types,odors,port_side,schedule,odor_name,odor_dur
1,151.788104,150.943438,151.082771,151.734771,173.482082,1,2.99999999999994,0.0299999999999997,7.00000000000003,1,2,66,0.5
2,174.856081,174.176081,174.444748,174.856081,199.879389,0,NaN,0,7.00000000000003,1,2,66,0.5
3,200.852055,200.242722,200.494722,200.852055,215.40004,0,NaN,0,7.00000000000003,1,2,66,0.5
4,217.282705,216.860705,216.936705,217.282705,225.92803,0,NaN,0,7.00000000000003,1,2,66,0.5
5,231.507357,230.102692,230.982025,231.507357,252.19267,1,NaN,0,5.99999999999996,2,1,65,0.5
6,253.497335,252.652003,252.993336,253.444002,257.036665,0,2.99999999999994,0.0299999999999997,5.99999999999996,2,1,65,0.5
7,259.01133,258.439997,258.635997,259.01133,265.33999,0,NaN,0,7.00000000000003,1,2,66,0.5
8,266.549322,265.841323,266.136656,266.549322,288.955967,1,NaN,0,5.99999999999996,2,1,65,0.5
9,290.904631,290.235965,290.469298,290.904631,296.735292,1,NaN,0,5.99999999999996,2,1,65,0.5
10,302.47862,299.114623,299.373956,302.425286,310.060612,1,2.99999999999994,0.0299999999999997,7.00000000000003,1,2,66,0.5
11,313.441275,312.816609,312.928609,313.429942,359.35723,0,2.99999999999994,0.0299999999999997,5.99999999999996,2,1,65,0.5
12,362.519226,360.384562,360.545228,362.519226,401.588521,1,NaN,0,5.99999999999996,2,1,65,0.5
13,408.53918,407.633181,407.713848,408.53918,415.132507,0,NaN,0,7.00000000000003,1,2,66,0.5
14,416.245839,415.52584,415.695173,416.192506,422.752499,1,2.99999999999994,0.0299999999999997,7.00000000000003,1,2,66,0.5
15,427.817828,427.149828,427.338495,427.817828,428.353161,0,NaN,0,7.00000000000003,1,2,66,0.5
16,476.257113,475.31978,475.709113,476.203779,486.029103,1,2.99999999999994,0.0299999999999997,7.00000000000003,1,2,66,0.5
17,487.331768,486.609102,486.792435,487.278435,492.345763,0,2.99999999999994,0.0299999999999997,5.99999999999996,2,1,65,0.5
18,493.929095,492.967763,493.333762,493.875762,497.729091,0,2.99999999999994,0.0299999999999997,5.99999999999996,2,1,65,0.5
19,499.262423,498.508424,498.69709,499.20909,502.56442,0,2.99999999999994,0.0299999999999997,5.99999999999996,2,1,65,0.5
20,503.993752,503.085086,503.307752,503.940418,507.357748,0,2.99999999999994,0.0299999999999997,5.99999999999996,2,1,65,0.5
21,508.64708,507.902414,508.245081,508.64708,515.168407,0,NaN,0,7.00000000000003,1,2,66,0.5
22,516.679739,515.73974,516.139739,516.679739,522.784399,1,NaN,0,5.99999999999996,2,1,65,0.5
23,524.026398,523.289066,523.553065,524.026398,529.419726,0,NaN,0,7.00000000000003,1,2,66,0.5
24,531.99439,531.332391,531.519724,531.941057,534.513721,1,2.99999999999994,0.0299999999999997,7.00000000000003,1,2,66,0.5
25,537.198385,536.422386,536.716385,537.145052,538.439717,0,2.99999999999994,0.0299999999999997,5.99999999999996,2,1,65,0.5
26,543.714378,543.058379,543.274379,543.714378,561.145694,0,NaN,0,7.00000000000003,1,2,66,0.5
27,562.535693,561.803694,562.067693,562.535693,574.590348,0,NaN,0,7.00000000000003,1,2,66,0.5
28,581.410341,580.568342,580.857675,581.357007,595.492327,0,2.99999999999994,0.0299999999999997,5.99999999999996,2,1,65,0.5
29,599.967656,595.992993,596.295659,599.914322,608.209647,1,2.99999999999994,0.0299999999999997,7.00000000000003,1,2,66,0.5
30,609.591646,608.849647,609.04298,609.591646,651.672937,0,NaN,0,7.00000000000003,1,2,66,0.5
31,669.589586,668.811587,669.037586,669.536253,676.807579,1,2.99999999999994,0.0299999999999997,7.00000000000003,1,2,66,0.5
32,678.91491,678.338244,678.48891,678.91491,691.446231,0,NaN,0,7.00000000000003,1,2,66,0.5
33,697.203559,696.468892,696.683559,697.150225,702.850886,1,2.99999999999994,0.0299999999999997,7.00000000000003,1,2,66,0.5
34,704.168885,703.370885,703.664885,704.168885,711.065544,0,NaN,0,7.00000000000003,1,2,66,0.5
35,712.653543,711.677544,711.996877,712.60021,715.11554,1,2.99999999999994,0.0299999999999997,7.00000000000003,1,2,66,0.5
36,717.194872,716.01754,716.704872,717.194872,722.670866,1,NaN,0,5.99999999999996,2,1,65,0.5
37,723.874865,723.125532,723.438199,723.821532,726.761529,1,2.99999999999994,0.0299999999999997,7.00000000000003,1,2,66,0.5
38,728.256194,727.348195,727.765528,728.256194,740.483515,1,NaN,0,5.99999999999996,2,1,65,0.5
39,741.924847,741.212181,741.498181,741.924847,747.247508,1,NaN,0,5.99999999999996,2,1,65,0.5
40,748.741507,747.696841,748.166841,748.688173,753.052169,0,2.99999999999994,0.0299999999999997,5.99999999999996,2,1,65,0.5
41,754.844167,753.795502,754.132835,754.844167,920.430002,1,NaN,0,5.99999999999996,2,1,65,0.5
42,923.734665,922.841333,923.163332,923.734665,964.215958,1,NaN,0,5.99999999999996,2,1,65,0.5
43,965.748623,964.866624,965.064624,965.69529,983.780605,0,2.99999999999994,0.0299999999999997,5.99999999999996,2,1,65,0.5
44,985.63927,984.629271,984.901937,985.585937,990.931265,0,2.99999999999994,0.0299999999999997,5.99999999999996,2,1,65,0.5
45,993.191929,992.051263,992.405263,993.191929,1000.647255,0,NaN,0,7.00000000000003,1,2,66,0.5
46,1002.401253,1001.457921,1001.684587,1002.34792,1004.145251,0,2.99999999999994,0.0299999999999997,5.99999999999996,2,1,65,0.5
47,1005.975249,1005.03525,1005.350584,1005.921916,1023.214566,1,2.99999999999994,0.0299999999999997,7.00000000000003,1,2,66,0.5
48,1025.21523,1024.421898,1024.538564,1025.161897,1028.447227,0,2.99999999999994,0.0299999999999997,5.99999999999996,2,1,65,0.5
49,1030.081225,1029.319893,1029.481893,1030.081225,1036.131219,0,NaN,0,7.00000000000003,1,2,66,0.5
50,1037.665218,1036.875885,1037.094552,1037.665218,1045.887876,0,NaN,0,7.00000000000003,1,2,66,0.5
51,1047.349875,1046.543876,1046.771209,1047.349875,1048.999207,0,NaN,0,7.00000000000003,1,2,66,0.5
52,1059.409863,1058.717863,1058.93453,1059.356529,1064.998524,1,2.99999999999994,0.0299999999999997,7.00000000000003,1,2,66,0.5
53,1069.661186,1068.837853,1069.11652,1069.607853,1079.470509,1,2.99999999999994,0.0299999999999997,7.00000000000003,1,2,66,0.5
54,1080.773175,1080.076509,1080.258509,1080.773175,1081.89584,0,NaN,0,7.00000000000003,1,2,66,0.5
55,1090.543832,1089.940499,1090.122499,1090.543832,1131.666457,0,NaN,0,7.00000000000003,1,2,66,0.5
56,1140.341782,1139.717116,1139.778449,1140.316449,1148.55644,1,2.99999999999994,0.0299999999999997,7.00000000000003,1,2,66,0.5
57,1151.071771,1149.973106,1150.555772,1151.071771,1159.18443,1,NaN,0,5.99999999999996,2,1,65,0.5
58,1160.666428,1159.818429,1160.143095,1160.613095,1163.125759,1,2.99999999999994,0.0299999999999997,7.00000000000003,1,2,66,0.5
59,1165.30709,1164.141091,1164.748424,1165.254423,1173.512415,1,2.99999999999994,0.0299999999999997,7.00000000000003,1,2,66,0.5
60,1175.499747,1174.551081,1174.977081,1175.499747,1179.21841,1,NaN,0,5.99999999999996,2,1,65,0.5
61,1182.45574,1181.653074,1181.923074,1182.402406,1188.006401,1,2.99999999999994,0.0299999999999997,7.00000000000003,1,2,66,0.5
62,1189.933732,1188.889067,1189.398399,1189.933732,1198.747057,1,NaN,0,5.99999999999996,2,1,65,0.5
63,1201.067054,1200.177722,1200.421055,1201.013721,1210.069712,0,2.99999999999994,0.0299999999999997,5.99999999999996,2,1,65,0.5
64,1211.360377,1210.645712,1210.869711,1211.360377,1221.491034,1,NaN,0,5.99999999999996,2,1,65,0.5
65,1224.939697,1224.087031,1224.265031,1224.886364,1228.783693,0,2.99999999999994,0.0299999999999997,5.99999999999996,2,1,65,0.5
66,1230.492358,1229.499693,1229.901692,1230.492358,1235.49302,1,NaN,0,5.99999999999996,2,1,65,0.5
67,1237.381018,1235.980353,1236.674352,1237.381018,1385.539537,1,NaN,0,5.99999999999996,2,1,65,0.5
68,1387.820201,1386.750202,1387.110868,1387.766868,1393.345529,1,2.99999999999994,0.0299999999999997,7.00000000000003,1,2,66,0.5
69,1394.779527,1393.993528,1394.192861,1394.726194,1402.902186,0,2.99999999999994,0.0299999999999997,5.99999999999996,2,1,65,0.5
70,1404.670851,1403.745518,1403.927518,1404.617518,1406.131516,0,2.99999999999994,0.0299999999999997,5.99999999999996,2,1,65,0.5
71,1408.016181,1407.146848,1407.504848,1408.016181,1412.428176,1,NaN,0,5.99999999999996,2,1,65,0.5
72,1414.223508,1413.432842,1413.675509,1414.170175,1418.685504,0,2.99999999999994,0.0299999999999997,5.99999999999996,2,1,65,0.5
73,1420.344835,1419.520836,1419.730169,1420.291502,1425.478163,0,2.99999999999994,0.0299999999999997,5.99999999999996,2,1,65,0.5
74,1427.176162,1426.222165,1426.556829,1427.122828,1429.16616,0,2.99999999999994,0.0299999999999997,5.99999999999996,2,1,65,0.5
75,1430.594158,1429.858159,1430.030826,1430.540825,1431.98949,0,2.99999999999994,0.0299999999999997,5.99999999999996,2,1,65,0.5
76,1434.124821,1433.419489,1433.650822,1434.124821,1455.905466,0,NaN,0,7.00000000000003,1,2,66,0.5
77,1458.272797,1457.474798,1457.673465,1458.272797,1508.88408,0,NaN,0,7.00000000000003,1,2,66,0.5
78,1513.852075,1512.824076,1513.170742,1513.852075,1518.94007,0,NaN,0,7.00000000000003,1,2,66,0.5
79,1520.916735,1520.067402,1520.313402,1520.916735,1529.31606,1,NaN,0,5.99999999999996,2,1,65,0.5
80,1531.806724,1531.258058,1531.284058,1531.806724,1539.978716,0,NaN,0,7.00000000000003,1,2,66,0.5
81,1556.632699,1555.869366,1556.153366,1556.579366,1560.471362,0,2.99999999999994,0.0299999999999997,5.99999999999996,2,1,65,0.5
82,1563.916692,1563.062692,1563.339359,1563.863358,1567.432688,0,2.99999999999994,0.0299999999999997,5.99999999999996,2,1,65,0.5
83,1568.88402,1568.143354,1568.328687,1568.88402,1574.977347,1,NaN,0,5.99999999999996,2,1,65,0.5
84,1578.284011,1577.403345,1577.762011,1578.284011,1631.175291,0,NaN,0,7.00000000000003,1,2,66,0.5
85,1634.458621,1631.932624,1632.17129,1634.405288,1649.521945,1,2.99999999999994,0.0299999999999997,7.00000000000003,1,2,66,0.5
86,1651.87327,1650.939271,1651.221938,1651.819937,1655.419933,0,2.99999999999994,0.0299999999999997,5.99999999999996,2,1,65,0.5
87,1657.847264,1657.020599,1657.231932,1657.847264,1666.171256,0,NaN,0,7.00000000000003,1,2,66,0.5
88,1667.607255,1666.790589,1667.112588,1667.607255,1671.96725,0,NaN,0,7.00000000000003,1,2,66,0.5
89,1675.353914,1674.577914,1674.822581,1675.30058,1679.515243,0,2.99999999999994,0.0299999999999997,5.99999999999996,2,1,65,0.5
90,1681.101908,1680.353909,1680.556576,1681.101908,1686.254569,0,NaN,0,7.00000000000003,1,2,66,0.5
91,1687.817901,1686.831902,1687.283902,1687.817901,1694.265228,1,NaN,0,5.99999999999996,2,1,65,0.5
92,1696.485892,1695.721226,1695.93856,1696.432559,1699.462556,1,2.99999999999994,0.0299999999999997,7.00000000000003,1,2,66,0.5
93,1700.726555,1699.973889,1700.167222,1700.673222,1703.924552,0,2.99999999999994,0.0299999999999997,5.99999999999996,2,1,65,0.5
94,1705.96855,1705.117217,1705.48855,1705.96855,1713.575875,0,NaN,0,7.00000000000003,1,2,66,0.5
95,1715.107874,1714.067208,1714.518541,1715.055207,1718.048537,0,2.99999999999994,0.0299999999999997,5.99999999999996,2,1,65,0.5
96,1719.437203,1718.690537,1718.885203,1719.437203,1726.527862,0,NaN,0,7.00000000000003,1,2,66,0.5
97,1729.777866,1727.009862,1727.289195,1729.777866,1734.507188,1,NaN,0,5.99999999999996,2,1,65,0.5
98,1736.505852,1735.633853,1735.94252,1736.505852,1742.683179,0,NaN,0,7.00000000000003,1,2,66,0.5
99,1744.517178,1743.745179,1744.015845,1744.517178,1751.712504,0,NaN,0,7.00000000000003,1,2,66,0.5
100,1753.419169,1752.516503,1752.90517,1753.419169,1758.124497,0,NaN,0,7.00000000000003,1,2,66,0.5
101,1763.263826,1762.39516,1762.508493,1763.210492,1765.805156,0,2.99999999999994,0.0299999999999997,5.99999999999996,2,1,65,0.5
102,1768.343154,1767.623155,1767.838488,1768.343154,1840.487748,0,NaN,0,7.00000000000003,1,2,66,0.5
103,1841.745747,1841.091081,1841.261081,1841.745747,1848.637074,0,NaN,0,7.00000000000003,1,2,66,0.5
104,1849.815739,1849.051073,1849.33574,1849.815739,1855.1844,0,NaN,0,7.00000000000003,1,2,66,0.5
105,1856.985065,1856.065066,1856.482399,1856.931732,1867.969721,0,2.99999999999994,0.0299999999999997,5.99999999999996,2,1,65,0.5
106,1869.238386,1868.505721,1868.685053,1869.238386,1874.630381,0,NaN,0,7.00000000000003,1,2,66,0.5
107,1877.086378,1876.125046,1876.536379,1877.033045,1881.661041,1,2.99999999999994,0.0299999999999997,7.00000000000003,1,2,66,0.5
108,1883.662372,1882.497706,1882.997706,1883.609039,1888.173701,1,2.99999999999994,0.0299999999999997,7.00000000000003,1,2,66,0.5
109,1889.641033,1888.903033,1889.052366,1889.587699,1892.789696,0,2.99999999999994,0.0299999999999997,5.99999999999996,2,1,65,0.5
110,1894.571028,1893.799028,1893.991695,1894.571028,1900.738355,0,NaN,0,7.00000000000003,1,2,66,0.5
111,1902.00102,1901.225688,1901.496354,1902.00102,1908.249014,0,NaN,0,7.00000000000003,1,2,66,0.5
112,1909.591679,1908.894347,1909.099013,1909.538346,1911.046344,0,2.99999999999994,0.0299999999999997,5.99999999999996,2,1,65,0.5
113,1912.585676,1911.857677,1912.098343,1912.585676,1920.943001,0,NaN,0,7.00000000000003,1,2,66,0.5
114,1922.156333,1921.485001,1921.683,1922.156333,1928.658327,0,NaN,0,7.00000000000003,1,2,66,0.5
115,1930.437658,1929.566993,1929.858326,1930.384325,1932.641656,1,2.99999999999994,0.0299999999999997,7.00000000000003,1,2,66,0.5
116,1934.874987,1933.310322,1934.220321,1934.821654,1939.804316,1,2.99999999999994,0.0299999999999997,7.00000000000003,1,2,66,0.5
117,1941.424981,1940.488315,1940.830315,1941.424981,1947.366308,0,NaN,0,7.00000000000003,1,2,66,0.5
118,1949.140306,1947.972974,1948.534974,1949.086973,1956.0083,1,2.99999999999994,0.0299999999999997,7.00000000000003,1,2,66,0.5
119,1957.740298,1957.036965,1957.268965,1957.740298,1962.917626,0,NaN,0,7.00000000000003,1,2,66,0.5
120,1965.164957,1964.174291,1964.606291,1965.111624,1970.230285,0,2.99999999999994,0.0299999999999997,5.99999999999996,2,1,65,0.5
121,1971.774284,1971.036951,1971.178284,1971.72095,1976.199613,0,2.99999999999994,0.0299999999999997,5.99999999999996,2,1,65,0.5
122,1977.866278,1977.099612,1977.256945,1977.812944,1985.27627,1,2.99999999999994,0.0299999999999997,7.00000000000003,1,2,66,0.5
123,1987.426935,1986.590936,1986.852935,1987.426935,1992.48893,0,NaN,0,7.00000000000003,1,2,66,0.5
124,1994.059595,1993.059596,1993.470929,1994.006262,2002.354253,1,2.99999999999994,0.0299999999999997,7.00000000000003,1,2,66,0.5
125,2004.188918,2003.164919,2003.570252,2004.135585,2009.328913,0,2.99999999999994,0.0299999999999997,5.99999999999996,2,1,65,0.5
126,2011.056911,2010.218245,2010.366245,2011.056911,2016.181573,0,NaN,0,7.00000000000003,1,2,66,0.5
127,2017.606238,2016.752239,2016.977572,2017.552905,2025.736896,1,2.99999999999994,0.0299999999999997,7.00000000000003,1,2,66,0.5
128,2027.300228,2026.460896,2026.592896,2027.246895,2030.863558,0,2.99999999999994,0.0299999999999997,5.99999999999996,2,1,65,0.5
129,2032.54289,2031.82089,2031.987557,2032.54289,2039.430883,0,NaN,0,7.00000000000003,1,2,66,0.5
130,2041.220881,2040.529548,2040.714881,2041.220881,2047.652875,0,NaN,0,7.00000000000003,1,2,66,0.5
131,2048.93954,2048.201541,2048.322874,2048.93954,2054.742867,0,NaN,0,7.00000000000003,1,2,66,0.5
132,2056.980865,2055.975533,2056.412866,2056.927532,2064.650858,1,2.99999999999994,0.0299999999999997,7.00000000000003,1,2,66,0.5
133,2066.287523,2065.219524,2065.64019,2066.234189,2072.661516,1,2.99999999999994,0.0299999999999997,7.00000000000003,1,2,66,0.5
134,2076.253513,2075.556847,2075.629513,2076.200179,2079.619509,0,2.99999999999994,0.0299999999999997,5.99999999999996,2,1,65,0.5
135,2081.148841,2080.446842,2080.576175,2081.148841,2086.606836,0,NaN,0,7.00000000000003,1,2,66,0.5
136,2088.3995,2087.356835,2087.834168,2088.346167,2096.358826,1,2.99999999999994,0.0299999999999997,7.00000000000003,1,2,66,0.5
137,2098.95349,2098.056824,2098.332157,2098.95349,2105.75415,0,NaN,0,7.00000000000003,1,2,66,0.5
138,2107.490815,2106.437482,2106.841482,2107.490815,2112.573476,0,NaN,0,7.00000000000003,1,2,66,0.5
139,2114.060808,2113.150142,2113.507475,2114.007475,2116.182139,1,2.99999999999994,0.0299999999999997,7.00000000000003,1,2,66,0.5
140,2118.46147,2117.346138,2117.800138,2118.46147,2124.721464,1,NaN,0,5.99999999999996,2,1,65,0.5
141,2126.434129,2125.295464,2125.909463,2126.380796,2136.464786,1,2.99999999999994,0.0299999999999997,7.00000000000003,1,2,66,0.5
142,2138.168117,2137.082785,2137.458785,2138.114784,2147.787441,1,2.99999999999994,0.0299999999999997,7.00000000000003,1,2,66,0.5
143,2149.388106,2148.514774,2148.81944,2149.334773,2152.706103,0,2.99999999999994,0.0299999999999997,5.99999999999996,2,1,65,0.5
144,2154.002102,2153.439435,2153.532102,2154.002102,2160.179429,0,NaN,0,7.00000000000003,1,2,66,0.5
145,2161.694094,2160.785428,2161.195428,2161.694094,2167.326755,1,NaN,0,5.99999999999996,2,1,65,0.5
146,2168.74142,2167.865421,2168.246088,2168.74142,2173.656082,1,NaN,0,5.99999999999996,2,1,65,0.5
147,2175.295414,2174.337415,2174.692081,2175.24208,2183.016739,1,2.99999999999994,0.0299999999999997,7.00000000000003,1,2,66,0.5
148,2187.508068,2186.608736,2186.848735,2187.508068,2193.497395,0,NaN,0,7.00000000000003,1,2,66,0.5
149,2195.08406,2194.048061,2194.599394,2195.08406,2199.910722,1,NaN,0,5.99999999999996,2,1,65,0.5
150,2202.006054,2200.394722,2200.936055,2201.95272,2207.388048,1,2.99999999999994,0.0299999999999997,7.00000000000003,1,2,66,0.5
151,2209.08138,2208.130714,2208.542714,2209.08138,2215.539373,0,NaN,0,7.00000000000003,1,2,66,0.5
152,2216.912039,2216.125373,2216.398039,2216.912039,2222.775366,1,NaN,0,5.99999999999996,2,1,65,0.5
153,2224.205365,2223.322699,2223.681365,2224.205365,2339.11125,1,NaN,0,5.99999999999996,2,1,65,0.5
154,2341.584581,2340.051916,2340.300582,2341.584581,2348.032574,0,NaN,0,7.00000000000003,1,2,66,0.5
155,2350.101905,2349.114573,2349.527906,2350.048572,2355.320567,0,2.99999999999994,0.0299999999999997,5.99999999999996,2,1,65,0.5
156,2360.737895,2359.848562,2360.132562,2360.684562,2361.815227,0,2.99999999999994,0.0299999999999997,5.99999999999996,2,1,65,0.5
157,2363.623892,2362.68056,2362.959893,2363.623892,2369.139886,1,NaN,0,5.99999999999996,2,1,65,0.5
158,2372.21855,2371.390551,2371.646551,2372.165217,2374.255881,0,2.99999999999994,0.0299999999999997,5.99999999999996,2,1,65,0.5
159,2375.995213,2375.110547,2375.429213,2375.995213,2380.380542,0,NaN,0,7.00000000000003,1,2,66,0.5
160,2382.70654,2381.91454,2382.019874,2382.653206,2388.7652,1,2.99999999999994,0.0299999999999997,7.00000000000003,1,2,66,0.5
161,2390.600532,2389.891199,2390.111865,2390.600532,2396.395192,0,NaN,0,7.00000000000003,1,2,66,0.5
162,2397.966524,2397.218525,2397.461191,2397.966524,2455.701133,0,NaN,0,7.00000000000003,1,2,66,0.5
163,2457.473131,2456.747799,2456.887799,2457.419798,2466.600456,1,2.99999999999994,0.0299999999999997,7.00000000000003,1,2,66,0.5
164,2467.937788,2467.206456,2467.340455,2467.884454,2477.559778,0,2.99999999999994,0.0299999999999997,5.99999999999996,2,1,65,0.5
165,2480.417108,2479.425109,2479.759109,2480.363775,2483.379772,0,2.99999999999994,0.0299999999999997,5.99999999999996,2,1,65,0.5
166,2484.961104,2484.227771,2484.445771,2484.961104,2491.785097,0,NaN,0,7.00000000000003,1,2,66,0.5
167,2493.677762,2492.665763,2493.072429,2493.677762,2499.427089,1,NaN,0,5.99999999999996,2,1,65,0.5
168,2501.183754,2500.092422,2500.528422,2501.130421,2507.483748,1,2.99999999999994,0.0299999999999997,7.00000000000003,1,2,66,0.5
169,2509.220413,2508.359747,2508.592414,2509.220413,2514.572408,1,NaN,0,5.99999999999996,2,1,65,0.5
170,2516.091739,2515.191074,2515.47574,2516.038406,2518.029071,1,2.99999999999994,0.0299999999999997,7.00000000000003,1,2,66,0.5
171,2519.958402,2519.074403,2519.417736,2519.958402,2526.620396,1,NaN,0,5.99999999999996,2,1,65,0.5
172,2528.700393,2527.484395,2528.147061,2528.700393,2535.28372,1,NaN,0,5.99999999999996,2,1,65,0.5
173,2536.911719,2536.082386,2536.435052,2536.911719,2543.691712,1,NaN,0,5.99999999999996,2,1,65,0.5
174,2546.099709,2544.245045,2545.437043,2546.046376,2556.035033,1,2.99999999999994,0.0299999999999997,7.00000000000003,1,2,66,0.5
175,2557.866364,2556.945032,2557.369031,2557.866364,2567.715021,0,NaN,0,7.00000000000003,1,2,66,0.5
176,2569.093686,2568.219021,2568.557687,2569.040353,2573.598349,0,2.99999999999994,0.0299999999999997,5.99999999999996,2,1,65,0.5
177,2574.907681,2574.232348,2574.461681,2574.907681,2580.887008,0,NaN,0,7.00000000000003,1,2,66,0.5
178,2582.699006,2581.88634,2582.26034,2582.699006,2590.590332,0,NaN,0,7.00000000000003,1,2,66,0.5
179,2592.457663,2591.502331,2591.931664,2592.40433,2595.812326,0,2.99999999999994,0.0299999999999997,5.99999999999996,2,1,65,0.5
180,2597.245658,2596.418992,2596.724325,2597.192325,2600.710988,0,2.99999999999994,0.0299999999999997,5.99999999999996,2,1,65,0.5
181,2602.440986,2601.587654,2601.860987,2602.387653,2607.322315,0,2.99999999999994,0.0299999999999997,5.99999999999996,2,1,65,0.5
182,2609.117646,2608.50098,2608.671647,2609.117646,2614.879641,0,NaN,0,7.00000000000003,1,2,66,0.5
183,2616.504306,2615.554973,2615.934306,2616.451639,2621.673634,1,2.99999999999994,0.0299999999999997,7.00000000000003,1,2,66,0.5
184,2623.618965,2622.834966,2623.052299,2623.565632,2627.587628,0,2.99999999999994,0.0299999999999997,5.99999999999996,2,1,65,0.5
185,2628.97296,2628.348294,2628.499627,2628.966293,2634.171621,0,2.99999999999994,0.0299999999999997,5.99999999999996,2,1,65,0.5
186,2635.72362,2635.123621,2635.252954,2635.670287,2641.405614,0,2.99999999999994,0.0299999999999997,5.99999999999996,2,1,65,0.5
187,2643.380279,2642.510946,2642.585613,2643.380279,2650.395605,0,NaN,0,7.00000000000003,1,2,66,0.5
188,2652.029604,2651.206271,2651.498271,2652.029604,2656.984265,0,NaN,0,7.00000000000003,1,2,66,0.5
189,2658.74093,2657.724931,2658.196931,2658.687597,2664.527591,1,2.99999999999994,0.0299999999999997,7.00000000000003,1,2,66,0.5
190,2666.026923,2665.186257,2665.446923,2666.026923,2672.49625,1,NaN,0,5.99999999999996,2,1,65,0.5
191,2674.004248,2673.108249,2673.492915,2674.004248,2681.158908,1,NaN,0,5.99999999999996,2,1,65,0.5
192,2682.67624,2681.783574,2682.139573,2682.622906,2688.222234,1,2.99999999999994,0.0299999999999997,7.00000000000003,1,2,66,0.5
193,2689.640899,2688.8149,2689.098233,2689.640899,2695.70356,1,NaN,0,5.99999999999996,2,1,65,0.5
194,2697.592225,2696.642226,2696.972225,2697.538891,2700.936221,0,2.99999999999994,0.0299999999999997,5.99999999999996,2,1,65,0.5
195,2702.31822,2701.549554,2701.74422,2702.264887,2706.460216,0,2.99999999999994,0.0299999999999997,5.99999999999996,2,1,65,0.5
196,2708.262214,2707.490215,2707.564215,2708.208881,2712.63821,0,2.99999999999994,0.0299999999999997,5.99999999999996,2,1,65,0.5
197,2713.857542,2713.202876,2713.268876,2713.857542,2719.419536,0,NaN,0,7.00000000000003,1,2,66,0.5
198,2720.706201,2719.896202,2720.201535,2720.706201,2726.468862,0,NaN,0,7.00000000000003,1,2,66,0.5
199,2727.785528,2726.884862,2727.284195,2727.785528,2734.430854,0,NaN,0,7.00000000000003,1,2,66,0.5
200,2742.14818,2741.291514,2741.388181,2742.094847,2751.226171,1,2.99999999999994,0.0299999999999997,7.00000000000003,1,2,66,0.5
201,2752.54617,2751.74617,2751.945504,2752.54617,2758.600164,1,NaN,0,5.99999999999996,2,1,65,0.5
202,2759.823496,2759.059496,2759.30483,2759.823496,2765.15749,1,NaN,0,5.99999999999996,2,1,65,0.5
203,2766.610822,2765.65149,2766.130156,2766.610822,2799.126123,1,NaN,0,5.99999999999996,2,1,65,0.5
204,2801.690787,2800.759455,2801.000121,2801.637454,2804.091451,0,2.99999999999994,0.0299999999999997,5.99999999999996,2,1,65,0.5
205,2805.690116,2804.957451,2805.148784,2805.636783,2814.347441,0,2.99999999999994,0.0299999999999997,5.99999999999996,2,1,65,0.5
206,2815.66944,2815.10344,2815.144774,2815.66944,2820.837435,0,NaN,0,7.00000000000003,1,2,66,0.5
207,2822.321434,2821.360101,2821.775434,2822.268767,2826.01743,0,2.99999999999994,0.0299999999999997,5.99999999999996,2,1,65,0.5
208,2827.629428,2826.914095,2827.032762,2827.629428,2833.156089,0,NaN,0,7.00000000000003,1,2,66,0.5
209,2834.750754,2833.666089,2834.220755,2834.750754,2847.261408,1,NaN,0,5.99999999999996,2,1,65,0.5
210,2848.699407,2847.768074,2848.030074,2848.699407,2853.676069,1,NaN,0,5.99999999999996,2,1,65,0.5
211,2855.672733,2854.598734,2855.174067,2855.672733,2861.816727,0,NaN,0,7.00000000000003,1,2,66,0.5
212,2863.272059,2862.345393,2862.790059,2863.272059,2867.626055,1,NaN,0,5.99999999999996,2,1,65,0.5
213,2875.978713,2874.838047,2874.910714,2875.92538,2877.380045,0,2.99999999999994,0.0299999999999997,5.99999999999996,2,1,65,0.5
214,2878.62671,2878.020044,2878.232044,2878.62671,2882.994039,0,NaN,0,7.00000000000003,1,2,66,0.5
215,2885.57137,2884.545371,2885.052037,2885.518037,2889.892699,0,2.99999999999994,0.0299999999999997,5.99999999999996,2,1,65,0.5
216,2891.325364,2890.632698,2890.747365,2891.272031,2895.25936,0,2.99999999999994,0.0299999999999997,5.99999999999996,2,1,65,0.5
217,2897.098692,2896.414026,2896.540692,2897.045358,2902.150687,0,2.99999999999994,0.0299999999999997,5.99999999999996,2,1,65,0.5
218,2903.297352,2902.757353,2902.802686,2903.297352,2908.122681,0,NaN,0,7.00000000000003,1,2,66,0.5
219,2910.106679,2909.320013,2909.662679,2910.106679,2916.216006,0,NaN,0,7.00000000000003,1,2,66,0.5
220,2917.519338,2916.694672,2916.958672,2917.519338,2923.181999,1,NaN,0,5.99999999999996,2,1,65,0.5
221,2924.526664,2923.628665,2924.030665,2924.526664,2928.683994,1,NaN,0,5.99999999999996,2,1,65,0.5
222,2931.163324,2930.471325,2930.687991,2931.109991,2935.409987,0,2.99999999999994,0.0299999999999997,5.99999999999996,2,1,65,0.5
223,2936.928652,2936.265319,2936.430652,2936.928652,2943.509979,0,NaN,0,7.00000000000003,1,2,66,0.5
224,2944.703977,2943.985312,2944.249311,2944.650644,2951.625971,0,2.99999999999994,0.0299999999999997,5.99999999999996,2,1,65,0.5
225,2953.264636,2952.63997,2952.728636,2953.233302,2957.415965,0,2.99999999999994,0.0299999999999997,5.99999999999996,2,1,65,0.5
226,2958.47263,2957.876631,2957.978631,2958.47263,2964.443958,0,NaN,0,7.00000000000003,1,2,66,0.5
227,2966.346623,2965.621957,2965.90329,2966.346623,2976.963279,0,NaN,0,7.00000000000003,1,2,66,0.5
228,2978.049944,2977.423278,2977.552611,2978.049944,2982.550606,0,NaN,0,7.00000000000003,1,2,66,0.5
229,2987.008602,2986.278603,2986.504602,2987.008602,2991.698597,0,NaN,0,7.00000000000003,1,2,66,0.5
230,3035.39122,3034.445221,3034.477888,3035.337887,3040.638548,0,2.99999999999994,0.0299999999999997,5.99999999999996,2,1,65,0.5
231,3042.277213,3041.419214,3041.627881,3042.277213,3048.99254,0,NaN,0,7.00000000000003,1,2,66,0.5
232,3050.790538,3049.530539,3050.161872,3050.737205,3052.531203,1,2.99999999999994,0.0299999999999997,7.00000000000003,1,2,66,0.5
233,3055.680533,3055.0092,3055.170534,3055.680533,3060.215195,0,NaN,0,7.00000000000003,1,2,66,0.5
234,3062.641193,3061.807194,3062.209193,3062.641193,3068.703853,0,NaN,0,7.00000000000003,1,2,66,0.5
235,3071.183184,3069.474519,3070.613852,3071.183184,3076.348513,1,NaN,0,5.99999999999996,2,1,65,0.5
236,3077.955844,3076.819845,3077.395178,3077.902511,3085.940503,1,2.99999999999994,0.0299999999999997,7.00000000000003,1,2,66,0.5
237,3087.425835,3086.396502,3086.878502,3087.425835,3092.62583,1,NaN,0,5.99999999999996,2,1,65,0.5
238,3094.187828,3093.157829,3093.670495,3094.134495,3100.012489,1,2.99999999999994,0.0299999999999997,7.00000000000003,1,2,66,0.5
239,3102.319153,3101.606487,3101.842487,3102.26582,3106.661149,0,2.99999999999994,0.0299999999999997,5.99999999999996,2,1,65,0.5
240,3108.453147,3107.887814,3107.953148,3108.453147,3114.375141,0,NaN,0,7.00000000000003,1,2,66,0.5
241,3115.928473,3115.03714,3115.411807,3115.928473,3122.259133,1,NaN,0,5.99999999999996,2,1,65,0.5
242,3123.966465,3122.860466,3123.415132,3123.913132,3128.76446,1,2.99999999999994,0.0299999999999997,7.00000000000003,1,2,66,0.5
243,3130.274459,3129.476459,3129.713792,3130.221125,3135.499787,1,2.99999999999994,0.0299999999999997,7.00000000000003,1,2,66,0.5
244,3137.029785,3136.337786,3136.510452,3136.976452,3139.11245,0,2.99999999999994,0.0299999999999997,5.99999999999996,2,1,65,0.5
245,3140.639115,3139.929116,3140.053782,3140.585782,3152.928436,0,2.99999999999994,0.0299999999999997,5.99999999999996,2,1,65,0.5
246,3154.169101,3153.54777,3153.702435,3154.169101,3159.613763,0,NaN,0,7.00000000000003,1,2,66,0.5
247,3161.591094,3160.745761,3161.084428,3161.591094,3168.963087,1,NaN,0,5.99999999999996,2,1,65,0.5
248,3170.507752,3169.475086,3169.921752,3170.454418,3173.055749,0,2.99999999999994,0.0299999999999997,5.99999999999996,2,1,65,0.5
249,3174.630414,3173.684415,3173.865082,3174.577081,3182.834406,0,2.99999999999994,0.0299999999999997,5.99999999999996,2,1,65,0.5
250,3184.369738,3183.721738,3183.793738,3184.316405,3188.777733,0,2.99999999999994,0.0299999999999997,5.99999999999996,2,1,65,0.5
251,3190.981731,3190.267066,3190.431065,3190.928398,3197.466391,0,2.99999999999994,0.0299999999999997,5.99999999999996,2,1,65,0.5
252,3198.627728,3197.888391,3198.017058,3198.57439,3203.775052,0,2.99999999999994,0.0299999999999997,5.99999999999996,2,1,65,0.5
253,3205.996383,3205.304384,3205.485717,3205.996383,3211.709044,0,NaN,0,7.00000000000003,1,2,66,0.5
254,3212.937709,3212.189043,3212.51171,3212.937709,3219.925702,0,NaN,0,7.00000000000003,1,2,66,0.5
255,3221.097034,3220.335702,3220.602368,3221.097034,3226.595029,0,NaN,0,7.00000000000003,1,2,66,0.5
256,3228.322361,3227.369695,3227.741694,3228.269027,3231.638357,0,2.99999999999994,0.0299999999999997,5.99999999999996,2,1,65,0.5
257,3232.745689,3232.199023,3232.30569,3232.745689,3240.017016,0,NaN,0,7.00000000000003,1,2,66,0.5
258,3241.84768,3240.812348,3241.316348,3241.794347,3246.373009,1,2.99999999999994,0.0299999999999997,7.00000000000003,1,2,66,0.5
259,3247.698341,3246.991675,3247.197008,3247.698341,3253.847002,0,NaN,0,7.00000000000003,1,2,66,0.5
260,3255.465,3254.307001,3254.969001,3255.465,3268.47032,1,NaN,0,5.99999999999996,2,1,65,0.5
261,3272.60365,3271.898984,3272.066317,3272.550316,3278.533644,0,2.99999999999994,0.0299999999999997,5.99999999999996,2,1,65,0.5
262,3279.574309,3278.923643,3279.152976,3279.574309,3284.836304,0,NaN,0,7.00000000000003,1,2,66,0.5
263,3286.347636,3285.277637,3285.813636,3286.347636,3292.666963,1,NaN,0,5.99999999999996,2,1,65,0.5
264,3294.358961,3293.104296,3293.759628,3294.305628,3299.076956,1,2.99999999999994,0.0299999999999997,7.00000000000003,1,2,66,0.5
265,3300.694288,3299.918289,3300.188955,3300.694288,3307.046282,1,NaN,0,5.99999999999996,2,1,65,0.5
266,3308.882947,3307.550281,3308.316947,3308.829613,3314.232941,0,2.99999999999994,0.0299999999999997,5.99999999999996,2,1,65,0.5
267,3315.364274,3314.760274,3314.908941,3315.364274,3319.524936,0,NaN,0,7.00000000000003,1,2,66,0.5
268,3322.268933,3320.895601,3321.706934,3322.2156,3324.956931,0,2.99999999999994,0.0299999999999997,5.99999999999996,2,1,65,0.5
269,3326.224263,3325.613597,3325.72693,3326.170929,3332.448923,0,2.99999999999994,0.0299999999999997,5.99999999999996,2,1,65,0.5
270,3333.631589,3332.926256,3333.148256,3333.578255,3339.353583,0,2.99999999999994,0.0299999999999997,5.99999999999996,2,1,65,0.5
271,3340.440248,3339.815582,3339.948916,3340.402248,3343.976245,0,2.99999999999994,0.0299999999999997,5.99999999999996,2,1,65,0.5
272,3345.16691,3344.506911,3344.629578,3345.16691,3350.682905,0,NaN,0,7.00000000000003,1,2,66,0.5
273,3352.092903,3351.081571,3351.619571,3352.092903,3360.682228,0,NaN,0,7.00000000000003,1,2,66,0.5
274,3361.832894,3361.147561,3361.377561,3361.832894,3372.48355,0,NaN,0,7.00000000000003,1,2,66,0.5
275,3374.067548,3373.157549,3373.382215,3374.014215,3378.158877,1,2.99999999999994,0.0299999999999997,7.00000000000003,1,2,66,0.5
276,3379.479543,3378.67221,3378.915543,3379.479543,3389.0482,1,NaN,0,5.99999999999996,2,1,65,0.5
277,3390.417532,3389.457533,3389.787532,3390.364198,3394.023528,1,2.99999999999994,0.0299999999999997,7.00000000000003,1,2,66,0.5
278,3395.481527,3394.532861,3394.868194,3395.428193,3402.02952,1,2.99999999999994,0.0299999999999997,7.00000000000003,1,2,66,0.5
279,3403.200852,3402.48952,3402.67552,3403.200852,3409.33618,0,NaN,0,7.00000000000003,1,2,66,0.5
280,3410.744178,3410.092179,3410.285512,3410.744178,3416.492172,0,NaN,0,7.00000000000003,1,2,66,0.5
281,3418.179504,3417.214838,3417.702171,3418.179504,3424.345498,0,NaN,0,7.00000000000003,1,2,66,0.5
282,3425.94883,3424.826831,3425.44283,3425.895496,3433.636155,1,2.99999999999994,0.0299999999999997,7.00000000000003,1,2,66,0.5
283,3435.047487,3434.387488,3434.504154,3435.047487,3440.566148,1,NaN,0,5.99999999999996,2,1,65,0.5
284,3442.15348,3441.079481,3441.71148,3442.15348,3448.204807,1,NaN,0,5.99999999999996,2,1,65,0.5
285,3450.071472,3448.667474,3449.572806,3450.071472,3455.9428,0,NaN,0,7.00000000000003,1,2,66,0.5
286,3458.40013,3457.046798,3457.874131,3458.40013,3466.933455,1,NaN,0,5.99999999999996,2,1,65,0.5
287,3468.091454,3467.392788,3467.585455,3468.038121,3471.568117,0,2.99999999999994,0.0299999999999997,5.99999999999996,2,1,65,0.5
288,3472.785449,3472.04945,3472.182783,3472.732116,3475.115447,0,2.99999999999994,0.0299999999999997,5.99999999999996,2,1,65,0.5
289,3476.406779,3475.82278,3475.931446,3476.406779,3482.762773,0,NaN,0,7.00000000000003,1,2,66,0.5
290,3484.344105,3483.205439,3483.848772,3484.344105,3487.863434,1,NaN,0,5.99999999999996,2,1,65,0.5
291,3491.488764,3490.791431,3491.042764,3491.488764,3497.410758,0,NaN,0,7.00000000000003,1,2,66,0.5
292,3499.03409,3497.988758,3498.53009,3499.03409,3505.245417,1,NaN,0,5.99999999999996,2,1,65,0.5
293,3555.572033,3554.314701,3554.754701,3555.519367,3562.920026,0,2.99999999999994,0.0299999999999997,5.99999999999996,2,1,65,0.5
294,3564.248025,3563.490692,3563.520692,3564.248025,3579.948009,0,NaN,0,7.00000000000003,1,2,66,0.5
295,3581.444674,3580.731341,3580.858008,3581.392007,3584.082671,0,2.99999999999994,0.0299999999999997,5.99999999999996,2,1,65,0.5
296,3585.63067,3584.896671,3585.037337,3585.63067,3592.100663,0,NaN,0,7.00000000000003,1,2,66,0.5
297,3593.214662,3592.601996,3592.733329,3593.214662,3870.753718,0,NaN,0,7.00000000000003,1,2,66,0.5
298,3873.510382,3872.888383,3872.967716,3873.510382,3882.926373,0,NaN,0,7.00000000000003,1,2,66,0.5
299,3884.975037,3883.862372,3884.206371,3884.975037,3887.629701,1,NaN,0,5.99999999999996,2,1,65,0.5
300,3909.745679,3908.74968,3909.061013,3909.692346,3914.085675,0,2.99999999999994,0.0299999999999997,5.99999999999996,2,1,65,0.5
301,3916.043006,3915.40434,3915.535673,3916.043006,3922.898999,0,NaN,0,7.00000000000003,1,2,66,0.5
302,3924.966331,3923.765665,3924.375664,3924.966331,4025.595563,1,NaN,0,5.99999999999996,2,1,65,0.5
303,4028.35556,4027.146895,4027.537561,4028.302227,4037.806218,0,2.99999999999994,0.0299999999999997,5.99999999999996,2,1,65,0.5
304,4039.664216,4038.924883,4039.01955,4039.664216,4066.642189,0,NaN,0,7.00000000000003,1,2,66,0.5
305,4068.536854,4067.175522,4067.239522,4068.536854,4074.216181,0,NaN,0,7.00000000000003,1,2,66,0.5
306,4075.86618,4074.748181,4075.348847,4075.812846,4077.743511,0,2.99999999999994,0.0299999999999997,5.99999999999996,2,1,65,0.5
307,4079.10751,4078.339511,4078.644177,4079.10751,4086.127503,0,NaN,0,7.00000000000003,1,2,66,0.5
308,4087.894168,4087.055502,4087.090835,4087.840834,4089.652166,1,2.99999999999994,0.0299999999999997,7.00000000000003,1,2,66,0.5
309,4091.384831,4090.232165,4090.814165,4091.331498,4093.758828,1,2.99999999999994,0.0299999999999997,7.00000000000003,1,2,66,0.5
310,4095.404827,4094.246161,4094.772827,4095.351493,4103.400819,1,2.99999999999994,0.0299999999999997,7.00000000000003,1,2,66,0.5
311,4104.720151,4103.993485,4104.218151,4104.720151,4113.760808,0,NaN,0,7.00000000000003,1,2,66,0.5
312,4115.827473,4114.968141,4115.28814,4115.77414,4119.514803,0,2.99999999999994,0.0299999999999997,5.99999999999996,2,1,65,0.5
313,4120.859468,4120.101469,4120.302802,4120.806135,4124.530798,0,2.99999999999994,0.0299999999999997,5.99999999999996,2,1,65,0.5
314,4125.88413,4125.197464,4125.290797,4125.88413,4132.475456,0,NaN,0,7.00000000000003,1,2,66,0.5
315,4134.296788,4133.110789,4133.710122,4134.243455,4136.615452,1,2.99999999999994,0.0299999999999997,7.00000000000003,1,2,66,0.5
316,4138.243451,4137.188118,4137.684784,4138.190117,4144.989444,1,2.99999999999994,0.0299999999999997,7.00000000000003,1,2,66,0.5
317,4146.650109,4145.59811,4145.864776,4146.650109,4153.517435,1,NaN,0,5.99999999999996,2,1,65,0.5
318,4155.1921,4154.006768,4154.578768,4155.138767,4159.224763,0,2.99999999999994,0.0299999999999997,5.99999999999996,2,1,65,0.5
319,4160.404762,4159.738096,4159.852096,4160.404762,4166.558089,0,NaN,0,7.00000000000003,1,2,66,0.5
320,4168.143421,4167.052088,4167.553421,4168.090087,4173.219416,1,2.99999999999994,0.0299999999999997,7.00000000000003,1,2,66,0.5
321,4175.092747,4174.029415,4174.522081,4175.092747,4179.944076,1,NaN,0,5.99999999999996,2,1,65,0.5
322,4182.47674,4181.314074,4181.907407,4182.47674,4187.949401,0,NaN,0,7.00000000000003,1,2,66,0.5
323,4189.904732,4188.556734,4189.396733,4189.904732,4205.291384,1,NaN,0,5.99999999999996,2,1,65,0.5
324,4206.850715,4205.806716,4206.342716,4206.797382,4209.961379,0,2.99999999999994,0.0299999999999997,5.99999999999996,2,1,65,0.5
325,4211.310711,4210.530712,4210.718711,4211.257378,4213.566709,0,2.99999999999994,0.0299999999999997,5.99999999999996,2,1,65,0.5
326,4215.02404,4214.218708,4214.402041,4214.970707,4216.698705,0,2.99999999999994,0.0299999999999997,5.99999999999996,2,1,65,0.5
327,4218.010038,4217.275372,4217.484038,4217.956704,4221.818034,0,2.99999999999994,0.0299999999999997,5.99999999999996,2,1,65,0.5
328,4222.957366,4222.3727,4222.474033,4222.957366,4229.13336,0,NaN,0,7.00000000000003,1,2,66,0.5
329,4231.070025,4229.708692,4230.211359,4231.016691,4235.50002,0,2.99999999999994,0.0299999999999997,5.99999999999996,2,1,65,0.5
330,4237.136018,4236.572686,4236.579352,4237.136018,4242.626013,0,NaN,0,7.00000000000003,1,2,66,0.5
331,4244.363344,4243.246012,4243.800678,4244.363344,4249.324006,0,NaN,0,7.00000000000003,1,2,66,0.5
332,4251.336671,4249.892006,4250.690671,4251.283338,4256.341333,1,2.99999999999994,0.0299999999999997,7.00000000000003,1,2,66,0.5
333,4257.883331,4256.854665,4257.300665,4257.829998,4263.018659,0,2.99999999999994,0.0299999999999997,5.99999999999996,2,1,65,0.5
334,4264.223325,4263.614659,4263.737325,4264.223325,4269.750652,0,NaN,0,7.00000000000003,1,2,66,0.5
335,4272.729983,4271.573317,4272.191317,4272.729983,4279.144643,0,NaN,0,7.00000000000003,1,2,66,0.5
336,4280.900641,4279.873309,4280.408642,4280.900641,4287.563301,0,NaN,0,7.00000000000003,1,2,66,0.5
337,4289.449299,4288.159301,4288.881301,4289.395966,4291.723964,1,2.99999999999994,0.0299999999999997,7.00000000000003,1,2,66,0.5
338,4293.345296,4292.227297,4292.791963,4293.291962,4296.959292,1,2.99999999999994,0.0299999999999997,7.00000000000003,1,2,66,0.5
339,4299.375956,4297.961291,4298.810623,4299.375956,4304.756617,1,NaN,0,5.99999999999996,2,1,65,0.5
340,4307.719281,4306.637949,4307.132615,4307.665948,4314.821941,1,2.99999999999994,0.0299999999999997,7.00000000000003,1,2,66,0.5
341,4316.487272,4315.373273,4315.89394,4316.474606,4321.717934,1,2.99999999999994,0.0299999999999997,7.00000000000003,1,2,66,0.5
342,4323.166599,4322.2646,4322.597933,4323.166599,4327.839928,0,NaN,0,7.00000000000003,1,2,66,0.5
343,4332.725256,4331.967924,4332.161923,4332.725256,4339.127916,0,NaN,0,7.00000000000003,1,2,66,0.5
344,4347.629908,4346.413242,4346.878575,4347.576575,4352.357236,0,2.99999999999994,0.0299999999999997,5.99999999999996,2,1,65,0.5
345,4353.736568,4353.037236,4353.126569,4353.736568,4361.009228,0,NaN,0,7.00000000000003,1,2,66,0.5
346,4362.61656,4361.499894,4361.99056,4362.563226,4364.539224,1,2.99999999999994,0.0299999999999997,7.00000000000003,1,2,66,0.5
347,4366.040556,4365.059224,4365.537223,4365.987223,4375.065215,1,2.99999999999994,0.0299999999999997,7.00000000000003,1,2,66,0.5
348,4376.548546,4375.55788,4375.915213,4376.495212,4381.312541,1,2.99999999999994,0.0299999999999997,7.00000000000003,1,2,66,0.5
349,4382.765207,4381.805207,4382.205207,4382.765207,4386.673869,1,NaN,0,5.99999999999996,2,1,65,0.5
350,4389.421866,4388.136534,4388.7572,4389.368533,4394.351194,0,2.99999999999994,0.0299999999999997,5.99999999999996,2,1,65,0.5
351,4395.725193,4395.12386,4395.201194,4395.725193,4402.705186,0,NaN,0,7.00000000000003,1,2,66,0.5
352,4404.248518,4403.171852,4403.661185,4404.248518,4408.35118,1,NaN,0,5.99999999999996,2,1,65,0.5
353,4411.256511,4409.627846,4410.505178,4411.203178,4418.023837,1,2.99999999999994,0.0299999999999997,7.00000000000003,1,2,66,0.5
354,4420.196502,4419.095836,4419.613836,4420.196502,4426.227163,1,NaN,0,5.99999999999996,2,1,65,0.5
355,4428.261161,4426.820495,4427.517161,4428.207827,4431.698491,0,2.99999999999994,0.0299999999999997,5.99999999999996,2,1,65,0.5
356,4432.805156,4432.275157,4432.34049,4432.805156,4438.51115,0,NaN,0,7.00000000000003,1,2,66,0.5
357,4440.103815,4438.964483,4439.519816,4440.050482,4444.986477,1,2.99999999999994,0.0299999999999997,7.00000000000003,1,2,66,0.5
358,4446.684476,4445.48581,4446.053809,4446.684476,4451.799137,1,NaN,0,5.99999999999996,2,1,65,0.5
359,4453.517802,4452.35447,4452.990469,4453.464469,4457.369131,0,2.99999999999994,0.0299999999999997,5.99999999999996,2,1,65,0.5
360,4458.565797,4457.941131,4457.999798,4458.523797,4462.235127,0,2.99999999999994,0.0299999999999997,5.99999999999996,2,1,65,0.5
361,4463.407125,4462.753126,4462.852459,4463.407125,4469.482453,0,NaN,0,7.00000000000003,1,2,66,0.5
362,4470.989785,4469.945786,4470.437785,4470.936451,4472.965116,0,2.99999999999994,0.0299999999999997,5.99999999999996,2,1,65,0.5
363,4474.868447,4473.861115,4474.200448,4474.868447,4480.398442,0,NaN,0,7.00000000000003,1,2,66,0.5
364,4482.281107,4480.882441,4481.437107,4482.227773,4486.317769,0,2.99999999999994,0.0299999999999997,5.99999999999996,2,1,65,0.5
365,4487.853101,4487.051102,4487.299768,4487.853101,4494.386428,0,NaN,0,7.00000000000003,1,2,66,0.5
366,4495.95576,4494.858427,4495.42976,4495.95576,4502.521087,0,NaN,0,7.00000000000003,1,2,66,0.5
367,4505.064417,4503.224419,4504.393084,4505.064417,4513.019742,1,NaN,0,5.99999999999996,2,1,65,0.5
368,4528.71706,4527.795061,4528.067727,4528.71706,4532.789723,0,NaN,0,7.00000000000003,1,2,66,0.5
369,4535.81572,4534.427054,4535.266387,4535.81572,4542.08238,0,NaN,0,7.00000000000003,1,2,66,0.5
370,4543.850378,4542.48038,4543.198379,4543.850378,4550.563038,1,NaN,0,5.99999999999996,2,1,65,0.5
371,4552.751703,4551.102371,4552.14437,4552.751703,4555.975033,0,NaN,0,7.00000000000003,1,2,66,0.5
372,4559.611696,4558.47903,4559.027696,4559.558363,4562.890359,0,2.99999999999994,0.0299999999999997,5.99999999999996,2,1,65,0.5
373,4564.329691,4563.505692,4563.815692,4564.329691,4570.099019,0,NaN,0,7.00000000000003,1,2,66,0.5
374,4572.765683,4570.919685,4571.83035,4572.712349,4574.323015,1,2.99999999999994,0.0299999999999997,7.00000000000003,1,2,66,0.5
375,4575.885013,4574.805681,4575.31368,4575.83168,4577.946344,0,2.99999999999994,0.0299999999999997,5.99999999999996,2,1,65,0.5
376,4579.488343,4578.46301,4578.945677,4579.488343,4743.090179,0,NaN,0,7.00000000000003,1,2,66,0.5
377,4747.829508,4746.876175,4747.266175,4747.829508,4757.220165,0,NaN,0,7.00000000000003,1,2,66,0.5
378,4758.49283,4757.748164,4758.008164,4758.49283,4763.870825,0,NaN,0,7.00000000000003,1,2,66,0.5
379,4765.78949,4764.846824,4765.250157,4765.736156,4768.995487,0,2.99999999999994,0.0299999999999997,5.99999999999996,2,1,65,0.5
380,4771.370151,4770.312819,4770.830818,4771.370151,4776.401479,0,NaN,0,7.00000000000003,1,2,66,0.5
381,4778.879477,4777.388811,4778.040811,4778.826143,4787.262802,1,2.99999999999994,0.0299999999999997,7.00000000000003,1,2,66,0.5
382,4788.9648,4787.897468,4788.410801,4788.9648,4797.339458,1,NaN,0,5.99999999999996,2,1,65,0.5
383,4798.920123,4798.158124,4798.368124,4798.920123,4804.064785,0,NaN,0,7.00000000000003,1,2,66,0.5
384,4805.906783,4804.630784,4805.36945,4805.85345,4810.916111,1,2.99999999999994,0.0299999999999997,7.00000000000003,1,2,66,0.5
385,4812.852109,4811.727444,4812.203443,4812.798776,4817.250772,1,2.99999999999994,0.0299999999999997,7.00000000000003,1,2,66,0.5
386,4819.113436,4817.932104,4818.445437,4819.113436,4824.272765,1,NaN,0,5.99999999999996,2,1,65,0.5
387,4825.966763,4824.944097,4825.43543,4825.91343,4829.920759,0,2.99999999999994,0.0299999999999997,5.99999999999996,2,1,65,0.5
388,4831.713424,4830.842091,4831.117424,4831.660091,4835.43342,0,2.99999999999994,0.0299999999999997,5.99999999999996,2,1,65,0.5
389,4836.908085,4836.082753,4836.242753,4836.854752,4841.993414,0,2.99999999999994,0.0299999999999997,5.99999999999996,2,1,65,0.5
390,4843.756078,4843.028746,4843.148079,4843.702745,4846.313409,0,2.99999999999994,0.0299999999999997,5.99999999999996,2,1,65,0.5
391,4848.080074,4847.245408,4847.410741,4848.026741,4853.362735,0,2.99999999999994,0.0299999999999997,5.99999999999996,2,1,65,0.5
392,4854.805401,4853.804068,4854.248068,4854.752067,4858.030736,0,2.99999999999994,0.0299999999999997,5.99999999999996,2,1,65,0.5
393,4859.572063,4858.83473,4859.061396,4859.572063,4864.775391,0,NaN,0,7.00000000000003,1,2,66,0.5
394,4866.409389,4865.382057,4865.872723,4866.409389,4872.210717,1,NaN,0,5.99999999999996,2,1,65,0.5
395,4873.777382,4873.032716,4873.236049,4873.724048,4877.368045,0,2.99999999999994,0.0299999999999997,5.99999999999996,2,1,65,0.5
396,4878.700043,4878.075377,4878.210711,4878.700043,4885.51137,0,NaN,0,7.00000000000003,1,2,66,0.5
397,4887.022035,4886.033369,4886.495369,4887.022035,4894.163361,0,NaN,0,7.00000000000003,1,2,66,0.5
398,4895.91136,4894.784694,4895.348693,4895.858026,4897.428025,1,2.99999999999994,0.0299999999999997,7.00000000000003,1,2,66,0.5
399,4899.061356,4898.120024,4898.56869,4899.061356,4904.726684,1,NaN,0,5.99999999999996,2,1,65,0.5
400,4906.854682,4905.896016,4906.363349,4906.801349,4910.092679,0,2.99999999999994,0.0299999999999997,5.99999999999996,2,1,65,0.5
401,4911.370677,4910.634678,4910.736011,4911.317344,4914.705341,0,2.99999999999994,0.0299999999999997,5.99999999999996,2,1,65,0.5
402,4915.822007,4915.162674,4915.292674,4915.822007,4921.044001,0,NaN,0,7.00000000000003,1,2,66,0.5
403,4922.691999,4921.467334,4922.111333,4922.638666,4929.882659,1,2.99999999999994,0.0299999999999997,7.00000000000003,1,2,66,0.5
404,4931.92599,4930.815325,4931.261991,4931.872657,4934.240655,0,2.99999999999994,0.0299999999999997,5.99999999999996,2,1,65,0.5
405,4935.48732,4934.763987,4935.02532,4935.48732,4941.898647,0,NaN,0,7.00000000000003,1,2,66,0.5
406,4943.565979,4942.423313,4943.017313,4943.565979,4949.655973,0,NaN,0,7.00000000000003,1,2,66,0.5
407,4951.410637,4950.043972,4950.795971,4951.357304,4955.287967,0,2.99999999999994,0.0299999999999997,5.99999999999996,2,1,65,0.5
408,4956.793965,4955.757966,4956.153299,4956.793965,4962.885959,0,NaN,0,7.00000000000003,1,2,66,0.5
409,4964.371958,4963.305959,4963.839292,4964.371958,4968.655954,1,NaN,0,5.99999999999996,2,1,65,0.5
410,4971.109284,4969.927952,4970.643952,4971.109284,4976.553946,0,NaN,0,7.00000000000003,1,2,66,0.5
411,4978.087277,4977.050612,4977.583945,4978.087277,4983.617272,0,NaN,0,7.00000000000003,1,2,66,0.5
412,4985.070604,4983.973272,4984.532604,4985.070604,4992.536596,0,NaN,0,7.00000000000003,1,2,66,0.5
413,4994.513261,4993.069929,4993.787262,4994.513261,4999.727922,1,NaN,0,5.99999999999996,2,1,65,0.5
414,5001.819254,5000.773921,5001.259921,5001.76592,5005.785916,0,2.99999999999994,0.0299999999999997,5.99999999999996,2,1,65,0.5
415,5007.158582,5006.355249,5006.606582,5007.158582,5013.194576,0,NaN,0,7.00000000000003,1,2,66,0.5
416,5015.917906,5014.233241,5015.176574,5015.917906,5022.495233,1,NaN,0,5.99999999999996,2,1,65,0.5
417,5023.939232,5022.983233,5023.483232,5023.939232,5027.884561,0,NaN,0,7.00000000000003,1,2,66,0.5
418,5033.749222,5032.850556,5033.257889,5033.749222,5039.309883,0,NaN,0,7.00000000000003,1,2,66,0.5
419,5041.153881,5039.790549,5040.553215,5041.100548,5042.579213,1,2.99999999999994,0.0299999999999997,7.00000000000003,1,2,66,0.5
420,5044.357211,5043.068546,5043.673879,5044.357211,5050.212539,1,NaN,0,5.99999999999996,2,1,65,0.5
421,5051.82787,5050.747205,5051.245871,5051.774537,5057.001199,0,2.99999999999994,0.0299999999999997,5.99999999999996,2,1,65,0.5
422,5058.613864,5057.649865,5057.869198,5058.56053,5062.844526,0,2.99999999999994,0.0299999999999997,5.99999999999996,2,1,65,0.5
423,5064.392524,5063.412525,5063.813858,5064.339191,5068.129854,0,2.99999999999994,0.0299999999999997,5.99999999999996,2,1,65,0.5
424,5069.591853,5068.725187,5069.03852,5069.591853,5075.28918,0,NaN,0,7.00000000000003,1,2,66,0.5
425,5080.219175,5079.059176,5079.697842,5080.219175,5091.83983,0,NaN,0,7.00000000000003,1,2,66,0.5
426,5093.130496,5092.288497,5092.681163,5093.130496,5098.409824,0,NaN,0,7.00000000000003,1,2,66,0.5
427,5100.037155,5098.879157,5099.544489,5100.037155,5113.983143,0,NaN,0,7.00000000000003,1,2,66,0.5
428,5116.037139,5114.878475,5115.399807,5115.983806,5123.860465,0,2.99999999999994,0.0299999999999997,5.99999999999996,2,1,65,0.5
429,5125.34313,5124.523798,5124.810464,5125.34313,5135.846453,0,NaN,0,7.00000000000003,1,2,66,0.5
430,5137.398451,5136.424452,5136.858452,5137.345118,5141.90378,0,2.99999999999994,0.0299999999999997,5.99999999999996,2,1,65,0.5
431,5143.343779,5142.413113,5142.809779,5143.343779,5147.586441,0,NaN,0,7.00000000000003,1,2,66,0.5
432,5150.483105,5149.559106,5150.041772,5150.483105,5156.607766,0,NaN,0,7.00000000000003,1,2,66,0.5
433,5164.385758,5163.464425,5163.881758,5164.385758,5171.079751,0,NaN,0,7.00000000000003,1,2,66,0.5
434,5173.279749,5172.177083,5172.679083,5173.226416,5177.106412,0,2.99999999999994,0.0299999999999997,5.99999999999996,2,1,65,0.5
435,5178.43041,5177.707744,5177.972411,5178.43041,5185.57307,0,NaN,0,7.00000000000003,1,2,66,0.5
436,5187.597068,5186.023736,5186.836402,5187.543735,5194.895061,1,2.99999999999994,0.0299999999999997,7.00000000000003,1,2,66,0.5
437,5196.469059,5195.34506,5195.765726,5196.469059,5203.338386,1,NaN,0,5.99999999999996,2,1,65,0.5
438,5205.66505,5204.475718,5205.02905,5205.66505,5211.177711,0,NaN,0,7.00000000000003,1,2,66,0.5
439,5213.295042,5212.355043,5212.833043,5213.295042,5219.696369,0,NaN,0,7.00000000000003,1,2,66,0.5
440,5223.086366,5222.023034,5222.446366,5223.033699,5226.376362,0,2.99999999999994,0.0299999999999997,5.99999999999996,2,1,65,0.5
441,5227.895694,5226.995695,5227.440361,5227.895694,5233.341689,0,NaN,0,7.00000000000003,1,2,66,0.5
442,5234.731687,5233.673689,5234.185688,5234.678354,5240.372348,1,2.99999999999994,0.0299999999999997,7.00000000000003,1,2,66,0.5
443,5242.041013,5241.064348,5241.464347,5242.041013,5246.818342,1,NaN,0,5.99999999999996,2,1,65,0.5
444,5248.933007,5248.201007,5248.425007,5248.879673,5251.240338,0,2.99999999999994,0.0299999999999997,5.99999999999996,2,1,65,0.5
445,5252.426336,5251.689004,5251.89567,5252.426336,5252.912336,0,NaN,0,7.00000000000003,1,2,66,0.5
446,5262.922993,5262.018994,5262.428993,5262.922993,5268.391654,0,NaN,0,7.00000000000003,1,2,66,0.5
447,5270.460985,5269.761653,5270.056319,5270.460985,5274.298315,0,NaN,0,7.00000000000003,1,2,66,0.5
448,5277.582311,5276.522979,5277.087645,5277.582311,5280.402308,0,NaN,0,7.00000000000003,1,2,66,0.5
449,5343.906245,5342.458913,5343.022246,5343.906245,5355.514233,0,NaN,0,7.00000000000003,1,2,66,0.5
450,5357.110898,5356.306899,5356.490232,5357.110898,5357.907564,0,NaN,0,7.00000000000003,1,2,66,0.5
451,5365.089557,5364.068891,5364.463558,5365.036224,5367.563555,0,2.99999999999994,0.0299999999999997,5.99999999999996,2,1,65,0.5
452,5369.086886,5368.190887,5368.581554,5369.086886,5374.271548,0,NaN,0,7.00000000000003,1,2,66,0.5
453,5376.091546,5374.915547,5375.46288,5376.038213,5378.098877,0,2.99999999999994,0.0299999999999997,5.99999999999996,2,1,65,0.5
454,5379.512209,5378.660877,5379.06021,5379.512209,5384.910871,0,NaN,0,7.00000000000003,1,2,66,0.5
455,5386.523536,5385.39687,5385.948203,5386.520869,5391.712197,1,2.99999999999994,0.0299999999999997,7.00000000000003,1,2,66,0.5
456,5393.434195,5392.51753,5392.922863,5393.434195,5398.306191,0,NaN,0,7.00000000000003,1,2,66,0.5
457,5400.072189,5398.943523,5399.471523,5400.072189,5406.204849,1,NaN,0,5.99999999999996,2,1,65,0.5
458,5412.024177,5411.140845,5411.509511,5412.024177,5420.118169,0,NaN,0,7.00000000000003,1,2,66,0.5
459,5421.570834,5420.583502,5421.088834,5421.570834,5425.304164,1,NaN,0,5.99999999999996,2,1,65,0.5
460,5432.10349,5431.118158,5431.576157,5432.10349,5442.054813,0,NaN,0,7.00000000000003,1,2,66,0.5
461,5443.560812,5442.51948,5443.002813,5443.507479,5444.650811,0,2.99999999999994,0.0299999999999997,5.99999999999996,2,1,65,0.5
462,5446.032143,5445.135477,5445.605477,5446.032143,5446.299476,0,NaN,0,7.00000000000003,1,2,66,0.5
463,5454.777467,5453.955468,5454.270135,5454.724134,5458.278131,0,2.99999999999994,0.0299999999999997,5.99999999999996,2,1,65,0.5
464,5459.716796,5458.834797,5459.203463,5459.716796,5466.396122,0,NaN,0,7.00000000000003,1,2,66,0.5
465,5468.528787,5467.304788,5468.070121,5468.528787,5471.85345,1,NaN,0,5.99999999999996,2,1,65,0.5
466,5476.210779,5474.946781,5475.514113,5476.210779,5481.992774,0,NaN,0,7.00000000000003,1,2,66,0.5
467,5485.38877,5484.132771,5484.802104,5485.335437,5492.724763,1,2.99999999999994,0.0299999999999997,7.00000000000003,1,2,66,0.5
468,5494.197428,5493.186762,5493.689429,5494.197428,5498.969423,1,NaN,0,5.99999999999996,2,1,65,0.5
469,5501.010755,5500.036755,5500.511422,5500.957421,5504.801417,0,2.99999999999994,0.0299999999999997,5.99999999999996,2,1,65,0.5
470,5506.270749,5505.408083,5505.720083,5506.217416,5509.565413,0,2.99999999999994,0.0299999999999997,5.99999999999996,2,1,65,0.5
471,5511.002078,5510.047412,5510.344079,5511.002078,5517.686071,0,NaN,0,7.00000000000003,1,2,66,0.5
472,5519.155403,5518.078071,5518.623404,5519.155403,5527.830061,0,NaN,0,7.00000000000003,1,2,66,0.5
473,5532.528057,5531.252058,5531.81739,5532.474723,5535.77672,0,2.99999999999994,0.0299999999999997,5.99999999999996,2,1,65,0.5
474,5537.054719,5536.295386,5536.518052,5537.001385,5540.452048,0,2.99999999999994,0.0299999999999997,5.99999999999996,2,1,65,0.5
475,5541.683381,5540.960048,5541.256048,5541.683381,5547.444708,0,NaN,0,7.00000000000003,1,2,66,0.5
476,5548.86404,5548.054707,5548.455374,5548.86404,5555.687366,0,NaN,0,7.00000000000003,1,2,66,0.5
477,5557.265365,5556.080033,5556.728032,5557.212032,5563.322693,1,2.99999999999994,0.0299999999999997,7.00000000000003,1,2,66,0.5
478,5564.894691,5563.798025,5564.367358,5564.894691,5571.68735,1,NaN,0,5.99999999999996,2,1,65,0.5
479,5573.353349,5572.284017,5572.757349,5573.300016,5576.184679,0,2.99999999999994,0.0299999999999997,5.99999999999996,2,1,65,0.5
480,5577.399345,5576.958012,5576.972012,5577.399345,5590.891331,0,NaN,0,7.00000000000003,1,2,66,0.5
481,5592.207997,5591.385331,5591.702664,5592.207997,5597.505325,0,NaN,0,7.00000000000003,1,2,66,0.5
482,5599.085323,5597.905324,5598.50599,5599.03199,5604.121318,0,2.99999999999994,0.0299999999999997,5.99999999999996,2,1,65,0.5
483,5605.403983,5604.630651,5604.876651,5605.403983,5613.793975,0,NaN,0,7.00000000000003,1,2,66,0.5
484,5615.155974,5614.200641,5614.567976,5615.153307,5619.851969,1,2.99999999999994,0.0299999999999997,7.00000000000003,1,2,66,0.5
485,5621.321968,5620.301969,5620.659968,5621.268634,5627.972628,1,2.99999999999994,0.0299999999999997,7.00000000000003,1,2,66,0.5
486,5629.505293,5628.64596,5628.973293,5629.505293,5635.793286,1,NaN,0,5.99999999999996,2,1,65,0.5
487,5638.777283,5637.814618,5638.241284,5638.777283,5644.212611,0,NaN,0,7.00000000000003,1,2,66,0.5
488,5646.205943,5645.065944,5645.677943,5646.152609,5651.467271,1,2.99999999999994,0.0299999999999997,7.00000000000003,1,2,66,0.5
489,5653.043936,5651.93527,5652.415936,5652.991269,5658.65993,1,2.99999999999994,0.0299999999999997,7.00000000000003,1,2,66,0.5
490,5660.742595,5659.659929,5660.001929,5660.689261,5663.403925,0,2.99999999999994,0.0299999999999997,5.99999999999996,2,1,65,0.5
491,5664.832591,5663.997925,5664.214591,5664.779257,5668.551254,0,2.99999999999994,0.0299999999999997,5.99999999999996,2,1,65,0.5
492,5669.817919,5669.00792,5669.207253,5669.764586,5672.861916,0,2.99999999999994,0.0299999999999997,5.99999999999996,2,1,65,0.5
493,5674.165248,5673.323916,5673.607915,5674.165248,5684.217238,0,NaN,0,7.00000000000003,1,2,66,0.5
494,5685.75657,5684.755904,5685.14457,5685.703903,5691.633897,1,2.99999999999994,0.0299999999999997,7.00000000000003,1,2,66,0.5
495,5693.073896,5692.308563,5692.551896,5693.020563,5698.162557,1,2.99999999999994,0.0299999999999997,7.00000000000003,1,2,66,0.5
496,5699.655889,5698.860557,5699.113223,5699.602556,5704.223218,1,2.99999999999994,0.0299999999999997,7.00000000000003,1,2,66,0.5
497,5705.655883,5704.789217,5705.04855,5705.60255,5710.812545,1,2.99999999999994,0.0299999999999997,7.00000000000003,1,2,66,0.5
498,5712.378543,5711.520544,5711.85721,5712.378543,5718.651204,1,NaN,0,5.99999999999996,2,1,65,0.5
499,5720.027202,5719.15387,5719.522536,5720.027202,5726.493196,0,NaN,0,7.00000000000003,1,2,66,0.5
500,5728.095861,5727.006529,5727.522528,5728.095861,5734.190521,1,NaN,0,5.99999999999996,2,1,65,0.5
501,5735.72052,5734.601854,5735.211854,5735.72052,5738.053184,0,NaN,0,7.00000000000003,1,2,66,0.5
502,5765.63849,5764.603824,5764.977824,5765.63849,5772.197817,0,NaN,0,7.00000000000003,1,2,66,0.5
503,5773.947148,5772.701149,5773.266482,5773.893815,5776.605812,0,2.99999999999994,0.0299999999999997,5.99999999999996,2,1,65,0.5
504,5777.894478,5777.079812,5777.427145,5777.894478,5784.311805,0,NaN,0,7.00000000000003,1,2,66,0.5
505,5786.043803,5784.887804,5785.379137,5785.99047,5789.747133,0,2.99999999999994,0.0299999999999997,5.99999999999996,2,1,65,0.5
506,5790.931131,5790.194465,5790.458465,5790.931131,5796.662459,0,NaN,0,7.00000000000003,1,2,66,0.5
507,5799.180456,5798.059791,5798.579124,5799.127123,5802.965786,1,2.99999999999994,0.0299999999999997,7.00000000000003,1,2,66,0.5
508,5804.861117,5803.790452,5804.176451,5804.807784,5808.345114,0,2.99999999999994,0.0299999999999997,5.99999999999996,2,1,65,0.5
509,5809.754446,5808.750447,5809.086447,5809.701113,5812.885109,0,2.99999999999994,0.0299999999999997,5.99999999999996,2,1,65,0.5
510,5814.101108,5813.293109,5813.614442,5814.101108,5820.918435,0,NaN,0,7.00000000000003,1,2,66,0.5
511,5822.583766,5821.363101,5821.9511,5822.530433,5824.829097,0,2.99999999999994,0.0299999999999997,5.99999999999996,2,1,65,0.5
512,5826.18443,5825.261097,5825.695763,5826.18443,5832.517756,0,NaN,0,7.00000000000003,1,2,66,0.5
513,5834.056421,5832.865089,5833.480422,5834.003088,5838.53975,1,2.99999999999994,0.0299999999999997,7.00000000000003,1,2,66,0.5
514,5839.995749,5839.02575,5839.407083,5839.993082,5843.981078,1,2.99999999999994,0.0299999999999997,7.00000000000003,1,2,66,0.5
515,5845.485743,5844.611078,5844.981077,5845.43241,5849.823073,1,2.99999999999994,0.0299999999999997,7.00000000000003,1,2,66,0.5
516,5851.435071,5850.405738,5850.784405,5851.435071,5856.399066,1,NaN,0,5.99999999999996,2,1,65,0.5
517,5857.945731,5856.831065,5857.343065,5857.945731,5865.14839,0,NaN,0,7.00000000000003,1,2,66,0.5
518,5867.415055,5866.435722,5866.905055,5867.415055,5873.873048,0,NaN,0,7.00000000000003,1,2,66,0.5
519,5875.49638,5874.397714,5874.868381,5875.49638,5879.342376,1,NaN,0,5.99999999999996,2,1,65,0.5
520,5884.993704,5884.003705,5884.477038,5884.993704,5890.197032,0,NaN,0,7.00000000000003,1,2,66,0.5
521,5892.04103,5890.592365,5891.505031,5892.04103,5897.769024,1,NaN,0,5.99999999999996,2,1,65,0.5
522,5899.652356,5898.273024,5899.098356,5899.599023,5901.814354,0,2.99999999999994,0.0299999999999997,5.99999999999996,2,1,65,0.5
523,5902.990353,5902.260353,5902.59502,5902.990353,5908.085014,0,NaN,0,7.00000000000003,1,2,66,0.5
524,5909.572346,5908.56168,5909.124347,5909.519679,5912.59101,0,2.99999999999994,0.0299999999999997,5.99999999999996,2,1,65,0.5
525,5913.763675,5913.012343,5913.357675,5913.763675,5918.92567,0,NaN,0,7.00000000000003,1,2,66,0.5
526,5923.722999,5922.910333,5923.281666,5923.722999,5943.958978,0,NaN,0,7.00000000000003,1,2,66,0.5
527,5945.568977,5944.478311,5944.967644,5945.568977,5949.821639,0,NaN,0,7.00000000000003,1,2,66,0.5
528,5953.966968,5953.017636,5953.403635,5953.913635,5958.658964,0,2.99999999999994,0.0299999999999997,5.99999999999996,2,1,65,0.5
529,5959.901629,5959.190296,5959.445629,5959.901629,5971.905617,0,NaN,0,7.00000000000003,1,2,66,0.5
530,5973.272282,5972.460283,5972.820949,5973.272282,5978.970943,0,NaN,0,7.00000000000003,1,2,66,0.5
531,5980.405608,5979.456276,5980.013609,5980.405608,5986.724269,0,NaN,0,7.00000000000003,1,2,66,0.5
532,5989.196266,5988.034267,5988.670267,5989.196266,5992.20893,0,NaN,0,7.00000000000003,1,2,66,0.5
533,6001.460254,6000.651588,6000.968255,6001.460254,6157.348098,0,NaN,0,7.00000000000003,1,2,66,0.5
534,6159.537429,6158.116764,6158.63943,6159.484096,6162.846759,1,2.99999999999994,0.0299999999999997,7.00000000000003,1,2,66,0.5
535,6166.020089,6164.194091,6164.538091,6166.020089,6169.29542,0,NaN,0,7.00000000000003,1,2,66,0.5
536,6406.613182,6405.21985,6405.848516,6406.613182,6418.564504,0,NaN,0,7.00000000000003,1,2,66,0.5
537,6420.250502,6419.202503,6419.503836,6420.197169,6424.369164,1,2.99999999999994,0.0299999999999997,7.00000000000003,1,2,66,0.5
538,6426.940495,6425.565163,6425.97383,6426.940495,6429.846492,1,NaN,0,5.99999999999996,2,1,65,0.5
539,6531.437057,6530.293725,6530.674392,6531.437057,6551.83637,0,NaN,0,7.00000000000003,1,2,66,0.5
540,6555.348367,6554.101035,6554.649701,6555.295034,6556.448366,0,2.99999999999994,0.0299999999999997,5.99999999999996,2,1,65,0.5
541,6561.005695,6560.135029,6560.444362,6561.005695,6566.820355,0,NaN,0,7.00000000000003,1,2,66,0.5
542,6569.502353,6568.046354,6568.863687,6569.449019,6570.523685,0,2.99999999999994,0.0299999999999997,5.99999999999996,2,1,65,0.5
543,6572.021017,6570.957685,6571.441684,6571.967684,6572.891683,0,2.99999999999994,0.0299999999999997,5.99999999999996,2,1,65,0.5
544,6574.459681,6573.353015,6573.895015,6574.406348,6578.817677,0,2.99999999999994,0.0299999999999997,5.99999999999996,2,1,65,0.5
545,6580.217675,6579.330343,6579.680343,6580.164342,6582.65034,0,2.99999999999994,0.0299999999999997,5.99999999999996,2,1,65,0.5
546,6584.161005,6583.165672,6583.555005,6584.161005,6589.959666,0,NaN,0,7.00000000000003,1,2,66,0.5
547,6591.983664,6590.454332,6591.270331,6591.93033,6597.098325,1,2.99999999999994,0.0299999999999997,7.00000000000003,1,2,66,0.5
548,6598.88699,6597.998991,6598.350324,6598.833657,6603.878985,1,2.99999999999994,0.0299999999999997,7.00000000000003,1,2,66,0.5
549,6605.406317,6604.326318,6604.712317,6605.352984,6612.043643,1,2.99999999999994,0.0299999999999997,7.00000000000003,1,2,66,0.5
550,6613.619642,6612.47831,6612.880309,6613.619642,6620.517635,1,NaN,0,5.99999999999996,2,1,65,0.5
551,6621.896967,6621.178301,6621.450301,6621.896967,6624.782964,0,NaN,0,7.00000000000003,1,2,66,0.5
552,6638.99095,6637.807618,6638.108284,6638.99095,6646.100943,0,NaN,0,7.00000000000003,1,2,66,0.5
553,6647.480275,6646.596942,6646.904275,6647.426941,6649.267606,1,2.99999999999994,0.0299999999999997,7.00000000000003,1,2,66,0.5
554,6652.213603,6651.323604,6651.622937,6652.16027,6658.620264,1,2.99999999999994,0.0299999999999997,7.00000000000003,1,2,66,0.5
555,6660.258929,6659.530263,6659.748929,6660.258929,6665.698256,1,NaN,0,5.99999999999996,2,1,65,0.5
556,6668.018254,6667.034255,6667.453588,6667.964921,6673.462249,1,2.99999999999994,0.0299999999999997,7.00000000000003,1,2,66,0.5
557,6675.038247,6674.282915,6674.548248,6675.038247,6685.188237,1,NaN,0,5.99999999999996,2,1,65,0.5
558,6686.532236,6685.794903,6686.066903,6686.532236,6693.022896,0,NaN,0,7.00000000000003,1,2,66,0.5
559,6695.016894,6693.641562,6694.362894,6694.963561,6696.160226,0,2.99999999999994,0.0299999999999997,5.99999999999996,2,1,65,0.5
560,6697.868224,6696.739559,6697.352891,6697.814891,6702.052887,0,2.99999999999994,0.0299999999999997,5.99999999999996,2,1,65,0.5
561,6703.332219,6702.551553,6702.887553,6703.332219,6709.718879,0,NaN,0,7.00000000000003,1,2,66,0.5
562,6711.702877,6710.310212,6711.133544,6711.702877,6717.023538,0,NaN,0,7.00000000000003,1,2,66,0.5
563,6718.870203,6717.790204,6718.322204,6718.81687,6722.174867,0,2.99999999999994,0.0299999999999997,5.99999999999996,2,1,65,0.5
564,6723.565532,6722.623533,6723.054866,6723.565532,6730.320859,0,NaN,0,7.00000000000003,1,2,66,0.5
565,6732.275523,6730.792191,6731.632191,6732.272857,6737.985518,1,2.99999999999994,0.0299999999999997,7.00000000000003,1,2,66,0.5
566,6739.519516,6738.512184,6738.94885,6739.466183,6745.802843,1,2.99999999999994,0.0299999999999997,7.00000000000003,1,2,66,0.5
567,6747.368841,6746.336176,6746.762842,6747.368841,6753.130169,1,NaN,0,5.99999999999996,2,1,65,0.5
568,6754.922834,6753.515502,6754.211501,6754.920167,6760.088162,1,2.99999999999994,0.0299999999999997,7.00000000000003,1,2,66,0.5
569,6761.792827,6760.593495,6761.105494,6761.792827,6770.796818,1,NaN,0,5.99999999999996,2,1,65,0.5
570,6772.04015,6771.253484,6771.556817,6771.986817,6775.460147,0,2.99999999999994,0.0299999999999997,5.99999999999996,2,1,65,0.5
571,6776.854812,6775.88148,6776.258813,6776.801479,6779.653476,0,2.99999999999994,0.0299999999999997,5.99999999999996,2,1,65,0.5
572,6780.950808,6780.137475,6780.412142,6780.950808,6786.509469,0,NaN,0,7.00000000000003,1,2,66,0.5
573,6787.988134,6786.922802,6787.379468,6787.935468,6791.038798,0,2.99999999999994,0.0299999999999997,5.99999999999996,2,1,65,0.5
574,6792.43813,6791.474131,6791.914797,6792.384796,6795.796126,0,2.99999999999994,0.0299999999999997,5.99999999999996,2,1,65,0.5
575,6797.032792,6796.247459,6796.602126,6797.032792,6803.285452,0,NaN,0,7.00000000000003,1,2,66,0.5
576,6805.000784,6803.733452,6804.245451,6804.947451,6807.956781,0,2.99999999999994,0.0299999999999997,5.99999999999996,2,1,65,0.5
577,6809.324113,6808.372114,6808.73078,6809.27078,6812.187443,0,2.99999999999994,0.0299999999999997,5.99999999999996,2,1,65,0.5
578,6813.636109,6812.630776,6813.044109,6813.582775,6816.845439,0,2.99999999999994,0.0299999999999997,5.99999999999996,2,1,65,0.5
579,6818.030771,6817.300772,6817.538105,6818.030771,6823.428099,0,NaN,0,7.00000000000003,1,2,66,0.5
580,6824.818764,6823.921432,6824.410764,6824.818764,6830.075425,0,NaN,0,7.00000000000003,1,2,66,0.5
581,6831.92009,6830.484092,6831.273424,6831.866757,6835.10342,0,2.99999999999994,0.0299999999999997,5.99999999999996,2,1,65,0.5
582,6836.406752,6835.580753,6835.962086,6836.406752,6842.780746,0,NaN,0,7.00000000000003,1,2,66,0.5
583,6844.748744,6843.185412,6844.067411,6844.695411,6845.706076,0,2.99999999999994,0.0299999999999997,5.99999999999996,2,1,65,0.5
584,6846.976075,6846.086076,6846.521409,6846.976075,6853.554069,0,NaN,0,7.00000000000003,1,2,66,0.5
585,6855.392067,6853.973402,6854.746067,6855.392067,6861.387394,0,NaN,0,7.00000000000003,1,2,66,0.5
586,6863.034059,6861.71606,6862.414726,6863.031392,6867.878054,1,2.99999999999994,0.0299999999999997,7.00000000000003,1,2,66,0.5
587,6869.360719,6868.297387,6868.799387,6869.360719,6875.05538,1,NaN,0,5.99999999999996,2,1,65,0.5
588,6876.903379,6875.678713,6876.313379,6876.903379,6882.358706,0,NaN,0,7.00000000000003,1,2,66,0.5
589,6884.433371,6883.040039,6883.895372,6884.380038,6890.075365,1,2.99999999999994,0.0299999999999997,7.00000000000003,1,2,66,0.5
590,6893.005363,6892.017364,6892.401363,6893.002696,6898.252691,1,2.99999999999994,0.0299999999999997,7.00000000000003,1,2,66,0.5
591,6899.706689,6898.732023,6899.025356,6899.653356,6904.831351,1,2.99999999999994,0.0299999999999997,7.00000000000003,1,2,66,0.5
592,6906.408016,6905.530017,6905.804683,6906.354683,6912.01801,1,2.99999999999994,0.0299999999999997,7.00000000000003,1,2,66,0.5
593,6913.504675,6912.65801,6913.010676,6913.504675,6917.744671,1,NaN,0,5.99999999999996,2,1,65,0.5
594,6924.292665,6923.073999,6923.528665,6924.292665,6931.591991,0,NaN,0,7.00000000000003,1,2,66,0.5
595,6933.331989,6932.31999,6932.768656,6933.331989,6944.991977,0,NaN,0,7.00000000000003,1,2,66,0.5
596,6946.549976,6945.465977,6945.84531,6946.549976,6952.840636,1,NaN,0,5.99999999999996,2,1,65,0.5
597,6954.695301,6953.800635,6954.157968,6954.695301,6961.572627,0,NaN,0,7.00000000000003,1,2,66,0.5
598,6963.325292,6961.972627,6962.509293,6963.271959,6967.053288,0,2.99999999999994,0.0299999999999997,5.99999999999996,2,1,65,0.5
599,6968.427287,6967.515955,6967.893288,6968.373954,6971.068618,0,2.99999999999994,0.0299999999999997,5.99999999999996,2,1,65,0.5
600,6972.329283,6971.585951,6971.919284,6972.329283,6979.253276,0,NaN,0,7.00000000000003,1,2,66,0.5
601,6981.86194,6980.954608,6981.292608,6981.859274,6984.257271,1,2.99999999999994,0.0299999999999997,7.00000000000003,1,2,66,0.5
602,6985.720603,6984.730604,6985.099937,6985.720603,6991.161931,1,NaN,0,5.99999999999996,2,1,65,0.5
603,6993.635262,6992.43393,6992.843929,6993.632595,7000.192589,1,2.99999999999994,0.0299999999999997,7.00000000000003,1,2,66,0.5
604,7001.813254,7000.743921,7001.101254,7001.813254,7007.727248,0,NaN,0,7.00000000000003,1,2,66,0.5
605,7009.253246,7008.130581,7008.651247,7009.253246,7016.574572,0,NaN,0,7.00000000000003,1,2,66,0.5
606,7018.261904,7017.033905,7017.585905,7018.261904,7024.147231,1,NaN,0,5.99999999999996,2,1,65,0.5
607,7025.690563,7024.778564,7025.249897,7025.690563,7032.44589,0,NaN,0,7.00000000000003,1,2,66,0.5
608,7034.118555,7032.825223,7033.488555,7034.118555,7040.634548,1,NaN,0,5.99999999999996,2,1,65,0.5
609,7042.432546,7041.103214,7041.842547,7042.432546,7051.223871,1,NaN,0,5.99999999999996,2,1,65,0.5
610,7055.779866,7054.793201,7055.331867,7055.779866,7061.452527,0,NaN,0,7.00000000000003,1,2,66,0.5
611,7063.760525,7062.886526,7063.239192,7063.707192,7067.291188,0,2.99999999999994,0.0299999999999997,5.99999999999996,2,1,65,0.5
612,7068.713187,7067.789188,7068.164521,7068.659854,7071.702517,0,2.99999999999994,0.0299999999999997,5.99999999999996,2,1,65,0.5
613,7072.953183,7072.12985,7072.453183,7072.953183,7083.269839,0,NaN,0,7.00000000000003,1,2,66,0.5
614,7084.614504,7083.691172,7084.122505,7084.614504,7089.745166,0,NaN,0,7.00000000000003,1,2,66,0.5
615,7091.313164,7090.611832,7090.843831,7091.313164,7096.184493,0,NaN,0,7.00000000000003,1,2,66,0.5
616,7098.733823,7097.788491,7098.258491,7098.733823,7104.336485,0,NaN,0,7.00000000000003,1,2,66,0.5
617,7107.916481,7107.094482,7107.449815,7107.916481,7108.135814,0,NaN,0,7.00000000000003,1,2,66,0.5
618,7136.164453,7135.17312,7135.691786,7136.164453,7169.564419,0,NaN,0,7.00000000000003,1,2,66,0.5
619,7174.656414,7173.698415,7174.102415,7174.603081,7177.358411,0,2.99999999999994,0.0299999999999997,5.99999999999996,2,1,65,0.5
620,7178.68241,7177.919744,7178.214411,7178.68241,7191.580397,0,NaN,0,7.00000000000003,1,2,66,0.5
621,7192.807063,7192.066397,7192.338397,7192.807063,7199.20639,0,NaN,0,7.00000000000003,1,2,66,0.5
622,7200.873055,7199.624389,7200.230389,7200.819721,7203.501719,1,2.99999999999994,0.0299999999999997,7.00000000000003,1,2,66,0.5
623,7205.470384,7204.173718,7204.885051,7205.41705,7210.047045,0,2.99999999999994,0.0299999999999997,5.99999999999996,2,1,65,0.5
624,7211.805044,7211.134378,7211.381044,7211.805044,7218.799037,0,NaN,0,7.00000000000003,1,2,66,0.5
625,7220.157702,7219.177703,7219.680369,7220.157702,7227.050362,0,NaN,0,7.00000000000003,1,2,66,0.5
626,7228.589027,7227.467695,7227.987694,7228.58636,7235.410353,1,2.99999999999994,0.0299999999999997,7.00000000000003,1,2,66,0.5
627,7237.162352,7235.985686,7236.435019,7237.162352,7238.285018,1,NaN,0,5.99999999999996,2,1,65,0.5
628,7331.544924,7330.186259,7330.689591,7331.491591,7336.341586,0,2.99999999999994,0.0299999999999997,5.99999999999996,2,1,65,0.5
629,7337.867584,7337.018919,7337.353585,7337.814251,7341.69558,0,2.99999999999994,0.0299999999999997,5.99999999999996,2,1,65,0.5
630,7343.012913,7342.184247,7342.476246,7342.959579,7345.45891,0,2.99999999999994,0.0299999999999997,5.99999999999996,2,1,65,0.5
631,7346.674909,7345.918243,7346.246909,7346.674909,7353.149569,0,NaN,0,7.00000000000003,1,2,66,0.5
632,7354.464234,7353.646235,7353.958902,7354.464234,7360.103564,0,NaN,0,7.00000000000003,1,2,66,0.5
633,7361.94156,7360.516228,7361.184228,7361.938894,7366.480222,1,2.99999999999994,0.0299999999999997,7.00000000000003,1,2,66,0.5
634,7368.050221,7367.018222,7367.410221,7368.047554,7372.384216,1,2.99999999999994,0.0299999999999997,7.00000000000003,1,2,66,0.5
635,7375.787546,7374.726214,7374.931547,7375.734213,7378.54421,0,2.99999999999994,0.0299999999999997,5.99999999999996,2,1,65,0.5
636,7380.236875,7379.160211,7379.668876,7380.183542,7382.768873,0,2.99999999999994,0.0299999999999997,5.99999999999996,2,1,65,0.5
637,7384.013539,7383.276872,7383.575539,7384.013539,7391.076198,0,NaN,0,7.00000000000003,1,2,66,0.5
638,7392.624196,7391.448197,7392.04353,7392.570863,7394.920194,0,2.99999999999994,0.0299999999999997,5.99999999999996,2,1,65,0.5
639,7396.258859,7395.394193,7395.77086,7396.258859,7402.62952,0,NaN,0,7.00000000000003,1,2,66,0.5
640,7404.130185,7403.014852,7403.606185,7404.130185,7409.034846,0,NaN,0,7.00000000000003,1,2,66,0.5
641,7410.892178,7409.564846,7410.262179,7410.838845,7414.309508,0,2.99999999999994,0.0299999999999997,5.99999999999996,2,1,65,0.5
642,7415.718173,7414.760841,7415.232174,7415.66484,7418.894837,0,2.99999999999994,0.0299999999999997,5.99999999999996,2,1,65,0.5
643,7420.270835,7419.482169,7419.816836,7420.270835,7426.404829,0,NaN,0,7.00000000000003,1,2,66,0.5
644,7428.066161,7426.813495,7427.572828,7428.066161,7433.752822,0,NaN,0,7.00000000000003,1,2,66,0.5
645,7435.874153,7434.954821,7435.373487,7435.874153,7471.043451,0,NaN,0,7.00000000000003,1,2,66,0.5
646,7478.168111,7477.114112,7477.547445,7478.114777,7481.858107,0,2.99999999999994,0.0299999999999997,5.99999999999996,2,1,65,0.5
647,7483.242106,7482.432106,7482.748773,7483.242106,7483.515439,0,NaN,0,7.00000000000003,1,2,66,0.5
648,7491.077431,7490.024099,7490.396765,7491.024098,7493.238762,0,2.99999999999994,0.0299999999999997,5.99999999999996,2,1,65,0.5
649,7494.834094,7493.650095,7494.142095,7494.780761,7500.372756,0,2.99999999999994,0.0299999999999997,5.99999999999996,2,1,65,0.5
650,7501.82742,7500.848755,7501.257421,7501.774754,7504.188085,0,2.99999999999994,0.0299999999999997,5.99999999999996,2,1,65,0.5
651,7505.41675,7504.613418,7504.966084,7505.41675,7510.692078,0,NaN,0,7.00000000000003,1,2,66,0.5
652,7512.336077,7511.314078,7511.878744,7512.336077,7517.553405,0,NaN,0,7.00000000000003,1,2,66,0.5
653,7519.330736,7518.393404,7518.910737,7519.330736,7523.840065,0,NaN,0,7.00000000000003,1,2,66,0.5
654,7526.632729,7525.747396,7526.090729,7526.579396,7530.342059,1,2.99999999999994,0.0299999999999997,7.00000000000003,1,2,66,0.5
655,7531.83339,7530.788058,7531.142058,7531.780057,7537.187385,1,2.99999999999994,0.0299999999999997,7.00000000000003,1,2,66,0.5
656,7538.503384,7537.614718,7537.862051,7538.45005,7542.612713,1,2.99999999999994,0.0299999999999997,7.00000000000003,1,2,66,0.5
657,7543.955378,7543.078712,7543.354712,7543.952712,7549.683372,1,2.99999999999994,0.0299999999999997,7.00000000000003,1,2,66,0.5
658,7551.057371,7550.200039,7550.447372,7551.057371,7557.175365,1,NaN,0,5.99999999999996,2,1,65,0.5
659,7558.850697,7557.896698,7558.349364,7558.850697,7566.632022,0,NaN,0,7.00000000000003,1,2,66,0.5
660,7568.023354,7566.958022,7567.545355,7568.023354,7568.238021,0,NaN,0,7.00000000000003,1,2,66,0.5
661,7574.604681,7573.628015,7574.126015,7574.551348,7577.172012,1,2.99999999999994,0.0299999999999997,7.00000000000003,1,2,66,0.5
662,7578.901343,7577.888678,7578.356011,7578.84801,7580.576675,0,2.99999999999994,0.0299999999999997,5.99999999999996,2,1,65,0.5
663,7582.002007,7580.944008,7581.464674,7581.948674,7584.557338,0,2.99999999999994,0.0299999999999997,5.99999999999996,2,1,65,0.5
664,7586.012669,7585.007337,7585.429337,7585.959336,7587.722668,0,2.99999999999994,0.0299999999999997,5.99999999999996,2,1,65,0.5
665,7588.974,7588.162001,7588.498,7588.974,7595.143994,0,NaN,0,7.00000000000003,1,2,66,0.5
666,7596.809992,7595.601327,7596.221326,7596.756659,7601.950654,1,2.99999999999994,0.0299999999999997,7.00000000000003,1,2,66,0.5
667,7603.299319,7602.442653,7602.761319,7603.245986,7608.70998,1,2.99999999999994,0.0299999999999997,7.00000000000003,1,2,66,0.5
668,7610.352645,7609.124646,7609.683312,7610.352645,7616.473972,1,NaN,0,5.99999999999996,2,1,65,0.5
669,7617.863304,7616.866639,7617.289972,7617.809971,7621.187968,0,2.99999999999994,0.0299999999999997,5.99999999999996,2,1,65,0.5
670,7622.619966,7621.738634,7622.120633,7622.566633,7625.76863,0,2.99999999999994,0.0299999999999997,5.99999999999996,2,1,65,0.5
671,7627.285962,7626.253963,7626.680629,7627.232628,7629.26196,0,2.99999999999994,0.0299999999999997,5.99999999999996,2,1,65,0.5
672,7630.739958,7629.721959,7630.100625,7630.686625,7633.422622,0,2.99999999999994,0.0299999999999997,5.99999999999996,2,1,65,0.5
673,7634.705287,7633.953955,7634.229955,7634.705287,7640.821948,0,NaN,0,7.00000000000003,1,2,66,0.5
674,7642.331947,7641.269948,7641.716614,7642.32928,7648.194607,1,2.99999999999994,0.0299999999999997,7.00000000000003,1,2,66,0.5
675,7650.027939,7649.076606,7649.439273,7650.027939,7656.738599,1,NaN,0,5.99999999999996,2,1,65,0.5
676,7658.302597,7657.172598,7657.709264,7658.302597,7664.618591,0,NaN,0,7.00000000000003,1,2,66,0.5
677,7666.190589,7664.977924,7665.433257,7666.137256,7668.565254,1,2.99999999999994,0.0299999999999997,7.00000000000003,1,2,66,0.5
678,7670.587918,7669.425253,7669.879919,7670.534585,7676.998579,1,2.99999999999994,0.0299999999999997,7.00000000000003,1,2,66,0.5
679,7678.814577,7677.573911,7678.093912,7678.814577,7684.825904,1,NaN,0,5.99999999999996,2,1,65,0.5
680,7686.338569,7685.535903,7685.811903,7686.285236,7689.058566,0,2.99999999999994,0.0299999999999997,5.99999999999996,2,1,65,0.5
681,7690.399232,7689.519899,7689.866566,7690.345899,7693.672562,0,2.99999999999994,0.0299999999999997,5.99999999999996,2,1,65,0.5
682,7694.993227,7694.140561,7694.457228,7694.939894,7697.625225,0,2.99999999999994,0.0299999999999997,5.99999999999996,2,1,65,0.5
683,7698.70789,7698.076558,7698.289224,7698.70789,7703.154552,0,NaN,0,7.00000000000003,1,2,66,0.5
684,7705.19655,7704.479884,7704.816551,7705.19655,7712.763876,0,NaN,0,7.00000000000003,1,2,66,0.5
685,7714.206541,7713.171209,7713.629209,7714.153208,7716.949205,0,2.99999999999994,0.0299999999999997,5.99999999999996,2,1,65,0.5
686,7718.397204,7717.435205,7717.805871,7718.343871,7721.259868,0,2.99999999999994,0.0299999999999997,5.99999999999996,2,1,65,0.5
687,7722.948533,7721.709867,7722.054533,7722.895866,7725.867196,0,2.99999999999994,0.0299999999999997,5.99999999999996,2,1,65,0.5
688,7727.033862,7726.263863,7726.599196,7727.033862,7732.624523,0,NaN,0,7.00000000000003,1,2,66,0.5
689,7734.035188,7732.953189,7733.503189,7734.035188,7741.165181,0,NaN,0,7.00000000000003,1,2,66,0.5
690,7742.668513,7741.591181,7742.14118,7742.668513,7746.928509,0,NaN,0,7.00000000000003,1,2,66,0.5
691,7748.869173,7747.995841,7748.39984,7748.869173,7754.165835,0,NaN,0,7.00000000000003,1,2,66,0.5
692,7755.651167,7754.609168,7755.1345,7755.651167,7764.671158,0,NaN,0,7.00000000000003,1,2,66,0.5
693,7765.771823,7765.115157,7765.36049,7765.771823,7777.781144,0,NaN,0,7.00000000000003,1,2,66,0.5
694,7779.001143,7778.175144,7778.55581,7779.001143,7796.185793,0,NaN,0,7.00000000000003,1,2,66,0.5
695,7802.469786,7801.476454,7801.766454,7802.469786,7802.717119,0,NaN,0,7.00000000000003,1,2,66,0.5
696,7833.499755,7832.508423,7832.871089,7833.499755,7841.233748,0,NaN,0,7.00000000000003,1,2,66,0.5
697,7856.997065,7856.280399,7856.637732,7856.997065,7862.41506,0,NaN,0,7.00000000000003,1,2,66,0.5
698,7865.207057,7864.587058,7864.807724,7865.207057,7865.403057,0,NaN,0,7.00000000000003,1,2,66,0.5
699,7880.767041,7880.149042,7880.371042,7880.767041,7884.951704,0,NaN,0,7.00000000000003,1,2,66,0.5
700,7896.997025,7896.317026,7896.443692,7896.943692,7902.263687,1,2.99999999999994,0.0299999999999997,7.00000000000003,1,2,66,0.5
701,7906.310349,7905.235684,7905.601683,7906.307683,7912.981676,1,2.99999999999994,0.0299999999999997,7.00000000000003,1,2,66,0.5
702,7916.101006,7915.44234,7915.699006,7916.101006,7923.541665,0,NaN,0,7.00000000000003,1,2,66,0.5
703,7925.07633,7924.352998,7924.693664,7925.07633,7926.230996,0,NaN,0,7.00000000000003,1,2,66,0.5
704,7933.518993,7931.763657,7932.587656,7933.518993,7940.015649,1,NaN,0,5.99999999999996,2,1,65,0.5
705,7945.105644,7944.352978,7944.686311,7945.105644,7951.009638,0,NaN,0,7.00000000000003,1,2,66,0.5
706,7952.54897,7951.654971,7952.169637,7952.54897,7957.686298,0,NaN,0,7.00000000000003,1,2,66,0.5
707,8070.666852,8069.584186,8069.926852,8070.613518,8076.095513,1,2.99999999999994,0.0299999999999997,7.00000000000003,1,2,66,0.5
708,8079.318843,8078.077511,8078.618844,8079.318843,8086.607502,1,NaN,0,5.99999999999996,2,1,65,0.5
709,8087.764168,8087.044835,8087.296168,8087.764168,8088.063501,0,NaN,0,7.00000000000003,1,2,66,0.5
710,8097.172825,8096.092159,8096.607492,8097.119492,8098.308824,0,2.99999999999994,0.0299999999999997,5.99999999999996,2,1,65,0.5
711,8099.649489,8098.824823,8099.19349,8099.649489,8106.095483,0,NaN,0,7.00000000000003,1,2,66,0.5
712,8107.360148,8106.475482,8106.931482,8107.360148,8124.356798,0,NaN,0,7.00000000000003,1,2,66,0.5
713,8129.589459,8128.480794,8129.064793,8129.536126,8130.505458,0,2.99999999999994,0.0299999999999997,5.99999999999996,2,1,65,0.5
714,8131.71079,8130.939458,8131.318124,8131.71079,8131.90679,0,NaN,0,7.00000000000003,1,2,66,0.5
715,8139.841449,8139.238783,8139.352783,8139.788116,8142.402113,1,2.99999999999994,0.0299999999999997,7.00000000000003,1,2,66,0.5
716,8143.870112,8142.942113,8143.208779,8143.816778,8149.580106,1,2.99999999999994,0.0299999999999997,7.00000000000003,1,2,66,0.5
717,8150.959438,8150.030772,8150.256772,8150.959438,8151.606771,1,NaN,0,5.99999999999996,2,1,65,0.5
718,8159.008096,8158.113431,8158.486764,8158.954763,8163.976092,0,2.99999999999994,0.0299999999999997,5.99999999999996,2,1,65,0.5
719,8166.254089,8165.587423,8165.827423,8166.254089,8179.684743,0,NaN,0,7.00000000000003,1,2,66,0.5
720,8184.212071,8183.474739,8183.789405,8184.212071,8184.430071,0,NaN,0,7.00000000000003,1,2,66,0.5
721,8190.902731,8190.150732,8190.490065,8190.902731,8203.584719,0,NaN,0,7.00000000000003,1,2,66,0.5
722,8207.173382,8206.262049,8206.756049,8207.173382,8211.79871,0,NaN,0,7.00000000000003,1,2,66,0.5
723,8215.423373,8214.277375,8214.897374,8215.37004,8218.540037,0,2.99999999999994,0.0299999999999997,5.99999999999996,2,1,65,0.5
724,8219.741369,8218.93937,8219.30337,8219.741369,8230.287359,0,NaN,0,7.00000000000003,1,2,66,0.5
725,8231.714024,8230.648025,8231.025358,8231.660691,8238.146017,1,2.99999999999994,0.0299999999999997,7.00000000000003,1,2,66,0.5
726,8239.359349,8238.590684,8238.880017,8239.306016,8245.89401,1,2.99999999999994,0.0299999999999997,7.00000000000003,1,2,66,0.5
727,8247.271342,8246.326676,8246.629342,8247.268675,8253.564669,1,2.99999999999994,0.0299999999999997,7.00000000000003,1,2,66,0.5
728,8255.144667,8254.084001,8254.394001,8255.142,8258.67533,1,2.99999999999994,0.0299999999999997,7.00000000000003,1,2,66,0.5
729,8260.348662,8259.384663,8259.629329,8260.295329,8267.710654,1,2.99999999999994,0.0299999999999997,7.00000000000003,1,2,66,0.5
730,8269.432653,8268.341987,8268.77132,8269.432653,8273.479982,1,NaN,0,5.99999999999996,2,1,65,0.5
731,8276.661312,8275.730646,8276.130646,8276.607979,8279.903976,0,2.99999999999994,0.0299999999999997,5.99999999999996,2,1,65,0.5
732,8281.180641,8280.383975,8280.675308,8281.180641,8286.675969,0,NaN,0,7.00000000000003,1,2,66,0.5
733,8288.426634,8287.261968,8287.789301,8288.3733,8291.259298,0,2.99999999999994,0.0299999999999997,5.99999999999996,2,1,65,0.5
734,8292.66463,8291.674631,8292.073963,8292.66463,8299.769289,0,NaN,0,7.00000000000003,1,2,66,0.5
735,8301.347954,8300.171955,8300.772621,8301.294621,8304.558618,0,2.99999999999994,0.0299999999999997,5.99999999999996,2,1,65,0.5
736,8305.720616,8304.989284,8305.31995,8305.720616,8312.41261,0,NaN,0,7.00000000000003,1,2,66,0.5
737,8313.769275,8312.784609,8313.267942,8313.769275,8319.897269,0,NaN,0,7.00000000000003,1,2,66,0.5
738,8323.561932,8322.5466,8322.825933,8323.508599,8327.655261,1,2.99999999999994,0.0299999999999997,7.00000000000003,1,2,66,0.5
739,8329.01526,8328.149261,8328.413927,8328.961927,8333.998588,1,2.99999999999994,0.0299999999999997,7.00000000000003,1,2,66,0.5
740,8335.36392,8334.513254,8334.761921,8335.361253,8341.490581,1,2.99999999999994,0.0299999999999997,7.00000000000003,1,2,66,0.5
741,8343.186579,8342.275913,8342.53258,8343.183912,8346.971242,1,2.99999999999994,0.0299999999999997,7.00000000000003,1,2,66,0.5
742,8348.34324,8347.479908,8347.729241,8348.340574,8353.795235,1,2.99999999999994,0.0299999999999997,7.00000000000003,1,2,66,0.5
743,8355.5179,8354.461236,8354.961234,8355.464567,8357.887898,0,2.99999999999994,0.0299999999999997,5.99999999999996,2,1,65,0.5
744,8359.351896,8358.291231,8358.717897,8359.351896,8365.269224,0,NaN,0,7.00000000000003,1,2,66,0.5
745,8366.916555,8366.053889,8366.437222,8366.916555,8367.335888,0,NaN,0,7.00000000000003,1,2,66,0.5
746,8427.750494,8426.415162,8426.932495,8427.697161,8434.025821,1,2.99999999999994,0.0299999999999997,7.00000000000003,1,2,66,0.5
747,8436.637152,8435.545153,8436.043819,8436.637152,8454.546468,1,NaN,0,5.99999999999996,2,1,65,0.5
748,8455.8638,8454.954467,8455.290467,8455.810466,8461.70846,1,2.99999999999994,0.0299999999999997,7.00000000000003,1,2,66,0.5
749,8463.198459,8462.125793,8462.549126,8463.198459,8464.891791,1,NaN,0,5.99999999999996,2,1,65,0.5
750,8470.196452,8468.969787,8469.647119,8470.143119,8473.276449,0,2.99999999999994,0.0299999999999997,5.99999999999996,2,1,65,0.5
751,8474.570448,8473.703115,8474.063781,8474.570448,8480.953108,0,NaN,0,7.00000000000003,1,2,66,0.5
752,8482.681773,8481.831107,8482.119773,8482.62844,8485.277104,0,2.99999999999994,0.0299999999999997,5.99999999999996,2,1,65,0.5
753,8486.543102,8485.68177,8486.043103,8486.489769,8490.525098,1,2.99999999999994,0.0299999999999997,7.00000000000003,1,2,66,0.5
754,8491.905764,8490.997765,8491.250431,8491.85243,8497.699091,1,2.99999999999994,0.0299999999999997,7.00000000000003,1,2,66,0.5
755,8498.974423,8498.186424,8498.423757,8498.92109,8503.369085,1,2.99999999999994,0.0299999999999997,7.00000000000003,1,2,66,0.5
756,8505.93975,8504.412418,8505.105084,8505.93975,8515.223074,1,NaN,0,5.99999999999996,2,1,65,0.5
757,8516.394406,8515.67374,8515.924406,8516.394406,8518.375737,0,NaN,0,7.00000000000003,1,2,66,0.5
758,8525.72773,8524.855731,8525.122397,8525.674397,8529.409059,1,2.99999999999994,0.0299999999999997,7.00000000000003,1,2,66,0.5
759,8531.128391,8530.106392,8530.557058,8531.075058,8533.521722,0,2.99999999999994,0.0299999999999997,5.99999999999996,2,1,65,0.5
760,8534.963054,8533.931055,8534.456388,8534.909721,8537.853718,0,2.99999999999994,0.0299999999999997,5.99999999999996,2,1,65,0.5
761,8539.07705,8538.34305,8538.67305,8539.07705,8544.683044,0,NaN,0,7.00000000000003,1,2,66,0.5
762,8545.996376,8545.071044,8545.438377,8545.943043,8550.801038,1,2.99999999999994,0.0299999999999997,7.00000000000003,1,2,66,0.5
763,8552.147703,8551.337038,8551.595037,8552.09437,8557.865698,1,2.99999999999994,0.0299999999999997,7.00000000000003,1,2,66,0.5
764,8559.552363,8558.638364,8558.910363,8559.549696,8565.046357,1,2.99999999999994,0.0299999999999997,7.00000000000003,1,2,66,0.5
765,8566.807022,8565.921023,8566.147023,8566.753689,8572.64835,1,2.99999999999994,0.0299999999999997,7.00000000000003,1,2,66,0.5
766,8574.428348,8573.204349,8573.571682,8574.428348,8575.86968,1,NaN,0,5.99999999999996,2,1,65,0.5
767,8584.064338,8582.763673,8583.144339,8584.064338,8591.469664,1,NaN,0,5.99999999999996,2,1,65,0.5
768,8592.966329,8591.908997,8592.285663,8592.966329,8598.210991,0,NaN,0,7.00000000000003,1,2,66,0.5
769,8599.476989,8598.574324,8598.98299,8599.476989,8605.114317,0,NaN,0,7.00000000000003,1,2,66,0.5
770,8607.314982,8606.044316,8606.750982,8607.261648,8610.452978,0,2.99999999999994,0.0299999999999997,5.99999999999996,2,1,65,0.5
771,8612.044977,8610.889645,8611.460311,8611.991644,8614.604974,0,2.99999999999994,0.0299999999999997,5.99999999999996,2,1,65,0.5
772,8615.980306,8615.03564,8615.490307,8615.926973,8618.606304,0,2.99999999999994,0.0299999999999997,5.99999999999996,2,1,65,0.5
773,8619.794969,8619.064303,8619.395636,8619.794969,8625.30563,0,NaN,0,7.00000000000003,1,2,66,0.5
774,8628.254961,8627.431628,8627.712961,8628.201627,8633.354289,1,2.99999999999994,0.0299999999999997,7.00000000000003,1,2,66,0.5
775,8635.230287,8634.404288,8634.678287,8635.176954,8640.583615,1,2.99999999999994,0.0299999999999997,7.00000000000003,1,2,66,0.5
776,8642.040947,8641.142948,8641.397614,8641.987614,8647.176275,1,2.99999999999994,0.0299999999999997,7.00000000000003,1,2,66,0.5
777,8648.903607,8647.732941,8648.184941,8648.850273,8651.711604,0,2.99999999999994,0.0299999999999997,5.99999999999996,2,1,65,0.5
778,8652.925603,8652.18827,8652.43027,8652.925603,8657.938931,0,NaN,0,7.00000000000003,1,2,66,0.5
779,8659.299596,8658.277597,8658.659597,8659.246263,8667.163588,1,2.99999999999994,0.0299999999999997,7.00000000000003,1,2,66,0.5
780,8668.742253,8667.614255,8668.130254,8668.68892,8672.010917,0,2.99999999999994,0.0299999999999997,5.99999999999996,2,1,65,0.5
781,8673.419582,8672.477583,8672.894916,8673.366249,8676.541579,0,2.99999999999994,0.0299999999999997,5.99999999999996,2,1,65,0.5
782,8677.777578,8677.028912,8677.324912,8677.777578,8683.495572,0,NaN,0,7.00000000000003,1,2,66,0.5
783,8685.40757,8683.907572,8684.746904,8685.354237,8688.6829,0,2.99999999999994,0.0299999999999997,5.99999999999996,2,1,65,0.5
784,8690.042232,8689.157566,8689.556233,8689.988899,8692.871563,0,2.99999999999994,0.0299999999999997,5.99999999999996,2,1,65,0.5
785,8694.104895,8693.379562,8693.692228,8694.104895,8699.959556,0,NaN,0,7.00000000000003,1,2,66,0.5
786,8701.648887,8700.360888,8700.989555,8701.595554,8704.670884,0,2.99999999999994,0.0299999999999997,5.99999999999996,2,1,65,0.5
787,8705.90155,8705.060884,8705.40755,8705.90155,8713.123542,0,NaN,0,7.00000000000003,1,2,66,0.5
788,8714.760207,8713.509542,8714.187541,8714.706874,8718.51887,0,2.99999999999994,0.0299999999999997,5.99999999999996,2,1,65,0.5
789,8719.713536,8719.010203,8719.296203,8719.713536,8725.714196,0,NaN,0,7.00000000000003,1,2,66,0.5
790,8727.168195,8726.043529,8726.659529,8727.168195,8732.746189,0,NaN,0,7.00000000000003,1,2,66,0.5
791,8735.42152,8734.423521,8734.841521,8735.368187,8739.325516,1,2.99999999999994,0.0299999999999997,7.00000000000003,1,2,66,0.5
792,8741.252181,8739.764849,8740.191515,8741.198848,8743.394179,0,2.99999999999994,0.0299999999999997,5.99999999999996,2,1,65,0.5
793,8744.956177,8743.864178,8744.358178,8744.902844,8748.571507,0,2.99999999999994,0.0299999999999997,5.99999999999996,2,1,65,0.5
794,8749.957506,8749.064173,8749.434839,8749.904172,8752.828836,0,2.99999999999994,0.0299999999999997,5.99999999999996,2,1,65,0.5
795,8754.046835,8753.272169,8753.570835,8754.046835,8760.036829,0,NaN,0,7.00000000000003,1,2,66,0.5
796,8761.568161,8760.431495,8760.916161,8761.514827,8765.114157,0,2.99999999999994,0.0299999999999997,5.99999999999996,2,1,65,0.5
797,8767.691488,8766.680155,8766.981489,8767.638155,8773.891482,1,2.99999999999994,0.0299999999999997,7.00000000000003,1,2,66,0.5
798,8775.36148,8774.424814,8774.755481,8775.308147,8780.146809,1,2.99999999999994,0.0299999999999997,7.00000000000003,1,2,66,0.5
799,8781.651474,8780.706808,8780.954141,8781.648807,8786.790135,1,2.99999999999994,0.0299999999999997,7.00000000000003,1,2,66,0.5
800,8788.244801,8787.225468,8787.652135,8788.244801,8793.374129,1,NaN,0,5.99999999999996,2,1,65,0.5
801,8794.998127,8793.938128,8794.466128,8794.944794,8797.250125,0,2.99999999999994,0.0299999999999997,5.99999999999996,2,1,65,0.5
802,8798.887457,8797.764124,8798.315457,8798.834123,8801.96412,0,2.99999999999994,0.0299999999999997,5.99999999999996,2,1,65,0.5
803,8803.423452,8802.42412,8802.869453,8803.423452,8811.018111,0,NaN,0,7.00000000000003,1,2,66,0.5
804,8812.784109,8811.534777,8812.02011,8812.730776,8816.093439,0,2.99999999999994,0.0299999999999997,5.99999999999996,2,1,65,0.5
805,8817.868771,8816.583439,8817.121438,8817.815438,8820.838101,0,2.99999999999994,0.0299999999999997,5.99999999999996,2,1,65,0.5
806,8822.326767,8821.285434,8821.7901,8822.273433,8826.264763,0,2.99999999999994,0.0299999999999997,5.99999999999996,2,1,65,0.5
807,8827.462095,8826.729429,8827.008095,8827.462095,8833.042756,0,NaN,0,7.00000000000003,1,2,66,0.5
808,8834.970087,8833.810088,8834.294755,8834.916754,8837.693418,0,2.99999999999994,0.0299999999999997,5.99999999999996,2,1,65,0.5
809,8839.468749,8838.128084,8838.714083,8839.468749,8844.810744,0,NaN,0,7.00000000000003,1,2,66,0.5
810,8846.492076,8845.172077,8845.840076,8846.438742,8849.728072,0,2.99999999999994,0.0299999999999997,5.99999999999996,2,1,65,0.5
811,8851.985404,8851.029404,8851.346738,8851.982737,8856.496066,1,2.99999999999994,0.0299999999999997,7.00000000000003,1,2,66,0.5
812,8858.162731,8856.908732,8857.510065,8858.162731,8864.598058,1,NaN,0,5.99999999999996,2,1,65,0.5
813,8866.040056,8865.13739,8865.552723,8866.040056,8872.25005,0,NaN,0,7.00000000000003,1,2,66,0.5
814,8874.164048,8873.372715,8873.642715,8874.110715,8875.66138,1,2.99999999999994,0.0299999999999997,7.00000000000003,1,2,66,0.5
815,8877.656711,8876.078713,8876.938045,8877.603378,8881.210041,0,2.99999999999994,0.0299999999999997,5.99999999999996,2,1,65,0.5
816,8883.746705,8882.766039,8883.127372,8883.694038,8890.680698,1,2.99999999999994,0.0299999999999997,7.00000000000003,1,2,66,0.5
817,8892.518696,8891.151364,8891.643364,8892.465363,8895.676027,0,2.99999999999994,0.0299999999999997,5.99999999999996,2,1,65,0.5
818,8897.896691,8896.934025,8897.213358,8897.843358,8902.744686,1,2.99999999999994,0.0299999999999997,7.00000000000003,1,2,66,0.5
819,8904.804684,8903.468685,8904.174018,8904.751351,8908.323347,0,2.99999999999994,0.0299999999999997,5.99999999999996,2,1,65,0.5
820,8910.616012,8909.662679,8909.942013,8910.562678,8914.513341,1,2.99999999999994,0.0299999999999997,7.00000000000003,1,2,66,0.5
821,8916.196006,8915.05934,8915.55134,8916.142673,8919.16467,0,2.99999999999994,0.0299999999999997,5.99999999999996,2,1,65,0.5
822,8920.886002,8919.613336,8920.139335,8920.833335,8922.993999,0,2.99999999999994,0.0299999999999997,5.99999999999996,2,1,65,0.5
823,8924.399331,8923.472665,8923.930665,8924.399331,8930.490658,0,NaN,0,7.00000000000003,1,2,66,0.5
824,8932.443323,8930.955325,8931.80399,8932.38999,8934.473988,0,2.99999999999994,0.0299999999999997,5.99999999999996,2,1,65,0.5
825,8936.114653,8934.955987,8935.55732,8936.061319,8939.07065,0,2.99999999999994,0.0299999999999997,5.99999999999996,2,1,65,0.5
826,8940.773315,8939.578649,8940.171982,8940.719981,8944.585978,0,2.99999999999994,0.0299999999999997,5.99999999999996,2,1,65,0.5
827,8947.225308,8946.217976,8946.581309,8947.171975,8951.101971,1,2.99999999999994,0.0299999999999997,7.00000000000003,1,2,66,0.5
828,8952.703303,8951.69397,8952.03997,8952.64997,8956.953965,1,2.99999999999994,0.0299999999999997,7.00000000000003,1,2,66,0.5
829,8958.779297,8957.478631,8957.989964,8958.725963,8961.322628,0,2.99999999999994,0.0299999999999997,5.99999999999996,2,1,65,0.5
830,8963.081959,8962.375293,8962.412626,8963.028626,8967.479288,1,2.99999999999994,0.0299999999999997,7.00000000000003,1,2,66,0.5
831,8969.369286,8968.257287,8968.63262,8969.366619,8973.944615,1,2.99999999999994,0.0299999999999997,7.00000000000003,1,2,66,0.5
832,8975.418613,8974.407948,8974.805281,8975.36528,8978.278611,0,2.99999999999994,0.0299999999999997,5.99999999999996,2,1,65,0.5
833,8980.559942,8979.595276,8979.908609,8980.506608,8985.427937,1,2.99999999999994,0.0299999999999997,7.00000000000003,1,2,66,0.5
834,8987.322602,8985.962603,8986.653935,8987.269268,8990.283265,0,2.99999999999994,0.0299999999999997,5.99999999999996,2,1,65,0.5
835,8992.017264,8990.717931,8991.377264,8991.96393,8994.515928,0,2.99999999999994,0.0299999999999997,5.99999999999996,2,1,65,0.5
836,8996.105259,8994.983927,8995.527927,8996.051926,8998.72859,0,2.99999999999994,0.0299999999999997,5.99999999999996,2,1,65,0.5
837,9000.194589,8999.21059,8999.579923,9000.194589,9005.492584,0,NaN,0,7.00000000000003,1,2,66,0.5
838,9007.033248,9005.879916,9006.323249,9006.979915,9012.206577,1,2.99999999999994,0.0299999999999997,7.00000000000003,1,2,66,0.5
839,9013.560575,9012.590576,9012.935243,9013.507242,9018.681903,1,2.99999999999994,0.0299999999999997,7.00000000000003,1,2,66,0.5
840,9020.542568,9019.25257,9019.738569,9020.489235,9023.426565,0,2.99999999999994,0.0299999999999997,5.99999999999996,2,1,65,0.5
841,9025.672563,9024.837897,9025.066564,9025.61923,9030.371225,1,2.99999999999994,0.0299999999999997,7.00000000000003,1,2,66,0.5
842,9032.08589,9030.869225,9031.405224,9032.033223,9035.082554,0,2.99999999999994,0.0299999999999997,5.99999999999996,2,1,65,0.5
843,9036.559886,9035.496553,9035.949886,9036.506552,9039.139221,0,2.99999999999994,0.0299999999999997,5.99999999999996,2,1,65,0.5
844,9040.755881,9039.594549,9040.205882,9040.702548,9043.655212,0,2.99999999999994,0.0299999999999997,5.99999999999996,2,1,65,0.5
845,9045.923876,9045.034544,9045.289877,9045.870543,9050.185872,1,2.99999999999994,0.0299999999999997,7.00000000000003,1,2,66,0.5
846,9051.81587,9050.832538,9051.103871,9051.762537,9056.387199,1,2.99999999999994,0.0299999999999997,7.00000000000003,1,2,66,0.5
847,9057.879864,9056.903865,9057.195865,9057.826531,9061.738527,1,2.99999999999994,0.0299999999999997,7.00000000000003,1,2,66,0.5
848,9063.230526,9062.262527,9062.63986,9063.177192,9065.885856,0,2.99999999999994,0.0299999999999997,5.99999999999996,2,1,65,0.5
849,9069.902519,9069.06652,9069.376519,9069.902519,9077.591178,0,NaN,0,7.00000000000003,1,2,66,0.5
850,9078.99451,9078.021844,9078.491844,9078.99451,9083.003839,0,NaN,0,7.00000000000003,1,2,66,0.5
851,9086.117169,9085.080504,9085.520503,9086.063836,9089.344499,1,2.99999999999994,0.0299999999999997,7.00000000000003,1,2,66,0.5
852,9090.827165,9089.787166,9090.250499,9090.773831,9093.385162,0,2.99999999999994,0.0299999999999997,5.99999999999996,2,1,65,0.5
853,9094.865161,9093.810495,9094.252495,9094.811827,9099.16649,1,2.99999999999994,0.0299999999999997,7.00000000000003,1,2,66,0.5
854,9100.630488,9099.753156,9099.987822,9100.627822,9104.645818,1,2.99999999999994,0.0299999999999997,7.00000000000003,1,2,66,0.5
855,9106.079816,9105.07115,9105.508483,9106.026483,9109.02848,0,2.99999999999994,0.0299999999999997,5.99999999999996,2,1,65,0.5
856,9111.263144,9110.454478,9110.713145,9111.263144,9116.901805,0,NaN,0,7.00000000000003,1,2,66,0.5
857,9120.101802,9119.019803,9119.359136,9120.048469,9121.955134,1,2.99999999999994,0.0299999999999997,7.00000000000003,1,2,66,0.5
858,9123.471132,9122.3778,9122.782466,9123.46847,9126.912462,1,2.99999999999994,0.0299999999999997,7.00000000000003,1,2,66,0.5
859,9128.473794,9127.452461,9127.909128,9128.42046,9130.588458,0,2.99999999999994,0.0299999999999997,5.99999999999996,2,1,65,0.5
860,9132.12179,9130.959125,9131.611791,9132.068457,9134.809787,0,2.99999999999994,0.0299999999999997,5.99999999999996,2,1,65,0.5
861,9138.48045,9137.498451,9137.767118,9138.427117,9139.879116,1,2.99999999999994,0.0299999999999997,7.00000000000003,1,2,66,0.5
862,9141.978447,9140.761115,9141.387781,9141.925114,9144.933777,0,2.99999999999994,0.0299999999999997,5.99999999999996,2,1,65,0.5
863,9146.423776,9145.368443,9145.778443,9146.421109,9148.38444,1,2.99999999999994,0.0299999999999997,7.00000000000003,1,2,66,0.5
864,9149.783106,9148.813107,9149.161106,9149.780439,9153.315769,1,2.99999999999994,0.0299999999999997,7.00000000000003,1,2,66,0.5
865,9154.573768,9153.707102,9154.003102,9154.520434,9158.761097,1,2.99999999999994,0.0299999999999997,7.00000000000003,1,2,66,0.5
866,9160.307095,9159.225763,9159.725762,9160.253762,9162.951093,0,2.99999999999994,0.0299999999999997,5.99999999999996,2,1,65,0.5
867,9164.351758,9163.378425,9163.795758,9164.298425,9167.732421,1,2.99999999999994,0.0299999999999997,7.00000000000003,1,2,66,0.5
868,9169.487753,9168.305087,9168.901087,9169.434419,9172.748416,0,2.99999999999994,0.0299999999999997,5.99999999999996,2,1,65,0.5
869,9174.290415,9173.219082,9173.673748,9174.237081,9178.693743,1,2.99999999999994,0.0299999999999997,7.00000000000003,1,2,66,0.5
870,9180.183075,9179.255743,9179.597743,9180.129742,9184.410404,1,2.99999999999994,0.0299999999999997,7.00000000000003,1,2,66,0.5
871,9185.690403,9184.887071,9185.20307,9185.690403,9282.286307,0,NaN,0,7.00000000000003,1,2,66,0.5
872,9317.136272,9304.513618,9304.998951,NaN,NaN,NaN,NaN,0,7.00000000000003,1,2,66,0.5
873,9564.502024,9562.54136,9563.471359,9564.448691,9565.292691,0,2.99999999999994,0.0299999999999997,5.99999999999996,2,1,65,0.5
874,9568.125354,9567.012022,9567.491355,9568.125354,9574.434014,1,NaN,0,5.99999999999996,2,1,65,0.5
875,9576.597346,9575.444013,9575.870013,9576.544012,9577.774678,1,2.99999999999994,0.0299999999999997,7.00000000000003,1,2,66,0.5
876,9581.192008,9580.276009,9580.618675,9581.138674,9581.992007,0,2.99999999999994,0.0299999999999997,5.99999999999996,2,1,65,0.5
877,9583.550005,9582.432006,9582.838006,9583.497339,9586.866002,1,2.99999999999994,0.0299999999999997,7.00000000000003,1,2,66,0.5
878,9589.010666,9588.003334,9588.278667,9588.957333,9594.680661,1,2.99999999999994,0.0299999999999997,7.00000000000003,1,2,66,0.5
879,9596.001326,9595.089327,9595.363993,9595.998659,9600.241989,1,2.99999999999994,0.0299999999999997,7.00000000000003,1,2,66,0.5
880,9602.14932,9601.336654,9601.569987,9602.14932,9602.801986,1,NaN,0,5.99999999999996,2,1,65,0.5
881,9683.409239,9682.02724,9682.662573,9683.355905,9684.291905,0,2.99999999999994,0.0299999999999997,5.99999999999996,2,1,65,0.5
882,9686.519902,9685.215904,9685.903903,9686.466569,9689.3439,0,2.99999999999994,0.0299999999999997,5.99999999999996,2,1,65,0.5
883,9690.926565,9690.020566,9690.343899,9690.873231,9695.145227,1,2.99999999999994,0.0299999999999997,7.00000000000003,1,2,66,0.5
884,9696.391892,9695.585893,9695.803893,9696.338559,9700.613888,1,2.99999999999994,0.0299999999999997,7.00000000000003,1,2,66,0.5
885,9702.36522,9701.191221,9701.643887,9702.36522,9854.226401,1,NaN,0,5.99999999999996,2,1,65,0.5
886,9866.457722,9865.425723,9865.945723,9866.405056,9867.984388,0,2.99999999999994,0.0299999999999997,5.99999999999996,2,1,65,0.5
887,9874.368381,9873.698382,9874.004382,9874.368381,9881.675707,1,NaN,0,5.99999999999996,2,1,65,0.5
888,9885.403703,9884.483704,9884.695037,9885.35037,9886.617036,1,2.99999999999994,0.0299999999999997,7.00000000000003,1,2,66,0.5
889,9900.044355,9893.467029,9893.700362,NaN,9953.232969,NaN,NaN,0,7.00000000000003,1,2,66,0.5
890,9958.998297,9958.394964,9958.57763,9958.998297,10018.614904,1,NaN,0,5.99999999999996,2,1,65,0.5
891,10233.094022,10231.635357,10232.12469,10233.094022,10239.124016,1,NaN,0,5.99999999999996,2,1,65,0.5
892,10241.084014,10239.882016,10240.420015,10241.031348,10242.24668,0,2.99999999999994,0.0299999999999997,5.99999999999996,2,1,65,0.5
893,10245.81601,10244.806677,10245.12201,10245.762676,10251.064004,1,2.99999999999994,0.0299999999999997,7.00000000000003,1,2,66,0.5
894,10252.835336,10251.99067,10252.260003,10252.782003,10254.370668,1,2.99999999999994,0.0299999999999997,7.00000000000003,1,2,66,0.5
895,10256.524666,10255.650667,10255.952,10256.471332,10265.350657,1,2.99999999999994,0.0299999999999997,7.00000000000003,1,2,66,0.5
896,10267.395321,10266.283323,10266.776655,10267.341988,10268.265987,0,2.99999999999994,0.0299999999999997,5.99999999999996,2,1,65,0.5
897,10270.205985,10268.971987,10269.693986,10270.152652,10271.117984,0,2.99999999999994,0.0299999999999997,5.99999999999996,2,1,65,0.5
898,10272.837316,10271.71865,10272.29865,10272.783983,10273.606649,0,2.99999999999994,0.0299999999999997,5.99999999999996,2,1,65,0.5
899,10275.412647,10274.088648,10274.675981,10275.359313,10279.591309,1,2.99999999999994,0.0299999999999997,7.00000000000003,1,2,66,0.5
900,10281.107308,10280.048642,10280.529975,10281.053974,10281.953307,0,2.99999999999994,0.0299999999999997,5.99999999999996,2,1,65,0.5
901,10283.637972,10282.36264,10283.047306,10283.584639,10286.470636,1,2.99999999999994,0.0299999999999997,7.00000000000003,1,2,66,0.5
902,10288.6153,10287.509968,10287.813301,10288.562634,10289.959299,1,2.99999999999994,0.0299999999999997,7.00000000000003,1,2,66,0.5
903,10291.558631,10290.555965,10290.919965,10291.505297,10295.29196,1,2.99999999999994,0.0299999999999997,7.00000000000003,1,2,66,0.5
904,10296.733959,10295.72396,10296.172626,10296.680626,10299.930622,0,2.99999999999994,0.0299999999999997,5.99999999999996,2,1,65,0.5
905,10301.815287,10300.431288,10301.275288,10301.761954,10305.045284,0,2.99999999999994,0.0299999999999997,5.99999999999996,2,1,65,0.5
906,10306.454616,10305.472617,10305.949283,10306.401282,10309.10928,0,2.99999999999994,0.0299999999999997,5.99999999999996,2,1,65,0.5
907,10310.621278,10309.623946,10309.915279,10310.621278,10317.681271,0,NaN,0,7.00000000000003,1,2,66,0.5
908,10319.13327,10318.080604,10318.56127,10319.079936,10320.678601,1,2.99999999999994,0.0299999999999997,7.00000000000003,1,2,66,0.5
909,10322.301267,10321.057268,10321.717267,10322.247933,10324.807264,0,2.99999999999994,0.0299999999999997,5.99999999999996,2,1,65,0.5
910,10326.235263,10325.21793,10325.715263,10326.181929,10328.893927,1,2.99999999999994,0.0299999999999997,7.00000000000003,1,2,66,0.5
911,10330.505925,10329.385926,10329.895259,10330.452592,10333.201922,0,2.99999999999994,0.0299999999999997,5.99999999999996,2,1,65,0.5
912,10334.568588,10333.583255,10333.997922,10334.515254,10338.304584,1,2.99999999999994,0.0299999999999997,7.00000000000003,1,2,66,0.5
913,10339.557916,10338.741917,10339.010583,10339.504583,10343.576579,1,2.99999999999994,0.0299999999999997,7.00000000000003,1,2,66,0.5
914,10344.918577,10344.017245,10344.259245,10344.915911,10348.905907,1,2.99999999999994,0.0299999999999997,7.00000000000003,1,2,66,0.5
915,10350.381238,10349.341239,10349.818572,10350.327905,10352.245903,0,2.99999999999994,0.0299999999999997,5.99999999999996,2,1,65,0.5
916,10353.662569,10352.595236,10353.123902,10353.609235,10357.899231,1,2.99999999999994,0.0299999999999997,7.00000000000003,1,2,66,0.5
917,10359.602563,10358.345897,10358.974563,10359.549229,10361.967894,0,2.99999999999994,0.0299999999999997,5.99999999999996,2,1,65,0.5
918,10363.483892,10362.38456,10362.949893,10363.431225,10367.728554,1,2.99999999999994,0.0299999999999997,7.00000000000003,1,2,66,0.5
919,10369.203886,10368.161221,10368.59522,10369.150553,10371.659884,0,2.99999999999994,0.0299999999999997,5.99999999999996,2,1,65,0.5
920,10373.169882,10372.08655,10372.65055,10373.116549,10375.201214,0,2.99999999999994,0.0299999999999997,5.99999999999996,2,1,65,0.5
921,10376.675879,10375.67188,10376.221213,10376.622546,10379.191876,0,2.99999999999994,0.0299999999999997,5.99999999999996,2,1,65,0.5
922,10380.432542,10379.617876,10379.981209,10380.432542,10386.923202,0,NaN,0,7.00000000000003,1,2,66,0.5
923,10389.756532,10388.576534,10389.141866,10389.703199,10391.98053,0,2.99999999999994,0.0299999999999997,5.99999999999996,2,1,65,0.5
924,10393.332529,10392.439196,10392.848529,10393.279196,10395.75986,0,2.99999999999994,0.0299999999999997,5.99999999999996,2,1,65,0.5
925,10397.215192,10396.181859,10396.707192,10397.161858,10399.839856,0,2.99999999999994,0.0299999999999997,5.99999999999996,2,1,65,0.5
926,10405.516517,10400.264522,10400.767188,10405.516517,10411.205178,0,NaN,0,7.00000000000003,1,2,66,0.5
927,10412.565176,10411.651177,10412.10251,10412.511843,10418.010504,0,2.99999999999994,0.0299999999999997,5.99999999999996,2,1,65,0.5
928,10419.539836,10418.49317,10418.97517,10419.486503,10421.277834,0,2.99999999999994,0.0299999999999997,5.99999999999996,2,1,65,0.5
929,10423.416499,10422.575833,10422.817833,10423.363165,10427.151828,1,2.99999999999994,0.0299999999999997,7.00000000000003,1,2,66,0.5
930,10428.701827,10427.609161,10427.982494,10428.69916,10433.158489,1,2.99999999999994,0.0299999999999997,7.00000000000003,1,2,66,0.5
931,10434.869821,10433.635155,10433.973822,10434.867154,10438.962483,1,2.99999999999994,0.0299999999999997,7.00000000000003,1,2,66,0.5
932,10440.544482,10439.499816,10439.930482,10440.491148,10442.029813,0,2.99999999999994,0.0299999999999997,5.99999999999996,2,1,65,0.5
933,10443.573812,10442.553146,10443.014479,10443.520479,10445.38781,0,2.99999999999994,0.0299999999999997,5.99999999999996,2,1,65,0.5
934,10446.874475,10445.795143,10446.374476,10446.821142,10449.469806,0,2.99999999999994,0.0299999999999997,5.99999999999996,2,1,65,0.5
935,10451.245138,10449.975139,10450.537138,10451.191804,10455.685133,1,2.99999999999994,0.0299999999999997,7.00000000000003,1,2,66,0.5
936,10457.343132,10456.543799,10456.835799,10457.343132,10463.061126,0,NaN,0,7.00000000000003,1,2,66,0.5
937,10464.555791,10463.462459,10463.975792,10464.502458,10467.387121,0,2.99999999999994,0.0299999999999997,5.99999999999996,2,1,65,0.5
938,10468.886453,10467.794454,10468.36112,10468.83312,10471.046451,0,2.99999999999994,0.0299999999999997,5.99999999999996,2,1,65,0.5
939,10472.551783,10471.507784,10471.997784,10472.49845,10475.10378,0,2.99999999999994,0.0299999999999997,5.99999999999996,2,1,65,0.5
940,10477.545111,10476.599779,10476.885112,10477.491778,10481.012441,1,2.99999999999994,0.0299999999999997,7.00000000000003,1,2,66,0.5
941,10482.41644,10481.451774,10481.80244,10482.413773,10485.996436,1,2.99999999999994,0.0299999999999997,7.00000000000003,1,2,66,0.5
942,10487.620435,10486.447769,10486.869769,10487.617768,10491.417097,1,2.99999999999994,0.0299999999999997,7.00000000000003,1,2,66,0.5
943,10492.913763,10491.833764,10492.291097,10492.860429,10495.884426,0,2.99999999999994,0.0299999999999997,5.99999999999996,2,1,65,0.5
944,10497.323758,10496.325759,10496.723759,10497.323758,10504.478418,0,NaN,0,7.00000000000003,1,2,66,0.5
945,10506.049749,10504.945751,10505.45175,10506.049749,10513.842408,0,NaN,0,7.00000000000003,1,2,66,0.5
946,10516.047073,10514.893741,10515.386407,10515.99374,10518.811737,0,2.99999999999994,0.0299999999999997,5.99999999999996,2,1,65,0.5
947,10520.812401,10520.012402,10520.260402,10520.759068,10524.282398,1,2.99999999999994,0.0299999999999997,7.00000000000003,1,2,66,0.5
948,10525.78373,10524.724397,10525.078397,10525.730396,10529.931059,1,2.99999999999994,0.0299999999999997,7.00000000000003,1,2,66,0.5
949,10531.495057,10530.409725,10530.898391,10531.441724,10534.153055,0,2.99999999999994,0.0299999999999997,5.99999999999996,2,1,65,0.5
950,10535.683053,10534.575054,10535.087721,10535.62972,10538.590384,1,2.99999999999994,0.0299999999999997,7.00000000000003,1,2,66,0.5
951,10539.912382,10538.989717,10539.354383,10539.859049,10543.743712,1,2.99999999999994,0.0299999999999997,7.00000000000003,1,2,66,0.5
952,10545.157044,10544.258378,10544.561711,10545.10371,10549.865706,1,2.99999999999994,0.0299999999999997,7.00000000000003,1,2,66,0.5
953,10551.409037,10550.282372,10550.873038,10551.355704,10553.918368,0,2.99999999999994,0.0299999999999997,5.99999999999996,2,1,65,0.5
954,10555.415033,10554.429034,10554.886367,10555.3617,10558.637697,0,2.99999999999994,0.0299999999999997,5.99999999999996,2,1,65,0.5
955,10559.878362,10559.195696,10559.457696,10559.878362,10566.536356,0,NaN,0,7.00000000000003,1,2,66,0.5
956,10568.949687,10566.984355,10568.345687,10568.896353,10571.901017,0,2.99999999999994,0.0299999999999997,5.99999999999996,2,1,65,0.5
957,10573.523015,10572.329683,10572.925683,10573.520349,10576.889012,1,2.99999999999994,0.0299999999999997,7.00000000000003,1,2,66,0.5
958,10578.303011,10577.338345,10577.735678,10578.300344,10582.28434,1,2.99999999999994,0.0299999999999997,7.00000000000003,1,2,66,0.5
959,10583.754338,10582.736339,10583.126339,10583.701005,10587.446335,1,2.99999999999994,0.0299999999999997,7.00000000000003,1,2,66,0.5
960,10589.189666,10587.892334,10588.503667,10589.136336,10590.903665,0,2.99999999999994,0.0299999999999997,5.99999999999996,2,1,65,0.5
961,10592.794996,10592.033663,10592.255663,10592.741663,10597.126992,1,2.99999999999994,0.0299999999999997,7.00000000000003,1,2,66,0.5
962,10598.444324,10597.602991,10597.823658,10598.441658,10601.724987,1,2.99999999999994,0.0299999999999997,7.00000000000003,1,2,66,0.5
963,10603.406319,10602.265653,10602.824319,10603.352986,10605.82565,0,2.99999999999994,0.0299999999999997,5.99999999999996,2,1,65,0.5
964,10607.203648,10606.235649,10606.709649,10607.150315,10610.123645,0,2.99999999999994,0.0299999999999997,5.99999999999996,2,1,65,0.5
965,10611.685644,10610.654978,10611.181645,10611.632311,10614.279641,0,2.99999999999994,0.0299999999999997,5.99999999999996,2,1,65,0.5
966,10616.238306,10615.38564,10615.64564,10616.235639,10618.865637,1,2.99999999999994,0.0299999999999997,7.00000000000003,1,2,66,0.5
967,10620.642302,10619.518969,10620.036969,10620.588968,10623.248966,0,2.99999999999994,0.0299999999999997,5.99999999999996,2,1,65,0.5
968,10624.638298,10623.693632,10624.104298,10624.584964,10627.635628,1,2.99999999999994,0.0299999999999997,7.00000000000003,1,2,66,0.5
969,10629.175626,10628.138294,10628.59296,10629.122293,10631.580957,0,2.99999999999994,0.0299999999999997,5.99999999999996,2,1,65,0.5
970,10633.001623,10632.067623,10632.488956,10632.948289,10635.58962,0,2.99999999999994,0.0299999999999997,5.99999999999996,2,1,65,0.5
971,10637.124285,10636.154953,10636.665619,10637.070952,10639.576949,0,2.99999999999994,0.0299999999999997,5.99999999999996,2,1,65,0.5
972,10640.849615,10640.079615,10640.422948,10640.849615,10647.298942,0,NaN,0,7.00000000000003,1,2,66,0.5
973,10649.117606,10647.681608,10648.454274,10649.064273,10652.347603,0,2.99999999999994,0.0299999999999997,5.99999999999996,2,1,65,0.5
974,10653.888935,10652.819603,10653.275602,10653.835602,10658.088264,1,2.99999999999994,0.0299999999999997,7.00000000000003,1,2,66,0.5
975,10659.634929,10658.596264,10659.030263,10659.581596,10661.996927,0,2.99999999999994,0.0299999999999997,5.99999999999996,2,1,65,0.5
976,10663.318926,10662.372926,10662.759593,10663.265592,10666.894922,1,2.99999999999994,0.0299999999999997,7.00000000000003,1,2,66,0.5
977,10668.338921,10667.341588,10667.628255,10668.285587,10671.934917,1,2.99999999999994,0.0299999999999997,7.00000000000003,1,2,66,0.5
978,10673.288916,10672.350916,10672.706249,10673.235582,10675.60558,0,2.99999999999994,0.0299999999999997,5.99999999999996,2,1,65,0.5
979,10676.856912,10675.99958,10676.388246,10676.803579,10679.484909,0,2.99999999999994,0.0299999999999997,5.99999999999996,2,1,65,0.5
980,10681.631574,10680.710908,10680.959575,10681.578241,10684.184905,1,2.99999999999994,0.0299999999999997,7.00000000000003,1,2,66,0.5
981,10685.648237,10684.582904,10685.032904,10685.594903,10688.070234,0,2.99999999999994,0.0299999999999997,5.99999999999996,2,1,65,0.5
982,10689.519566,10688.4729,10689.005566,10689.466233,10692.12823,0,2.99999999999994,0.0299999999999997,5.99999999999996,2,1,65,0.5
983,10693.675562,10692.627563,10693.122229,10693.672895,10697.774891,1,2.99999999999994,0.0299999999999997,7.00000000000003,1,2,66,0.5
984,10699.244223,10698.240891,10698.579557,10699.19089,10702.13022,1,2.99999999999994,0.0299999999999997,7.00000000000003,1,2,66,0.5
985,10703.508219,10702.51022,10702.846219,10703.454885,10706.904882,1,2.99999999999994,0.0299999999999997,7.00000000000003,1,2,66,0.5
986,10708.298881,10707.312215,10707.704214,10708.245547,10710.368878,0,2.99999999999994,0.0299999999999997,5.99999999999996,2,1,65,0.5
987,10711.719544,10710.763545,10711.246211,10711.666211,10713.895542,0,2.99999999999994,0.0299999999999997,5.99999999999996,2,1,65,0.5
988,10715.41754,10714.386208,10714.792207,10715.364207,10718.676203,1,2.99999999999994,0.0299999999999997,7.00000000000003,1,2,66,0.5
989,10720.072202,10719.175536,10719.466203,10720.069535,10723.578865,1,2.99999999999994,0.0299999999999997,7.00000000000003,1,2,66,0.5
990,10724.918864,10723.993532,10724.289531,10724.916197,10728.668194,1,2.99999999999994,0.0299999999999997,7.00000000000003,1,2,66,0.5
991,10730.520858,10729.507526,10729.915526,10730.467525,10731.833524,0,2.99999999999994,0.0299999999999997,5.99999999999996,2,1,65,0.5
992,10733.170856,10732.22619,10732.644856,10733.118189,10736.193519,0,2.99999999999994,0.0299999999999997,5.99999999999996,2,1,65,0.5
993,10737.630185,10736.654186,10737.123518,10737.576851,10739.905516,0,2.99999999999994,0.0299999999999997,5.99999999999996,2,1,65,0.5
994,10741.703514,10740.416848,10740.994848,10741.650181,10745.281511,1,2.99999999999994,0.0299999999999997,7.00000000000003,1,2,66,0.5
995,10746.810842,10745.728843,10746.166176,10746.757509,10748.916173,0,2.99999999999994,0.0299999999999997,5.99999999999996,2,1,65,0.5
996,10750.383505,10749.352173,10749.734839,10750.380838,10753.454169,1,2.99999999999994,0.0299999999999997,7.00000000000003,1,2,66,0.5
997,10754.851501,10753.913502,10754.313501,10754.798167,10756.844165,0,2.99999999999994,0.0299999999999997,5.99999999999996,2,1,65,0.5
998,10758.348164,10757.263498,10757.737498,10758.294831,10761.94816,1,2.99999999999994,0.0299999999999997,7.00000000000003,1,2,66,0.5
999,10763.508159,10762.35816,10762.908159,10763.454825,10765.952156,0,2.99999999999994,0.0299999999999997,5.99999999999996,2,1,65,0.5
1000,10767.269488,10766.339489,10766.812155,10767.216155,10769.661486,0,2.99999999999994,0.0299999999999997,5.99999999999996,2,1,65,0.5
1001,10771.098818,10770.190819,10770.642152,10771.045484,10773.414149,0,2.99999999999994,0.0299999999999997,5.99999999999996,2,1,65,0.5
1002,10774.994814,10773.896815,10774.398814,10774.992147,10778.082811,1,2.99999999999994,0.0299999999999997,7.00000000000003,1,2,66,0.5
1003,10779.572143,10778.608144,10779.005477,10779.518809,10781.90214,0,2.99999999999994,0.0299999999999997,5.99999999999996,2,1,65,0.5
1004,10783.154806,10782.309473,10782.700139,10783.101478,10785.614137,0,2.99999999999994,0.0299999999999997,5.99999999999996,2,1,65,0.5
1005,10787.946134,10786.920135,10787.227468,10787.892801,10791.012798,1,2.99999999999994,0.0299999999999997,7.00000000000003,1,2,66,0.5
1006,10792.444796,10791.416131,10791.766797,10792.391463,10795.58146,1,2.99999999999994,0.0299999999999997,7.00000000000003,1,2,66,0.5
1007,10796.974792,10796.048126,10796.402126,10796.921459,10800.336122,1,2.99999999999994,0.0299999999999997,7.00000000000003,1,2,66,0.5
1008,10802.24212,10801.077454,10801.608121,10802.188787,10804.241451,0,2.99999999999994,0.0299999999999997,5.99999999999996,2,1,65,0.5
1009,10806.062116,10805.232117,10805.448783,10806.008783,10809.252113,1,2.99999999999994,0.0299999999999997,7.00000000000003,1,2,66,0.5
1010,10810.651445,10809.842779,10810.086779,10810.598112,10814.338774,1,2.99999999999994,0.0299999999999997,7.00000000000003,1,2,66,0.5
1011,10816.196106,10815.176774,10815.61344,10816.142773,10818.153437,0,2.99999999999994,0.0299999999999997,5.99999999999996,2,1,65,0.5
1012,10820.186102,10819.275436,10819.556769,10820.183435,10823.722098,1,2.99999999999994,0.0299999999999997,7.00000000000003,1,2,66,0.5
1013,10825.070764,10824.199431,10824.476098,10825.068097,10827.399428,1,2.99999999999994,0.0299999999999997,7.00000000000003,1,2,66,0.5
1014,10828.767427,10827.788761,10828.100761,10828.76476,10830.883425,1,2.99999999999994,0.0299999999999997,7.00000000000003,1,2,66,0.5
1015,10832.39409,10831.314758,10831.80609,10832.340757,10834.530754,0,2.99999999999994,0.0299999999999997,5.99999999999996,2,1,65,0.5
1016,10835.940086,10835.002754,10835.416087,10835.940086,10842.183413,0,NaN,0,7.00000000000003,1,2,66,0.5
1017,10846.140743,10845.34541,10845.624743,10846.140743,10848.462074,0,NaN,0,7.00000000000003,1,2,66,0.5
1018,11064.493858,11063.339859,11063.685192,11064.491191,11075.618513,1,2.99999999999994,0.0299999999999997,7.00000000000003,1,2,66,0.5
1019,11077.357178,11076.097179,11076.742512,11077.357178,11085.39717,1,NaN,0,5.99999999999996,2,1,65,0.5
1020,11102.41982,11089.797166,11090.091165,NaN,NaN,NaN,NaN,0,7.00000000000003,1,2,66,0.5
1021,11111.726477,11110.845811,11111.127811,11111.673144,11115.653807,1,2.99999999999994,0.0299999999999997,7.00000000000003,1,2,66,0.5
1022,11117.073805,11116.114473,11116.404472,11117.020472,11119.061137,1,2.99999999999994,0.0299999999999997,7.00000000000003,1,2,66,0.5
1023,11130.754458,11130.058459,11130.265125,11130.701125,11404.464851,1,2.99999999999994,0.0299999999999997,7.00000000000003,1,2,66,0.5
1024,11406.252183,11405.06085,11405.21085,11406.252183,11406.451516,1,NaN,0,5.99999999999996,2,1,65,0.5
1025,11417.894838,11416.938839,11417.107505,11417.841504,11418.786837,1,2.99999999999994,0.0299999999999997,7.00000000000003,1,2,66,0.5
1026,11428.95016,11428.162161,11428.350827,11428.95016,11450.134139,1,NaN,0,5.99999999999996,2,1,65,0.5
1027,11475.535447,11462.912793,11463.111459,NaN,11531.738057,NaN,NaN,0,7.00000000000003,1,2,66,0.5
1028,11547.462708,11534.840054,11535.01272,NaN,NaN,NaN,NaN,0,7.00000000000003,1,2,66,0.5
1029,11571.680684,11570.264019,11571.078018,11571.680684,11585.702003,1,NaN,0,5.99999999999996,2,1,65,0.5
1030,11797.414458,11796.614459,11796.913125,NaN,11798.053791,NaN,NaN,0,7.00000000000003,1,2,66,0.5
1031,11823.619099,11821.8931,11822.115767,11823.565765,11838.706417,1,2.99999999999994,0.0299999999999997,7.00000000000003,1,2,66,0.5
1032,11864.879057,11864.051058,11864.373724,11864.825724,11915.327007,1,2.99999999999994,0.0299999999999997,7.00000000000003,1,2,66,0.5
1033,11920.839668,11918.811004,11919.05767,11920.288335,11987.960934,1,NaN,0,7.00000000000003,1,2,66,0.5
1034,11989.792266,11988.836933,11989.1436,11989.792266,11992.912929,1,NaN,0,5.99999999999996,2,1,65,0.5
1035,11998.142924,11997.327592,11997.546925,11998.142924,12004.442251,1,NaN,0,5.99999999999996,2,1,65,0.5
1036,12006.152249,12005.19225,12005.664917,12006.098916,12007.376248,1,2.99999999999994,0.0299999999999997,7.00000000000003,1,2,66,0.5
1037,12009.256246,12008.036914,12008.72358,12009.202913,12010.008912,0,2.99999999999994,0.0299999999999997,5.99999999999996,2,1,65,0.5
1038,12011.820244,12010.588245,12011.366911,12011.76691,12012.624243,0,2.99999999999994,0.0299999999999997,5.99999999999996,2,1,65,0.5
1039,12014.910241,12013.070242,12014.312908,12014.910241,12015.854906,1,NaN,0,5.99999999999996,2,1,65,0.5
1040,12022.1909,12020.890235,12021.7069,12022.137567,12022.916233,0,2.99999999999994,0.0299999999999997,5.99999999999996,2,1,65,0.5
1041,12024.312898,12023.339566,12023.811565,12024.259565,12025.020897,0,2.99999999999994,0.0299999999999997,5.99999999999996,2,1,65,0.5
1042,12026.948229,12025.428897,12026.444896,12026.948229,12033.405555,1,NaN,0,5.99999999999996,2,1,65,0.5
1043,12035.713553,12033.746222,12035.18422,12035.66022,12036.346886,0,2.99999999999994,0.0299999999999997,5.99999999999996,2,1,65,0.5
1044,12038.244884,12036.733552,12037.566218,12038.191551,12039.216216,0,2.99999999999994,0.0299999999999997,5.99999999999996,2,1,65,0.5
1045,12041.024881,12039.638216,12040.375548,12041.024881,12046.747542,1,NaN,0,5.99999999999996,2,1,65,0.5
1046,12049.134206,12047.166875,12048.622874,12049.134206,12049.336206,1,NaN,0,5.99999999999996,2,1,65,0.5
1047,12071.568851,12071.101518,12071.333518,NaN,NaN,NaN,NaN,0,5.99999999999996,2,1,65,0.5
1048,12108.898813,12096.276159,12096.592826,NaN,NaN,NaN,NaN,0,5.99999999999996,2,1,65,0.5
1049,12184.150071,12171.527417,12171.84275,NaN,NaN,NaN,NaN,0,5.99999999999996,2,1,65,0.5
1050,12273.533982,12272.587983,12272.865983,12273.480649,12284.130638,1,2.99999999999994,0.0299999999999997,7.00000000000003,1,2,66,0.5
1051,12286.093969,12285.110637,12285.526637,12286.093969,12290.596632,1,NaN,0,5.99999999999996,2,1,65,0.5
1052,12295.731293,12294.879961,12295.298627,12295.67796,12296.523292,0,2.99999999999994,0.0299999999999997,5.99999999999996,2,1,65,0.5
1053,12300.240622,12299.11329,12299.612623,12300.187289,12300.838621,0,2.99999999999994,0.0299999999999997,5.99999999999996,2,1,65,0.5
1054,12306.135949,12305.165284,12305.539283,12306.135949,12367.117888,1,NaN,0,5.99999999999996,2,1,65,0.5
1055,12380.215875,12367.593221,12367.819888,NaN,12386.319869,NaN,NaN,0,7.00000000000003,1,2,66,0.5
1056,12392.473863,12391.125865,12391.607197,12392.473863,12399.963189,1,NaN,0,5.99999999999996,2,1,65,0.5
1057,12403.459185,12401.867187,12402.057853,12403.405852,12404.450518,1,2.99999999999994,0.0299999999999997,7.00000000000003,1,2,66,0.5
1058,12408.265181,12406.815182,12407.030515,12408.211847,12417.158505,1,2.99999999999994,0.0299999999999997,7.00000000000003,1,2,66,0.5
1059,12430.269825,12422.279167,12422.517833,NaN,12724.008198,NaN,NaN,0,7.00000000000003,1,2,66,0.5
1060,12730.510858,12729.845526,12730.090192,12730.457525,12736.394852,0,2.99999999999994,0.0299999999999997,5.99999999999996,2,1,65,0.5
1061,12737.748184,12736.994185,12737.200185,12737.748184,12747.042175,1,NaN,0,5.99999999999996,2,1,65,0.5
1062,12759.908829,12758.878163,12759.054163,12759.855496,12768.417487,1,2.99999999999994,0.0299999999999997,7.00000000000003,1,2,66,0.5
1063,12771.452151,12770.653485,12770.719485,12771.452151,12776.454812,1,NaN,0,5.99999999999996,2,1,65,0.5
1064,12778.135477,12776.976145,12777.626811,12778.135477,12782.219473,1,NaN,0,5.99999999999996,2,1,65,0.5
1065,13023.752565,13021.295234,13021.411234,13023.699232,13035.139887,1,2.99999999999994,0.0299999999999997,7.00000000000003,1,2,66,0.5
1066,13036.937885,13035.795886,13036.399219,13036.884552,13037.768551,0,2.99999999999994,0.0299999999999997,5.99999999999996,2,1,65,0.5
1067,13040.801881,13039.960549,13040.285215,13040.801881,13052.69187,1,NaN,0,5.99999999999996,2,1,65,0.5
1068,13054.327868,13053.258536,13053.740535,13054.327868,13147.734441,1,NaN,0,5.99999999999996,2,1,65,0.5
1069,13155.370433,13154.765767,13154.932434,13155.3171,13297.370291,1,2.99999999999994,0.0299999999999997,7.00000000000003,1,2,66,0.5
1070,13308.75628,13307.774948,13308.182281,13308.75628,13309.154946,1,NaN,0,5.99999999999996,2,1,65,0.5
1071,13336.598252,13323.975598,13324.395598,NaN,13350.244905,NaN,NaN,0,5.99999999999996,2,1,65,0.5
1072,13351.554904,13350.734905,13351.106904,13351.554904,13370.296885,1,NaN,0,5.99999999999996,2,1,65,0.5
1073,13371.652217,13370.898885,13371.269551,13371.652217,13375.507547,1,NaN,0,5.99999999999996,2,1,65,0.5
1074,13380.626875,13379.541543,13380.015542,13380.626875,13527.499395,1,NaN,0,5.99999999999996,2,1,65,0.5
1075,13528.855393,13528.073394,13528.308061,13528.855393,13529.424059,1,NaN,0,5.99999999999996,2,1,65,0.5
1076,13536.564052,13535.88272,13536.140053,13536.564052,13544.577378,1,NaN,0,5.99999999999996,2,1,65,0.5
1077,13546.014043,13544.959377,13545.444043,13546.014043,13551.398037,1,NaN,0,5.99999999999996,2,1,65,0.5
1078,13553.444035,13551.944704,13552.466036,13553.444035,13564.079358,1,NaN,0,5.99999999999996,2,1,65,0.5
1079,13567.526021,13566.700022,13566.941355,13567.526021,13581.442007,1,NaN,0,5.99999999999996,2,1,65,0.5
1080,13588.294001,13584.276005,13584.434004,13588.240667,13589.151333,0,2.99999999999994,0.0299999999999997,5.99999999999996,2,1,65,0.5
1081,13592.644663,13591.903997,13592.072663,13592.644663,13598.64999,1,NaN,0,5.99999999999996,2,1,65,0.5
1082,13603.735985,13603.036652,13603.247319,13603.682652,13610.555978,1,2.99999999999994,0.0299999999999997,7.00000000000003,1,2,66,0.5
1083,13612.60931,13611.517311,13612.051977,13612.555976,13613.907975,0,2.99999999999994,0.0299999999999997,5.99999999999996,2,1,65,0.5
1084,13618.87597,13617.666638,13618.39397,13618.822637,13619.711302,0,2.99999999999994,0.0299999999999997,5.99999999999996,2,1,65,0.5
1085,13621.591301,13620.184635,13620.833301,13621.588634,13626.763962,1,2.99999999999994,0.0299999999999997,7.00000000000003,1,2,66,0.5
1086,13628.293294,13627.225962,13627.769294,13628.239961,13629.05796,0,2.99999999999994,0.0299999999999997,5.99999999999996,2,1,65,0.5
1087,13630.750625,13629.569293,13630.206625,13630.697291,13631.76129,0,2.99999999999994,0.0299999999999997,5.99999999999996,2,1,65,0.5
1088,13633.322622,13632.195957,13632.801289,13633.269289,13634.359954,0,2.99999999999994,0.0299999999999997,5.99999999999996,2,1,65,0.5
1089,13636.078619,13634.856621,13635.441287,13636.075953,13638.510617,1,2.99999999999994,0.0299999999999997,7.00000000000003,1,2,66,0.5
1090,13640.163282,13639.19395,13639.545949,13640.109949,13645.985277,1,2.99999999999994,0.0299999999999997,7.00000000000003,1,2,66,0.5
1091,13647.628608,13646.601942,13646.842609,13647.575275,13651.91727,1,2.99999999999994,0.0299999999999997,7.00000000000003,1,2,66,0.5
1092,13653.663935,13652.565936,13653.109936,13653.610602,13654.281935,0,2.99999999999994,0.0299999999999997,5.99999999999996,2,1,65,0.5
1093,13655.815266,13654.685934,13655.179934,13655.8126,13662.103927,1,2.99999999999994,0.0299999999999997,7.00000000000003,1,2,66,0.5
1094,13663.637925,13662.643926,13662.908593,13663.584592,13668.008588,1,2.99999999999994,0.0299999999999997,7.00000000000003,1,2,66,0.5
1095,13669.657253,13668.623254,13669.08592,13669.603919,13670.430585,0,2.99999999999994,0.0299999999999997,5.99999999999996,2,1,65,0.5
1096,13671.920584,13670.867918,13671.378584,13671.86725,13672.853249,0,2.99999999999994,0.0299999999999997,5.99999999999996,2,1,65,0.5
1097,13674.505914,13673.308582,13673.946582,13674.452581,13675.13658,0,2.99999999999994,0.0299999999999997,5.99999999999996,2,1,65,0.5
1098,13676.523246,13675.62458,13675.979246,13676.469912,13682.14924,1,2.99999999999994,0.0299999999999997,7.00000000000003,1,2,66,0.5
1099,13683.933905,13682.532573,13683.365239,13683.880572,13684.575904,0,2.99999999999994,0.0299999999999997,5.99999999999996,2,1,65,0.5
1100,13685.921236,13684.974571,13685.36257,13685.867903,13690.580565,1,2.99999999999994,0.0299999999999997,7.00000000000003,1,2,66,0.5
1101,13692.047897,13691.245231,13691.528564,13691.994564,13696.375892,1,2.99999999999994,0.0299999999999997,7.00000000000003,1,2,66,0.5
1102,13697.816558,13696.871225,13697.131225,13697.813891,13701.583221,1,2.99999999999994,0.0299999999999997,7.00000000000003,1,2,66,0.5
1103,13703.241886,13702.09922,13702.614553,13703.241886,13709.063213,1,NaN,0,5.99999999999996,2,1,65,0.5
1104,13710.849211,13709.693212,13710.235212,13710.849211,13714.455208,0,NaN,0,7.00000000000003,1,2,66,0.5
1105,13717.872538,13716.454539,13717.309205,13717.819204,13718.65787,0,2.99999999999994,0.0299999999999997,5.99999999999996,2,1,65,0.5
1106,13720.160535,13719.11387,13719.609869,13720.107202,13721.454534,1,2.99999999999994,0.0299999999999997,7.00000000000003,1,2,66,0.5
1107,13723.486532,13722.2172,13722.814533,13723.483865,13726.569862,1,2.99999999999994,0.0299999999999997,7.00000000000003,1,2,66,0.5
1108,13728.140527,13727.188528,13727.513861,13728.087194,13729.930526,1,2.99999999999994,0.0299999999999997,7.00000000000003,1,2,66,0.5
1109,13731.594524,13730.499858,13731.028524,13731.541191,13734.628521,0,2.99999999999994,0.0299999999999997,5.99999999999996,2,1,65,0.5
1110,13736.038519,13735.04452,13735.391187,13735.985186,13738.385184,1,2.99999999999994,0.0299999999999997,7.00000000000003,1,2,66,0.5
1111,13740.022515,13738.88985,13739.422516,13740.022515,13748.697173,1,NaN,0,5.99999999999996,2,1,65,0.5
1112,13750.347838,13749.244506,13749.817839,13750.294505,13753.731835,0,2.99999999999994,0.0299999999999997,5.99999999999996,2,1,65,0.5
1113,13755.281167,13754.235835,13754.564501,13755.281167,13761.389161,0,NaN,0,7.00000000000003,1,2,66,0.5
1114,13763.081826,13761.911827,13762.364493,13763.079159,13767.447155,1,2.99999999999994,0.0299999999999997,7.00000000000003,1,2,66,0.5
1115,13768.834487,13767.907821,13768.215154,13768.781153,13773.763815,1,2.99999999999994,0.0299999999999997,7.00000000000003,1,2,66,0.5
1116,13775.53848,13774.372481,13774.956481,13775.485147,13778.69781,0,2.99999999999994,0.0299999999999997,5.99999999999996,2,1,65,0.5
1117,13780.114475,13779.146476,13779.553809,13780.061142,13782.875806,0,2.99999999999994,0.0299999999999997,5.99999999999996,2,1,65,0.5
1118,13784.359805,13783.389805,13783.823138,13784.306471,13787.040468,0,2.99999999999994,0.0299999999999997,5.99999999999996,2,1,65,0.5
1119,13788.720467,13787.967801,13788.181801,13788.667134,13792.364463,1,2.99999999999994,0.0299999999999997,7.00000000000003,1,2,66,0.5
1120,13794.033795,13792.955129,13793.433129,13793.980462,13797.278458,0,2.99999999999994,0.0299999999999997,5.99999999999996,2,1,65,0.5
1121,13798.905123,13797.713791,13798.344457,13798.85179,13802.501786,1,2.99999999999994,0.0299999999999997,7.00000000000003,1,2,66,0.5
1122,13803.937118,13802.993786,13803.385785,13803.883785,13806.813782,0,2.99999999999994,0.0299999999999997,5.99999999999996,2,1,65,0.5
1123,13807.959781,13807.311782,13807.542448,13807.959781,13813.467109,0,NaN,0,7.00000000000003,1,2,66,0.5
1124,13820.877101,13819.865769,13820.306435,13820.823768,13824.088431,0,2.99999999999994,0.0299999999999997,5.99999999999996,2,1,65,0.5
1125,13825.43843,13824.556431,13824.880431,13825.385097,13829.853092,1,2.99999999999994,0.0299999999999997,7.00000000000003,1,2,66,0.5
1126,13831.498424,13830.600425,13830.815758,13831.445091,13835.45242,1,2.99999999999994,0.0299999999999997,7.00000000000003,1,2,66,0.5
1127,13837.200418,13836.262419,13836.495752,13837.147085,13841.832414,1,2.99999999999994,0.0299999999999997,7.00000000000003,1,2,66,0.5
1128,13843.297746,13842.396413,13842.687746,13843.244412,13846.299743,0,2.99999999999994,0.0299999999999997,5.99999999999996,2,1,65,0.5
1129,13847.583741,13846.735742,13847.104408,13847.530408,13850.501072,0,2.99999999999994,0.0299999999999997,5.99999999999996,2,1,65,0.5
1130,13853.221069,13852.293737,13852.60907,13853.167736,13857.911731,1,2.99999999999994,0.0299999999999997,7.00000000000003,1,2,66,0.5
1131,13859.644396,13858.525064,13858.98373,13859.591063,13862.36906,0,2.99999999999994,0.0299999999999997,5.99999999999996,2,1,65,0.5
1132,13863.908392,13862.870393,13863.371059,13863.855058,13866.731055,0,2.99999999999994,0.0299999999999997,5.99999999999996,2,1,65,0.5
1133,13868.253054,13867.168388,13867.763054,13868.199721,13870.483718,0,2.99999999999994,0.0299999999999997,5.99999999999996,2,1,65,0.5
1134,13872.088383,13870.926385,13871.424384,13872.085717,13875.47838,1,2.99999999999994,0.0299999999999997,7.00000000000003,1,2,66,0.5
1135,13877.749044,13876.763712,13877.062378,13877.749044,13884.588371,1,NaN,0,5.99999999999996,2,1,65,0.5
1136,13886.493036,13885.47037,13885.917036,13886.439702,13889.4157,0,2.99999999999994,0.0299999999999997,5.99999999999996,2,1,65,0.5
1137,13891.368364,13890.432365,13890.663032,13891.315031,13894.626361,1,2.99999999999994,0.0299999999999997,7.00000000000003,1,2,66,0.5
1138,13896.401692,13895.40436,13895.785693,13896.348359,13898.93969,0,2.99999999999994,0.0299999999999997,5.99999999999996,2,1,65,0.5
1139,13900.383688,13899.348356,13899.805689,13900.330355,13902.779019,0,2.99999999999994,0.0299999999999997,5.99999999999996,2,1,65,0.5
1140,13904.320351,13903.258352,13903.771685,13904.267018,13907.498348,0,2.99999999999994,0.0299999999999997,5.99999999999996,2,1,65,0.5
1141,13909.094346,13907.980348,13908.390347,13909.09168,13912.501676,1,2.99999999999994,0.0299999999999997,7.00000000000003,1,2,66,0.5
1142,13914.190341,13913.183676,13913.552342,13914.137008,13917.245672,0,2.99999999999994,0.0299999999999997,5.99999999999996,2,1,65,0.5
1143,13918.713003,13917.719671,13918.203671,13918.65967,13921.703,0,2.99999999999994,0.0299999999999997,5.99999999999996,2,1,65,0.5
1144,13923.160332,13922.188333,13922.694999,13923.106999,13926.021663,0,2.99999999999994,0.0299999999999997,5.99999999999996,2,1,65,0.5
1145,13927.524995,13926.557662,13926.898995,13927.524995,13933.356322,0,NaN,0,7.00000000000003,1,2,66,0.5
1146,13934.990321,13933.818322,13934.242321,13934.936987,13937.044985,1,2.99999999999994,0.0299999999999997,7.00000000000003,1,2,66,0.5
1147,13938.540317,13937.448985,13937.920984,13938.486984,13941.550314,0,2.99999999999994,0.0299999999999997,5.99999999999996,2,1,65,0.5
1148,13942.960313,13941.969647,13942.408313,13942.906979,13945.688976,0,2.99999999999994,0.0299999999999997,5.99999999999996,2,1,65,0.5
1149,13947.396308,13946.208309,13946.644976,13947.342975,13952.199637,1,2.99999999999994,0.0299999999999997,7.00000000000003,1,2,66,0.5
1150,13953.718968,13952.703636,13953.114969,13953.665635,13956.488299,0,2.99999999999994,0.0299999999999997,5.99999999999996,2,1,65,0.5
1151,13958.022964,13956.876299,13957.303632,13958.020297,13961.246961,1,2.99999999999994,0.0299999999999997,7.00000000000003,1,2,66,0.5
1152,13962.637626,13961.700294,13961.95496,13962.584293,13966.627622,1,2.99999999999994,0.0299999999999997,7.00000000000003,1,2,66,0.5
1153,13968.104954,13967.091622,13967.559621,13968.051621,13971.018951,0,2.99999999999994,0.0299999999999997,5.99999999999996,2,1,65,0.5
1154,13972.791616,13971.98295,13972.171617,13972.788949,13975.94628,1,2.99999999999994,0.0299999999999997,7.00000000000003,1,2,66,0.5
1155,13977.464945,13976.436279,13976.867612,13977.411611,13979.844942,0,2.99999999999994,0.0299999999999997,5.99999999999996,2,1,65,0.5
1156,13981.216274,13980.272275,13980.723608,13981.162941,13983.691605,0,2.99999999999994,0.0299999999999997,5.99999999999996,2,1,65,0.5
1157,13985.73827,13984.765604,13985.02227,13985.735603,13989.480266,1,2.99999999999994,0.0299999999999997,7.00000000000003,1,2,66,0.5
1158,13990.958931,13989.968266,13990.355598,13990.905598,13993.300929,0,2.99999999999994,0.0299999999999997,5.99999999999996,2,1,65,0.5
1159,13994.778261,13993.688928,13994.222928,13994.724927,13997.894924,0,2.99999999999994,0.0299999999999997,5.99999999999996,2,1,65,0.5
1160,13999.540256,13998.36159,13998.93559,13999.486923,14002.506253,0,2.99999999999994,0.0299999999999997,5.99999999999996,2,1,65,0.5
1161,14005.967583,14004.633584,14004.905584,14005.91425,14009.580913,1,2.99999999999994,0.0299999999999997,7.00000000000003,1,2,66,0.5
1162,14011.025578,14010.042245,14010.280912,14011.022911,14015.180907,1,2.99999999999994,0.0299999999999997,7.00000000000003,1,2,66,0.5
1163,14016.792239,14015.64424,14016.228239,14016.738905,14019.788236,0,2.99999999999994,0.0299999999999997,5.99999999999996,2,1,65,0.5
1164,14021.163568,14020.168902,14020.656902,14021.110234,14023.693565,0,2.99999999999994,0.0299999999999997,5.99999999999996,2,1,65,0.5
1165,14025.13223,14024.140898,14024.622231,14025.078897,14028.57156,0,2.99999999999994,0.0299999999999997,5.99999999999996,2,1,65,0.5
1166,14029.878892,14029.10556,14029.448226,14029.878892,14036.936885,0,NaN,0,7.00000000000003,1,2,66,0.5
1167,14038.58355,14037.529551,14038.021551,14038.530884,14041.91088,0,2.99999999999994,0.0299999999999997,5.99999999999996,2,1,65,0.5
1168,14043.304212,14042.310213,14042.792879,14043.250879,14045.425543,0,2.99999999999994,0.0299999999999997,5.99999999999996,2,1,65,0.5
1169,14047.132875,14045.872876,14046.562876,14047.079542,14048.440207,0,2.99999999999994,0.0299999999999997,5.99999999999996,2,1,65,0.5
1170,14049.954206,14048.856873,14049.242206,14049.951539,14053.610869,1,2.99999999999994,0.0299999999999997,7.00000000000003,1,2,66,0.5
1171,14055.220867,14054.347535,14054.615534,14055.2182,14059.443529,1,2.99999999999994,0.0299999999999997,7.00000000000003,1,2,66,0.5
1172,14060.900195,14059.885529,14060.286195,14060.846861,14063.536859,0,2.99999999999994,0.0299999999999997,5.99999999999996,2,1,65,0.5
1173,14064.924857,14063.940858,14064.284858,14064.922191,14067.896854,1,2.99999999999994,0.0299999999999997,7.00000000000003,1,2,66,0.5
1174,14069.22752,14068.40752,14068.648187,14069.224853,14071.734184,1,2.99999999999994,0.0299999999999997,7.00000000000003,1,2,66,0.5
1175,14073.327516,14072.31885,14072.697516,14073.274182,14075.801513,0,2.99999999999994,0.0299999999999997,5.99999999999996,2,1,65,0.5
1176,14077.296178,14076.206179,14076.768179,14077.242845,14079.555509,0,2.99999999999994,0.0299999999999997,5.99999999999996,2,1,65,0.5
1177,14081.154174,14080.078842,14080.612842,14081.100841,14083.623505,0,2.99999999999994,0.0299999999999997,5.99999999999996,2,1,65,0.5
1178,14085.09017,14084.044838,14084.426838,14085.087504,14088.144167,1,2.99999999999994,0.0299999999999997,7.00000000000003,1,2,66,0.5
1179,14089.456166,14088.6155,14088.844167,14089.402833,14092.629496,1,2.99999999999994,0.0299999999999997,7.00000000000003,1,2,66,0.5
1180,14093.902828,14093.144162,14093.360162,14093.849495,14097.194825,1,2.99999999999994,0.0299999999999997,7.00000000000003,1,2,66,0.5
1181,14098.62549,14097.671491,14098.056157,14098.572157,14101.564821,0,2.99999999999994,0.0299999999999997,5.99999999999996,2,1,65,0.5
1182,14102.983486,14102.030153,14102.446153,14102.930153,14105.281484,0,2.99999999999994,0.0299999999999997,5.99999999999996,2,1,65,0.5
1183,14106.883482,14105.764816,14106.182149,14106.830149,14110.038145,1,2.99999999999994,0.0299999999999997,7.00000000000003,1,2,66,0.5
1184,14111.368811,14110.586145,14110.807478,14111.315478,14114.570808,1,2.99999999999994,0.0299999999999997,7.00000000000003,1,2,66,0.5
1185,14115.921473,14115.00814,14115.365473,14115.86814,14118.149471,0,2.99999999999994,0.0299999999999997,5.99999999999996,2,1,65,0.5
1186,14119.508803,14118.554804,14118.99747,14119.455469,14122.118133,0,2.99999999999994,0.0299999999999997,5.99999999999996,2,1,65,0.5
1187,14123.696132,14122.566133,14123.062799,14123.693465,14126.536796,1,2.99999999999994,0.0299999999999997,7.00000000000003,1,2,66,0.5
1188,14128.338794,14127.309462,14127.550795,14128.336127,14132.34279,1,2.99999999999994,0.0299999999999997,7.00000000000003,1,2,66,0.5
1189,14133.742122,14132.828789,14133.050122,14133.688788,14136.858785,1,2.99999999999994,0.0299999999999997,7.00000000000003,1,2,66,0.5
1190,14138.323453,14137.316785,14137.704784,14138.270117,14140.555448,0,2.99999999999994,0.0299999999999997,5.99999999999996,2,1,65,0.5
1191,14141.98878,14140.999448,14141.482114,14141.935447,14144.257445,0,2.99999999999994,0.0299999999999997,5.99999999999996,2,1,65,0.5
1192,14145.55611,14144.716111,14145.096777,14145.502777,14148.059441,0,2.99999999999994,0.0299999999999997,5.99999999999996,2,1,65,0.5
1193,14149.561439,14148.562107,14148.920107,14149.508106,14152.346103,1,2.99999999999994,0.0299999999999997,7.00000000000003,1,2,66,0.5
1194,14154.020768,14153.000102,14153.443435,14153.967435,14156.230099,0,2.99999999999994,0.0299999999999997,5.99999999999996,2,1,65,0.5
1195,14157.678764,14156.673432,14156.996765,14157.676098,14161.007428,1,2.99999999999994,0.0299999999999997,7.00000000000003,1,2,66,0.5
1196,14162.42876,14161.562761,14161.793427,14162.375426,14165.175424,1,2.99999999999994,0.0299999999999997,7.00000000000003,1,2,66,0.5
1197,14166.488089,14165.640757,14165.873423,14166.488089,NaN,1,NaN,0,5.99999999999996,2,1,65,0.5
